actor/alpha_mean,actor/alpha_mean_loss,actor/alpha_std,actor/alpha_std_loss,actor/kl_mean_loss,actor/kl_std_loss,actor/penalty_temperature,actor/policy_mean_loss,actor/policy_std_loss,actor/temperature,actor/temperature_loss,critic/loss,critic/q,test/action/max,test/action/mean,test/action/min,test/action/size,test/action/std,test/effort/max,test/effort/mean,test/effort/min,test/effort/size,test/effort/std,test/episode_length/max,test/episode_length/mean,test/episode_length/min,test/episode_length/size,test/episode_length/std,test/episode_score/max,test/episode_score/mean,test/episode_score/min,test/episode_score/size,test/episode_score/std,test/rwd_metrics/constr/max,test/rwd_metrics/constr/mean,test/rwd_metrics/constr/min,test/rwd_metrics/constr/size,test/rwd_metrics/constr/std,test/rwd_metrics/gaussian_vel/max,test/rwd_metrics/gaussian_vel/mean,test/rwd_metrics/gaussian_vel/min,test/rwd_metrics/gaussian_vel/size,test/rwd_metrics/gaussian_vel/std,test/rwd_metrics/grf/max,test/rwd_metrics/grf/mean,test/rwd_metrics/grf/min,test/rwd_metrics/grf/size,test/rwd_metrics/grf/std,test/rwd_metrics/number_muscles/max,test/rwd_metrics/number_muscles/mean,test/rwd_metrics/number_muscles/min,test/rwd_metrics/number_muscles/size,test/rwd_metrics/number_muscles/std,test/rwd_metrics/self_contact/max,test/rwd_metrics/self_contact/mean,test/rwd_metrics/self_contact/min,test/rwd_metrics/self_contact/size,test/rwd_metrics/self_contact/std,test/rwd_metrics/smooth/max,test/rwd_metrics/smooth/mean,test/rwd_metrics/smooth/min,test/rwd_metrics/smooth/size,test/rwd_metrics/smooth/std,test/terminated/max,test/terminated/mean,test/terminated/min,test/terminated/size,test/terminated/std,train/action/max,train/action/mean,train/action/min,train/action/size,train/action/std,train/action_cost_coeff,train/energy_buffer/action_cost_intern,train/energy_buffer/avg_relabel_action_cost,train/energy_buffer/lr,train/energy_buffer/prev_cdt,train/energy_buffer/self.score_avg,train/episode_length/max,train/episode_length/mean,train/episode_length/min,train/episode_length/size,train/episode_length/std,train/episode_score/max,train/episode_score/mean,train/episode_score/min,train/episode_score/size,train/episode_score/std,train/episodes,train/epoch_seconds,train/epoch_steps,train/epochs,train/seconds,train/steps,train/steps_per_second,train/worker_steps
,,,,,,,,,,,,,0.4641353,-0.004168563,-0.38936403,192,0.08188463,0.0051433763931171,0.0029858007297084,0.0017126226703112,10,0.0012490168324138,24,19.2,16,10,2.749545416973504,233.8322267532349,186.6704552650452,153.37253761291504,10,26.03515237589731,-1.595688826533221,-3.907312723453083,-6.349363680275158,10,1.4319365448247785,239.99035410496745,191.40501147903143,159.94924796307117,10,26.75517309027055,0.0,-0.0539186045972769,-0.2725952770558286,10,0.0926631492550715,0.0,-0.7720973333333333,-2.895365,10,0.9333313413800768,0.0,0.0,0.0,10,0.0,-0.0006732262891309,-0.0012272882116938,-0.0033247031189816,10,0.0007972292459097,0.0625,0.0531089669069208,0.0416666666666666,10,0.0072036740233318,1.0,0.0065912968,-1.0,1000,0.99374473,0.0,0.0,,0.0008999999999999,0.0,166.09429097067212,77,22.708721130644605,13,8703,6.1032011656290335,448.28810691833496,187.3636332922281,84.60361349582672,8703,46.3302133427225,8703.0,35.57628273963928,200000.0,1.0,35.57628273963928,200000.0,5621.722805152966,1000.0
0.2092176,0.00060005556,30.84802,-0.005532884,0.0031658611,0.006088149,7.897328,38.194347,38.212013,1.9849087,66.97952,5.7105236,70.72189,0.73109806,-0.3982818,-0.9982013,261,0.34188846,0.0089368363772518,0.0066800776249598,0.0051743420285517,10,0.0011232852290098,31,26.1,20,10,2.808914381037628,293.0899906158447,250.1470067977905,194.3569974899292,10,24.7640290349561,-3.555614498059452,-5.497103560259798,-10.458662388097496,10,2.10612418984775,301.2385967332784,258.41566286373063,200.0,10,25.402749583288863,0.0,-0.0467143210060144,-0.1713520526137953,10,0.0522442035169581,-1.57929,-2.719888333333333,-3.5972716666666664,10,0.5793388127291702,0.0,0.0,0.0,10,0.0,-0.0022553027009416,-0.0049499630197001,-0.0088807170481418,10,0.0026474837473345,0.05,0.0387967929363924,0.032258064516129,10,0.0045443704232016,4.3269,-0.19624071,-4.024611,1000,0.74798506,0.0,0.0,0.0,0.0008999999999999,0.0,223.1992585456508,92,25.971301852334985,13,7666,4.724412543974728,413.38052892684937,224.96035809629225,108.57714748382568,7666,35.594483666805885,16369.0,142.1973259449005,200000.0,2.0,177.7736086845398,400000.0,1406.4962099040963,2000.0
0.085198216,6.013512e-05,74.16942,-0.005187931,0.0014734328,0.0065229805,11.101964,38.37325,38.377792,3.7534304,125.46077,9.547377,123.9633,0.99998283,-0.43235844,-0.99999994,446,0.56108654,0.0434288961569496,0.0289115203167044,0.0138924328747441,10,0.0094469716812565,62,44.6,29,10,10.547037498748168,480.0904731750488,342.5532311499119,251.58161298930645,10,76.92984531371276,-4.4168062380082445,-18.11280164762463,-34.78675537588745,10,9.999687598153502,523.446522231067,374.4730350668268,290.0,10,82.20953664132168,-0.1133405460324356,-0.8888217692186974,-2.033503517294194,10,0.5833472211867993,-4.474655,-12.888761166666663,-22.548751666666668,10,6.197885796830778,0.0,0.0,0.0,10,0.0,-0.0177876168681177,-0.0294192444893629,-0.0457609052228181,10,0.0091081295302889,0.0344827586206896,0.0238593533328581,0.0161290322580645,10,0.0062063582958472,3.876451,-0.34388456,-4.5766277,1000,0.83251107,0.0,0.0,0.0,0.0009,0.0,274.3681134898967,335,36.6441660433807,18,5348,14.445418950054258,574.2195866033435,295.4668052389955,60.818801298737526,5348,55.87917188720241,21717.0,148.82677507400513,200000.0,3.0,326.6003837585449,600000.0,1343.8442101600915,3000.0
0.002911615,4.9460295e-06,121.30456,-0.005024375,4.7463036e-05,0.007207857,11.661247,38.37547,38.36977,4.7155776,146.2493,16.338488,143.50731,0.9999883,-0.43320563,-1.0,799,0.6467449,0.056382442496655,0.0425811574694499,0.0323714963283429,10,0.0078283523638245,114,79.9,56,10,19.377564346429097,753.4470221996307,462.0682333240285,203.096151765436,10,156.0479684744367,-21.1731635811016,-38.11138823081762,-65.22851713521332,10,13.053613857382157,850.9924417261348,530.4097088988696,276.53742666643205,10,166.07010558429982,-0.5081265834405865,-1.1781147927282725,-1.707276106185616,10,0.3732926781230445,-20.179816666666664,-28.971197666666665,-42.20213833333334,10,6.304693730564389,0.0,0.0,0.0,10,0.0,-0.0489533296746412,-0.0807751821544815,-0.1215447102888974,10,0.020734317199164,0.0178571428571428,0.0132135779811908,0.0087719298245614,10,0.0029304638096501,4.2852125,-0.31322178,-4.707671,1000,0.93775904,0.0,0.0,0.0,0.0008999999999999,0.0,359.29845748700126,270,69.04215618521079,24,2894,29.90462180504026,730.1761522293091,383.0824408820964,54.69210911169648,2894,111.10989717073176,24611.0,163.7712950706482,200000.0,4.0,490.3716788291931,800000.0,1221.2152313610477,4000.0
5.1243944e-05,1.6105233e-07,166.57385,-0.0047031874,7.6133875e-07,0.0077015166,11.812685,38.353245,38.344494,5.3837576,163.59853,25.113693,159.937,0.99999994,-0.34893498,-1.0,747,0.74746644,0.0690743573894276,0.0614509906354391,0.0499901656011913,10,0.0061212387001433,142,74.7,48,10,26.214690537940744,801.4052724838257,584.2869825262576,436.72482109069824,10,88.82139237658625,-16.768553060990577,-29.47433017558202,-59.9824406959325,10,13.063618862192287,900.2823081032815,650.1314903914244,480.0,10,104.54282258702996,-0.4435942506558437,-0.7932205975272831,-1.1118741120249978,10,0.217225923145195,-23.162920000000003,-35.49015583333333,-56.59122500000001,10,9.491588699404604,0.0,0.0,0.0,10,0.0,-0.0493892639973564,-0.0868008246026914,-0.1436904010757935,10,0.0287165055350438,0.0208333333333333,0.0146099816551719,0.0070422535211267,10,0.0036772820841788,4.1166687,-0.3498883,-4.3955073,1000,0.99791497,0.0,0.0,0.0,0.0009,0.0,450.57195477258335,498,64.34688,24,3125,25.627435187033445,849.1002054214478,469.83220568653735,87.17757131904364,3125,99.49469969349651,27736.0,157.3300530910492,200000.0,5.0,647.7017319202423,1000000.0,1271.2129441935488,5000.0
2.3898112e-06,1.04017985e-08,207.93036,-0.0039200336,3.2614807e-08,0.0076627797,11.873461,38.30892,38.298973,5.6394386,181.67195,30.990204,178.52457,1.0,-0.23697491,-1.0,767,0.8183978,0.0846091514206255,0.0796995223554972,0.0751777881731276,10,0.0024271904883102,103,76.7,51,10,16.93546574499798,861.6345725059509,674.3556872844696,455.6120071411133,10,136.72669233172817,-21.96729726670385,-33.70026685692274,-52.73691989940406,10,9.481969692183316,964.6965661605416,755.4355105212853,509.99975552068014,10,154.69844924178446,-0.5245538782795646,-1.0977423389421233,-1.503302482264789,10,0.2712174204356999,-31.41032333333333,-46.17668483333334,-58.60920666666669,10,9.771943283582614,0.0,0.0,0.0,10,0.0,-0.0591276932344844,-0.1051295173597679,-0.1546577567878193,10,0.0259910821121477,0.0196078431372549,0.0137014050721882,0.0097087378640776,10,0.0030682806824972,4.770628,-0.30027792,-4.474205,1000,1.0439284,0.0,0.0,0.0,0.0008999999999999,0.0,503.3077545714627,272,60.9256653410829,22,3269,19.82252965091386,1016.3787527084352,493.6021175466823,92.27354544401167,3269,106.5721081675669,31005.0,154.42221856117249,200000.0,6.0,802.1239504814148,1200000.0,1295.150412055325,6000.0
3.2042178e-07,2.1312385e-09,243.44339,-0.0031680383,3.6363539e-09,0.00755002,11.885602,38.25655,38.246803,5.992638,204.808,39.8396,202.83795,1.0,-0.31548664,-1.0,1192,0.81210095,0.0846662737846297,0.0710616792187867,0.0575678439458897,10,0.0086260849446817,189,119.2,95,10,30.6555052152138,1049.673041977454,752.714109791955,312.9632543409243,10,247.5315187562372,-35.620372839303265,-55.73571282935645,-104.26744497850538,10,20.551530255115296,1262.2844762515792,874.4140448479599,405.7958858921832,10,272.3934348565141,-0.7136749722423863,-1.4721428038380364,-2.889079689734856,10,0.5565325368046704,-43.254998333333326,-64.329746,-105.19826166666668,10,17.732427265918734,0.0,0.0,0.0,10,0.0,-0.1218216632415659,-0.1623334496587304,-0.2566509220898265,10,0.0436837191371928,0.0105263157894736,0.008827310573824,0.0052910052910052,10,0.0017255536206159,4.567102,-0.3007646,-4.4840007,1000,1.0658412,0.0,0.0,0.0,0.0008999999999999,0.0,536.4767984428737,1000,83.38510911424903,24,2337,49.46262966887248,1881.864182411693,570.6285892039082,92.41953819431365,2337,186.08114330945293,33342.0,150.53254318237305,200000.0,7.0,952.6564936637878,1400000.0,1328.616362760152,7000.0
1.4582488e-07,1.1794133e-09,274.97498,-0.002829811,1.4454348e-09,0.0077793603,11.900233,38.24138,38.230965,6.5035653,232.29079,52.20824,230.77585,1.0,-0.276585,-1.0,1428,0.8223105,0.0855549206086795,0.0755749098148417,0.0693330238316775,10,0.0042859760210993,184,142.8,80,10,28.39295687314021,1407.50940990448,1071.6731861591338,673.2822751998901,10,189.9052506041044,-28.90335103238225,-60.249643782483005,-85.46284892308564,10,15.872512823536866,1614.375550406256,1216.1996753802966,747.5180387170268,10,223.465068492956,-1.0248533014839671,-1.723996722842875,-2.426485376254014,10,0.4366558047335916,-43.956905,-82.34242583333332,-118.709965,10,18.733695720626915,0.0,0.0,0.0,10,0.0,-0.1464831973130967,-0.2104232941860041,-0.3073623166536927,10,0.0451545544092909,0.0125,0.0073711593345648,0.0054347826086956,10,0.0019238430734965,4.450489,-0.3410286,-4.7620654,1000,1.0618647,0.0,0.0,0.0,0.0008999999999999,0.0,555.1599994018455,733,123.32540192926044,24,1555,75.36956897242584,1769.0951768159866,664.3015430817039,117.27438501268624,1555,272.1422128246,34897.0,150.68436813354492,200000.0,8.0,1103.3408617973328,1600000.0,1327.277689632337,8000.0
1.0228725e-07,8.706614e-10,302.63412,-0.0023843737,9.705096e-10,0.007831788,11.910268,38.24209,38.23075,6.969431,261.03976,59.95144,259.62753,1.0,-0.26332512,-1.0,1925,0.8322453,0.0836920120240637,0.0792839057714972,0.0620260210140571,10,0.0062896884021537,263,192.5,152,10,37.57725375809147,1817.1296582221985,1296.0589999053627,778.3201433159411,10,278.37081221899405,-57.07978329436146,-74.21372779690574,-106.77998352695556,10,18.02833382283593,2086.5494581856387,1488.835582356829,947.427098513509,10,314.55278192599286,-2.0865454424169445,-2.985290043707716,-4.008090980707531,10,0.6358465485751401,-89.49309999999998,-115.28817,-158.27995333333337,10,23.39334984178377,0.0,0.0,0.0,10,0.0,-0.2109978346857406,-0.2893936262916335,-0.4328668369437172,10,0.066801529518334,0.006578947368421,0.0053787421912316,0.0038022813688212,10,0.0009546005405029,4.244643,-0.28088254,-4.792245,1000,1.0791262,0.0,0.0,0.0,0.0009,0.0,753.7259265850637,709,163.1736577181208,26,1192,108.5543621462699,3018.5071518421173,940.1984380627116,83.65492276847363,1192,383.7924644477516,36089.0,141.2931854724884,200000.0,9.0,1244.6340472698212,1800000.0,1415.496432692025,9000.0
7.961112e-08,7.155728e-10,326.2029,-0.0019030648,7.174273e-10,0.007774718,11.918828,38.230873,38.217976,7.703228,297.0175,75.543144,295.24176,1.0,-0.19626674,-1.0,8112,0.83302295,0.0875972257385554,0.0860799167415709,0.0841727606502575,10,0.0012161857537779,1000,811.2,477,10,200.9302366494401,6427.542308807373,5042.179470038414,3109.272525787353,10,1154.5805307498097,-180.27368533701005,-321.5519882622615,-413.8260474160694,10,88.82627395590849,7515.294988347193,5913.218111944879,3605.563913785436,10,1381.8931720650794,-6.882598148664107,-11.209151528036877,-15.697837232281586,10,2.89412267272371,-308.3125033333333,-536.8445401666667,-669.8821750000001,10,137.0306607040027,0.0,0.0,0.0,10,0.0,-0.8225997609281595,-1.4329604320418268,-1.8048625664717253,10,0.3591960111842073,0.0020964360587002,0.0008234742308115,0.0,10,0.0008441002029651,4.1892033,-0.2481363,-4.3980227,1000,1.086367,0.000405,0.0011745,0.1336873549453582,0.0007695,0.2799999999999999,1271.7454885822954,812,214.43817527010805,26,833,132.6625803432189,3907.493737459183,1189.4257522141097,218.164199030085,833,546.5111125523215,36922.0,149.78190326690674,200000.0,10.0,1394.415950536728,2000000.0,1335.2747938020668,10000.0
6.646666e-08,5.8405475e-10,344.98447,-0.0014345009,6.123452e-10,0.007644222,11.921159,38.239655,38.225864,8.135263,329.98776,86.45852,328.06415,1.0,-0.25117296,-1.0,10000,0.8189573,0.0799965879089868,0.0785495131336821,0.0777939287742337,10,0.0005997290738574,1000,1000.0,1000,10,0.0,7292.31046962738,7206.003403520584,7105.985116481781,10,59.08958709348597,-330.5012260214478,-339.15439190844427,-347.8365911160987,10,6.192314588540602,8287.260080604563,8182.221564303456,8093.295531851751,10,61.182902996347046,-16.769156155271975,-17.752175201529262,-19.329662870507214,10,0.7425918297855696,-612.1503516666667,-617.4234255000001,-626.9781300000001,10,3.984605280084585,0.0,0.0,0.0,10,0.0,-1.8411360623870427,-1.888167679347181,-1.94644432083654,10,0.032502111513875,0.0,0.0,0.0,10,0.0,4.2731524,-0.2551926,-4.435533,1000,1.0846461,0.00186705,0.002490345,0.3662493920559009,0.000623295,0.5391999999999999,1612.6019077862054,1000,383.7266666666667,28,450,259.71162375048044,5648.0591876506805,1919.796593596458,256.33212661743164,450,1158.6389116375362,37372.0,176.35135746002197,200000.0,11.0,1570.76730799675,2200000.0,1134.0995775739298,11000.0
5.7949705e-08,4.9768856e-10,358.42352,-0.00086630724,5.4540633e-10,0.007317931,11.919823,38.246563,38.231728,7.969289,367.69592,83.661026,366.08786,1.0,-0.24608906,-1.0,10000,0.8323906,0.0816228667229152,0.0810583640997036,0.0802009510390198,10,0.0004216787487559,1000,1000.0,1000,10,0.0,7924.375651836395,7849.522992753982,7794.344068050384,10,45.007827702354376,-300.96014980250527,-310.7247192065083,-316.7543989211962,10,4.051598560526042,8891.236666891657,8812.20014119458,8751.45996198134,10,44.02758030855865,-18.54327114598304,-19.49580762739278,-20.68869742560279,10,0.7400279902651168,-625.662055,-630.4876633333333,-635.2255333333333,10,3.138286246526993,0.0,0.0,0.0,10,0.0,-1.9218672822179927,-1.9689544408450907,-2.026581959152564,10,0.026658212515371,0.0,0.0,0.0,10,0.0,4.6508946,-0.2511788,-4.833298,1000,1.0888376,0.00337608,0.00396657,0.505049290153731,0.0005904899999999,0.7334869333333333,2401.6361516148304,1000,582.1972222222222,24,360,337.13328635728294,6398.4984929561615,3244.51265009343,207.8752374649048,360,1894.7422024117125,37732.0,173.22226357460022,200000.0,12.0,1743.98957157135,2400000.0,1154.5859976241888,12000.0
5.1872952e-08,4.371513e-10,365.8681,-0.00035602014,4.9656185e-10,0.006941647,11.917909,38.23088,38.215298,7.597231,409.77396,77.36986,408.53445,1.0,-0.22429907,-1.0,10000,0.8461292,0.0857505744892841,0.0847773829387238,0.0835292769020161,10,0.0006077828068928,1000,1000.0,1000,10,0.0,8171.396739006042,8080.184253835678,7979.061649799347,10,51.38255524715207,-301.5414415656701,-312.36091834205865,-327.0312810300824,10,7.6050676835684,9164.691347913114,9061.59563841679,8950.099279157053,10,57.73806747605559,-17.377832404658342,-18.195850424818165,-19.1070702503578,10,0.512358415669791,-637.769945,-648.9039395,-656.45821,10,4.882454965674948,0.0,0.0,0.0,10,0.0,-1.9152242344587027,-1.950675895769787,-1.977641172066249,10,0.0239073772200765,0.0,0.0,0.0,10,0.0,4.685195,-0.25598663,-4.58764,1000,1.0926199,0.00455706,0.00514755,0.6900290448843328,0.0005904899999999,0.8322278399999999,3193.9124322503794,1000,720.6479400749064,28,267,344.7196815172361,7269.178905487061,4478.697896985668,240.13408708572388,267,2139.617012198327,37999.0,170.0461187362671,200000.0,13.0,1914.0356903076167,2600000.0,1176.1515139912713,13000.0
4.725481e-08,3.9791087e-10,367.85883,-8.513767e-05,4.5267576e-10,0.0067065964,11.916443,38.202187,38.186085,7.206598,455.02588,68.862274,454.09082,1.0,-0.22132842,-1.0,10000,0.8522375,0.085925058872599,0.0853568985369725,0.0846326360415405,10,0.0004110458573167,1000,1000.0,1000,10,0.0,8445.724400997162,8391.631814098359,8338.347422122955,10,36.433840578078176,-289.64074788523465,-295.8871572177842,-302.4416210298524,10,4.219109812664176,9409.281510993686,9363.733049369,9311.677881885687,10,35.96373939649653,-21.997766255696995,-22.58097102459284,-23.14161340749679,10,0.365948019817931,-644.9644883333333,-651.6238278333334,-658.827145,10,3.981899646612996,0.0,0.0,0.0,10,0.0,-1.9314464353556664,-2.009280301763877,-2.09983081583306,10,0.0489671355549565,0.0,0.0,0.0,10,0.0,4.6865854,-0.2370715,-5.1066375,1000,1.102272,0.00514755,0.00573804,0.8579390723595428,0.0005904899999999,0.8657822719999999,2999.223107287883,1000,630.4816176470588,36,272,349.4350267179626,7393.550785064697,4234.654162271398,324.98562812805176,272,2289.371603317587,38271.0,168.01338028907776,200000.0,14.0,2082.049070596695,2800000.0,1190.381383053464,14000.0
4.3641666e-08,3.6230086e-10,365.60745,0.00018098939,4.232492e-10,0.0063999444,11.918575,38.16942,38.153072,6.7726016,498.8873,61.081604,498.2126,1.0,-0.18720955,-1.0,10000,0.86791456,0.092000636825498,0.091055535215672,0.0899519782626739,10,0.0005922229262261,1000,1000.0,1000,10,0.0,8703.543868541718,8673.14260187149,8631.158613681793,10,20.25568754652912,-300.78199343153653,-309.1697583707869,-317.1969558724806,10,5.505160932598343,9732.006823087777,9699.68673875462,9648.866158436633,10,22.72589462190267,-22.99618773899187,-23.655343239158555,-24.47266639324096,10,0.4627084315379204,-685.0609066666667,-691.6149601666668,-698.5726099999999,10,3.756809541445696,0.0,0.0,0.0,10,0.0,-2.0197255751568406,-2.104078845077012,-2.1439845131400066,10,0.0362433501894485,0.0,0.0,0.0,10,0.0,4.571219,-0.20925567,-4.7817955,1000,1.109339,0.0060332849999999,0.006623775,1.0196042210328502,0.0005904899999999,0.90336323584,3545.2363307115547,1000,560.3308080808081,28,396,352.1728428954799,7496.92008638382,4065.665297670726,238.5402450561524,396,2484.897723990598,38667.0,159.86345171928406,200000.0,15.0,2241.912522315979,3000000.0,1251.0676946422666,15000.0
4.077075e-08,3.299303e-10,361.1232,0.00023662175,4.039432e-10,0.0062635955,11.914797,38.13746,38.12055,6.710287,538.45905,60.195755,537.85913,1.0,-0.16857393,-1.0,10000,0.87511384,0.0940079380107781,0.0932877789316437,0.0922489271593949,10,0.0005172662998111,1000,1000.0,1000,10,0.0,8744.21113204956,8717.142620515824,8685.863295555115,10,18.908297820553283,-306.5444658796765,-316.778115684611,-323.0608493620398,10,5.184252964509709,9798.279891409133,9763.694662044314,9727.105289281324,10,19.051627940776942,-23.352324243251,-24.045553100204984,-24.58070517093828,10,0.4129570024127049,-698.6603483333333,-703.6614333333333,-708.4870416666666,10,2.9678390991996784,0.0,0.0,0.0,10,0.0,-1.998614847431631,-2.0669418851025005,-2.1154674407447023,10,0.0340529604090401,0.0,0.0,0.0,10,0.0,4.360999,-0.18950202,-4.5284114,1000,1.1171622,0.00691902,0.00750951,1.1573741667127593,0.0005904899999999,0.931280523264,4083.5581131201934,1000,537.5731343283583,31,335,345.544044142588,8000.085882663727,4071.2638792002726,253.2498203725554,335,2538.9259498128854,39002.0,173.92079091072085,200000.0,16.0,2415.8333132267,3200000.0,1149.948772384933,16000.0
3.839667e-08,3.148055e-10,354.67664,0.00032573185,3.7633463e-10,0.0060584475,11.908995,38.096615,38.079536,6.7008333,572.3034,62.303314,571.7089,1.0,-0.17300719,-1.0,10000,0.87573916,0.0937398337444028,0.0924523374154901,0.0916324137991032,10,0.0006812235479467,1000,1000.0,1000,10,0.0,8758.31323480606,8711.587336683273,8637.959661960602,10,33.2396188325914,-285.8895370551529,-296.6636209472301,-312.85499583776425,10,7.198704865237904,9764.472729304092,9734.024527534692,9685.512254920865,10,26.25391424996506,-22.56344523646404,-23.244895758813133,-24.16620355705964,10,0.5058946895584473,-691.5535433333333,-700.3712458333333,-709.8031166666667,10,5.060342127714,0.0,0.0,0.0,10,0.0,-2.1106773903817544,-2.157427636709226,-2.20521396564245,10,0.0294910221897508,0.0,0.0,0.0,10,0.0,5.1139584,-0.18054731,-4.8769407,1000,1.1215712,0.007804755,0.0083952449999999,1.2905993569909933,0.0005904899999999,0.95052197675008,4805.249972731253,1000,686.1151315789474,27,304,349.5781902333508,8216.584465026855,5485.8101394185305,238.4580116271973,304,2760.404192274731,39306.0,161.14724349975586,200000.0,17.0,2576.980556726456,3400000.0,1241.100968632473,17000.0
3.6326853e-08,3.045933e-10,347.16208,0.00026690785,3.4929012e-10,0.0059820097,11.903045,38.064205,38.047176,6.70766,592.7589,67.13654,592.07434,1.0,-0.18429036,-1.0,10000,0.87567496,0.092170581211496,0.0911991979424579,0.0896314114697015,10,0.0007824520194808,1000,1000.0,1000,10,0.0,8796.605460166931,8715.011995983125,8617.359893321991,10,48.13609543387395,-233.444539189448,-245.35326005065863,-260.4282367969193,10,8.221562046293553,9732.956718065976,9672.609901502665,9594.174261173885,10,37.72355467831576,-21.01163372586557,-22.24871474823289,-22.97474256617667,10,0.5705310932553678,-675.5851666666666,-687.8422118333334,-694.4489083333333,10,5.781556737088474,0.0,0.0,0.0,10,0.0,-2.111201224923918,-2.153720063971358,-2.217006627360731,10,0.0373863273546878,0.0,0.0,0.0,10,0.0,4.881308,-0.166384,-4.8754044,1000,1.1204098,0.0089857349999999,0.0095762249999999,1.4683049804303077,0.0005904899999999,0.9683340651200512,4689.424805487488,1000,465.05474452554745,24,548,348.562005180702,8217.49377822876,3580.416080151235,189.34831206128,548,2708.427497835245,39854.0,152.8671836853027,200000.0,18.0,2729.8477404117584,3600000.0,1308.325274126371,18000.0
3.4538672e-08,2.932533e-10,342.57648,8.460755e-05,3.284428e-10,0.006081769,11.898729,38.04613,38.029163,7.2754583,593.96735,78.80531,592.6909,1.0,-0.19716847,-1.0,10000,0.8785124,0.0911199491994193,0.0905078970049246,0.0897253842336795,10,0.0003960686152309,1000,1000.0,1000,10,0.0,8827.599550247192,8781.518294477462,8738.564413547516,10,30.993246272262628,-195.1418225243317,-214.54265858532017,-224.7518175290644,10,8.888135977581582,9740.835526196606,9695.695735370617,9657.965575011656,10,27.95927655960622,-20.012366670576647,-21.40036817304081,-22.2731576434783,10,0.8241616683733858,-671.19825,-676.199335,-680.5862516666666,10,3.172441487080824,0.0,0.0,0.0,10,0.0,-1.9700272354537207,-2.035084296630496,-2.1156667159086173,10,0.054506499893324,0.0,0.0,0.0,10,0.0,4.876597,-0.17310992,-4.428053,1000,1.1237439,0.0104619599999999,0.0110524499999999,1.848177225481224,0.0005904899999999,0.98168536151536,3545.665674971808,1000,368.6481012658228,22,395,269.4667687460184,8198.757495880127,2822.5733437615218,190.1787600517273,395,2028.96176043414,40249.0,154.00478315353394,200000.0,19.0,2883.8525235652924,3800000.0,1298.660963020944,19000.0
3.3005243e-08,2.7970237e-10,340.11664,-1.2297975e-05,3.14392e-10,0.006134397,11.891747,38.0261,38.009254,7.2726994,593.7461,77.56606,592.4687,1.0,-0.1920798,-1.0,10000,0.8797276,0.0919634001387021,0.0911438543532713,0.0902623969299456,10,0.0005771571669549,1000,1000.0,1000,10,0.0,8814.821853160858,8768.985588788986,8715.02808713913,10,30.91296836613096,-179.6536882100773,-194.3689479168724,-203.58559785837213,10,6.699153743914324,9716.656672000752,9670.576155332405,9612.022416238238,10,35.1914134244368,-20.9233453736812,-22.02742402976129,-23.36984683363409,10,0.7184536027772279,-676.4625500000001,-683.0955680000001,-688.5704400000001,10,3.632663687561374,0.0,0.0,0.0,10,0.0,-2.0336233891075555,-2.098629279138814,-2.182694825531571,10,0.040023566319286,0.0,0.0,0.0,10,0.0,4.465389,-0.17583436,-4.6177206,1000,1.1261727,0.0116429399999999,0.0122334299999999,2.016682518680088,0.0005904899999999,0.9884707849539316,4521.893715585892,1000,749.9622641509434,33,265,335.7963647450724,8461.665219783783,6124.12087734187,289.96053314208984,265,2736.551844006965,40514.0,154.42510628700256,200000.0,20.0,3038.277629852295,4000000.0,1295.126192941033,20000.0
3.1691027e-08,2.7266783e-10,337.98853,-2.181774e-05,2.977707e-10,0.006105611,11.881049,37.99519,37.97847,6.825536,595.3693,69.80413,594.2606,1.0,-0.2037566,-1.0,10000,0.8771846,0.0907363376451394,0.089936796050865,0.0888909738726652,10,0.0005965947859987,1000,1000.0,1000,10,0.0,8891.311198711395,8813.72281742096,8700.09301328659,10,48.97257281970743,-173.04329924917505,-180.4508081605739,-185.222751162434,10,4.2222343371276985,9769.978056638764,9694.690370069084,9569.925750219656,10,51.20842379536693,-21.13870129167108,-21.591482641226623,-22.20177743026576,10,0.3610013270695874,-671.3737266666667,-676.7959556666667,-682.8674483333334,10,4.223997107228266,0.0,0.0,0.0,10,0.0,-2.0527561952025075,-2.1293089264765874,-2.20955120236858,10,0.0458070865349607,0.0,0.0,0.0,10,0.0,4.2823563,-0.17058274,-4.524263,1000,1.1271689,0.0122334299999999,0.0128239199999999,2.2296430130366995,0.0005904899999999,0.9907766279631453,3736.26635911117,1000,731.566037735849,26,265,353.4268096649727,8558.637176513672,6085.532515241223,229.9540672302246,265,2925.8890785214608,40779.0,163.77407574653623,200000.0,21.0,3202.051705598831,4200000.0,1221.1944966768033,21000.0
3.058386e-08,2.6273564e-10,338.21582,-0.00021378273,2.8777383e-10,0.0063016675,11.880629,37.988747,37.97202,6.7553334,586.33734,69.30977,584.9922,1.0,-0.21012172,-1.0,10000,0.877185,0.0899600362155324,0.089171748586811,0.0886519999007432,10,0.0004707832958071,1000,1000.0,1000,10,0.0,8945.908493995667,8915.559187412262,8864.304595470428,10,23.42221437532449,-176.17234381622552,-181.20479609061385,-192.44035762925128,10,4.552811984222615,9827.0189872822,9792.032153741056,9750.7220342721,10,21.41404408540057,-22.33641503369332,-22.58918431374252,-22.9570933523414,10,0.2239072400059977,-664.7933516666667,-670.5577601666666,-676.199335,10,3.243246037865996,0.0,0.0,0.0,10,0.0,-2.075319701187217,-2.121223291034571,-2.1648900107672384,10,0.0249777875679502,0.0,0.0,0.0,10,0.0,4.746961,-0.15383008,-4.538943,1000,1.1258291,0.0137096549999999,0.0143001449999999,2.521350710739152,0.0005904899999999,0.9945545211494408,3892.911945809433,1000,433.420814479638,19,442,324.0043074419931,8553.056834220886,3484.6456684055006,161.490966796875,442,2618.5507201568644,41221.0,163.99268078804016,200000.0,22.0,3366.044386386872,4400000.0,1219.5666235769336,22000.0
2.9670963e-08,2.5502916e-10,341.18567,-0.00031979545,2.790482e-10,0.0064611365,11.880466,37.974026,37.957363,6.6838098,576.344,66.57423,574.9873,1.0,-0.2212705,-1.0,10000,0.87613803,0.0880391889709717,0.0876263057140371,0.0870221975465974,10,0.0002921993468045,1000,1000.0,1000,10,0.0,9031.468803405762,9005.345292901993,8964.209108352661,10,19.55064799680149,-177.5345195896833,-182.25832288629857,-188.8747443662167,10,3.326885817163675,9903.268865698998,9872.935784014318,9830.581258906634,10,20.88565147835796,-22.091855561458708,-22.80642573464199,-23.424919203707603,10,0.3912209464143173,-657.1601166666667,-660.4327565000001,-664.4423983333334,10,2.182216566555608,0.0,0.0,0.0,10,0.0,-2.037693828532415,-2.092989799234123,-2.156169023788197,10,0.0326155348531551,0.0,0.0,0.0,10,0.0,4.4220724,-0.16096675,-4.5330176,1000,1.1272933,0.0151858799999999,0.0157763699999999,2.728730118987288,0.0005904899999999,0.9969776854509634,3999.2545457382175,1000,506.8706697459584,22,433,339.48251189624654,8544.861225128174,4097.402874149896,196.57594871521,433,2737.4323907025305,41654.0,152.88799858093262,200000.0,23.0,3518.932384967804,4600000.0,1308.147152532239,23000.0
2.8893908e-08,2.5469837e-10,343.0053,-0.00016723172,2.65392e-10,0.0063413284,11.8743515,37.947414,37.93086,6.2671456,573.3923,59.270515,572.2976,1.0,-0.22587577,-1.0,10000,0.8745034,0.0874446070177218,0.0870116760429664,0.0865664247629902,10,0.0002657606708648,1000,1000.0,1000,10,0.0,9072.998819351196,9047.74211192131,9015.315435886385,10,16.472145224543677,-187.56780447065933,-199.00529985186355,-209.2925845400096,10,5.977439827094128,9947.45688212398,9927.750949134275,9896.72143185005,10,14.089797349864256,-22.23425754977367,-22.637635196478488,-23.16434364434465,10,0.3070725425939126,-651.0184333333334,-656.3178286666667,-659.7045283333334,10,2.538717430624686,0.0,0.0,0.0,10,0.0,-1.9655792697734693,-2.0480731657296616,-2.1034374004660368,10,0.0435841512444147,0.0,0.0,0.0,10,0.0,4.7457075,-0.16037081,-4.6778626,1000,1.130041,0.0160716149999999,0.0166621049999999,2.8975628182525592,0.0005904899999999,0.9978239335246936,4326.492345006407,1000,603.2872928176796,28,362,356.31477843367685,8724.592749595642,5049.700816045895,246.2716188430786,362,3001.711046169276,42016.0,165.91517186164856,200000.0,24.0,3684.847556829453,4800000.0,1205.4352700594116,24000.0
2.8243331e-08,2.493534e-10,345.1579,-0.00026089832,2.590266e-10,0.0064737396,11.868791,37.93267,37.916195,6.2511864,561.7138,59.372578,560.57135,1.0,-0.22404692,-1.0,10000,0.8744907,0.0880967138746491,0.0870007644804864,0.085776550302442,10,0.0007633744154784,1000,1000.0,1000,10,0.0,9073.557359695436,9054.25307598114,9025.422381401062,10,16.24905580371234,-193.06304386119297,-203.11784567876643,-216.0537063106821,10,6.908198373033274,9962.516553404144,9939.476515179853,9913.969690251835,10,15.514271893705317,-20.75281763182808,-22.22396533255352,-23.772486795064967,10,0.9015519768805704,-649.1759283333333,-657.7918326666667,-666.6358566666668,10,5.317666864366866,0.0,0.0,0.0,10,0.0,-2.0363577703667617,-2.089797519168448,-2.1616955299339087,10,0.0376591302834958,0.0,0.0,0.0,10,0.0,4.4427214,-0.15682109,-4.3907,1000,1.1301996,0.0172525949999999,0.0178430849999999,3.129640482889071,0.0005904899999999,0.998607317455804,4285.852954579124,1000,568.2544080604534,27,397,371.14249812752143,8755.44303560257,4829.673581789955,232.9401516914368,397,3169.0305521918863,42413.0,156.49530577659607,200000.0,25.0,3841.3428626060486,5000000.0,1277.9936050318902,25000.0
2.7733469e-08,2.4473198e-10,348.65042,-0.0003931222,2.544705e-10,0.006668829,11.869931,37.925587,37.909042,6.473446,545.6614,62.606308,544.25256,1.0,-0.21501666,-1.0,10000,0.8721227,0.0884624333848914,0.087559327500101,0.0866150039417407,10,0.000648578511057,1000,1000.0,1000,10,0.0,9086.914576530457,9060.092749071122,9038.432906150818,10,17.453720657379197,-175.31553980857572,-191.43643494792252,-205.5890580966036,10,8.945386261449936,9960.195492569144,9941.78871187492,9918.12791979108,10,14.167807687102677,-21.33635778512063,-22.42793499688453,-24.33598570890417,10,0.8447297494492119,-658.2129766666667,-665.6356396666666,-673.0407550000001,10,5.035477154741959,0.0,0.0,0.0,10,0.0,-2.1408765113466366,-2.1959511282338737,-2.2539396155602858,10,0.0419939416477238,0.0,0.0,0.0,10,0.0,4.3721766,-0.15399812,-4.6590996,1000,1.1317303,0.0184335749999999,0.0190240649999999,3.422036230315656,0.0005904899999999,0.9991086831717144,3784.2945266016295,1000,529.3992932862191,26,283,364.0996634803402,8802.00153541565,4470.018620253622,225.57722568511963,283,3097.8040325130783,42696.0,165.59089541435242,200000.0,26.0,4006.933758020401,5200000.0,1207.7958724695995,26000.0
2.7271861e-08,2.4532118e-10,352.5394,-0.00030332894,2.4557226e-10,0.0066490388,11.858612,37.90156,37.885075,6.1359663,535.75806,59.930447,534.47485,1.0,-0.21074592,-1.0,10000,0.8735856,0.0889587432091793,0.0881678336687124,0.0872056536396703,10,0.0005096821145964,1000,1000.0,1000,10,0.0,9088.246434211733,9071.370309591292,9055.827886104584,10,11.412042753718396,-158.70820314740186,-165.22477203858364,-172.17644489900078,10,3.957204927989575,9954.80805061819,9933.802307065804,9907.059554131596,10,15.41124383662484,-21.57308581117546,-22.71084924484661,-23.619309543388503,10,0.5361775105925297,-664.617875,-672.2686576666667,-679.7966066666668,10,4.590953879322573,0.0,0.0,0.0,10,0.0,-2.1832080479149885,-2.2277165846826525,-2.2787695978393305,10,0.0348320039061895,0.0,0.0,0.0,10,0.0,4.6639476,-0.14921449,-5.096816,1000,1.129779,0.0202050449999999,0.0207955349999999,3.674762046570072,0.0005904899999999,0.9995322369285158,3746.037873426395,1000,583.8482587064676,26,402,339.8406553142672,8878.917446613312,5088.454223383144,234.94891548156733,402,2978.7537753288466,43098.0,154.14824414253235,200000.0,27.0,4161.082002162933,5400000.0,1297.4523395483577,27000.0
2.6853353e-08,2.426173e-10,355.3258,-0.00029419383,2.407431e-10,0.0066900584,11.851262,37.875416,37.85903,5.9590926,518.4957,55.49426,517.191,1.0,-0.2114797,-1.0,10000,0.87236685,0.0887636845430097,0.0880193057147524,0.0870389736612996,10,0.0005825357103543,1000,1000.0,1000,10,0.0,9115.618256568909,9098.219153022766,9087.152205467224,10,9.089580890572458,-155.83847293247294,-162.76347567394447,-168.8476259730394,10,3.7272361261283016,9970.244953045803,9957.189802274374,9939.76670247498,10,9.983993726595967,-21.104404611643503,-22.307396508159364,-23.39354595770557,10,0.7534762339430222,-663.3895383333333,-671.6808108333333,-678.56827,10,4.986324717401439,0.0,0.0,0.0,10,0.0,-2.149214600621704,-2.2189654798062755,-2.280982543604308,10,0.0372547890428407,0.0,0.0,0.0,10,0.0,4.49084,-0.14550135,-4.577488,1000,1.1289166,0.0219765149999999,0.0225670049999999,4.024291152985334,0.0005904899999999,0.999766346641366,3227.379535491031,1000,567.3030303030303,17,297,333.26490574050047,8822.705121040344,4896.871604324522,149.25740766525269,297,2853.9286184599,43395.0,156.38897895812988,200000.0,28.0,4317.470981121063,5600000.0,1278.8624961452438,28000.0
2.6519928e-08,2.4163702e-10,356.21457,-0.00018279749,2.357217e-10,0.0065946593,11.841632,37.85557,37.839184,5.4566236,502.80658,51.003407,501.80554,1.0,-0.20075403,-1.0,10000,0.87019575,0.0897424838656297,0.0891410318795329,0.0884768778925499,10,0.0004321830341058,1000,1000.0,1000,10,0.0,9096.901377677916,9074.2924346447,9039.784862995148,10,15.748126059511256,-150.8450008106185,-153.4750948664484,-156.51892728747558,10,1.6531156567098382,9960.979728015103,9933.317019300954,9901.779633357542,10,16.760711256986664,-21.333969023691782,-22.121050371974903,-22.988337234165527,10,0.472042025618118,-676.1115966666666,-681.1653246666667,-686.2892433333334,10,3.493748806142639,0.0,0.0,0.0,10,0.0,-2.235498595398735,-2.2631168875913503,-2.305355681155628,10,0.0238616296886314,0.0,0.0,0.0,10,0.0,4.5614305,-0.14471541,-4.4696155,1000,1.128264,0.0228622499999999,0.0234527399999999,4.153220592644508,0.0005904899999999,0.9998338465005268,4416.558143728583,1000,728.405017921147,27,279,324.9317614216179,8878.930488586426,6349.709103531522,235.6929712295532,279,2829.3606112091684,43674.0,154.1616013050079,200000.0,29.0,4471.632582426071,5800000.0,1297.3399232166837,29000.0
2.6290842e-08,2.3755706e-10,354.74832,-0.00016400965,2.3567817e-10,0.006549479,11.832701,37.831486,37.814964,4.994431,489.16684,43.69973,488.42807,1.0,-0.19831745,-1.0,10000,0.87071484,0.0910013146048149,0.0897564806837326,0.0887311657203099,10,0.0007189913600711,1000,1000.0,1000,10,0.0,9087.542537689207,9069.56454024315,8998.163215637207,10,24.703357975756,-147.10120391026493,-149.6832943039572,-154.00806469897418,10,2.175485420290612,9948.426159079643,9931.54740226924,9856.906255300297,10,25.263303312456152,-21.812198014518707,-22.20967154880362,-22.596481624930245,10,0.2588446201718079,-679.2701766666667,-687.780795,-695.6772450000001,10,5.4051370976663415,0.0,0.0,0.0,10,0.0,-2.2135394875925813,-2.309098837373279,-2.38902251313754,10,0.0530945738396743,0.0,0.0,0.0,10,0.0,5.039221,-0.1430774,-4.5190916,1000,1.1279778,0.0234527399999999,0.0240432299999999,4.270768485520414,0.0005904899999999,0.9998670772004216,5284.557000631975,1000,821.1386554621848,34,238,292.2020886417405,8889.42650604248,7184.883863658464,304.5173234939575,238,2552.779705362665,43912.0,153.8845763206482,200000.0,30.0,4625.517158746719,6000000.0,1299.6754111553155,30000.0
2.6116744e-08,2.365735e-10,353.33337,-0.00018441274,2.3352792e-10,0.006544413,11.825732,37.797264,37.780823,4.4406734,478.1143,36.04252,477.6981,1.0,-0.20193022,-1.0,10000,0.86802936,0.0898556481210253,0.0889693157523608,0.0878260695526114,10,0.0006471430496323,1000,1000.0,1000,10,0.0,9098.59648323059,9090.066704320909,9078.344550609589,10,5.798035935723729,-141.2083283250908,-146.27058321014496,-150.239411432219,10,2.444403491601375,9951.329584789744,9943.50244157055,9923.597869959847,10,8.509013653981464,-21.118982893707127,-21.926105773360685,-22.841482001683246,10,0.464174607032808,-675.672905,-682.9200913333334,-689.6233000000001,10,4.7128145721334445,0.0,0.0,0.0,10,0.0,-2.2376134916621853,-2.318957927164812,-2.387439956718011,10,0.0484832418578042,0.0,0.0,0.0,10,0.0,4.6573844,-0.13533913,-4.8202014,1000,1.1265633,0.0240432299999999,0.0246337199999999,4.379016014228039,0.0005904899999999,0.9998936617603372,5973.64924716543,1000,686.744262295082,29,305,344.15866552687976,8898.474632263184,5954.363751877336,247.54132843017572,305,3005.924621044132,44217.0,160.90456438064575,200000.0,31.0,4786.421723127365,6200000.0,1242.9728191356194,31000.0
2.5989102e-08,2.3277791e-10,354.57993,-0.0002987554,2.3502594e-10,0.0066811945,11.819365,37.775303,37.75875,4.420811,462.6731,35.081524,462.21713,1.0,-0.18982391,-1.0,10000,0.869651,0.091636903019782,0.0902702328860497,0.0893389216495415,10,0.000689756783333,1000,1000.0,1000,10,0.0,9100.50975894928,9088.40774292946,9069.064155578611,10,8.74822840585672,-146.2616433106964,-151.256981003614,-156.01024374628406,10,3.075169044868076,9966.363139928671,9955.41119427593,9928.554424723983,10,10.457973396125654,-21.013841467477725,-22.04964090436194,-22.8038560685141,10,0.5550296931412705,-683.4816166666667,-691.3780666666668,-699.5377316666668,10,5.03116421621882,0.0,0.0,0.0,10,0.0,-2.247254728906481,-2.318766266107476,-2.373666316989912,10,0.0356777352133356,0.0,0.0,0.0,10,0.0,4.531554,-0.13087445,-4.4699244,1000,1.127191,0.0246337199999999,0.0252242099999999,4.555896518364693,0.0005904899999999,0.9999149294082696,5742.846953865614,1000,566.4428969359332,31,359,319.3962993568668,8840.00292634964,4870.896194765217,276.8712110519409,359,2755.5062721439394,44576.0,151.39370107650757,200000.0,32.0,4937.815424203873,6400000.0,1321.0589250270657,32000.0
2.5882795e-08,2.3248466e-10,357.1959,-0.00031617712,2.3340566e-10,0.0067457035,11.814682,37.757824,37.74135,4.3918,447.4722,34.770256,446.98322,1.0,-0.1847385,-1.0,10000,0.8718424,0.0921603935623279,0.0911526253796851,0.0899835500886401,10,0.0006733305897997,1000,1000.0,1000,10,0.0,9090.833083152773,9081.442256069184,9074.565833091736,10,5.033762791993019,-153.28865594628562,-160.51715351714773,-166.93113558713372,10,4.461229702876703,9972.99432165944,9964.742025390562,9946.991008133538,10,6.767978144499539,-21.640284849362,-22.482731658722606,-23.63809381968208,10,0.6281429482715798,-689.2723466666667,-697.9408940000001,-707.1709666666668,10,5.052204535419354,0.0,0.0,0.0,10,0.0,-2.2935111059939137,-2.3589887591549257,-2.424753123939279,10,0.0448093306148929,0.0,0.0,0.0,10,0.0,4.5555916,-0.13352947,-4.431929,1000,1.1291095,0.0255194549999999,0.0261099449999999,4.765529336818082,0.0005904899999999,0.9999387491739542,5731.2128290281125,1000,619.6762589928057,40,278,340.175297929254,8877.447373390198,5252.383546970207,224.25508658587933,278,2910.963256223322,44854.0,155.4513397216797,200000.0,33.0,5093.266763925552,6600000.0,1286.5762389573504,33000.0
2.5819737e-08,2.3184998e-10,360.75085,-0.00043510544,2.3290533e-10,0.00692862,11.8123255,37.737095,37.720615,4.264048,432.22482,31.614506,431.8085,1.0,-0.1709105,-1.0,10000,0.8734351,0.093998688031148,0.0933379448691121,0.0928993905970564,10,0.0003291941934339,1000,1000.0,1000,10,0.0,9077.481390953064,9070.813729572295,9060.69400215149,10,5.491366353283312,-147.47111955112803,-153.5796160564125,-157.56546538624576,10,3.2131084266552814,9969.641942743096,9962.22656800266,9953.088142904158,10,4.974412150666081,-20.778352761490297,-21.91362595514865,-23.04425441646606,10,0.5898726108847767,-709.1889483333334,-713.5495435,-719.10338,10,2.548960916732362,0.0,0.0,0.0,10,0.0,-2.3367144299971043,-2.370055458965754,-2.4205314621233445,10,0.0309155455012519,0.0,0.0,0.0,10,0.0,4.4546533,-0.12966923,-4.388708,1000,1.1301893,0.0264051899999999,0.0269956799999999,4.9032663475147125,0.0005904899999999,0.999956443857034,5973.032751838926,1000,584.8294117647059,32,340,365.8342042746974,8946.095874786377,5091.785707833893,282.5479679107666,340,3252.995201760397,45194.0,156.99146342277527,200000.0,34.0,5250.258227348328,6800000.0,1273.9546191846337,34000.0
2.579556e-08,2.3029982e-10,366.65683,-0.00045114284,2.3402028e-10,0.0070509645,11.7989235,37.717056,37.70042,4.0808105,418.22693,29.423052,417.9034,1.0,-0.15612423,-1.0,10000,0.8755699,0.0965955530592909,0.0950771840283385,0.0941712857188395,10,0.0006804081531731,1000,1000.0,1000,10,0.0,9084.90849685669,9073.84927148819,9060.281043052672,10,5.851945986905404,-157.66771511944688,-160.924471204014,-164.623908282181,10,2.1381695651782504,9994.352010394648,9986.649293286062,9980.25705998262,10,4.374306795852081,-22.88788118263333,-23.77287812198475,-24.975757803654552,10,0.6058968385953245,-718.313735,-725.7188503333334,-737.1774766666667,10,5.517646072456791,0.0,0.0,0.0,10,0.0,-2.3226999134717072,-2.383821250928229,-2.4369616616419294,10,0.0376108434142743,0.0,0.0,0.0,10,0.0,4.42322,-0.1364311,-4.3154593,1000,1.131688,0.0269956799999999,0.0275861699999999,5.026898163032296,0.0005904899999999,0.9999651550856272,6475.602212699702,1000,785.8996138996139,33,259,320.5753598628601,8967.278433322906,6939.02783484639,292.7491178512573,259,2826.5001851636343,45453.0,156.73703622817993,200000.0,35.0,5406.995263576508,7000000.0,1276.0225969109,35000.0
2.5766902e-08,2.3107477e-10,372.09503,-0.00043109545,2.327295e-10,0.007128806,11.790456,37.697178,37.680542,3.870015,406.31293,26.81997,406.0885,1.0,-0.16292593,-1.0,10000,0.8747769,0.0949682477174064,0.0940592354139051,0.0926063617823383,10,0.0006417301417949,1000,1000.0,1000,10,0.0,9080.69777584076,9069.087813568116,9054.15554523468,10,6.709956127610399,-163.20542846264163,-168.45088386399897,-174.10540174892628,10,3.811758133386345,9994.21017558452,9986.851158165977,9972.775522510854,10,6.049106049010075,-22.24034735600613,-23.7560376541424,-25.72037386785503,10,0.8835853271141476,-715.0674166666666,-723.0691526666667,-729.1932883333333,10,5.073187941074958,0.0,0.0,0.0,10,0.0,-2.3717044017022983,-2.4872709109938653,-2.582554557224224,10,0.0562414369261407,0.0,0.0,0.0,10,0.0,5.652519,-0.12927261,-4.5393333,1000,1.1302793,0.0275861699999999,0.0281766599999999,5.142855810566537,0.0005904899999999,0.9999721240685018,6965.969074751894,1000,660.3983286908078,30,359,352.42891394491653,8999.939519882202,5849.217604394156,267.74162673950195,359,3155.876867192608,45812.0,164.69848465919495,200000.0,36.0,5571.693748235703,7200000.0,1214.340255855136,36000.0
2.5734554e-08,2.305637e-10,377.688,-0.00049175345,2.326583e-10,0.007290137,11.783998,37.678795,37.662113,3.7795758,394.48462,26.412586,394.31287,1.0,-0.16955294,-1.0,10000,0.8710307,0.0945048046793526,0.0927363990454672,0.0913942132780066,10,0.0009241609966541,1000,1000.0,1000,10,0.0,9075.167691230774,9053.660866355896,9034.64548110962,10,10.677390109920356,-168.00811681936818,-173.65181126471677,-179.71581614268263,10,3.5766467973959672,9990.180524925205,9970.86589333758,9957.33548829068,10,9.401374611984815,-22.788471798853013,-24.17043176415434,-25.3168188640644,10,0.8180649986626283,-710.2418083333334,-716.8572786666667,-728.1404283333334,10,5.4602857565116265,0.0,0.0,0.0,10,0.0,-2.4427781665434742,-2.5255059845389374,-2.586462278032013,10,0.0451577435808607,0.0,0.0,0.0,10,0.0,5.217551,-0.13310798,-4.827862,1000,1.1280833,0.0281766599999999,0.0287671499999999,5.25838362856524,0.0005904899999999,0.9999776992548014,7321.730590078005,1000,616.9774919614148,40,311,356.26573792706955,8913.852704048157,5362.803711860575,360.3497447967529,311,3101.835445336283,46123.0,172.78558444976807,200000.0,37.0,5744.479332685471,7400000.0,1157.5039702351075,37000.0
2.5700581e-08,2.3149141e-10,382.27344,-0.00032808242,2.3111907e-10,0.007209005,11.777895,37.647118,37.630535,3.5900702,384.83167,24.839226,384.80084,1.0,-0.18325587,-1.0,10000,0.8685467,0.0918128712327888,0.0910719829424953,0.0902258680520317,10,0.0004720317952517,1000,1000.0,1000,10,0.0,9075.259474754332,9059.060051441193,8997.75708770752,10,22.084019347150534,-178.22948627608542,-182.91236931799523,-187.4256447025261,10,2.485633100317395,9995.645573798623,9977.003561919124,9913.00778660715,10,23.163437197182475,-22.53114243864108,-23.629259823550235,-25.00669619066087,10,0.7573654767169783,-702.8717883333334,-708.8028996666667,-711.8210983333335,10,3.06788220536822,0.0,0.0,0.0,10,0.0,-2.4221396557885546,-2.5989778784095785,-2.700782152786404,10,0.0794464458776657,0.0,0.0,0.0,10,0.0,4.5859118,-0.14378157,-4.6955576,1000,1.128126,0.0287671499999999,0.0293576399999999,5.356287577747218,0.0005904899999999,0.9999821594038412,7599.999712254817,1000,738.9588477366256,31,243,313.6050935254274,8975.537747859955,6480.536909361067,277.7895784378052,243,2740.09910064874,46366.0,157.22085809707642,200000.0,38.0,5901.700190782547,7600000.0,1272.0958428843423,38000.0
2.5663951e-08,2.3075097e-10,385.14124,-0.00025136326,2.3120023e-10,0.007183905,11.765354,37.621212,37.60453,3.5246823,374.26782,23.052668,374.23947,0.99999994,-0.20196283,-1.0,10000,0.86260927,0.0894940127117297,0.0885879025222005,0.0875775196712202,10,0.0006168929478581,1000,1000.0,1000,10,0.0,9087.375754356384,9076.333953714371,9066.424536705015,10,7.109176330718702,-182.76730437600983,-186.2245683554314,-192.4694987672236,10,2.8120900787693293,9997.288671801522,9985.331001187904,9970.42139716083,10,9.354132740438146,-22.980540371054875,-24.120313523294456,-25.354697180477675,10,0.8077575702533996,-688.3949633333334,-695.9843291666666,-707.2587050000001,10,5.480416111556492,0.0,0.0,0.0,10,0.0,-2.556166857425948,-2.6678343371768207,-2.731362618111301,10,0.0629270135499768,0.0,0.0,0.0,10,0.0,4.397376,-0.14750034,-5.1597314,1000,1.126784,0.0296528849999999,0.0302433749999999,5.498912366215375,0.0005904899999999,0.9999871547707656,7310.622097549115,1000,675.2871972318339,35,289,323.1230986712535,8990.573209285736,5947.435792989694,266.20142138004303,289,2857.808476070324,46655.0,155.08211708068848,200000.0,39.0,6056.782307863236,7800000.0,1289.6393456889743,39000.0
2.5626544e-08,2.2921734e-10,386.5499,-0.00027128792,2.3206045e-10,0.007229187,11.755965,37.606113,37.589306,3.4732423,362.2774,22.518953,362.24347,1.0,-0.2039247,-1.0,10000,0.86502457,0.0894832107742986,0.0885022556660435,0.0869307691642752,10,0.0007855747914114,1000,1000.0,1000,10,0.0,9114.992835998535,9088.929949712754,9036.442179203032,10,19.82451407843156,-174.10482806208938,-181.45317674576145,-187.0591793377037,10,3.73345997881626,9999.38595680892,9991.072508173116,9932.536564676417,10,19.56314614214028,-23.89755091200849,-24.959074163240214,-27.250656358213,10,0.9301817286078452,-679.9720833333333,-693.0626426666666,-702.6963116666667,10,7.118580344239074,0.0,0.0,0.0,10,0.0,-2.581979329040513,-2.667665749240384,-2.786986429203834,10,0.0604671326463161,0.0,0.0,0.0,10,0.0,4.8027925,-0.14528525,-4.471141,1000,1.123252,0.0308338649999999,0.0314243549999999,5.617148669735058,0.0005904899999999,0.99999177905329,6798.565373414214,1000,525.7459349593496,25,492,346.39461624915924,9005.59965801239,4624.689599590336,182.80833756178612,492,3088.156519773097,47147.0,155.8821737766266,200000.0,40.0,6212.664481639862,8000000.0,1283.0203425735683,40000.0
2.5593929e-08,2.2852616e-10,390.5222,-0.00027479458,2.321646e-10,0.007304194,11.747962,37.59843,37.581585,3.405948,348.9755,21.326113,348.92422,1.0,-0.21064162,-1.0,10000,0.86197466,0.0892880640161893,0.087651880320601,0.0860268751403054,10,0.001038022375995,1000,1000.0,1000,10,0.0,9112.965627670288,9102.573364639282,9085.000532150269,10,7.466134727053899,-172.37819995367835,-176.99480352531504,-186.945934382702,10,4.093112332712162,9998.7034162828,9995.3658408665,9991.800145464447,10,2.251439293369865,-23.361971580810145,-24.576950852773034,-25.9140310268594,10,0.8378169584247603,-676.5502883333334,-688.5528923333334,-699.9764233333334,10,6.904599902769957,0.0,0.0,0.0,10,0.0,-2.573919221809725,-2.6678303727034622,-2.715969697399381,10,0.042646101247923,0.0,0.0,0.0,10,0.0,4.8775334,-0.16782771,-4.8189445,1000,1.1198204,0.0317195999999999,0.0323100899999999,5.750969917707976,0.0005904899999999,0.9999941539934508,6928.768316031178,1000,870.2018348623853,22,218,275.351810985777,9031.383518218994,7760.809225705444,199.5282936096192,218,2460.353911109534,47365.0,165.22892212867737,200000.0,41.0,6377.893403768539,8200000.0,1210.4418368367951,41000.0
2.5564947e-08,2.2693226e-10,394.4268,-0.0002656082,2.3323682e-10,0.007365289,11.735531,37.56565,37.548714,3.114773,338.89038,18.670906,338.94577,1.0,-0.21428128,-1.0,10000,0.85837436,0.08948676475526,0.0871355004312208,0.0855697628764173,10,0.0009807921939591,1000,1000.0,1000,10,0.0,9111.083470344543,9104.71249818802,9089.991600990295,10,6.029925893799176,-175.0741951798711,-180.58781273955253,-185.65929319552924,10,3.1547562095661226,9999.271157424202,9996.38973752286,9990.681234659096,10,2.746221339660251,-23.210116648314816,-24.43564981427483,-25.40423279985785,10,0.8120145076707782,-674.7077833333333,-684.0080466666667,-700.415115,10,6.492518100268745,0.0,0.0,0.0,10,0.0,-2.576936863241157,-2.645728184909684,-2.710020828425518,10,0.0376198069316938,0.0,0.0,0.0,10,0.0,4.3882394,-0.16193154,-4.4710784,1000,1.1191753,0.0323100899999999,0.0329005799999999,5.887828995803246,0.0005904899999999,0.9999953231947606,5794.78793373162,1000,624.5576208178438,30,269,325.2021067714885,9015.331434249878,5491.867312458922,263.3516454696655,269,2857.7126192250275,47634.0,155.32391119003296,200000.0,42.0,6533.217314958572,8400000.0,1287.6317526881455,42000.0
2.5539853e-08,2.2589336e-10,397.32788,-0.00028479364,2.3382393e-10,0.007436695,11.722071,37.535908,37.519062,2.942756,329.21118,16.55462,329.39462,1.0,-0.22779119,-1.0,10000,0.8509611,0.0862438645587972,0.0851028871236107,0.0834680438359937,10,0.000818965475826,1000,1000.0,1000,10,0.0,9110.96169090271,9094.000417757034,9076.91070508957,10,10.679840631769313,-186.5262313597404,-193.0519446090992,-202.72873878400424,10,5.875298347665234,9997.751764251992,9989.721350880976,9972.963928474226,10,9.203929605178882,-24.26303001452548,-25.64762271875201,-26.904628624018297,10,0.7457479273463308,-664.5301366666667,-674.3656038333335,-683.1306633333334,10,5.482691157164407,0.0,0.0,0.0,10,0.0,-2.6121812652743306,-2.655766046900949,-2.714889550528526,10,0.0338091495680151,0.0,0.0,0.0,10,0.0,4.3306017,-0.16583905,-4.5834684,1000,1.1162384,0.0331958249999999,0.0337863149999999,5.954419625747821,0.0005904899999999,0.9999966327002277,6392.252842934999,1000,681.7805642633228,33,319,340.36206353396454,9003.263520240784,6050.405370408453,282.0270380973816,319,3021.644199158526,47953.0,155.1971390247345,200000.0,43.0,6688.414453983307,8600000.0,1288.6835495603116,43000.0
2.5512575e-08,2.2447828e-10,399.37985,-0.00011867369,2.3474808e-10,0.007307512,11.715592,37.51078,37.493797,2.7956495,319.69934,15.039207,319.95822,1.0,-0.24410371,-1.0,10000,0.850546,0.084782367663618,0.0834867453958577,0.0816972583962342,10,0.0008182920288711,1000,1000.0,1000,10,0.0,9122.115425109863,9106.88621697426,9097.229752540588,10,7.005271355459651,-199.22316940784208,-205.4074823500497,-210.1524274031757,10,3.748143352743977,9999.800884091655,9996.376762341504,9988.57416983712,10,3.477436355607828,-24.13853901137612,-24.71087871736925,-25.623015206139748,10,0.5080301807175217,-645.8418716666667,-656.8267109999999,-664.5301366666666,10,5.438333038012041,0.0,0.0,0.0,10,0.0,-2.4825958885582664,-2.545470614855926,-2.6092058407760854,10,0.0395909780585426,0.0,0.0,0.0,10,0.0,4.3882747,-0.1811819,-4.3400674,1000,1.1154097,0.0340815599999999,0.0346720499999999,6.016491599773192,0.0005904899999999,0.9999976054757174,6922.421625382511,1000,661.7651821862348,31,247,309.70668100866675,9004.512091636658,5856.707405000804,256.0973563194275,247,2727.632887471448,48200.0,155.95492815971377,200000.0,44.0,6844.369382143021,8800000.0,1282.4218019912753,44000.0
2.5486022e-08,2.2599626e-10,399.2342,2.0648053e-05,2.3275218e-10,0.007165566,11.70687,37.47608,37.45924,2.557931,313.16113,13.079047,313.5909,1.0,-0.24215597,-1.0,10000,0.8557566,0.0845409797170868,0.0839825751784926,0.0835397345248347,10,0.0003289167769029,1000,1000.0,1000,10,0.0,9098.097467422484,9091.006130743026,9081.813879966736,10,4.961679607518985,-210.0284645657602,-213.6008931609917,-219.532945638398,10,2.934896762323972,9999.088076858654,9997.737863140135,9996.552703314115,10,0.7430647142949313,-23.680064954839345,-24.62086120976304,-25.34198023187107,10,0.4391273174469485,-661.8102483333333,-665.8023424999999,-668.829315,10,2.318102557214058,0.0,0.0,0.0,10,0.0,-2.6615369925960417,-2.7076369439230965,-2.7639749174867525,10,0.0320261704123951,0.0,0.0,0.0,10,0.0,4.3576922,-0.19000563,-4.4599047,1000,1.1141508,0.0346720499999999,0.0352625399999999,6.046021545629923,0.0005904899999999,0.999998084380574,7344.46805973594,1000,856.718875502008,37,249,262.8648493069112,9058.740343093872,7687.592219381911,332.9627933502197,249,2378.5726926716006,48449.0,156.87818121910095,200000.0,45.0,7001.247563362122,9000000.0,1274.874545623867,45000.0
2.546003e-08,2.2282465e-10,396.25644,-2.5463398e-05,2.3545593e-10,0.0071580787,11.696629,37.443058,37.425846,2.3927345,307.84164,11.859994,308.39618,1.0,-0.24479648,-1.0,10000,0.8583573,0.0845555599556973,0.0839688476165494,0.0827415953652671,10,0.0005169515946268,1000,1000.0,1000,10,0.0,9106.460721969604,9101.156449985505,9093.147780418396,10,4.521792795123696,-198.67380014978005,-203.45188712126293,-208.7215373149384,10,3.2715390866728464,9999.822422065728,9998.70614858106,9997.050212944814,10,0.897067620617736,-22.52945518063033,-23.67639455126332,-24.688101876395564,10,0.5893853886388464,-658.4761916666666,-667.6536213333335,-671.987895,10,3.6827531803538016,0.0,0.0,0.0,10,0.0,-2.7163401789281454,-2.767793323034975,-2.826456340078667,10,0.0342891588111625,0.0,0.0,0.0,10,0.0,4.523762,-0.19040094,-4.497053,1000,1.1147243,0.0352625399999999,0.0358530299999999,6.092932256535915,0.0005904899999999,0.9999984675044592,7595.985148014583,1000,758.1413427561837,31,283,318.0385021599548,9040.300621032717,6747.52879657936,279.40828037261963,283,2832.0768935834503,48732.0,162.5323600769043,200000.0,46.0,7163.779923439026,9200000.0,1230.5241854936912,46000.0
2.5433328e-08,2.2172704e-10,396.9279,-0.00010950768,2.3607286e-10,0.0072542103,11.693161,37.433144,37.416035,2.4321504,300.15793,11.908379,300.64966,1.0,-0.2459179,-1.0,10000,0.8567555,0.0841807154530397,0.0836271545859723,0.0830347263572475,10,0.0004096257898468,1000,1000.0,1000,10,0.0,9122.472967147827,9111.335346889497,9098.618601799011,10,7.389664318476082,-190.4339256356068,-195.1287121265256,-203.20587129481743,10,3.9602137488311935,9999.892086966023,9999.066594429522,9995.505739510245,10,1.267069679719576,-22.55940575546641,-23.64476507030904,-24.45488289497043,10,0.638272722870367,-660.66965,-666.1620696666666,-672.3388483333333,10,4.026071111046196,0.0,0.0,0.0,10,0.0,-2.700031192501073,-2.795700255364979,-2.8712364695159933,10,0.0420471012895291,0.0,0.0,0.0,10,0.0,4.923743,-0.1855122,-4.5230975,1000,1.1156409,0.0358530299999999,0.0364435199999999,6.198132912247158,0.0005904899999999,0.9999987740035672,7208.741260959274,1000,591.4141414141415,30,297,329.0386060091807,9017.292101860046,5174.197448327492,263.3736724853516,297,2891.6215286780607,49029.0,157.58349204063416,200000.0,47.0,7321.36341547966,9400000.0,1269.1684732334045,47000.0
2.5407163e-08,2.2100123e-10,399.31763,-0.00018733589,2.363277e-10,0.0073750536,11.691504,37.42426,37.407074,2.4780405,292.27188,12.488588,292.75305,1.0,-0.26568457,-1.0,10000,0.85192144,0.0820524274466297,0.0811511859821825,0.0803408718650898,10,0.0005894738498745,1000,1000.0,1000,10,0.0,9138.35728740692,9124.118848705291,9110.214623451231,10,9.712631718441845,-189.80926516847217,-196.4616358928618,-202.9517511405857,10,4.485125437399326,9999.877653725584,9997.224218758773,9980.3621490096,10,5.664198360532076,-22.55753187971961,-23.428041748694,-24.21898657022625,10,0.5485463198122132,-643.9993666666667,-650.4218126666667,-658.1252383333333,10,4.91816990760616,0.0,0.0,0.0,10,0.0,-2.7510243806532646,-2.793883972145768,-2.8498144724171137,10,0.027295285907013,0.0,0.0,0.0,10,0.0,4.455289,-0.19350949,-4.320717,1000,1.113401,0.0364435199999999,0.0370340099999999,6.264099373365436,0.0005904899999999,0.9999990192028538,7534.037179242425,1000,658.6888888888889,29,315,343.04883039484827,8999.297957897186,5792.485526520274,191.12266325950625,315,3030.3547283281814,49344.0,171.58428263664246,200000.0,48.0,7492.9476981163025,9600000.0,1165.6079270589862,48000.0
2.5381214e-08,2.2118703e-10,405.91986,-0.00040203356,2.3567479e-10,0.00770859,11.690166,37.416557,37.39938,2.6188886,282.34564,13.233263,282.67862,1.0,-0.28718248,-1.0,10000,0.8454435,0.0787687306806183,0.0781907255753612,0.0777715324137097,10,0.0003408539561265,1000,1000.0,1000,10,0.0,9152.8583278656,9144.468494796753,9127.370681762695,10,6.758299502131691,-193.44409946552412,-197.8696313157473,-204.8639660830996,10,3.331889153567901,9999.99421841244,9998.373119128491,9988.29887513211,10,3.4357030559106274,-21.41511438509948,-22.91254570086226,-23.98756573755967,10,0.7166366943902656,-626.8903916666667,-630.3209605000001,-634.6991033333334,10,2.710660153406698,0.0,0.0,0.0,10,0.0,-2.7590614552948547,-2.801486006028707,-2.850721567419083,10,0.0315383713293934,0.0,0.0,0.0,10,0.0,4.52008,-0.20468403,-4.350144,1000,1.1112034,0.0373292549999999,0.0379197449999999,6.447490989862947,0.0005904899999999,0.9999992938260548,6506.157352688922,1000,631.8133333333334,28,300,333.671372993782,8943.689100265503,5476.648936769435,197.2002277374268,300,2907.636767896924,49644.0,159.55879545211792,200000.0,49.0,7652.50649356842,9800000.0,1253.4564417667473,49000.0
2.5354035e-08,2.2395302e-10,412.68207,-0.00036510263,2.3241961e-10,0.00779338,11.686799,37.401726,37.384644,2.6882865,272.4344,13.374404,272.7753,1.0,-0.30736807,-1.0,10000,0.8396657,0.0764554753361008,0.0757333186071802,0.075219571209207,10,0.0003775770751863,1000,1000.0,1000,10,0.0,9181.106409072876,9175.078276920318,9166.459649086,10,4.012879969753262,-181.5344578589756,-185.71683294443503,-188.7960002761064,10,2.500197668322066,9999.980544854565,9997.471994526406,9983.018736710608,10,4.893778111655546,-21.5469617708484,-22.355797326581307,-23.29210191872445,10,0.5722692115518778,-606.8860516666667,-611.5888263333334,-616.5372683333334,10,2.7391227559675486,0.0,0.0,0.0,10,0.0,-2.6561128291591247,-2.73226421440354,-2.7909993490972864,10,0.0407840381453627,0.0,0.0,0.0,10,0.0,4.4715085,-0.22497116,-4.792146,1000,1.1076205,0.0382149899999999,0.0388054799999999,6.510118638725587,0.0005904899999999,0.9999994978318612,6486.814411647594,1000,754.6162361623616,31,271,319.01400268033484,9058.845455169678,6733.754992533029,274.7578430175781,271,2852.517032866166,49915.0,158.02304244041443,200000.0,50.0,7810.529536008835,10000000.0,1265.6382063736924,50000.0
2.5327653e-08,2.2479968e-10,419.40823,-0.00037195173,2.310981e-10,0.0079213,11.677057,37.37809,37.36099,2.6603181,265.0518,12.716773,265.45795,1.0,-0.32127798,-1.0,10000,0.8337458,0.0745657139193936,0.0736929408182127,0.0730233475618733,10,0.0004001450654477,1000,1000.0,1000,10,0.0,9200.095766067505,9191.626081562044,9177.920568466188,10,6.0446856423029285,-180.7045612837126,-186.28562703887687,-191.1963999401773,10,2.8962347122830554,9999.979258578898,9998.523817442088,9991.874345385622,10,2.372675811697877,-21.914966777629324,-22.425902264368872,-23.0386551398708,10,0.3343924305675104,-592.5847033333334,-595.5414851666667,-603.551995,10,3.227542573280315,0.0,0.0,0.0,10,0.0,-2.591583349632411,-2.644716470320468,-2.6810048925110994,10,0.0329746296384827,0.0,0.0,0.0,10,0.0,4.5110908,-0.2302565,-4.9172373,1000,1.1054574,0.0388054799999999,0.0393959699999999,6.539772676404609,0.0005904899999999,0.9999995982654888,6974.615112215261,1000,806.199203187251,28,251,301.8190801305298,9073.842705249786,7234.639277492743,238.81149291992188,251,2708.5003792218827,50166.0,163.2059464454651,200000.0,51.0,7973.7354824543,10200000.0,1225.4455450667635,51000.0
2.529983e-08,2.2520896e-10,422.93256,-0.00014813778,2.3018804e-10,0.007760924,11.66581,37.330837,37.313965,2.4389622,261.38052,10.756958,261.97818,1.0,-0.33795586,-1.0,10000,0.82518065,0.0721665127278975,0.0714669704804633,0.0704061220224684,10,0.000581359027626,1000,1000.0,1000,10,0.0,9227.49213886261,9216.517550849914,9203.77247428894,10,7.777185190601763,-167.92606459697816,-176.15008562213433,-184.31763255918503,10,5.334064173064798,9999.960738678586,9999.408011869928,9997.99550347717,10,0.5712699767885632,-21.63505344843464,-22.971399852496933,-24.229195568030605,10,0.6442446338590819,-575.7389433333334,-581.1611723333333,-586.5307583333334,10,3.5370194060257054,0.0,0.0,0.0,10,0.0,-2.5644618014220883,-2.607808258490332,-2.6496100043109547,10,0.0253022636514709,0.0,0.0,0.0,10,0.0,4.607761,-0.23906879,-4.454171,1000,1.1038251,0.0393959699999999,0.0399864599999999,6.529847025345938,0.0005904899999999,0.9999996786123913,7388.085012745842,1000,775.1408450704225,33,284,318.51102953793304,9131.238739013672,7006.028407811908,280.23585414886475,284,2889.0906638158,50450.0,156.10681462287903,200000.0,52.0,8129.842297077179,10400000.0,1281.174050493296,52000.0
2.5271724e-08,2.293998e-10,422.7705,-4.8270813e-05,2.2549129e-10,0.0076581393,11.650424,37.293705,37.27702,2.2709963,258.81558,9.780337,259.5352,1.0,-0.3458757,-1.0,10000,0.82440555,0.0721201424041501,0.0708982462990301,0.0699480654044746,10,0.0006144381052665,1000,1000.0,1000,10,0.0,9227.27889251709,9221.02718896866,9210.456666946411,10,4.730297995020179,-170.80767052660002,-174.67812128635637,-179.8093967693509,10,3.030070637561071,9999.99974353483,9996.77830534562,9983.913328989323,10,4.834080753231444,-22.224887011729606,-23.05071845513853,-23.863279887074608,10,0.534548081561247,-566.5264183333334,-575.4494068333333,-583.8986083333334,10,4.447918151220524,0.0,0.0,0.0,10,0.0,-2.512087702847026,-2.57286918533227,-2.614693177665118,10,0.0272346066653275,0.0,0.0,0.0,10,0.0,4.5475264,-0.25394607,-4.2582145,1000,1.1011419,0.0399864599999999,0.0405769499999999,6.529803273603859,0.0005904899999999,0.9999997428899128,7716.864196262347,1000,823.0176211453745,37,227,305.7283059291753,9110.15747642517,7406.42034112173,332.303318977356,227,2755.4748049725904,50677.0,156.082364320755,200000.0,53.0,8285.924661397934,10600000.0,1281.3747464062797,53000.0
2.5244331e-08,2.2937299e-10,419.00394,8.2857056e-05,2.2502498e-10,0.007459213,11.642208,37.24629,37.229767,2.0749931,258.65115,8.784345,259.51498,1.0,-0.34946156,-1.0,10000,0.82432157,0.0718233863023779,0.0703280765752977,0.0692911324418819,10,0.0007640980963118,1000,1000.0,1000,10,0.0,9238.532262802124,9226.262850570678,9212.983318328856,10,7.539353841779683,-171.6970949089785,-178.01748173950995,-184.2178472816868,10,3.4152669503372484,10000.0,9999.80723234234,9999.45135035327,10,0.1725685190261421,-21.26038246489432,-22.434537214166728,-22.98993273556517,10,0.5569104388201982,-564.1574833333334,-570.5536078333334,-578.7220466666668,10,4.95476165828597,0.0,0.0,0.0,10,0.0,-2.514441211760822,-2.538753362257961,-2.570175741729221,10,0.0191803667202815,0.0,0.0,0.0,10,0.0,4.4476094,-0.25090924,-4.7426157,1000,1.1021354,0.0405769499999999,0.0411674399999999,6.511679561895694,0.0005904899999999,0.9999997943119304,7984.5375508003135,1000,649.6206896551724,28,261,362.5935072859981,9107.268109321594,5803.423065611757,237.85919046401972,261,3271.8029100119443,50938.0,156.95946049690247,200000.0,54.0,8442.884121894836,10800000.0,1274.2143695374573,54000.0
2.5230005e-08,2.2981261e-10,415.02356,4.6062538e-05,2.2432756e-10,0.007424362,11.6405,37.2132,37.196514,1.9991841,257.46457,8.5592,258.32965,1.0,-0.3504167,-1.0,10000,0.8252729,0.0715655265405512,0.0705878604528232,0.0692076673043629,10,0.0006149238251924,1000,1000.0,1000,10,0.0,9244.322206497192,9221.800497817992,9201.15888786316,10,12.554336405813594,-165.5543215001654,-173.78457227885704,-180.888038892592,10,4.39727993998479,9999.960692055334,9993.69322108134,9970.028812160765,10,9.53625370233936,-21.08831749079204,-22.19764632114856,-22.757025576120743,10,0.5050385529168373,-565.2103433333334,-573.3436868333334,-579.9503833333333,10,4.495945409427458,0.0,0.0,0.0,10,0.0,-2.511548788594867,-2.566818252963877,-2.6395852399035764,10,0.0431431491749373,0.0,0.0,0.0,10,0.0,4.5831676,-0.26667982,-4.3217716,1000,1.0993621,0.0414626849999999,0.0420531749999999,6.550137473438715,0.0005904899999999,0.9999998519045898,7881.235439553216,1000,790.3195020746888,27,241,319.6172918837799,9116.316506385803,7119.459817811661,224.16594219207764,241,2892.7753761455824,51179.0,156.36253595352173,200000.0,55.0,8599.246657848358,11000000.0,1279.0787689670713,55000.0
2.522998e-08,2.2977989e-10,414.1083,-0.00020819588,2.243598e-10,0.007662145,11.642478,37.204056,37.187405,2.0558307,252.86496,8.90974,253.55214,1.0,-0.3620264,-1.0,10000,0.8218194,0.069868604388248,0.0690254236802196,0.0681184236008412,10,0.0006111360415055,1000,1000.0,1000,10,0.0,9262.781692504885,9250.681618213654,9237.781457901,10,7.47965717250376,-156.2343785472948,-163.01264367780547,-168.28467524749266,10,3.252117164432824,9999.872447283442,9998.63307124111,9994.721329590751,10,1.5257189162904985,-22.01526208750075,-22.817873734299933,-23.393408746592183,10,0.4665424062974033,-551.3476866666667,-559.6301853333333,-568.0179700000001,10,5.773449009038414,0.0,0.0,0.0,10,0.0,-2.4138403715229764,-2.490751588444569,-2.5657589213052687,10,0.0503561175299351,0.0,0.0,0.0,10,0.0,4.229792,-0.24953847,-4.7105513,1000,1.1030596,0.0426436649999999,0.0432341549999999,6.711602946214372,0.0005904899999999,0.9999999052189374,6428.011276192255,1000,477.4859002169197,29,461,374.58166154763967,9123.558897018433,4268.534548770967,248.55936002731323,461,3400.5056818703283,51640.0,165.8126826286316,200000.0,56.0,8765.05934047699,11200000.0,1206.1803526087162,56000.0
2.5229982e-08,2.3103659e-10,420.317,-0.0004878417,2.231031e-10,0.008053548,11.651856,37.21735,37.200756,2.2297635,243.34554,10.050465,243.82874,1.0,-0.38422525,-1.0,10000,0.81699395,0.0675063821274525,0.0665042153058311,0.0658976133839896,10,0.0005463946320843,1000,1000.0,1000,10,0.0,9288.571584701538,9280.775301647189,9262.487933158876,10,7.078166131033436,-154.71206374970342,-158.37487775194978,-163.86228534608352,10,2.7617717467802527,9999.982504123334,9999.45536359883,9998.689134729037,10,0.4330199048130488,-22.13431828219187,-22.923759239227085,-23.824694313463294,10,0.5982587236321113,-530.9923933333334,-535.0459043333334,-547.3117233333334,10,4.688183539071282,0.0,0.0,0.0,10,0.0,-2.260556696093493,-2.335522739595269,-2.408375095295745,10,0.0418542244025587,0.0,0.0,0.0,10,0.0,4.8019395,-0.246232,-4.5184164,1000,1.1058162,0.0438246449999999,0.0444151349999999,6.874259608164131,0.0005904899999999,0.99999993934012,5826.211616439367,1000,492.0,38,464,347.87174980205685,9021.503497600555,4342.8113808721055,338.37908840179443,464,3105.8642900359578,52104.0,159.0123610496521,200000.0,57.0,8924.071701526642,11400000.0,1257.7638535758197,57000.0
2.522998e-08,2.347323e-10,433.04282,-0.00077128474,2.1940737e-10,0.008566055,11.655745,37.218193,37.201916,2.386142,231.3677,10.648205,231.71562,1.0,-0.3905314,-1.0,10000,0.81554574,0.0669752768298349,0.0658707832170388,0.0646191876671946,10,0.0006348418758031,1000,1000.0,1000,10,0.0,9303.259893417358,9290.47621498108,9278.484771728516,10,7.049426117605185,-148.8146325317871,-152.40466453760868,-156.6170822733431,10,2.233685577137071,9999.887711036512,9997.621092408128,9993.563599966836,10,1.853039976625392,-21.155396423055485,-21.81541824275485,-22.58730974496526,10,0.4359673782257414,-520.2883166666668,-530.6238923333334,-540.6436100000001,10,5.55346917887459,0.0,0.0,0.0,10,0.0,-2.2299547088808844,-2.3008967577160897,-2.383370622805438,10,0.0508238128055141,0.0,0.0,0.0,10,0.0,4.3539724,-0.26613185,-4.9886584,1000,1.0999405,0.0447103799999999,0.0453008699999999,7.024017729296545,0.0005904899999999,0.9999999568640854,5326.784955637716,1000,585.2408536585366,23,328,270.97430337040475,9032.253392219543,5167.084812741747,183.7446732521057,328,2355.7585524352344,52432.0,156.25915336608887,200000.0,58.0,9080.33085489273,11600000.0,1279.925020017443,58000.0
2.522998e-08,2.357345e-10,445.6227,-0.00065145,2.1840518e-10,0.008672659,11.6452265,37.199318,37.183064,2.3916686,222.042,10.668241,222.39534,1.0,-0.39507225,-1.0,10000,0.8149285,0.0663069189341476,0.0651761739682144,0.0638834029279387,10,0.0007985240127843,1000,1000.0,1000,10,0.0,9327.666726112366,9310.61987066269,9293.415956497192,10,10.017731703300708,-132.32237322223634,-138.23420198301417,-144.85571670787397,10,4.201480858187224,9999.997800739038,9995.694789291074,9970.33205895569,10,8.576352460943031,-21.47928784833875,-21.92452323276167,-22.974714867425472,10,0.4943619437084781,-512.1286516666667,-522.6572516666668,-530.5537016666667,10,5.596440331387583,0.0,0.0,0.0,10,0.0,-2.190373837964349,-2.2589411889398803,-2.335718464602861,10,0.0417009777108368,0.0,0.0,0.0,10,0.0,4.381374,-0.2865276,-4.8489623,1000,1.0958065,0.0455961149999999,0.0461866049999999,7.110594401004314,0.0005904899999999,0.9999999689421416,5764.22459472923,1000,785.7063492063492,34,252,302.6296670131879,9130.658271312714,7054.219602199774,299.8967876434326,252,2720.938235389063,52684.0,156.9527883529663,200000.0,59.0,9237.283643245695,11800000.0,1274.268537047116,59000.0
2.522998e-08,2.392839e-10,456.0555,-0.00062879553,2.1485581e-10,0.008837795,11.639762,37.182636,37.166588,2.304203,213.098,9.746343,213.47678,1.0,-0.39986727,-1.0,10000,0.8093166,0.0649405929838976,0.0642556096280662,0.0637758620001113,10,0.0003676407302928,1000,1000.0,1000,10,0.0,9335.403964996338,9325.114764118194,9311.191486358644,10,6.83623482172802,-124.93823308994834,-129.0091693420099,-134.37359861936935,10,2.8553146771114903,9999.98519284174,9997.44601619166,9988.151172659134,10,3.699481526455668,-20.91113614665033,-21.96213946025258,-22.769353993527616,10,0.5805666927339709,-513.79568,-519.05998,-524.6752333333334,10,3.842898936625281,0.0,0.0,0.0,10,0.0,-2.2439995608903027,-2.29996277488043,-2.366807204450848,10,0.0376730891288524,0.0,0.0,0.0,10,0.0,4.3848257,-0.27742788,-4.895297,1000,1.0960408,0.0467770949999999,0.0473675849999999,7.212152365625435,0.0005904899999999,0.9999999801229706,5648.330545293226,1000,656.9871794871794,30,312,349.28903957749344,9155.81789970398,5946.044885291885,256.75157833099365,312,3171.5543386146487,52996.0,156.81777691841123,200000.0,60.0,9394.101420164108,12000000.0,1275.3656117957562,60000.0
2.522998e-08,2.4170607e-10,464.92273,-0.0005189455,2.124336e-10,0.008887555,11.632477,37.153015,37.13726,2.191308,203.22462,8.790183,203.64192,1.0,-0.40935576,-1.0,10000,0.8055232,0.0643019888384005,0.062993270757675,0.0621151626391074,10,0.0006529304574499,1000,1000.0,1000,10,0.0,9349.690766334534,9337.150191402436,9307.419145584106,10,10.902744413547945,-122.70702461196709,-126.35116992730808,-131.81205961426275,10,2.434426579704076,9999.832587723917,9996.045406222032,9977.96153702162,10,6.432199311794271,-20.349771753823205,-21.30376983858641,-22.164735194767463,10,0.4682201062033098,-500.02076166666666,-508.9612978333333,-521.7798683333334,10,5.761336171865554,0.0,0.0,0.0,10,0.0,-2.2449770059325505,-2.278981505003314,-2.3308338472429955,10,0.0303450734083677,0.0,0.0,0.0,10,0.0,4.2613263,-0.27936172,-4.5300465,1000,1.0946025,0.0476628299999999,0.0482533199999999,7.356915572213834,0.0005904899999999,0.9999999858652237,4799.826445782227,1000,741.1439393939394,30,264,319.57233810430284,9118.734847068788,6669.37632679753,261.8075361251831,264,2892.5969082046763,53260.0,165.148841381073,200000.0,61.0,9559.25026154518,12200000.0,1211.0287806289214,61000.0
2.522998e-08,2.4512833e-10,470.601,-0.00035057418,2.0901132e-10,0.008821392,11.616349,37.102314,37.086792,2.0104997,195.38562,7.614676,195.93369,1.0,-0.41296402,-1.0,10000,0.80695564,0.0638730526260769,0.0630040999622753,0.062056890539985,10,0.0005355540283066,1000,1000.0,1000,10,0.0,9349.020095825195,9340.003369903565,9330.658388137816,10,5.5074145081736345,-120.5001688104099,-125.5763473628484,-131.77648382231584,10,3.025281245275209,9999.83420714674,9998.1632668677,9988.84992521546,10,3.1355746282168906,-20.62641050062181,-21.348803643387647,-21.927704901970124,10,0.3877468541186983,-504.31994,-508.97007166666674,-513.3569883333333,10,3.19805924113942,0.0,0.0,0.0,10,0.0,-2.226105367623452,-2.2646784920594643,-2.31283352804536,10,0.0280795290315893,0.0,0.0,0.0,10,0.0,4.61017,-0.27938005,-4.1993823,1000,1.0963478,0.0485485649999999,0.0491390549999999,7.432153154808813,0.0005904899999999,0.999999989822961,5342.315815156014,1000,662.427652733119,44,311,317.1451538718413,9136.406462669373,5981.083995793698,389.8378753662109,311,2873.075750500606,53571.0,158.5032844543457,200000.0,62.0,9717.753545999529,12400000.0,1261.8035057665115,62000.0
2.522998e-08,2.4715682e-10,471.19745,-7.378815e-05,2.0698285e-10,0.0085553415,11.611185,37.061398,37.046112,1.8827127,188.25845,6.951892,188.92603,1.0,-0.42091897,-1.0,10000,0.8043354,0.0629530991587525,0.0621189508771262,0.061456461372014,10,0.0004212288391854,1000,1000.0,1000,10,0.0,9349.98324394226,9344.902569484711,9335.792735099792,10,4.327600099819342,-124.39868414442884,-126.9679009576614,-130.7912248290524,10,2.422385801916745,9999.858160517397,9998.305329525096,9996.409497827652,10,1.1969668009877013,-20.629832229041696,-21.48584988267563,-22.33676383299618,10,0.4566077658396203,-499.845285,-502.6792331666667,-508.3559033333333,10,2.2489270607506087,0.0,0.0,0.0,10,0.0,-2.225249458633381,-2.2697781893503857,-2.3026831005075703,10,0.0249086443063514,0.0,0.0,0.0,10,0.0,4.4555936,-0.27451348,-4.4627028,1000,1.0971162,0.0494342999999999,0.0500247899999999,7.473204794613284,0.0005904899999999,0.9999999927629946,5853.846460717033,1000,610.5387096774193,40,310,330.9728720755645,9115.174339294434,5477.355904066419,351.2190237045288,310,2987.6616773772434,53881.0,159.28029990196228,200000.0,63.0,9877.03384590149,12600000.0,1255.6480627114645,63000.0
2.522998e-08,2.484286e-10,469.64273,-7.8091856e-05,2.0571105e-10,0.008531661,11.604448,37.028122,37.01293,1.7813307,180.92554,6.2868557,181.66502,1.0,-0.42448458,-1.0,10000,0.8058962,0.0641151638256124,0.0623046103091648,0.0612229759145266,10,0.0008050725746819,1000,1000.0,1000,10,0.0,9360.97492980957,9343.47237892151,9330.644164085388,10,8.870303949300862,-119.37716563828728,-124.96846297616652,-131.01038657490795,10,3.4935335319012664,9999.836010169856,9995.08449348348,9987.306963940087,10,4.474469003606909,-19.82893722079799,-20.68188293788315,-22.283169821000826,10,0.6374871383545698,-494.8442,-503.6794501666667,-513.6202033333334,10,4.891685520272055,0.0,0.0,0.0,10,0.0,-2.2353977467482378,-2.282321118561838,-2.3519891150032635,10,0.0320282143572246,0.0,0.0,0.0,10,0.0,4.2419095,-0.2924049,-4.447776,1000,1.0933696,0.0500247899999999,0.0506152799999999,7.529102112101325,0.0005904899999999,0.9999999942103956,6498.487263407,1000,671.7265625,31,384,330.47588906419014,9169.412503242493,6080.236325114034,276.4015827178955,384,2997.788882224827,54265.0,168.2641487121582,200000.0,64.0,10045.297994613647,12800000.0,1188.607326817615,64000.0
2.522998e-08,2.4908048e-10,475.3408,-0.0005816541,2.050592e-10,0.00913779,11.610962,37.050762,37.035496,1.887986,169.08246,6.896787,169.55086,1.0,-0.42628986,-1.0,10000,0.80199224,0.0626275538990012,0.0617507587345055,0.0607945334167889,10,0.0006693535186654,1000,1000.0,1000,10,0.0,9355.040133476256,9345.933321094511,9335.778898239136,10,6.191548732983083,-120.23494078847123,-125.76149886892811,-130.3189766875331,10,2.850050032030829,9999.964273708203,9997.761618794368,9988.961200427466,10,3.0938246264313665,-20.96173431645984,-21.47694674940912,-22.4172270963597,10,0.4008172651226694,-493.1771716666667,-502.2931845,-510.46162333333336,10,4.629633523652038,0.0,0.0,0.0,10,0.0,-2.219002169289157,-2.296670227879109,-2.337845927921604,10,0.0347346439507485,0.0,0.0,0.0,10,0.0,4.326929,-0.27435634,-4.606648,1000,1.0971037,0.0512057699999999,0.0517962599999999,7.802350472207678,0.0005904899999999,0.9999999962328976,5695.277295944924,1000,227.9447983014862,23,471,212.5722086120766,9034.530059814451,2000.6762558985383,198.6134305000305,471,1891.194195305356,54736.0,156.95289731025696,200000.0,65.0,10202.250891923904,13000000.0,1274.2676524451128,65000.0
2.522998e-08,2.5263347e-10,484.26627,-0.00048927945,2.0150619e-10,0.0092060715,11.603338,37.014984,37.0001,1.8072549,157.49591,6.172452,158.06575,1.0,-0.42177412,-1.0,10000,0.799191,0.0627889795481896,0.0618584490132256,0.0610652337737119,10,0.00061846660288,1000,1000.0,1000,10,0.0,9351.949381828308,9330.226700973511,9244.492356777191,10,29.44894390073694,-119.49129672391702,-123.64185636670436,-127.30862112920218,10,2.519942299753032,9999.41434171626,9986.033081476677,9910.234477372294,10,25.6610383631884,-20.821428931508592,-21.62049706419778,-22.39659467905652,10,0.3824013952128062,-500.1085000000001,-508.17165283333327,-514.84854,10,4.869667200809378,0.0,0.0,0.0,10,0.0,-2.2902084497176074,-2.372373593608948,-2.419952065239968,10,0.0423208657457688,0.0,0.0,0.0,10,0.0,4.4905167,-0.30405518,-4.5179286,1000,1.0891525,0.0523867499999999,0.0529772399999999,7.869724265494787,0.0005904899999999,0.999999997628578,5599.710184238205,1000,713.3204419889503,35,362,319.8079829143048,9147.298508644104,6449.385926017774,292.20469188690186,362,2890.6603117197005,55098.0,165.20295357704163,200000.0,66.0,10367.453845500946,13200000.0,1210.6321083825594,66000.0
2.522998e-08,2.5545518e-10,494.43295,-0.0013729328,1.9868446e-10,0.010272726,11.601106,37.007053,36.992226,1.8179295,145.39674,6.101643,145.90686,1.0,-0.4230584,-1.0,10000,0.7975186,0.0625495539886615,0.0615702297832554,0.0608659995786583,10,0.0005697259569069,1000,1000.0,1000,10,0.0,9352.870221138,9342.336565876009,9329.920608520508,10,7.971256642695214,-120.4624860913454,-124.12915659413191,-126.7993851108299,10,2.1114589127286814,9999.838184752673,9996.791122434572,9987.644154595935,10,3.9169065264626033,-20.68704470679985,-21.593346194614163,-22.427913834606265,10,0.5791153461644387,-497.739565,-506.3466955,-514.3221100000001,10,5.001616019614957,0.0,0.0,0.0,10,0.0,-2.341083024945071,-2.385364110652411,-2.45374730560634,10,0.0342413369894427,0.0,0.0,0.0,10,0.0,4.70607,-0.29126966,-4.4189544,1000,1.0912982,0.0532724849999999,0.0538629749999999,8.023785216665583,0.0005904899999999,0.9999999982925762,5414.373614040744,1000,488.9489559164733,27,431,312.37469646370084,9087.812605381012,4371.742908688618,225.22855758666992,431,2807.447722581164,55529.0,157.1147141456604,200000.0,67.0,10524.568559646606,13400000.0,1272.955248574496,67000.0
2.522998e-08,2.584793e-10,504.43723,-0.00089210906,1.9566038e-10,0.009971979,11.592578,36.991173,36.97664,1.7769284,134.25189,5.498948,134.86563,1.0,-0.42934254,-1.0,10000,0.7918087,0.0611423797329625,0.0605517812347708,0.0599053682621306,10,0.0003886653994046,1000,1000.0,1000,10,0.0,9360.760126113892,9349.374705648424,9305.367793560028,10,15.10198556743667,-117.3042472524278,-121.63612480270558,-124.11690402905108,10,1.949230635910576,9999.827434868424,9993.848346033796,9949.595109729777,10,14.769874353797054,-19.59953389995975,-21.09560722249096,-22.373664165597464,10,0.6878369771242435,-496.160275,-499.35395033333344,-505.4605383333334,10,2.7014859373387208,0.0,0.0,0.0,10,0.0,-2.3447949565466866,-2.387957800590171,-2.4467270877418885,10,0.0305778294756918,0.0,0.0,0.0,10,0.0,4.2346287,-0.32010204,-4.69209,1000,1.0823307,0.0541582199999999,0.0547487099999999,8.069768429207254,0.0005904899999999,0.999999998785832,5486.751516944554,1000,679.8008658008658,46,231,346.70903528862,9171.660458564758,6121.993708713077,382.16753911972046,231,3133.8504578283114,55760.0,155.04460406303406,200000.0,68.0,10679.61316370964,13600000.0,1289.951373726551,68000.0
2.522998e-08,2.6139882e-10,513.11646,-0.00086493866,1.9274084e-10,0.010101036,11.58269,36.96586,36.95164,1.6890289,126.41072,4.7648435,127.13676,1.0,-0.43848467,-1.0,10000,0.7884537,0.0601069095387792,0.0596056910919694,0.0588265224426722,10,0.0004408048619843,1000,1000.0,1000,10,0.0,9370.573629379272,9357.108271026613,9330.278252124786,10,13.154962295969543,-116.9084103113475,-121.37709430413224,-126.48872556582268,10,3.7131525645935386,9998.955870173291,9992.279191770996,9971.387693642677,10,10.31017494914913,-19.437301708190923,-20.89824239415244,-22.008409268079298,10,0.8262320809315943,-481.4202350000001,-490.6152123333333,-496.0725366666667,10,3.846262805370008,0.0,0.0,0.0,10,0.0,-2.223302514544949,-2.2803723502353623,-2.3395997861058166,10,0.0311840499059854,0.0,0.0,0.0,10,0.0,4.5676208,-0.3189045,-4.5380244,1000,1.0819422,0.0547487099999999,0.0553391999999999,8.078770533476437,0.0005904899999999,0.9999999990286657,6224.639354424783,1000,679.8915254237288,32,295,328.48353429215126,9176.190704345703,6173.935938430912,291.06647777557373,295,2989.625438438816,56055.0,159.77818894386292,200000.0,69.0,10839.391352653503,13800000.0,1251.735304561931,69000.0
2.522998e-08,2.660299e-10,517.15173,-0.00057522807,1.8810976e-10,0.009883958,11.55914,36.900795,36.886955,1.4877145,121.86874,3.799289,122.744774,1.0,-0.4415063,-1.0,10000,0.78328663,0.0595320576645172,0.0588946396955027,0.0583242063086218,10,0.0003675323916304,1000,1000.0,1000,10,0.0,9368.182837486269,9364.48826904297,9359.381950378418,10,2.741678028944311,-115.95972089644786,-120.84410697623768,-124.71018323456438,10,2.427701606984676,9999.826037117997,9997.741832484648,9993.846725859508,10,1.6337042982236272,-20.9945939484914,-22.467202529765224,-23.49406838741909,10,0.6215280960808116,-482.8240483333334,-487.64965666666666,-490.2818066666667,10,2.545319142769921,0.0,0.0,0.0,10,0.0,-2.240801993231776,-2.2925999461187767,-2.3323848751008662,10,0.0331175987239556,0.0,0.0,0.0,10,0.0,4.8626094,-0.32547393,-4.2621064,1000,1.0802442,0.0559296899999999,0.0565201799999999,8.116400822955969,0.0005904899999999,0.999999999367985,5716.155374551388,1000,622.9645161290323,31,310,351.36010665319776,9166.949107170103,5649.835172813939,278.1926069259644,310,3201.57104097636,56365.0,156.46620416641235,200000.0,70.0,10995.857556819916,14000000.0,1278.231302826817,70000.0
2.522998e-08,2.657845e-10,518.26117,-0.00038491667,1.8835514e-10,0.009713618,11.556538,36.884583,36.87082,1.4815234,114.923935,3.6784701,115.80623,1.0,-0.4588517,-1.0,10000,0.77280015,0.0569958777308202,0.0565874730418174,0.0560441106345242,10,0.000312652105634,1000,1000.0,1000,10,0.0,9385.740562438965,9374.769077348708,9346.165958881378,10,11.742371667091891,-119.35150327803176,-123.83791181099149,-127.4629532001569,10,2.469584598071456,9999.791206851563,9993.198853263297,9958.718793512226,10,12.714297497376895,-21.49159768032856,-22.329457379298635,-23.18533919529629,10,0.5045222021963509,-466.5924566666666,-470.04057316666666,-475.54176666666666,10,2.389013478836849,0.0,0.0,0.0,10,0.0,-2.1794676782155915,-2.221834394782131,-2.277889710699632,10,0.0349770354542648,0.0,0.0,0.0,10,0.0,4.533496,-0.33287293,-4.2738223,1000,1.0771905,0.0571106699999999,0.0577011599999999,8.183953478531418,0.0005904899999999,0.9999999996021414,5613.017933987521,1000,574.9342560553633,26,289,314.67440057414217,9172.88909626007,5216.098620961694,220.8477468490601,289,2859.840232328869,56654.0,166.51656317710876,200000.0,71.0,11162.374119997025,14200000.0,1201.0817193439063,71000.0
2.522998e-08,2.6766028e-10,517.6754,4.9244827e-05,1.864794e-10,0.009268912,11.535781,36.82409,36.810345,1.3645473,111.34164,3.1347032,112.37155,1.0,-0.46812588,-1.0,10000,0.76274127,0.055507737679567,0.0547493799064512,0.0542137191567308,10,0.0004145584139897,1000,1000.0,1000,10,0.0,9387.002084732056,9378.637636852263,9366.486694335938,10,7.291923448393832,-127.09675770646028,-130.14003329366523,-137.7138921102012,10,3.679762556685101,9999.620731401006,9995.94461245342,9983.748949601562,10,4.709160805814308,-22.4565844278192,-23.174496911201395,-24.51443251738044,10,0.6513385550658966,-457.204455,-461.7580745,-465.71507333333335,10,2.7100921130493427,0.0,0.0,0.0,10,0.0,-2.2007227554276576,-2.2343649488897253,-2.2735202969837123,10,0.0255131538286426,0.0,0.0,0.0,10,0.0,4.1886477,-0.3437139,-4.469458,1000,1.0737268,0.0579964049999999,0.0585868949999999,8.15802487220473,0.0005904899999999,0.9999999997135418,5799.141136223991,1000,646.634349030471,28,361,371.5849177024162,9220.09317970276,5899.970024282035,252.45305156707764,361,3412.8801393100616,57015.0,158.4001967906952,200000.0,72.0,11320.77431678772,14400000.0,1262.6246939849034,72000.0
2.522998e-08,2.6681252e-10,510.60397,0.0002333121,1.8732714e-10,0.008957559,11.5255,36.772896,36.759094,1.2806187,108.34748,2.7533875,109.44954,1.0,-0.47259817,-1.0,10000,0.7642633,0.0555968681845552,0.0546351507613173,0.0532753851936868,10,0.0006959773395452,1000,1000.0,1000,10,0.0,9388.642250061035,9371.311670017243,9349.031455993652,10,10.48881874485888,-129.23328401625687,-136.1272492730349,-144.1201469099859,10,4.6086251725291065,9999.718294859247,9992.51609736881,9967.231470725266,10,9.085975603656502,-21.56285069636386,-22.85936081223455,-24.03859989683057,10,0.7849865122968223,-451.3259866666666,-459.9506648333334,-465.100905,10,4.2324175363357055,0.0,0.0,0.0,10,0.0,-2.239732824037957,-2.267154341881802,-2.3259605479646863,10,0.0247472663302887,0.0,0.0,0.0,10,0.0,4.3932366,-0.34669438,-4.5690646,1000,1.0715472,0.0588821399999999,0.0594726299999999,8.176604594709707,0.0005904899999999,0.9999999997962964,5406.098983474956,1000,710.2977346278317,31,309,327.2298293130977,9226.630036354063,6475.3237022713165,282.6106843948364,309,2985.678756060732,57324.0,158.14534735679626,200000.0,73.0,11478.919664144516,14600000.0,1264.6593993611095,73000.0
2.522998e-08,2.6657276e-10,507.1441,-2.389446e-05,1.875669e-10,0.009152489,11.524286,36.766968,36.75314,1.3148807,104.111664,2.9445884,105.11302,1.0,-0.48497638,-1.0,10000,0.7549204,0.0537900835947803,0.0529779683535656,0.0521784637292585,10,0.0004304147422702,1000,1000.0,1000,10,0.0,9408.555356025696,9398.018740940091,9380.314403533936,10,7.390431212680382,-116.41158757062529,-123.68163475592996,-128.18924363116278,10,3.197019541488309,9998.333847074073,9995.59136492998,9987.222879777331,10,3.1260381277343336,-21.54167040653992,-22.47321973665428,-23.4575734178929,10,0.6255623591106102,-445.4475183333333,-449.17639750000006,-454.39682833333336,10,2.8093397833473213,0.0,0.0,0.0,10,0.0,-2.198522983145492,-2.2413768850049203,-2.2869222964820164,10,0.0258609153468702,0.0,0.0,0.0,10,0.0,4.531475,-0.3454233,-4.5886164,1000,1.0741302,0.0600631199999999,0.0606536099999999,8.28431147785806,0.0005904899999999,0.9999999998674568,5408.972590265291,1000,422.7453416149068,24,483,286.97987491575753,9137.729266643524,3823.629231245616,211.00561809539795,483,2602.858488565295,57807.0,158.69750022888184,200000.0,74.0,11637.617164373398,14800000.0,1260.259296533024,74000.0
2.522998e-08,2.663915e-10,506.28027,-2.6379734e-05,1.8774816e-10,0.009139424,11.51695,36.737194,36.72321,1.2892773,99.06459,2.823235,100.114075,1.0,-0.48766598,-1.0,10000,0.7479598,0.0540515127327962,0.0520521003625559,0.0508449323449021,10,0.0009279958672542,1000,1000.0,1000,10,0.0,9410.529566764832,9390.495600366592,9341.22383260727,10,17.511748537190407,-111.8687451008019,-118.68337586532944,-128.0826487622886,10,4.687356844450508,9995.140491694903,9976.473748386514,9938.514475974134,10,14.6470756800114,-20.11560889732953,-20.850666126262706,-21.544948183544136,10,0.4752529696887008,-436.84916166666665,-444.19286016666666,-453.87039833333336,10,5.491052965076143,0.0,0.0,0.0,10,0.0,-2.206256790908318,-2.251246939966157,-2.3169053788861773,10,0.0331386597546776,0.0,0.0,0.0,10,0.0,5.0406275,-0.37580132,-4.581474,1000,1.0628139,0.0615393449999999,0.0621298349999999,8.30210264595673,0.0005904899999999,0.9999999999249068,5387.525808907872,1000,707.6577946768061,20,263,329.72031702376853,9242.742793083193,6453.158748186586,177.81519174575806,263,3006.193104533412,58070.0,157.07072281837463,200000.0,75.0,11794.687887191772,15000000.0,1273.3117694458292,75000.0
2.522998e-08,2.6790478e-10,503.9698,3.8679947e-05,1.8623486e-10,0.009032776,11.505881,36.70652,36.69276,1.2633681,95.45776,2.7544882,96.46433,1.0,-0.5009634,-1.0,10000,0.74229324,0.0515570763528085,0.0504310623562632,0.0496957846364675,10,0.0006019894957883,1000,1000.0,1000,10,0.0,9437.296341896055,9411.871805620194,9357.37585258484,10,24.48288137563823,-104.67417276117126,-112.48928447367396,-125.58733249366256,10,5.86340249878277,9998.33261902197,9977.065182481962,9916.97569457094,10,25.62094958662905,-18.12728511534989,-19.74359358903912,-21.498023981813787,10,1.0695523623576162,-425.7063933333333,-430.7688951666667,-436.147255,10,3.651443440051597,0.0,0.0,0.0,10,0.0,-2.126269974059631,-2.191607600710682,-2.2578478557425323,10,0.0411808002303776,0.0,0.0,0.0,10,0.0,4.688954,-0.3445438,-4.693182,1000,1.0734473,0.0633108149999999,0.0639013049999999,8.398830325110424,0.0005904899999999,0.999999999960591,4024.180211848836,1000,479.11743119266055,22,545,322.1690891282581,9222.194474697111,4359.441277151152,202.314528465271,545,2953.321367828729,58615.0,166.65782761573792,200000.0,76.0,11961.34571480751,15200000.0,1200.0636445420312,76000.0
2.522998e-08,2.6820943e-10,505.283,-6.326962e-05,1.8593024e-10,0.0091583645,11.504435,36.7006,36.68679,1.3047308,86.64892,2.7559042,87.513916,0.99999994,-0.5042501,-1.0,10000,0.7375299,0.0503936381825915,0.0496886575235723,0.0489875077448523,10,0.0004499646318327,1000,1000.0,1000,10,0.0,9442.214490890505,9431.071085453032,9418.412479400637,10,7.610905636211175,-99.85906844626643,-106.4624736999028,-110.95982976362592,10,3.1320114341068828,9992.683754439751,9984.574685509206,9975.295187433534,10,5.462825333696734,-18.786243377046468,-19.66574898833715,-21.08934236457664,10,0.73967896729828,-419.21375666666665,-425.2326063333333,-430.4442633333333,10,3.413280537488228,0.0,0.0,0.0,10,0.0,-2.0744640557243086,-2.142770561418948,-2.181526088968698,10,0.0344378820243745,0.0,0.0,0.0,10,0.0,4.148374,-0.39258108,-4.9591,1000,1.056092,0.0647870399999999,0.0653775299999999,8.608067419351798,0.0005904899999999,0.9999999999781276,4061.220853280776,1000,765.0853658536586,24,246,315.10074016496446,9239.415985107422,6983.256373691365,199.15807390213013,246,2886.089594887283,58861.0,155.77583193778992,200000.0,77.0,12117.1215467453,15400000.0,1283.8962084944685,77000.0
2.522998e-08,2.693881e-10,506.05963,-0.00011996009,1.8475159e-10,0.009229033,11.493702,36.671757,36.658077,1.2457047,78.86841,2.453243,79.78576,1.0,-0.5052661,-1.0,10000,0.7391126,0.0506813966200425,0.0497971960299852,0.0488513266809022,10,0.0005015892449524,1000,1000.0,1000,10,0.0,9457.079380989077,9442.301774168014,9412.150134563446,10,11.60218075321546,-95.51880417841738,-101.44002196103024,-105.97512523115522,10,3.615006585584728,9995.85965387456,9986.924831533275,9954.13084075913,10,11.495344138249626,-16.393792634150294,-17.621136770747682,-18.650515826434702,10,0.7662363602372784,-417.722205,-423.4690658333333,-428.51402,10,2.759018352121541,0.0,0.0,0.0,10,0.0,-2.049354971559844,-2.0928336063029973,-2.14163431600529,10,0.0281579674073418,0.0,0.0,0.0,10,0.0,5.190425,-0.37587598,-5.56922,1000,1.0606172,0.0656727749999999,0.0662632649999999,8.658839294217227,0.0005904899999999,0.9999999999842518,3902.5290954530856,1000,544.4987080103359,26,387,320.14945940126137,9239.744285583496,4971.266659446705,223.3148627281189,387,2933.363720830356,59248.0,157.30917596817017,200000.0,78.0,12274.43072271347,15600000.0,1271.3816518908463,78000.0
2.522998e-08,2.6965558e-10,508.35657,-8.901266e-05,1.8448408e-10,0.009239431,11.480076,36.64552,36.631935,1.215989,70.90868,2.3069348,71.847466,1.0,-0.508328,-1.0,10000,0.7379023,0.0501149667824356,0.0497292026043025,0.0491607050259335,10,0.000302105495141,1000,1000.0,1000,10,0.0,9465.113645553589,9449.987520837783,9399.37904405594,10,17.72232461128385,-91.36396779900396,-95.20978673958476,-98.45150688640254,10,2.0521700922313424,9994.014764442172,9984.874436324126,9933.933850681758,10,17.296940554287474,-15.957719762148262,-16.711917452303734,-17.36913107284367,10,0.4342880455564027,-417.722205,-420.9422018333333,-424.82901,10,2.286606407014133,0.0,0.0,0.0,10,0.0,-1.967246383283281,-2.0230130812344704,-2.061535498686074,10,0.0313159846950103,0.0,0.0,0.0,10,0.0,4.52256,-0.38795057,-4.4708133,1000,1.0555322,0.0668537549999999,0.0674442449999999,8.743144896388605,0.0005904899999999,0.9999999999899212,3832.511282165567,1000,442.010033444816,42,299,317.7481332022433,9209.11792421341,4007.429631590445,382.43463039398193,299,2891.7155663745734,59547.0,158.53006863594055,200000.0,79.0,12432.960791349413,15800000.0,1261.5903198736,79000.0
2.522998e-08,2.7034053e-10,507.1864,0.00010301842,1.8379916e-10,0.0090263365,11.460838,36.59114,36.57763,1.099462,65.80964,1.8694592,66.92702,1.0,-0.5123422,-1.0,10000,0.7359326,0.0499536305953952,0.049155244494669,0.0484625323150976,10,0.00042128624135,1000,1000.0,1000,10,0.0,9471.565768241882,9460.624028873444,9449.74090194702,10,5.737936008987493,-92.49448210896756,-95.89367183832395,-101.57705590559276,10,2.978952545381348,9997.309747998368,9992.614926055225,9987.18863598116,10,3.205380260625411,-16.28650435174373,-16.80945603029283,-17.589691094947383,10,0.4132134753229465,-411.66826,-417.2308703333333,-423.4251966666667,10,3.191601721504062,0.0,0.0,0.0,10,0.0,-1.9923315556044856,-2.05690288063252,-2.099376867436291,10,0.0298225907558829,0.0,0.0,0.0,10,0.0,4.4973106,-0.40190256,-4.624901,1000,1.0492837,0.0677394899999999,0.0683299799999999,8.67723342671887,0.0005904899999999,0.9999999999928328,4818.004946383526,1000,767.527687296417,23,307,306.27497446347013,9288.235935211182,7073.7278880583735,197.490668296814,307,2830.230203055716,59854.0,157.56970024108887,200000.0,80.0,12590.5304915905,16000000.0,1269.279561324232,80000.0
2.522998e-08,2.721668e-10,506.1604,-6.128788e-06,1.8197285e-10,0.0091170175,11.450627,36.563595,36.55016,1.0299535,62.499187,1.7002124,63.649,1.0,-0.5246219,-1.0,10000,0.72977686,0.0486669002292182,0.0477940561320487,0.0467113914078072,10,0.0006386630259455,1000,1000.0,1000,10,0.0,9478.939225196838,9464.817464017868,9427.122965335846,10,14.748647031957782,-95.19546263127305,-99.45270502167668,-107.38859950862684,10,3.6886456141140487,9999.038792333804,9989.703296812017,9946.192957728188,10,15.071765760326809,-14.632791181788368,-16.183499644449952,-17.852216762812972,10,0.8617202646503106,-401.2273983333333,-407.2374741666666,-412.0192133333333,10,3.558165340959467,0.0,0.0,0.0,10,0.0,-1.959619315694224,-2.0121489441555203,-2.0661094732040453,10,0.032693933144982,0.0,0.0,0.0,10,0.0,4.878799,-0.38351527,-4.692476,1000,1.0553142,0.0686252249999999,0.0692157149999999,8.70562901638894,0.0005904899999999,0.9999999999948396,5283.262884640233,1000,372.75212224108657,20,589,303.2635554389375,9261.118906021118,3411.2669281166154,180.38431930541992,589,2792.4788873512884,60443.0,166.14104580879211,200000.0,81.0,12756.671537399292,16200000.0,1203.796443114818,81000.0
2.522998e-08,2.7210495e-10,505.9149,4.0112398e-05,1.820347e-10,0.009066355,11.445194,36.517563,36.504135,0.97406214,59.686573,1.5142916,60.895172,1.0,-0.5325855,-1.0,10000,0.7240783,0.0475668381827272,0.0467675160592218,0.0459732506006694,10,0.000486630969631,1000,1000.0,1000,10,0.0,9479.342044830322,9468.26123547554,9441.881384372711,10,9.686434070516087,-100.78027048622276,-105.44054575187924,-109.7941465291083,10,2.6802338526036142,9999.5301747259,9993.40244694422,9966.50038753794,10,9.303966888245546,-15.390985268754598,-16.553605540513594,-17.274143475029806,10,0.6030531924753587,-396.8404816666666,-401.0957908333333,-404.4737166666666,10,2.749795513751013,0.0,0.0,0.0,10,0.0,-1.9922460306026628,-2.0512680705577315,-2.1292427370641898,10,0.0412612248441867,0.0,0.0,0.0,10,0.0,4.7278967,-0.42008945,-4.3104906,1000,1.0428216,0.0695109599999999,0.0701014499999999,8.7106442974434,0.0005904899999999,0.9999999999963304,5508.172922151026,1000,677.4834710743802,26,242,248.3080301278397,9258.19420480728,6237.914975598824,228.888786315918,242,2286.317482298574,60685.0,157.76342129707336,200000.0,82.0,12914.434958696364,16400000.0,1267.7209859907505,82000.0
2.522998e-08,2.743825e-10,505.0764,8.587509e-05,1.797572e-10,0.009005499,11.438474,36.4759,36.462524,0.9365882,58.099934,1.3896078,59.347744,1.0,-0.53860813,-1.0,10000,0.72370154,0.047209852917862,0.0463598289799818,0.0455673479677498,10,0.0004227289581244,1000,1000.0,1000,10,0.0,9488.380703926086,9472.581438159945,9460.317064285278,10,7.493379901306737,-100.823024230781,-109.39171298778128,-116.69816382899842,10,4.493483919871271,9999.293559896172,9997.078235982484,9989.744654389786,10,2.6240657432879697,-16.30129508463907,-17.468281697434414,-18.88546187030858,10,0.7821442705824249,-390.7865366666666,-395.6735618333333,-402.8944266666666,10,3.209604467110428,0.0,0.0,0.0,10,0.0,-1.917640788668303,-1.96323760946562,-2.0023889994566275,10,0.0273642975633526,0.0,0.0,0.0,10,0.0,4.3385663,-0.41050038,-4.430955,1000,1.0480657,0.0706919399999999,0.0712824299999999,8.710642537757176,0.0005904899999999,0.9999999999976122,5455.609818730046,1000,493.58574181117535,17,519,356.9575298283196,9320.349689483644,4544.135273805932,152.80365180969238,519,3316.2460502515023,61204.0,157.1619589328766,200000.0,83.0,13071.596917629242,16600000.0,1272.5725828183358,83000.0
2.522998e-08,2.764187e-10,501.88818,0.00024986878,1.7772096e-10,0.008784119,11.428483,36.41964,36.40653,0.8761068,55.74873,1.2516456,57.00402,1.0,-0.54793537,-1.0,10000,0.71824986,0.0456329707860568,0.0451786737936548,0.044330272956271,10,0.0004509466796431,1000,1000.0,1000,10,0.0,9502.18900680542,9490.9727268219,9480.465750694277,10,6.589497083351956,-98.69923237266627,-102.30632169763982,-106.2882885928561,10,2.073132027082518,9999.160830375877,9995.146905312398,9991.338804100862,10,2.316992129428181,-15.505779236372137,-16.487413944979274,-17.69849294659771,10,0.5375231650175558,-378.239955,-383.5305765,-387.0137883333333,10,3.0259041926409136,0.0,0.0,0.0,10,0.0,-1.771891299244365,-1.8498677762299696,-1.946947502661823,10,0.0464365095175847,0.0,0.0,0.0,10,0.0,4.4825983,-0.4270289,-4.3707633,1000,1.0424817,0.0718729199999999,0.0724634099999999,8.770448696378073,0.0005904899999999,0.999999999998497,4334.725402777807,1000,502.1762820512821,27,312,285.9791283876436,9250.62965106964,4618.6934941518,246.67703437805176,312,2632.0851743661665,61516.0,157.2336242198944,200000.0,84.0,13228.830541849136,16800000.0,1271.9925587945231,84000.0
2.522998e-08,2.7661823e-10,501.0862,-0.000108579414,1.7752143e-10,0.009128131,11.438538,36.419064,36.405922,0.9141885,51.762543,1.2868605,52.915997,1.0,-0.55241925,-1.0,10000,0.7162954,0.0453205711761693,0.0447923785184713,0.0441731279056839,10,0.0003127415478862,1000,1000.0,1000,10,0.0,9505.189234733582,9497.102492141725,9483.694166183472,10,5.427107373721799,-93.13247715424072,-96.22311169850462,-100.707396719551,10,2.5365154882390595,9998.429527876133,9988.160840905191,9974.52756318303,10,6.137133450838838,-15.225795651787736,-15.801930330613123,-16.95217220273941,10,0.5765975106575827,-372.975655,-377.239738,-380.2579366666666,10,2.055475280148912,0.0,0.0,0.0,10,0.0,-1.7435336865146134,-1.793567709400563,-1.864681361979439,10,0.0311522636639306,0.0,0.0,0.0,10,0.0,4.641775,-0.42394456,-5.0494566,1000,1.0431412,0.0727586549999999,0.0733491449999999,8.89287382678332,0.0005904899999999,0.999999999998918,4771.081706770956,1000,428.61340206185565,29,388,298.0295080280412,9274.446464538574,3930.074582257836,264.65562629699707,388,2741.1356881935217,61904.0,156.98340249061584,200000.0,85.0,13385.813944339752,17000000.0,1274.0200354107856,85000.0
2.522998e-08,2.7835156e-10,504.00537,-2.505382e-07,1.7578808e-10,0.0090723485,11.428422,36.382557,36.36952,0.9032796,47.52505,1.2346101,48.76315,1.0,-0.5533206,-1.0,10000,0.71154505,0.0453150019179593,0.0440030492607693,0.043530971062355,10,0.0005211043363816,1000,1000.0,1000,10,0.0,9511.90800857544,9498.006018066406,9481.469118118286,10,9.857455731859716,-88.43399442615072,-92.74583158860902,-97.25520649236584,10,2.717250881757508,9989.586814756794,9980.283221147469,9965.557838686907,10,8.527160045357865,-14.53185627718356,-15.010511892711992,-15.43663174519086,10,0.2782267118937711,-366.7462333333333,-372.7387615,-381.0475816666666,10,3.820810500963438,0.0,0.0,0.0,10,0.0,-1.714438188888305,-1.7820964035176423,-1.8184691729953657,10,0.0303450467555519,0.0,0.0,0.0,10,0.0,4.267096,-0.44433153,-4.79795,1000,1.0341876,0.0739396349999999,0.0745301249999999,8.865719200117256,0.0005904899999999,0.9999999999993074,5187.124741493034,1000,467.7758620689655,28,348,341.0891047049066,9269.425911426544,4303.991538103881,237.90231275558472,348,3148.056276706556,62252.0,163.9569115638733,200000.0,86.0,13549.770855903624,17200000.0,1219.8326870903838,86000.0
2.522998e-08,2.7809663e-10,501.77658,0.00015252833,1.7604304e-10,0.00887945,11.40876,36.33142,36.31837,0.85541815,47.697197,1.0801731,49.089413,1.0,-0.55801725,-1.0,10000,0.7097907,0.0441325735527352,0.043566092913915,0.0430517346978158,10,0.0003815480288022,1000,1000.0,1000,10,0.0,9511.4548330307,9496.964792823792,9481.437923431396,10,10.776508723318324,-84.42070231076522,-89.54008908038968,-92.59651479878278,10,2.152736997805589,9989.75049356256,9971.608080361771,9955.335075137033,10,10.477098481209149,-13.928873001986538,-14.906667155015992,-15.646072104666548,10,0.4463089479657717,-361.4819333333333,-368.4395831666667,-371.2208883333333,10,2.686870963555265,0.0,0.0,0.0,10,0.0,-1.7181838905041191,-1.7569480098998214,-1.8061636218248256,10,0.0265729050035815,0.0,0.0,0.0,10,0.0,4.3556013,-0.45573038,-4.8544083,1000,1.0286899,0.0748253699999999,0.0754158599999999,8.753837779999873,0.0005904899999999,0.9999999999995076,5609.864483429497,1000,702.976401179941,31,339,343.72557059327704,9327.187985897064,6509.66103227019,279.8403720855713,339,3195.32593666728,62591.0,157.04716444015503,200000.0,87.0,13706.81802034378,17400000.0,1273.5027767802376,87000.0
2.522998e-08,2.8080221e-10,497.64023,0.00035702853,1.7333746e-10,0.008600495,11.400821,36.29433,36.28148,0.8470009,49.35055,1.0254219,50.807625,1.0,-0.5647219,-1.0,10000,0.7056216,0.0438056137904495,0.0427980862969736,0.0422084247514576,10,0.0004452824696544,1000,1000.0,1000,10,0.0,9523.53262233734,9508.251134872437,9495.015489578249,10,7.435161834108504,-84.26695582393315,-91.10341644185073,-100.23293879259612,10,4.44614862001451,9990.57465284238,9979.035206527018,9961.04850250827,10,8.663888417899873,-15.01327842667981,-15.743686181657122,-16.42662987903842,10,0.3729374837357363,-358.58656833333333,-362.2101615,-369.02743,10,3.439085261413632,0.0,0.0,0.0,10,0.0,-1.6765372836215302,-1.7268014538792151,-1.7594038102385752,10,0.0242719451052217,0.0,0.0,0.0,10,0.0,4.428084,-0.46866617,-4.4792676,1000,1.0252292,0.0754158599999999,0.0760063499999999,8.68723846820347,0.0005904899999999,0.999999999999606,6352.453623067145,1000,890.4517543859649,52,228,242.26157087947792,9347.707746505735,8266.142333520087,473.4793243408203,228,2251.994007792832,62819.0,160.13082313537598,200000.0,88.0,13866.948843479156,17600000.0,1248.9787792505024,88000.0
2.522998e-08,2.7893354e-10,489.4187,0.00032504174,1.7520614e-10,0.008484495,11.391827,36.2516,36.238556,0.8536517,53.199074,1.0299253,54.661495,1.0,-0.56278837,-1.0,10000,0.7170285,0.0453263088711682,0.0442641008620092,0.0431610621189611,10,0.000683980181445,1000,1000.0,1000,10,0.0,9516.29815673828,9503.81467089653,9474.442361354828,10,11.049996004384637,-81.76291734579581,-89.93848288398613,-105.5782984266378,10,7.138099127367378,9994.501154740086,9980.77887155546,9941.18348866893,10,15.749351984998512,-15.465352969904275,-15.906219095434045,-16.742421550221735,10,0.4183058960352656,-364.11408333333327,-369.4222525,-377.0993566666666,10,4.366734293829199,0.0,0.0,0.0,10,0.0,-1.652400613987901,-1.6972406624522258,-1.7470978377003092,10,0.0294343739453566,0.0,0.0,0.0,10,0.0,4.248346,-0.42183188,-4.659787,1000,1.0478829,0.0763015949999999,0.0768920849999999,8.654752049115336,0.0005904899999999,0.9999999999997164,6355.949181192496,1000,381.143928035982,29,667,329.69390233934104,9332.363313674929,3509.85343971214,246.0478868484497,667,3065.049771352506,63486.0,157.02926683425903,200000.0,89.0,14023.978110313416,17800000.0,1273.6479258423567,89000.0
2.522998e-08,2.790096e-10,486.19504,0.00017723875,1.7513006e-10,0.0085742725,11.38827,36.229786,36.216805,0.89618236,53.252926,1.1499519,54.590652,1.0,-0.5582953,-1.0,10000,0.7248571,0.0473793995389278,0.0452780976272071,0.0440335335128329,10,0.0010642317827255,1000,1000.0,1000,10,0.0,9513.230290412905,9495.795999526978,9461.970073699951,10,16.831385540386098,-90.79002686515432,-105.49105964585031,-130.55270848705874,10,11.816694865088158,9999.613227282378,9993.823171453789,9983.991514183055,10,5.004205201486173,-15.244396344570704,-15.951977362514622,-16.79192917971647,10,0.4954652352048564,-364.4650366666666,-374.8971245,-389.7336766666666,10,8.35676651182352,0.0,0.0,0.0,10,0.0,-1.630172071158826,-1.6870085499306982,-1.7521533569763357,10,0.035690456863305,0.0,0.0,0.0,10,0.0,4.3368683,-0.44695273,-4.487096,1000,1.0393784,0.0774825749999999,0.0780730649999999,8.7646776509829,0.0005904899999999,0.9999999999998184,5925.800064721666,1000,537.7981072555204,33,317,280.1827202303176,9267.83843946457,4944.2537141539015,297.4581561088562,317,2569.7433453415506,63803.0,156.8709695339203,200000.0,90.0,14180.849079847336,18000000.0,1274.9331542618784,90000.0
2.522998e-08,2.800555e-10,483.22818,0.00019964509,1.7408415e-10,0.008498462,11.373686,36.188873,36.17596,0.8631538,51.63583,1.1123586,52.890327,1.0,-0.56158787,-1.0,10000,0.72387826,0.0459915597437502,0.0450953895747196,0.0446433128223143,10,0.0003857221472963,1000,1000.0,1000,10,0.0,9497.808305740356,9488.676264858246,9475.078247070312,10,6.934867867017409,-108.5256099698074,-117.06798365174768,-127.29236973011083,10,5.276641529115246,9999.83732924236,9998.140441838852,9994.34388123389,10,1.6684373498201266,-15.054410398899671,-15.403598522594269,-15.761304935657613,10,0.240570857304952,-370.60672,-375.2831731666667,-382.5391333333333,10,3.328059668633959,0.0,0.0,0.0,10,0.0,-1.63204132974505,-1.7094217343241551,-1.763401945629259,10,0.0400265261104668,0.0,0.0,0.0,10,0.0,4.502336,-0.45337197,-4.2424827,1000,1.0353868,0.0786635549999999,0.0792540449999999,8.880229643970555,0.0005904899999999,0.999999999999884,5083.080662599539,1000,477.4087403598972,22,389,352.3853785832882,9314.776475906372,4417.361554902133,192.6800055503845,389,3269.9855106299183,64192.0,163.4061586856842,200000.0,91.0,14344.25623846054,18200000.0,1223.9440765797876,91000.0
2.522998e-08,2.800002e-10,483.1829,0.000152592,1.7413947e-10,0.0085447,11.363024,36.152412,36.139496,0.834805,46.75818,1.0435302,47.975025,1.0,-0.57171744,-1.0,10000,0.71165675,0.0444336122574604,0.0436549061135388,0.0430697295255231,10,0.0003703312310541,1000,1000.0,1000,10,0.0,9515.016606330872,9504.011114025116,9482.695385932922,10,8.30922718627592,-97.07019762070756,-106.37618036887474,-112.1945017209636,10,3.875947882513507,9999.24465894261,9994.541092779871,9977.320891792771,10,6.826682256320675,-14.966112323561404,-15.769112072178038,-16.701223128184026,10,0.5426801509825095,-361.394195,-366.70236416666665,-370.869935,10,2.4912897670663603,0.0,0.0,0.0,10,0.0,-1.6472961743429209,-1.682319401557217,-1.713551721800526,10,0.0194788629937993,0.0,0.0,0.0,10,0.0,4.311264,-0.4764538,-4.366193,1000,1.0244755,0.0795492899999999,0.0801397799999999,8.977150976404753,0.0005904899999999,0.9999999999999174,5556.824406003129,1000,879.4229074889868,64,227,237.5685331296987,9361.037682533264,8177.56411562302,584.5327281951904,227,2212.6191362923373,64419.0,157.28210258483887,200000.0,92.0,14501.53834104538,18400000.0,1271.6004981693252,92000.0
2.522998e-08,2.8289432e-10,481.41086,0.00015428488,1.7124535e-10,0.008511109,11.353915,36.105778,36.093002,0.77039886,42.89437,0.89056325,44.176254,1.0,-0.57519335,-1.0,10000,0.6990191,0.04288745488743,0.0423126705196307,0.0416516656443564,10,0.0003901616842568,1000,1000.0,1000,10,0.0,9516.529804229736,9505.3187523365,9486.154473304749,10,8.384503910627124,-95.10895595718368,-98.80320418043536,-101.77644438863682,10,2.079066857168073,9993.580501381628,9980.357516985609,9966.095197729404,10,6.785563773507167,-15.133750836073554,-16.12492147713582,-17.113171252051362,10,0.5465788195020085,-352.8835766666666,-358.4286393333333,-363.2366999999999,10,3.572103297640236,0.0,0.0,0.0,10,0.0,-1.630738519134125,-1.6820004158111306,-1.7261152769431336,10,0.0282834946864341,0.0,0.0,0.0,10,0.0,4.2453327,-0.48722196,-4.287665,1000,1.017004,0.0801397799999999,0.0807302699999999,8.979764625438415,0.0005904899999999,0.999999999999934,6314.245386390027,1000,836.6638655462185,19,238,298.0070293376272,9354.74629497528,7790.805604263514,161.38711500167847,238,2779.714571485877,64657.0,156.9858410358429,200000.0,93.0,14658.524182081224,18600000.0,1274.0002453745883,93000.0
2.522998e-08,2.841601e-10,481.09988,0.00026433988,1.6997956e-10,0.008395458,11.337295,36.058212,36.045666,0.7219626,40.498,0.8005627,41.888924,1.0,-0.5807031,-1.0,10000,0.6962249,0.0427308074356842,0.0418530090101237,0.0411236470439907,10,0.0004043256440103,1000,1000.0,1000,10,0.0,9514.94392299652,9500.667116737366,9478.107590675354,10,10.255610857359214,-97.791074249342,-104.91806716175742,-110.84762322752336,10,3.867836083633138,9991.19428997746,9978.35202620452,9962.095880727333,10,8.3010039674715,-16.70203808338467,-17.41884193322074,-18.441996549472183,10,0.5375728247776836,-349.46178166666664,-353.6819955,-359.1129983333333,10,2.999175504433582,0.0,0.0,0.0,10,0.0,-1.5943892823435906,-1.6660018131697272,-1.717999796287779,10,0.040684120583674,0.0,0.0,0.0,10,0.0,4.271369,-0.46992633,-4.5003705,1000,1.0227028,0.0810255149999999,0.0816160049999999,8.919869671054995,0.0005904899999999,0.9999999999999524,6553.020586539367,1000,517.0574468085107,25,470,317.5092407733355,9351.342710494995,4793.233361309386,219.2589492797852,470,2957.48441437302,65127.0,158.00142812728882,200000.0,94.0,14816.525610208511,18800000.0,1265.8113434194809,94000.0
2.522998e-08,2.8493694e-10,474.03326,0.0004166794,1.6920274e-10,0.008115919,11.320901,35.993885,35.98141,0.67823625,41.66979,0.712139,43.19113,1.0,-0.5811116,-1.0,10000,0.7012726,0.0425858513034618,0.042203184427155,0.0416017794287035,10,0.0003153936522299,1000,1000.0,1000,10,0.0,9515.1447057724,9502.77105550766,9493.615097999573,10,6.583700021939047,-95.70807310524356,-102.27191822144565,-107.48491739751849,10,3.011369690810594,9997.629921618478,9980.535484447171,9967.109213723794,10,8.698279416826574,-17.40709481822492,-18.500311335543834,-19.4720846858888,10,0.5296944861683043,-352.444885,-355.32270233333327,-357.62144666666666,10,1.5281589811569571,0.0,0.0,0.0,10,0.0,-1.6462399815119724,-1.6694952248631112,-1.6877211491141568,10,0.0161511113197063,0.0,0.0,0.0,10,0.0,4.3611665,-0.4916402,-4.359006,1000,1.0136212,0.0819112499999999,0.0825017399999998,8.810108143782898,0.0005904899999999,0.999999999999966,6511.294266894347,1000,726.6739926739926,25,273,317.84344284377465,9331.82898759842,6731.835420292376,215.4351978302002,273,2951.765477560517,65400.0,162.5161566734314,200000.0,95.0,14979.041766881945,19000000.0,1230.6468728637894,95000.0
2.522998e-08,2.8524036e-10,466.5084,0.0005025692,1.6889931e-10,0.007894583,11.311519,35.955544,35.943085,0.677353,45.291515,0.7103072,46.9016,1.0,-0.5782557,-1.0,10000,0.7109715,0.0435564543836953,0.0431723723571252,0.0427644907974608,10,0.0002953457606035,1000,1000.0,1000,10,0.0,9505.042008399963,9495.967711734773,9483.742816925049,10,5.896455455353547,-108.6500792487477,-116.58965085646425,-129.07147146681902,10,5.605590244956036,9999.8118400297,9992.949765511385,9975.15302450459,10,7.213765131927065,-19.50615538878496,-20.475278656827925,-21.23181995994093,10,0.549728177785236,-353.8486983333333,-358.2882579999999,-360.60455,10,2.154936344931715,0.0,0.0,0.0,10,0.0,-1.5725696843294243,-1.6288693041457147,-1.6584152922180375,10,0.0268570084740406,0.0,0.0,0.0,10,0.0,4.368967,-0.49352124,-4.5781074,1000,1.014545,0.0825017399999998,0.0830922299999998,8.695170200578008,0.0005904899999999,0.9999999999999728,7022.124742948919,1000,740.7873134328358,30,268,312.04789909818066,9318.148787498474,6876.765823928278,276.0508337020874,268,2900.704652157399,65668.0,166.56728100776672,200000.0,96.0,15145.60904788971,19200000.0,1200.7160037070807,96000.0
2.522998e-08,2.8438318e-10,460.26364,0.00026502856,1.6975647e-10,0.0080197165,11.308862,35.951847,35.939312,0.7222974,49.407906,0.7775195,50.95487,1.0,-0.5769776,-1.0,10000,0.7164015,0.0443007308451196,0.0437161549264652,0.0432518798140081,10,0.0002960537703385,1000,1000.0,1000,10,0.0,9494.292636871338,9489.899250888824,9483.741075515749,10,3.744398344569804,-121.93348997564748,-126.16707006001218,-130.336018434622,10,2.729278546543266,9999.93759565035,9998.447458852115,9995.806369997756,10,1.3133546418301043,-19.553610776311142,-20.509264378807167,-21.27426823247885,10,0.4761640619687961,-357.70918499999993,-360.3062396666666,-363.41217666666665,10,1.5963555151213142,0.0,0.0,0.0,10,0.0,-1.545831653216248,-1.5656327049494911,-1.5903480208815035,10,0.0131793702541114,0.0,0.0,0.0,10,0.0,5.112197,-0.4800424,-4.462377,1000,1.0239706,0.0830922299999998,0.0836827199999998,8.697492197154837,0.0005904899999999,0.9999999999999784,7464.002123994755,1000,553.7401812688822,30,331,263.9753928360139,9310.33313369751,5126.717204753726,272.54549980163574,331,2440.5853312815466,65999.0,159.41782212257385,200000.0,97.0,15305.026870012283,19400000.0,1254.564874473214,97000.0
2.522998e-08,2.8368474e-10,460.58762,4.3823824e-05,1.7045491e-10,0.008246752,11.316596,35.94823,35.935642,0.75844043,49.71597,0.87002116,51.081375,1.0,-0.5679872,-1.0,10000,0.7261266,0.0455007421545888,0.0447781501910096,0.0443896821802918,10,0.000365821300822,1000,1000.0,1000,10,0.0,9467.914345741272,9461.280104160309,9450.41609287262,10,5.8347664250483735,-143.88813008568604,-148.8928304363058,-158.97638733929315,10,5.069979554186969,9999.997021651634,9998.986945459555,9992.7291022807,10,2.114976129139316,-19.96584701676012,-21.04321087957565,-21.67436828219703,10,0.4977882843330271,-362.8857466666667,-366.2022556666667,-370.5189816666666,10,2.294252564446046,0.0,0.0,0.0,10,0.0,-1.5176817777705245,-1.5685422340093322,-1.6017178825910885,10,0.0261279091817631,0.0,0.0,0.0,10,0.0,4.410305,-0.49148476,-4.399977,1000,1.0215751,0.0839779649999998,0.0845684549999998,8.853060380648076,0.0005904899999999,0.9999999999999843,6564.677464163156,1000,690.4090909090909,37,220,330.64096967321865,9340.894201278688,6395.234585365382,302.84394788742065,220,3066.781309805091,66219.0,163.1834192276001,200000.0,98.0,15468.210289239883,19600000.0,1225.614715923129,98000.0
2.522998e-08,2.8600494e-10,463.61636,-0.00025859388,1.681347e-10,0.008603689,11.312065,35.920845,35.90842,0.7614652,46.471573,0.92259,47.704052,1.0,-0.57213,-1.0,10000,0.7203447,0.0445318092165252,0.0440540140593511,0.0436481140467076,10,0.0002429680581726,1000,1000.0,1000,10,0.0,9462.430262565613,9455.343203449249,9442.548948287964,10,6.494780321639869,-154.51314162591814,-159.62988728667662,-164.53210846778725,10,2.982780398138153,9999.99408423363,9996.943331621538,9982.18410098932,10,6.01454039915894,-19.91675359879611,-20.56331657073158,-21.06481714923285,10,0.3727541618387633,-357.7969233333333,-359.85877416666665,-362.0961016666666,10,1.5666882670617763,0.0,0.0,0.0,10,0.0,-1.510269982227482,-1.548151394960198,-1.5804443265363646,10,0.0221916755992858,0.0,0.0,0.0,10,0.0,4.5517025,-0.44370642,-4.428926,1000,1.0413866,0.0848636999999998,0.0854541899999998,9.009813616506994,0.0005904899999999,0.9999999999999888,6144.021698637964,1000,359.78688524590166,28,793,304.28199028800145,9361.012065887451,3320.392022850619,251.09757041931152,793,2834.1993791205023,67012.0,163.8221356868744,200000.0,99.0,15632.032424926758,19800000.0,1220.8362390188531,99000.0
2.522998e-08,2.8395986e-10,474.7388,-0.0006139339,1.701798e-10,0.009159233,11.306389,35.91382,35.901413,0.7759455,38.542492,0.9716597,39.60653,1.0,-0.58145165,-1.0,10000,0.70848566,0.0433055347648187,0.0427684041486325,0.0419946237262775,10,0.000339470721429,1000,1000.0,1000,10,0.0,9479.72511768341,9464.671305513382,9443.540975093842,10,8.835763381509615,-146.7381719951754,-156.95006590308117,-163.19729886096275,10,5.493188233227155,9999.881852475166,9996.406679139627,9970.366383801673,10,8.697617396840709,-19.699745304784383,-20.636329610277848,-21.59061010462688,10,0.5206776269647061,-349.46178166666664,-352.5940401666668,-356.39311,10,1.9417942202557348,0.0,0.0,0.0,10,0.0,-1.519577442468072,-1.554939408407522,-1.6107679427729682,10,0.0342433138190771,0.0,0.0,0.0,10,0.0,4.3253174,-0.48132998,-4.498545,1000,1.0215789,0.0860446799999998,0.0866351699999998,9.242516606560663,0.0005904899999999,0.9999999999999928,6062.675177321687,1000,551.0636363636364,28,330,372.465063090675,9315.748729228972,5093.580148603338,245.2164225578308,330,3456.1991704765305,67342.0,162.592041015625,200000.0,100.0,15794.624465942385,20000000.0,1230.072510011607,100000.0
2.522998e-08,2.8426703e-10,485.74594,-0.0006776711,1.6987266e-10,0.009421098,11.298448,35.88834,35.87644,0.74443996,27.940172,0.8732031,28.955761,1.0,-0.60179377,-1.0,10000,0.6811646,0.0398266159305785,0.0393409414799505,0.0388930580807355,10,0.0002929896547923,1000,1000.0,1000,10,0.0,9519.146692276,9512.31104373932,9503.737939834597,10,5.655794988820673,-108.2058639046336,-122.26875068749092,-129.18836289111678,10,5.613576655852876,9998.914838421137,9993.569244289456,9981.95784558468,10,5.779336473921791,-17.946212880093462,-19.23030430736091,-20.45370992897503,10,0.8357819418229591,-334.546265,-338.0557983333333,-341.12663999999995,10,2.029014168208839,0.0,0.0,0.0,10,0.0,-1.6814417026530089,-1.703344649719098,-1.748077076740839,10,0.0189265698089446,0.0,0.0,0.0,10,0.0,4.395928,-0.48533428,-4.6029434,1000,1.016538,0.0875209049999998,0.0881113949999998,9.419065932679407,0.0005904899999999,0.999999999999996,5251.80421010597,1000,454.1670061099797,28,491,276.9753137936991,9333.997798919678,4212.918081988142,260.5641889572144,491,2570.7346175712605,67833.0,175.07284712791443,200000.0,101.0,15969.697313070295,20200000.0,1142.3816044636146,101000.0
2.522998e-08,2.8508532e-10,499.81982,-0.000815982,1.6905434e-10,0.009812739,11.291503,35.884193,35.87283,0.71643317,17.255508,0.80530393,18.313082,0.99999994,-0.6133781,-1.0,10000,0.6542287,0.0366974192500783,0.036135094888744,0.0358008435181545,10,0.0002884091469766,1000,1000.0,1000,10,0.0,9529.01150417328,9520.689453029632,9509.846287727356,10,6.677752345352255,-101.1784932640008,-102.98317975398824,-106.94813327681508,10,2.2263045129703345,9971.812969000008,9963.999470186947,9951.28556882197,10,6.662201550747112,-14.684571571422865,-15.078555525735354,-15.833780382812872,10,0.3811055483745417,-321.03456166666666,-323.491235,-326.82529166666666,10,1.8952292374563595,0.0,0.0,0.0,10,0.0,-1.7098589381617473,-1.7570488402490767,-1.7894570100590046,10,0.0229641265179526,0.0,0.0,0.0,10,0.0,4.5248322,-0.49995127,-4.751729,1000,1.0051265,0.0887018849999998,0.0892923749999998,9.509121917261702,0.0005904899999999,0.9999999999999972,5195.268544927874,1000,401.1164658634538,20,498,252.3731429910333,9326.32525920868,3718.868901040749,156.77208757400513,498,2343.514399726701,68331.0,162.55906629562378,200000.0,102.0,16132.25637936592,20400000.0,1230.322027294913,102000.0
2.522998e-08,2.860433e-10,514.3936,-0.0010109227,1.6809633e-10,0.010270007,11.296503,35.88937,35.878094,0.6811606,9.09924,0.717529,10.2420225,0.9999998,-0.6274096,-1.0,10000,0.6328676,0.0340754980597848,0.0334135364983667,0.0329238927394762,10,0.000320612040497,1000,1000.0,1000,10,0.0,9514.86446762085,9481.262556266784,9452.871321678162,10,20.224116640982206,-91.17836366737002,-94.71618927578764,-98.19419576360296,10,1.910089820288961,9935.13452220932,9898.643971226693,9872.848972512284,10,21.218689188405914,-12.974019718395637,-13.483258282857417,-14.417397664909654,10,0.3790537419294252,-304.7152316666667,-307.4175723333333,-311.0323916666666,10,1.958668635382796,0.0,0.0,0.0,10,0.0,-1.6341583797547974,-1.7643909593807958,-1.841842757611916,10,0.0563561288672843,0.0,0.0,0.0,10,0.0,4.4209127,-0.51885533,-4.9121466,1000,0.99240893,0.0901781099999998,0.0907685999999998,9.530259002405286,0.0005904899999999,0.9999999999999984,4371.742376357834,1000,367.76882661996495,18,571,229.1111794486696,9314.088126659391,3413.725026116871,162.27081203460693,571,2129.732299100091,68902.0,164.84521651268005,200000.0,103.0,16297.1015958786,20600000.0,1213.2593485636012,103000.0
2.522998e-08,2.896229e-10,528.4776,-0.0005401097,1.6451673e-10,0.010052706,11.289987,35.876553,35.86539,0.640416,3.651735,0.6605118,5.040582,0.9999996,-0.6370296,-1.0,10000,0.6280392,0.0330797304228035,0.0327049281600426,0.0319640281233441,10,0.0003313025687519,1000,1000.0,1000,10,0.0,9529.409581184387,9505.587269735335,9482.918844223022,10,16.111515558102926,-90.48444857247516,-92.20677890319324,-94.8738152802986,10,1.3227887846637976,9934.439919639288,9915.660329818093,9891.138553798442,10,15.749095405056847,-14.327647372347856,-15.002704644955136,-15.514124715603216,10,0.3272330326665814,-295.23949166666665,-301.1442814999999,-306.82095166666664,10,3.2550921666666524,0.0,0.0,0.0,10,0.0,-1.6691143451119097,-1.719291886573209,-1.7826303126430023,10,0.0384878895069302,0.0,0.0,0.0,10,0.0,4.1683073,-0.54475534,-4.389632,1000,0.976385,0.0913590899999998,0.0919495799999998,9.363116186686282,0.0005904899999999,0.999999999999999,5091.128818515414,1000,547.4320652173913,25,368,338.1789961371693,9361.126591682434,5099.1591465755,218.4050364494324,368,3153.3949711911514,69270.0,162.61334562301636,200000.0,104.0,16459.714941501617,20800000.0,1229.9113534239464,104000.0
2.522998e-08,2.9144967e-10,533.18115,-0.00026024715,1.6269e-10,0.009857508,11.27941,35.832626,35.821262,0.56939,7.049785,0.51112694,8.640872,0.9999999,-0.6397666,-1.0,10000,0.6388939,0.0337247993209312,0.0333155322250444,0.0328288264806469,10,0.0002869129227821,1000,1000.0,1000,10,0.0,9550.316750526428,9530.940275382996,9510.585681915283,10,12.56720102701093,-95.71456933784334,-98.0591946946033,-102.21127920024298,10,1.6474892418031113,9965.871975683094,9944.37626534126,9924.217063747554,10,12.979384211162133,-15.29955269964104,-16.59197588076357,-17.334218735206885,10,0.5978651041221043,-291.8176966666666,-297.1434135,-302.34629666666666,10,3.173424078375281,0.0,0.0,0.0,10,0.0,-1.5797362278754723,-1.6414052367540055,-1.702378569275894,10,0.0359495836558306,0.0,0.0,0.0,10,0.0,4.6013765,-0.538075,-4.5974092,1000,0.9842791,0.0928353149999998,0.0934258049999998,9.153494917712052,0.0005904899999999,0.9999999999999994,3706.110943219125,1000,161.1646511627907,18,1075,129.7944917910499,9348.321125030518,1490.318794426031,161.85570240020752,1075,1208.8416661669726,70345.0,164.4892601966858,200000.0,105.0,16624.204201698303,21000000.0,1215.8848532776713,105000.0
2.522998e-08,2.954307e-10,537.5939,-0.00028650052,1.5870893e-10,0.009963191,11.28603,35.83682,35.8256,0.5606984,10.298788,0.5061289,11.904275,0.99999994,-0.62944174,-1.0,10000,0.65245914,0.0359351342681184,0.0350362031260825,0.0346686937116173,10,0.0003384370751204,1000,1000.0,1000,10,0.0,9562.5589094162,9547.550109100344,9529.155841827393,10,11.164463570258253,-97.24563326312791,-101.44057786701728,-106.77089816235544,10,3.0033807922577203,9985.733524904865,9973.131081428131,9953.793634829555,10,11.000786601388407,-15.591609514402997,-16.538470791438414,-17.001661450550667,10,0.4301069583977637,-301.11796,-306.00498516666664,-313.4013266666666,10,3.147361253065652,0.0,0.0,0.0,10,0.0,-1.5304459788664273,-1.5969385713213824,-1.64224918326027,10,0.0289133791397508,0.0,0.0,0.0,10,0.0,4.2943363,-0.5522405,-4.736582,1000,0.97968954,0.0951972749999998,0.0957877649999998,9.095884051408582,0.0005904899999999,0.9999999999999998,3096.638468666253,910,257.2872062663185,21,766,161.85034352929296,8517.437971115112,2394.3091300348715,181.5199813842773,766,1508.3751195371722,71111.0,171.00552821159363,200000.0,106.0,16795.209729909897,21200000.0,1169.552833125547,106000.0
2.522998e-08,2.9729308e-10,537.5913,7.33685e-05,1.5684659e-10,0.009603275,11.267415,35.781265,35.770176,0.5699934,14.546468,0.50566876,16.133339,1.0,-0.6246723,-1.0,10000,0.65791845,0.0363190009642421,0.0356756326679227,0.0352904677221522,10,0.0003203439676213,1000,1000.0,1000,10,0.0,9569.573767662048,9559.821947097778,9547.96296787262,10,6.769243361512344,-91.87648796616028,-97.3566001620571,-102.54293576033685,10,3.91876958040748,9991.244053384851,9982.718424383176,9975.839098872992,10,4.884984263875272,-15.629747419658708,-16.29826047696262,-17.246628614302576,10,0.4354293603632282,-303.8378483333333,-307.70710883333334,-312.08525166666664,10,2.304513758312523,0.0,0.0,0.0,10,0.0,-1.481273671736817,-1.5345093294671053,-1.5606378682799165,10,0.0227808726056577,0.0,0.0,0.0,10,0.0,4.192069,-0.55387527,-4.6246505,1000,0.9801972,0.0978544799999998,0.0984449699999998,9.06290421210216,0.0005904899999999,0.9999999999999998,2372.672259470234,1000,330.73040752351096,22,638,300.2777440273274,9396.331770896912,3088.40534673066,209.6569528579712,638,2815.4656685631485,71749.0,163.72238945961,200000.0,107.0,16958.932119369507,21400000.0,1221.580021279494,107000.0
2.522998e-08,2.983533e-10,533.9689,0.00040970143,1.5578638e-10,0.009201738,11.24964,35.720047,35.70886,0.5997027,16.97142,0.5222623,18.474407,0.9999999,-0.61764985,-1.0,10000,0.6621537,0.0367671859885304,0.0360904249778424,0.035612023870417,10,0.0003144111877326,1000,1000.0,1000,10,0.0,9559.203546524048,9549.8114071846,9540.203129768372,10,5.8816615595048,-107.6308029008334,-111.8281738856756,-118.2612784332035,10,3.856036926305823,9994.795986702253,9991.239044036858,9985.604473752355,10,3.295343332287546,-16.871823657607354,-17.682014309125584,-18.73970038708326,10,0.5273036394883461,-306.90869,-310.4006756666666,-315.24383166666667,10,2.56063690755522,0.0,0.0,0.0,10,0.0,-1.4752176818278548,-1.5167723867180805,-1.5686178006827889,10,0.0255616330996502,0.0,0.0,0.0,10,0.0,4.542723,-0.55251056,-4.4626703,1000,0.98192185,0.0999211949999998,0.1005116849999998,9.116114691110688,0.0005904899999999,0.9999999999999998,2262.759651348727,1000,375.4407216494845,24,388,216.5289178361012,9393.281218528748,3510.8774675498,210.89056062698364,388,2027.790949659256,72137.0,166.20564699172974,200000.0,108.0,17125.137766361237,21600000.0,1203.3285488185118,108000.0
2.522998e-08,2.9841324e-10,526.45496,0.0002627154,1.5572642e-10,0.009213475,11.235574,35.67813,35.6668,0.6098338,16.614414,0.53765786,17.931393,0.99999976,-0.6172221,-1.0,10000,0.65982014,0.0366779229140811,0.0358574791854218,0.0347908523834048,10,0.0005311344526287,1000,1000.0,1000,10,0.0,9544.541680336,9537.628085517885,9523.938856124878,10,6.490736909830448,-118.03149505893458,-122.03361739421304,-129.75135423469857,10,3.345605272557348,9995.550417000371,9991.591822123077,9988.054422318177,10,2.309108904192654,-17.540447650694823,-18.502260895372423,-19.070358119349567,10,0.4940875899418803,-306.55773666666664,-311.8308105,-315.41930833333333,10,2.8317742472053817,0.0,0.0,0.0,10,0.0,-1.553488341987714,-1.5970491933005055,-1.6415374210589029,10,0.0236866021921068,0.0,0.0,0.0,10,0.0,4.8522177,-0.532294,-4.409422,1000,0.99421287,0.1019879099999998,0.1025783999999998,9.31125094969126,0.0005904899999999,0.9999999999999998,2569.064148599848,1000,295.339248434238,20,958,221.2560055310788,9369.230655193329,2752.022094690476,182.8898887634277,958,2070.192131651158,73095.0,163.8886013031006,200000.0,109.0,17289.026367664337,21800000.0,1220.3411244575448,109000.0
2.522998e-08,2.9733518e-10,522.4998,0.00024143238,1.5680447e-10,0.009163564,11.234939,35.648823,35.637844,0.5996613,10.694123,0.52697843,11.94562,0.99999934,-0.6394102,-1.0,10000,0.63618004,0.0339875906839588,0.0333664737933315,0.0328029438529483,10,0.0003645355814558,1000,1000.0,1000,10,0.0,9565.9614276886,9550.900800895692,9530.417366981506,10,11.193361828902946,-99.21832243042704,-104.41794446344768,-108.74600873583506,10,2.9174820881287644,9986.848016664098,9973.517329752034,9948.631588315637,10,11.455001248326452,-16.416826036287837,-17.10209321348936,-18.072944339584577,10,0.5069853099977372,-295.1517533333333,-299.45970550000004,-304.6274933333333,10,2.5321137073037567,0.0,0.0,0.0,10,0.0,-1.5715073178588792,-1.6367791145632418,-1.689659954014179,10,0.0368631463635466,0.0,0.0,0.0,10,0.0,4.2125807,-0.5529749,-4.4151015,1000,0.9813416,0.1037593799999998,0.1043498699999998,9.472708403125637,0.0005904899999999,0.9999999999999998,3200.2469131962257,998,356.1450676982592,23,517,200.82249694771392,9275.35813331604,3329.7513912471168,183.93647289276123,517,1879.4753329981,73612.0,161.5140242576599,200000.0,110.0,17450.540391921997,22000000.0,1238.2825635063382,110000.0
2.522998e-08,2.9515512e-10,516.91113,0.00027142305,1.5898455e-10,0.009032977,11.223158,35.5805,35.56951,0.55523145,4.9452505,0.47116667,6.2024145,0.99999875,-0.65364754,-1.0,10000,0.6172412,0.0323535084625909,0.031288232505726,0.0306056676833977,10,0.0005053241848405,1000,1000.0,1000,10,0.0,9561.71888446808,9550.906860160829,9528.097835540771,10,8.893279833230704,-84.57909253270968,-87.74084753173925,-92.64411108138395,10,2.556752987751601,9965.598662107208,9949.59405764507,9922.542450337012,10,11.411077067980155,-15.476905625424443,-16.040893949091895,-16.84154931036561,10,0.4894427485400267,-289.36102333333326,-293.15131933333333,-298.48581,10,2.9778860818027515,0.0,0.0,0.0,10,0.0,-1.7155485820756438,-1.7541348678846158,-1.818770226129777,10,0.0370272548417114,0.0,0.0,0.0,10,0.0,4.3034925,-0.5606244,-4.4599743,1000,0.97601295,0.1049403599999998,0.1055308499999998,9.571048728392498,0.0005904899999999,0.9999999999999996,3433.3115356976864,901,292.56231454005933,20,674,155.26306709626232,8391.149380683899,2734.3134182331646,174.5081386566162,674,1453.0418031780032,74286.0,172.94400763511658,200000.0,111.0,17623.484399557114,22200000.0,1156.4436532659004,111000.0
2.522998e-08,2.909981e-10,511.713,0.00025660841,1.631416e-10,0.008954226,11.213935,35.54003,35.529163,0.51819664,-2.191032,0.45832616,-0.96221006,0.99999934,-0.6573647,-1.0,10000,0.61242807,0.0310638563721877,0.0304243892745711,0.0298198533476097,10,0.000357248429594,1000,1000.0,1000,10,0.0,9579.377203941343,9567.737228012084,9545.66422367096,10,9.935199053744494,-76.905388319042,-79.96724809466374,-82.96185730676025,10,1.6358722914881834,9970.061132961237,9952.725239966305,9932.77965059301,10,11.31770987469246,-15.099918084457387,-15.807538154961298,-16.265935425215297,10,0.3648968413097797,-283.21934,-287.4571015,-292.3441266666666,10,2.504787279607165,0.0,0.0,0.0,10,0.0,-1.7255166850283266,-1.756124266027936,-1.800220344064667,10,0.0215675871344122,0.0,0.0,0.0,10,0.0,4.475572,-0.5764772,-4.6820107,1000,0.96437126,0.1070070749999998,0.1075975649999998,9.708095674691911,0.0005904899999999,0.9999999999999998,3017.687223721362,1000,255.67741935483872,21,620,169.4098841418445,9352.0176820755,2391.953823878688,193.64108848571777,620,1586.6931140179702,74906.0,165.96434688568115,200000.0,112.0,17789.448746442795,22400000.0,1205.0781011283293,112000.0
2.522998e-08,2.8091357e-10,505.99667,0.0002782408,1.7322607e-10,0.008829699,11.196062,35.541504,35.531223,0.51871866,-9.277134,0.46523812,-7.9908204,0.9999997,-0.6523496,-1.0,10000,0.6215422,0.0323918111351522,0.0313872002898453,0.0310078871841396,10,0.0004038051206063,1000,1000.0,1000,10,0.0,9578.111134529114,9574.117357635498,9565.026183128355,10,3.856092694981162,-80.69451245082624,-84.7976553935967,-88.80116027939374,10,2.3803020136896005,9977.480275250206,9969.407608359874,9961.356722313863,10,4.528475811600918,-14.035910655426155,-15.492839323374527,-16.482431722165074,10,0.7082619316109842,-289.97519166666666,-293.2039623333333,-299.01224,10,2.583383673092877,0.0,0.0,0.0,10,0.0,-1.7716716417296337,-1.7957917685693,-1.8318226705435448,10,0.0207082083600574,0.0,0.0,0.0,10,0.0,4.123336,-0.6181604,-4.178193,1000,0.9412872,0.1108452599999998,0.1114357499999998,9.762688819134697,0.0005904899999999,0.9999999999999998,1912.8892084345928,1000,238.29661016949152,15,1062,243.83022088640067,9418.810280799866,2241.98147738833,121.31086754798888,1062,2290.9210553835865,75968.0,159.93109369277954,200000.0,113.0,17949.379840135574,22600000.0,1250.5385624648516,113000.0
2.5246514e-08,2.3122869e-10,499.9803,0.000392721,2.2320863e-10,0.008606925,11.207164,35.76581,35.760307,0.97614324,-9.524178,0.6753901,-7.8417916,0.9999975,-0.7959375,-1.0,365,0.49809405,0.0235502608519482,0.0165977743614469,0.0122638181134486,10,0.0037999884879454,64,36.5,24,10,12.03536455617361,616.9011611938477,352.6655219078064,234.88614654541016,10,115.63094200870552,-1.4527364652287216,-3.8343700608670654,-6.204189774648752,10,1.558806226278657,638.0717409929653,363.1089090988862,240.0,10,120.13421725315057,-0.0340811322396991,-0.3353891214706264,-0.7489542167863432,10,0.2526164460221045,-2.8076266666666667,-6.229421666666666,-14.125871666666663,10,3.328510685560602,0.0,0.0,0.0,10,0.0,-0.0197432607212103,-0.0442065648632383,-0.0915669327310461,10,0.0200821134972384,0.0416666666666666,0.0299780760005151,0.015625,10,0.0081988657898416,4.351149,-0.7027228,-4.552617,1000,0.9017767,0.1119278249999998,0.1115341649999998,9.32920508656323,0.0005904899999999,0.381070139535815,708.0876330723881,973,51.63775510204081,15,4116,42.02148119291533,9173.031532287598,486.399967099244,130.41329050064087,4116,396.5128136529325,80084.0,146.73695540428162,200000.0,114.0,18096.116795539856,22800000.0,1362.9831656856377,114000.0
2.5420473e-08,2.3458446e-10,491.85367,0.00037786135,2.2298412e-10,0.008475506,11.271487,35.86173,35.857754,0.85235655,24.22841,0.80043083,27.26033,0.99999976,-0.8081116,-1.0,367,0.4986283,0.0227127823420042,0.0167425796255235,0.0117493124520738,10,0.0033782466104535,67,36.7,24,10,12.744018204632322,648.0121974945068,355.4257257461548,234.1266326904297,10,122.29387517574764,-2.266599115676433,-3.770766402264082,-5.799830796769938,10,1.043905001498746,668.3160296866865,365.7294390961324,240.0,10,126.5786381245506,-0.0126125343873558,-0.3851276288541609,-0.8925777134446051,10,0.2783630789454489,-2.983103333333333,-6.106588,-13.599441666666666,10,3.2480252251379005,0.0,0.0,0.0,10,0.0,-0.0195292662625433,-0.0412314622780077,-0.0791858012358679,10,0.0194312902352453,0.0416666666666666,0.0300587278558436,0.0149253731343283,10,0.0084766897369168,4.7508388,-0.77894694,-4.9530897,1000,0.8579101,0.0984449699999999,0.0978544799999999,7.356229627428938,0.0005904899999999,0.0048455071600171,342.57589653444103,76,33.43877551020408,15,5978,8.125871719835082,708.6122732162476,316.4444672849195,118.68848884105682,5978,76.63659484680272,86062.0,148.7479305267334,200000.0,115.0,18244.86472606659,23000000.0,1344.556521168242,115000.0
2.5562201e-08,2.2643949e-10,482.21695,0.0006329331,2.3368016e-10,0.008046973,11.324111,35.919895,35.918613,1.7987098,75.37225,2.9958272,78.42855,1.0,-0.65216845,-1.0,1173,0.6594944,0.0368332568095396,0.0341807348659516,0.023578805576225,10,0.0036095920836206,213,117.3,62,10,45.64876778183613,2024.3314418792725,1117.4702605247498,597.9288921356201,10,432.79978417742194,-7.181441956369207,-17.32886156448354,-32.379935071696906,10,7.262858137551279,2129.2006255536685,1172.7348525606528,619.9999912393498,10,456.25162674425866,-1.0352996107182229,-2.393862562099888,-4.665371767474252,10,1.1272791853040864,-13.774918333333332,-35.35854833333333,-67.47077833333333,10,15.247650124912566,0.0,0.0,0.0,10,0.0,-0.0794359296215588,-0.1833192793128188,-0.353096941942229,10,0.0816877661026761,0.0161290322580645,0.0097959012117008,0.0046948356807511,10,0.0034604768308071,4.3916054,-0.73799056,-4.3246264,1000,0.89153224,0.0836827199999998,0.0830922299999998,5.524381525037118,0.0005904899999999,1.0274859155908444e-05,410.2373614085939,145,45.09816513761468,17,4360,14.779557426871667,1363.085223197937,426.39799855291295,135.71993279457092,4360,139.83649461676973,90422.0,158.21024751663208,200000.0,116.0,18403.07497358322,23200000.0,1264.140617560027,116000.0
2.55675e-08,2.6972127e-10,472.0782,0.0004118003,1.9049372e-10,0.008085607,11.354378,35.991863,35.987324,3.575028,128.84181,13.682418,130.21098,1.0,-0.6003412,-1.0,10000,0.6982583,0.041828181742705,0.0406515624365172,0.0394213553019508,10,0.0008525641060188,1000,1000.0,1000,10,0.0,9482.951632499697,9346.7417853117,9074.144010305405,10,124.48592363811258,-136.84214868652418,-145.035172093058,-158.79772358378966,10,6.026457906468639,9978.403559213008,9853.752843489425,9597.607865749564,10,120.0340301425302,-16.0463292288381,-17.46743536892058,-18.887625957205643,10,0.7757270943781925,-332.35280666666665,-342.8901805,-351.83071666666666,10,5.841086876995292,0.0,0.0,0.0,10,0.0,-1.5390610147189794,-1.6182668433680123,-1.6841133559026646,10,0.0492533248388752,0.0,0.0,0.0,10,0.0,4.3054647,-0.6231848,-4.5832644,1000,0.96206135,0.0748253699999999,0.0742348799999999,4.652252726421404,0.0005904899999999,1.9323034318358197e-07,838.1366451112154,380,87.45428706774041,20,2111,39.88467113230455,3523.203914165497,817.9545205389152,183.8986110687256,2111,370.7014084632852,92533.0,163.490314245224,200000.0,117.0,18566.565287828445,23400000.0,1223.3140594495037,117000.0
2.5484303e-08,2.9450947e-10,469.31854,0.00014081346,1.6420808e-10,0.008306922,11.363028,36.038624,36.03108,5.3259997,177.6274,33.65101,176.7026,1.0,-0.61856717,-1.0,10000,0.6831834,0.0392235466695128,0.0382361262080259,0.0376167642953369,10,0.0005021899027061,1000,1000.0,1000,10,0.0,9486.259793281555,9428.017140579224,9329.480731010435,10,53.08551645070181,-112.23007077112796,-121.9899018322952,-129.99400030120978,10,4.55397734581603,9943.449186392323,9886.421881549322,9801.021472240827,10,48.29159192077864,-17.469658367307826,-18.52793722560348,-19.77487642356291,10,0.5936537744099492,-311.82203666666663,-316.4282991666666,-326.2111233333333,10,4.264886289733898,0.0,0.0,0.0,10,0.0,-1.3873506994112397,-1.4586036917832543,-1.5284473759914845,10,0.0446854191803442,0.0,0.0,0.0,10,0.0,4.2014422,-0.56094307,-4.7148547,1000,0.9869549,0.0715776749999999,0.0715481504999999,4.561849241562223,0.0005609655,0.1000000485279039,1467.768477928155,1000,321.23783783783784,33,370,275.0807992860745,9352.76570224762,2976.6673941654126,313.44028663635254,370,2544.958944560958,92903.0,157.14001059532166,200000.0,118.0,18723.705298423767,23600000.0,1272.7503278274207,118000.0
2.5416545e-08,3.0349995e-10,472.34164,-0.00036484364,1.539979e-10,0.008866993,11.348336,35.987514,35.978172,6.4769883,222.77887,49.24147,220.26978,1.0,-0.6136601,-1.0,10000,0.6794558,0.038784114830938,0.0382257181065768,0.037646963023275,10,0.0003234772844885,1000,1000.0,1000,10,0.0,9501.275159835815,9442.84565243721,9370.31515789032,10,40.07563757891744,-107.65585833504892,-113.73377323710834,-119.1043479925096,10,3.5779004484238848,9955.054240026126,9896.710169702474,9824.688286024044,10,40.00385832553664,-18.318818941272227,-18.869156933652583,-19.447443051533103,10,0.4141625492517744,-315.4193083333333,-319.7360343333333,-325.9479083333333,10,3.211702408658609,0.0,0.0,0.0,10,0.0,-1.4727363697658724,-1.5255526220883515,-1.5756210604806833,10,0.0357652740206045,0.0,0.0,0.0,10,0.0,5.2407837,-0.54154503,-4.8671575,1000,0.9960707,0.0722762246699998,0.0727082862029999,4.993627591579979,0.000432061533,0.4794666947337684,2538.587624494024,1000,417.6168831168831,24,616,288.9037654461886,9326.438601493835,3807.240780286967,216.16652584075928,616,2667.956989409028,93519.0,156.0237522125244,200000.0,119.0,18879.72905063629,23800000.0,1281.8561094952663,119000.0
2.5357568e-08,3.0045896e-10,480.9526,-0.00046476856,1.5597729e-10,0.009121916,11.297209,35.854572,35.844376,6.5374866,266.94055,49.23474,264.37918,0.99999994,-0.6033111,-1.0,10000,0.67025316,0.0384183919951174,0.0376766728087997,0.0368281465924665,10,0.0004870242699764,1000,1000.0,1000,10,0.0,9434.920266151428,9401.125988292692,9360.381856918337,10,24.980960762880883,-101.2831770777976,-109.00042492554378,-120.60502791146688,10,4.993286609809844,9886.43100876332,9856.455457087974,9820.37855607515,10,22.99252526500988,-17.317346274016323,-18.16268643334688,-19.08331793620616,10,0.5493644855072434,-322.3506366666666,-326.4743383333333,-330.77351666666664,10,2.783394049174907,0.0,0.0,0.0,10,0.0,-1.6319277858850931,-1.6920172578906665,-1.7335386348509274,10,0.0312061452456509,0.0,0.0,0.0,10,0.0,5.4651327,-0.53479373,-5.199571,1000,0.99405664,0.0736911863324999,0.0740786068214999,5.703844165601952,0.000387420489,0.7581721730393313,2661.5718607359504,1000,319.51851851851853,16,648,263.5223354139128,9198.167541980743,2874.510652236808,139.5196452140808,648,2393.1886826262366,94167.0,155.17152047157288,200000.0,120.0,19034.900571107864,24000000.0,1288.8963090146403,120000.0
2.5308342e-08,2.9565478e-10,488.8804,-0.00026258497,1.5989536e-10,0.009062432,11.218833,35.686714,35.67614,5.631431,296.9755,36.039722,295.18805,0.99999994,-0.58028746,-1.0,10000,0.67594326,0.0396619735557906,0.0392689437308261,0.038772546627777,10,0.000268814529045,1000,1000.0,1000,10,0.0,9486.221406936646,9446.671441936493,9419.300590515137,10,18.56155423803993,-106.1961781657366,-109.67644321262924,-113.42934117975167,10,2.1061301855212315,9953.382939358164,9918.250807994102,9888.061633118825,10,18.972500315511844,-18.499095879735847,-19.356683167734666,-20.40561308615518,10,0.6657538861117793,-337.35389166666664,-340.7756866666667,-345.33808,10,2.35753407786022,0.0,0.0,0.0,10,0.0,-1.7157812014122942,-1.7705516427286312,-1.8125072522727703,10,0.0327620718391614,0.0,0.0,0.0,10,0.0,4.6478686,-0.5409329,-4.432642,1000,0.97785777,0.0746597375549999,0.0750471580439999,6.427239433559116,0.000387420489,0.8657822792370056,3647.1535149438296,1000,623.5451977401129,26,354,418.49404405118696,9270.629489898682,5686.583322629669,238.0869102478028,354,3839.577738129756,94521.0,162.68553137779236,200000.0,121.0,19197.586102485657,24200000.0,1229.365625241467,121000.0
2.5269518e-08,2.8809652e-10,491.58496,-7.886164e-05,1.6675479e-10,0.00892739,11.147532,35.578384,35.5678,4.225763,302.05508,22.716896,301.03516,1.0,-0.55537385,-1.0,10000,0.69318175,0.0429754909071925,0.0422533351430232,0.0418381206361664,10,0.0002958686750132,1000,1000.0,1000,10,0.0,9506.32411289215,9492.603692245484,9482.033787727356,10,8.414848552438793,-109.43653124919354,-114.90048473154472,-119.18632389397064,10,2.78615787248714,9994.860607292972,9987.507028612958,9979.493532076562,10,5.076845911180837,-18.953265233296143,-19.445550148283395,-20.11436094962168,10,0.3767319583758531,-353.6732216666667,-358.8497833333334,-364.28956,10,3.2999412436500606,0.0,0.0,0.0,10,0.0,-1.649697787361873,-1.7075213042952064,-1.7482552820690196,10,0.0309390132613446,0.0,0.0,0.0,10,0.0,4.290683,-0.5183144,-4.259532,1000,0.97948015,0.0750471580439999,0.0754345785329999,6.878992503705075,0.000387420489,0.8926258233896045,4746.048427265732,1000,634.9124423963134,30,217,213.48198789111584,9238.110891342165,5764.713412944554,264.90358543396,217,1928.7550480522425,94738.0,155.52377557754517,200000.0,122.0,19353.1098780632,24400000.0,1285.9770106357705,122000.0
2.5237647e-08,2.779693e-10,490.3149,-7.005419e-05,1.7630838e-10,0.008895723,11.089519,35.512012,35.501495,3.19354,291.94107,14.024682,291.401,1.0,-0.49286723,-1.0,10000,0.7458464,0.0543611970573401,0.0518457073062978,0.0509205196762195,10,0.0009897378095123,1000,1000.0,1000,10,0.0,9380.303868293762,9362.893915462491,9336.358051300049,10,12.82967938363699,-170.9695351765699,-179.90752537222255,-194.89883956829107,10,6.680051835267222,9999.99242008632,9996.634557275578,9979.25690153821,10,6.645024373294049,-20.01776192036168,-21.02702687434301,-21.94235663159254,10,0.5060882160264264,-424.30258,-430.9005026666667,-445.5352566666666,10,5.993857582527726,0.0,0.0,0.0,10,0.0,-1.865587024381255,-1.905586387972911,-1.9368256392406875,10,0.0220059795678302,0.0,0.0,0.0,10,0.0,4.6086564,-0.46729687,-4.257301,1000,0.99758995,0.0754345785329999,0.0758219990219999,7.07202108967696,0.000387420489,0.9141006587116836,5619.725655875085,1000,680.010033444816,46,299,418.19511444478144,9320.294010162354,6259.38412642616,421.6435031890869,299,3886.676784846021,95037.0,156.27976775169373,200000.0,123.0,19509.389645814896,24600000.0,1279.7561890274335,123000.0
2.522998e-08,2.762787e-10,490.63147,-5.9886865e-05,1.7786098e-10,0.008891254,11.073731,35.458965,35.44777,2.7993665,271.12012,11.88188,270.489,1.0,-0.48280573,-1.0,10000,0.74786234,0.0543320559257845,0.0530695947943459,0.0524137330503872,10,0.0005352508455417,1000,1000.0,1000,10,0.0,9388.43285560608,9380.069197463989,9366.807269096376,10,6.428463774885152,-149.10969456275518,-153.05181920672,-158.905974111452,10,3.1099058648144524,10000.0,9999.679432360745,9998.85380166904,10,0.4056227507532308,-20.3550373735863,-21.46945983174456,-22.732236921495804,10,0.7821241191685478,-438.69166666666666,-443.0698095,-449.39574333333337,10,3.3170312108710025,0.0,0.0,0.0,10,0.0,-1.977435385179966,-2.019146528703415,-2.066872693307664,10,0.0288496554665204,0.0,0.0,0.0,10,0.0,4.721952,-0.40840352,-4.3593807,1000,1.0255078,0.0760157092664999,0.0764031297554999,7.493551095537611,0.000387420489,0.938152474272412,4750.737066708668,1000,515.125850340136,35,294,273.40014744743087,9184.136158943176,4643.139532589322,327.18829917907715,294,2444.868390950984,95331.0,160.67963004112244,200000.0,124.0,19670.06927585601,24800000.0,1244.7128484725436,124000.0
2.522998e-08,2.7659783e-10,490.7129,-0.0002694645,1.7754181e-10,0.009102295,11.057891,35.389214,35.37798,2.4987042,242.28967,10.398185,241.5854,1.0,-0.50197816,-1.0,10000,0.7445429,0.0517793375285546,0.0508629874266887,0.0502070770235004,10,0.0003899395439271,1000,1000.0,1000,10,0.0,9421.754253387451,9414.790547466278,9403.476140975952,10,5.677076532666283,-135.7675173456271,-140.13963263095283,-145.2980693643051,10,2.739208243466466,9999.999253428316,9999.162507988947,9997.3602672351,10,0.934135834235212,-21.50537436710183,-22.24375914516758,-23.428684090313315,10,0.6073477939960867,-414.21267166666667,-420.1262353333333,-425.9696083333333,10,3.7127313158005455,0.0,0.0,0.0,10,0.0,-1.8020139615072777,-1.8623385447022884,-1.929239277756088,10,0.0398613433271148,0.0,0.0,0.0,10,0.0,5.2674756,-0.3879745,-5.296805,1000,1.0365502,0.0769842604889999,0.0773716809779999,7.985092662058128,0.000387420489,0.964229223638444,4711.7090949724925,1000,428.3307210031348,23,638,295.11358319679977,9201.889639377594,3870.690520436785,202.02486896514893,638,2684.7511469330234,95969.0,166.1383752822876,200000.0,125.0,19836.207651138306,25000000.0,1203.8157930711536,125000.0
2.522998e-08,2.7904837e-10,492.1867,-0.0001612701,1.7509127e-10,0.00902063,11.040102,35.32909,35.317745,2.2150466,208.1985,8.67531,207.50052,1.0,-0.51570743,-1.0,10000,0.7390039,0.0500194781710597,0.0490755184005043,0.0483333659375639,10,0.0005098921379686,1000,1000.0,1000,10,0.0,9447.76595211029,9435.250525856018,9420.524733543396,10,7.39823534592464,-128.31974459415835,-134.95281000078202,-140.13501767705657,10,2.973075977324464,10000.0,9997.72415989145,9993.845995253963,10,2.042793705661702,-22.11561439772372,-23.110423121535547,-23.938345143477456,10,0.5307756967736116,-396.665005,-402.613664,-411.2295683333333,10,5.111433796045459,0.0,0.0,0.0,10,0.0,-1.7104456929945169,-1.7967354099345794,-1.902392589586224,10,0.0533565384582812,0.0,0.0,0.0,10,0.0,4.440381,-0.41647464,-4.680196,1000,1.0187722,0.0777591014669999,0.0781465219559999,8.457402798325992,0.000387420489,0.9774820030773156,5383.198209525613,1000,759.3101045296168,23,287,350.85831739812795,9303.48331451416,6974.654854756614,201.4821801185608,287,3228.688406937934,96256.0,170.38003730773926,200000.0,126.0,20006.587688446045,25200000.0,1173.8464385869418,126000.0
2.522998e-08,2.8433372e-10,492.835,-0.00013777787,1.6980593e-10,0.009008807,11.023502,35.268345,35.257088,1.824125,172.30855,5.9790025,171.77744,1.0,-0.52039945,-1.0,10000,0.73647296,0.049312078113362,0.0485277539880859,0.0476193067563435,10,0.000577586842571,1000,1000.0,1000,10,0.0,9448.097031593325,9434.111138916016,9424.530524253843,10,8.288030206442057,-133.75018569867075,-139.43896080652812,-144.6463792046459,10,3.396014272937205,10000.0,9997.095498250925,9990.979208537005,10,2.619288628680899,-21.824658493366183,-23.04227634796896,-24.17207539064927,10,0.7753380977926593,-392.1026116666666,-398.6829866666666,-404.561455,10,4.3461925338150165,0.0,0.0,0.0,10,0.0,-1.7578438405309085,-1.820136338075424,-1.8567758603817075,10,0.0290531632293087,0.0,0.0,0.0,10,0.0,4.580391,-0.43363228,-4.2077227,1000,1.0112884,0.0781465219559999,0.0785339424449999,8.83541814980231,0.000387420489,0.9819856024618524,6138.5414390575625,1000,960.7745098039215,33,204,162.16406645212473,9328.12446308136,8868.802388700784,304.01927185058594,204,1509.7965326559831,96460.0,162.89514899253845,200000.0,127.0,20169.482837438583,25400000.0,1227.7836463329006,127000.0
2.522998e-08,2.8759323e-10,495.13904,-0.0005547489,1.665464e-10,0.009467251,11.0428095,35.30136,35.29032,1.7370406,133.2657,5.561564,132.69083,1.0,-0.5106564,-1.0,10000,0.7353063,0.0504935554463154,0.0494041308024869,0.0484064524394198,10,0.0005520259573104,1000,1000.0,1000,10,0.0,9417.992909431458,9410.013716411591,9395.411416053772,10,6.451129004284569,-142.57223281730063,-150.43451406264384,-159.69335985758124,10,4.422138919377199,9997.984563764829,9996.597220243242,9993.178449405415,10,1.4098543609099026,-21.798622661024275,-22.80753019722635,-24.014312855442096,10,0.6790771121646378,-407.8077733333333,-411.3962711666667,-416.669345,10,2.791527134407599,0.0,0.0,0.0,10,0.0,-1.8905564064608908,-1.9451868165443769,-1.9840876164716696,10,0.0315057227671494,0.0,0.0,0.0,10,0.0,5.008528,-0.39862812,-5.110859,1000,1.0315776,0.078921362934,0.079308783423,9.291670856338389,0.000387420489,0.9882786320018454,4718.370968042496,1000,270.52504038772213,24,619,208.5326702819431,9272.47555923462,2432.3614122328777,214.09657669067383,619,1895.505187635063,97079.0,164.06025791168213,200000.0,128.0,20333.543095350266,25600000.0,1219.0642788557918,128000.0
2.522998e-08,2.92954e-10,500.8868,-0.00048178888,1.6118565e-10,0.0094977515,11.051484,35.307327,35.296635,1.5230825,97.068184,4.285514,96.81195,1.0,-0.49614,-1.0,10000,0.74550295,0.0530572220903559,0.0515450800609047,0.0498428767774457,10,0.0008336084546605,1000,1000.0,1000,10,0.0,9389.000442504885,9367.996586036685,9351.275097846985,10,9.49541058619409,-161.63180727436009,-177.08724189680612,-186.0097852325423,10,6.960554258299396,10000.0,9998.575420583697,9995.573817740322,10,1.6044661312879658,-24.21633076951112,-24.65407845719489,-25.24968038523876,10,0.3209907358698194,-419.56471,-426.88208700000007,-435.620825,10,4.1352966935834985,0.0,0.0,0.0,10,0.0,-1.906515916298814,-1.955428095128728,-2.033790738891198,10,0.0385382127794848,0.0,0.0,0.0,10,0.0,5.1334534,-0.40242088,-4.5574675,1000,1.0273393,0.08047104489,0.080858465379,9.458713948142412,0.000387420489,0.995039154277234,3745.623624004248,1000,312.7310924369748,24,833,324.55317102437294,9261.254137516022,2846.0722463053226,220.3507142066956,833,2987.7670741659376,97912.0,165.2259862422943,200000.0,129.0,20498.76908159256,25800000.0,1210.4633450740105,129000.0
2.522998e-08,2.9551805e-10,509.49353,-0.000629321,1.5862159e-10,0.009800203,11.072073,35.343704,35.333252,1.3881065,64.64839,3.472279,64.5666,1.0,-0.5071339,-1.0,10000,0.73804426,0.0516976550926192,0.050028522975216,0.048041847719156,10,0.00095157038343,1000,1000.0,1000,10,0.0,9422.69836616516,9393.025794696809,9361.040764808657,10,16.401662640854507,-144.71924619864393,-160.29880954532427,-174.47932392548068,10,8.559082627918425,10000.0,9996.80161054901,9981.871570609448,10,5.353148066000284,-21.65011638125451,-23.42556346142154,-24.924688026523427,10,1.0735475890587638,-405.9652683333333,-418.0731583333333,-428.4262816666667,10,5.817653594657058,0.0,0.0,0.0,10,0.0,-1.9513082416044576,-1.978284532203413,-2.0144616317777664,10,0.0211430307094267,0.0,0.0,0.0,10,0.0,4.6753726,-0.43091124,-4.795562,1000,1.014557,0.0818270166015,0.0822144370905,9.690569106191695,0.000387420489,0.997823933642027,2267.5447832707214,1000,341.65686274509807,25,408,254.0057122677902,9258.207872390749,3118.641704380092,222.37020063400269,408,2330.258467817589,98320.0,163.0816330909729,200000.0,130.0,20661.850714683533,26000000.0,1226.3796738436674,130000.0
2.522998e-08,2.986405e-10,516.6939,-0.0006003145,1.5549914e-10,0.009900806,11.060297,35.304417,35.29437,1.1547307,41.328648,2.2288487,41.712963,1.0,-0.5294702,-1.0,10000,0.71439314,0.04851089204468,0.0462670803801069,0.0438261594874056,10,0.0012856375181506,1000,1000.0,1000,10,0.0,9486.21382522583,9451.501518154144,9408.823300361631,10,20.82727957528152,-112.92632625295956,-128.50864615035687,-146.54645286379258,10,9.370336342388658,10000.0,9997.81797035821,9990.358708006752,10,3.52426807807121,-18.05897970872946,-19.57187874410761,-21.11683689872453,10,0.9844552915236272,-379.55603,-396.2526348333332,-411.8437366666666,10,8.515867446795996,0.0,0.0,0.0,10,0.0,-1.9162503534482025,-1.9832913217320065,-2.049151258946562,10,0.0425056799003767,0.0,0.0,0.0,10,0.0,4.2785597,-0.45545462,-4.76704,1000,1.0039237,0.082795567824,0.083182988313,9.609276941365955,0.000387420489,0.9987414276945886,3383.830293421128,1000,773.5979020979021,33,286,293.7452321216469,9335.115169525146,7174.01224950727,310.8500728607178,286,2728.737165691753,98606.0,166.27378273010254,200000.0,131.0,20828.124497413635,26200000.0,1202.8354483559335,131000.0
2.522998e-08,3.0155115e-10,523.6288,-0.0006729264,1.525885e-10,0.010098245,11.074896,35.329308,35.31953,1.031971,23.812752,1.7323776,24.433207,0.99999994,-0.5719986,-1.0,10000,0.6760716,0.0408189295604097,0.040069963745019,0.0395629815832217,10,0.0003533312884526,1000,1000.0,1000,10,0.0,9537.731197357178,9531.810088920593,9523.288479804993,10,4.848888707656378,-93.43852075077142,-96.07251632362625,-99.17673824949608,10,1.9856452081753,9999.870211120113,9995.14876812659,9991.128457153482,10,2.603300382841406,-11.64133008596206,-12.180064003840108,-13.217561575058204,10,0.4574403890583291,-349.286305,-353.2608515,-356.8318016666666,10,2.6336265144829207,0.0,0.0,0.0,10,0.0,-1.7819244250998674,-1.8252475691574408,-1.882315414942239,10,0.0311649882550249,0.0,0.0,0.0,10,0.0,4.338113,-0.45800313,-4.6436205,1000,1.0031426,0.083570408802,0.083957829291,9.62323362166607,0.000387420489,0.9992077184175772,3405.5066201283057,1000,486.302752293578,21,436,256.812581309854,9305.3714761734,4504.032949885097,166.49601554870603,436,2383.171445145918,99042.0,157.866384267807,200000.0,132.0,20985.99088168144,26400000.0,1266.8941581680674,132000.0
2.522998e-08,3.0498287e-10,529.1913,-0.00020367559,1.4915677e-10,0.009729117,11.063067,35.2818,35.27243,0.8921836,13.317446,1.2542008,14.320445,1.0,-0.58660966,-1.0,10000,0.66349065,0.0383369520398409,0.0380489752774243,0.0374469948768237,10,0.0002738655392038,1000,1000.0,1000,10,0.0,9556.771538734436,9541.78502893448,9529.448315620422,10,8.196938404610016,-91.8286350179404,-93.95873057927912,-96.10866986054398,10,1.6501712358995164,9996.877260670082,9988.20190529504,9978.3491440639,10,5.898521419843341,-10.99552456454372,-11.601048745609663,-12.153388484730492,10,0.4169831781640867,-335.33591,-339.0823368333333,-345.4258183333333,10,2.998559430648186,0.0,0.0,0.0,10,0.0,-1.7033675563338613,-1.774761566966486,-1.8445749268790272,10,0.0356849608261578,0.0,0.0,0.0,10,0.0,4.2994595,-0.4736695,-4.3250775,1000,0.9931827,0.083957829291,0.08434524978,9.443363136900755,0.000387420489,0.9993661747340618,4369.832423845412,1000,433.4021352313167,24,281,321.7043223636718,9328.996209144592,4009.523787151452,219.0067548751831,281,2981.848874528114,99323.0,162.90942406654358,200000.0,133.0,21148.900305747982,26600000.0,1227.6760607680133,133000.0
2.522998e-08,3.0800107e-10,530.14557,9.702791e-06,1.4613859e-10,0.009532917,11.060154,35.24957,35.2401,0.78173894,10.789814,0.96474916,12.072109,0.9999998,-0.5921271,-1.0,10000,0.6641323,0.0388675969441392,0.037749496311706,0.0366038491748477,10,0.0008006377396049,1000,1000.0,1000,10,0.0,9564.610756874084,9550.512423610688,9538.905049324036,10,7.20174964795683,-93.06869462986624,-96.65399854512472,-104.5497156981713,10,3.3440060514244623,9999.051886736936,9994.070851585677,9984.775075436914,10,4.459267313585928,-11.552300971739358,-12.669691002787768,-13.536512256792252,10,0.74831055057475,-321.12229999999994,-332.4844141666666,-344.1097433333333,10,6.645939854204829,0.0,0.0,0.0,10,0.0,-1.6970798979672628,-1.7503296086677325,-1.854946757002392,10,0.0451657740127488,0.0,0.0,0.0,10,0.0,4.695359,-0.49154598,-5.2061305,1000,0.9856642,0.0845389600245,0.0849263805135001,9.25152970353824,0.000387420489,0.9995436458085244,4863.755540332422,1000,374.4359464627151,27,523,304.07446822450623,9350.409665107729,3470.170738642775,243.6562695503235,523,2834.480363935057,99846.0,162.8761284351349,200000.0,134.0,21311.77643418312,26800000.0,1227.9270260260982,134000.0
2.522998e-08,3.1047592e-10,519.3487,0.0007094973,1.4366376e-10,0.00863878,11.0269375,35.115646,35.10607,0.65096015,15.848894,0.62150437,17.469913,0.99999994,-0.5872148,-1.0,10000,0.6789183,0.0409130530955008,0.0393065359468106,0.0383492618838063,10,0.000725467177204,1000,1000.0,1000,10,0.0,9549.961281776428,9534.638909721374,9515.50138759613,10,10.319689304142456,-91.12505917715607,-97.0912525745153,-104.91607728755233,10,3.579845014432592,9996.704682121526,9988.037050889843,9972.318043571046,10,7.418236920669996,-12.389412379562575,-13.405947347638431,-16.015916388676583,10,0.9568700890994744,-334.45852666666667,-341.1441876666666,-349.812735,10,4.12217062854586,0.0,0.0,0.0,10,0.0,-1.714725887333779,-1.7567566994574129,-1.800021359291821,10,0.0290244683833914,0.0,0.0,0.0,10,0.0,4.724882,-0.5090655,-5.305934,1000,0.9799598,0.0857012214915001,0.0860886419805001,8.942400060774672,0.000387420489,0.9997605053203136,4361.002273613552,1000,450.53721682847896,24,618,310.7194117238693,9349.263607025146,4197.8113620373615,216.31682062149048,618,2901.690503651262,100464.0,161.64388823509216,200000.0,135.0,21473.420322418213,27000000.0,1237.28773282862,135000.0
2.522998e-08,3.108419e-10,508.63257,0.00037686396,1.4329776e-10,0.008778522,11.042868,35.107933,35.09812,0.6536202,23.762537,0.62684816,25.419224,0.99999994,-0.5913246,-1.0,10000,0.6785733,0.041052614186352,0.0387605346853699,0.0377675612714228,10,0.0009956865414988,1000,1000.0,1000,10,0.0,9557.461923599243,9543.464490127564,9525.513864517212,10,8.59708451334258,-90.364514370821,-95.0719635243023,-103.67955143996872,10,4.199807106208238,9994.2925201602,9988.702568774585,9979.667768028248,10,5.565476156906245,-12.174784500047195,-14.039388132122031,-16.38396191601396,10,1.2719571432014836,-328.4045816666666,-334.42343133333327,-347.00510833333334,10,5.2449914023773365,0.0,0.0,0.0,10,0.0,-1.6675962368116783,-1.703296296321292,-1.735868283765808,10,0.0239490035674444,0.0,0.0,0.0,10,0.0,4.650028,-0.52014095,-4.3684983,1000,0.98083746,0.0868634829585001,0.0872509034475001,8.818585816235862,0.000387420489,0.99988036948683,4035.425648644824,1000,367.445632798574,27,561,241.96177049506355,9353.790762901306,3424.657516438693,240.7454309463501,561,2262.080389156631,101025.0,170.15718460083008,200000.0,136.0,21643.577507019043,27200000.0,1175.3838103820174,136000.0
2.522998e-08,3.0958197e-10,502.97867,0.00022164134,1.4455769e-10,0.008831975,11.054594,35.104046,35.094177,0.69542676,32.142303,0.70124876,33.736336,1.0,-0.58364755,-1.0,10000,0.693621,0.0422701526798628,0.040644394302828,0.039683748910189,10,0.0009207276435168,1000,1000.0,1000,10,0.0,9549.470504760742,9534.466363525393,9513.552315711975,10,10.229149002571178,-92.84856478686105,-100.35240227132168,-111.67717301777468,10,5.033931743412547,9999.52231518019,9996.681070140034,9993.00059238258,10,1.860870173997256,-16.18624935799206,-17.505143286083584,-19.036703310769973,10,0.8913140311737017,-336.03781666666663,-342.70593,-353.5854833333333,10,5.505886268894913,0.0,0.0,0.0,10,0.0,-1.6121823546896246,-1.6512330227785537,-1.6915048369043415,10,0.0270793944400337,0.0,0.0,0.0,10,0.0,4.4467163,-0.51618105,-4.4149513,1000,0.9870249,0.0882194546700001,0.0886068751590001,8.770386087909241,0.000387420489,0.9999428053428518,3010.726281403989,884,251.3427895981088,16,846,213.2163259326724,8224.080514431,2335.780692478021,143.5138635635376,846,1989.920032841839,101871.0,160.86617159843445,200000.0,137.0,21804.44367861748,27400000.0,1243.2694705960566,137000.0
2.522998e-08,3.097028e-10,498.64447,0.00026962403,1.4443685e-10,0.008705976,11.044203,35.054348,35.044415,0.7359713,39.84733,0.7982989,41.42325,1.0,-0.584679,-1.0,10000,0.7052,0.0429122377496532,0.041878795063906,0.0407234729447373,10,0.0005658196529463,1000,1000.0,1000,10,0.0,9530.975918769836,9520.645102596283,9505.16660118103,10,8.263061032328272,-100.52176238929997,-110.52756509879688,-119.2815233268598,10,4.682830744085586,9999.945179256634,9996.211802296715,9976.11964103862,10,6.788274457545316,-18.52895092670009,-19.808047718985808,-21.579457668861096,10,0.9666861505269524,-337.704845,-343.64473016666665,-350.4269033333333,10,3.662389732580547,0.0,0.0,0.0,10,0.0,-1.4776154269707535,-1.5863561688907208,-1.721127421790816,10,0.0640017670398696,0.0,0.0,0.0,10,0.0,4.350273,-0.52804905,-4.36464,1000,0.9833022,0.0897691366260001,0.0901565571150001,8.689658476526239,0.000387420489,0.9999773275769372,3196.6309561430567,1000,418.7425149700599,23,501,308.5539830369499,9402.56927394867,3912.092020963242,206.5177502632141,501,2891.42302571121,102372.0,159.81844878196716,200000.0,138.0,21964.262127399445,27600000.0,1251.4199801354014,138000.0
2.522998e-08,3.1052802e-10,495.29474,0.00022080513,1.4361166e-10,0.0086945,11.039708,35.01667,35.006596,0.77579117,46.37701,0.92351735,47.83292,1.0,-0.59407437,-1.0,10000,0.7029315,0.0420515061780315,0.0412961174163414,0.0408429588414001,10,0.0003879604019297,1000,1000.0,1000,10,0.0,9538.865248680117,9526.54063682556,9511.630760192871,10,7.87208072149156,-101.3817545640924,-110.33557054093926,-121.78475784064906,10,5.809791009803312,9999.937315581068,9998.082148630923,9995.944520867428,10,1.4045982322228965,-18.33699006856965,-19.70559838695505,-21.03169755527291,10,0.7919907173868628,-336.651985,-339.9158509999999,-343.93426666666664,10,2.514526140686604,0.0,0.0,0.0,10,0.0,-1.547701033150799,-1.5844870733749696,-1.6272367140839266,10,0.0293513817500783,0.0,0.0,0.0,10,0.0,4.180604,-0.53619695,-4.605687,1000,0.98243785,0.0907376878485002,0.0911251083375002,8.718183421900193,0.000387420489,0.9999871547714582,2794.0777449727752,1000,285.9820051413882,32,389,173.27944408677882,9318.690079212189,2658.457270560657,290.8474931716919,389,1610.363970185591,102761.0,158.99691367149353,200000.0,139.0,22123.25904107093,27800000.0,1257.8860518841498,139000.0
2.522998e-08,3.1281272e-10,492.7456,0.00019860403,1.4132695e-10,0.008670817,11.036632,34.988056,34.977886,0.797198,50.88472,1.0217695,52.249416,1.0,-0.6110239,-1.0,10000,0.69128937,0.040311497633389,0.0395386322690173,0.037892216981927,10,0.0006808565407228,1000,1000.0,1000,10,0.0,9560.09352874756,9544.014941883088,9526.019373893738,10,10.07350707031999,-95.06943667713792,-103.45372078067476,-110.41759814578889,10,4.235337801374051,9999.65345565034,9994.200256178374,9979.1214236816,10,6.055385856364071,-16.33376193795435,-18.051016547414992,-19.695384717100268,10,0.8735056755703621,-318.753365,-327.0972805,-332.7914983333333,10,4.016739093297444,0.0,0.0,0.0,10,0.0,-1.516222293144554,-1.5832937860900227,-1.640305451460886,10,0.0400099107451682,0.0,0.0,0.0,10,0.0,4.4370947,-0.5326021,-4.498019,1000,0.9878031,0.0917062390710002,0.0920936595600002,8.750394123176031,0.000387420489,0.9999925707004108,3440.95904841728,1000,459.259765625,42,512,343.7920271216961,9427.669401168823,4284.893680512498,381.8670253753662,512,3220.4298458942685,103273.0,163.6875319480896,200000.0,140.0,22286.946573019028,28000000.0,1221.8401586226262,140000.0
2.522998e-08,3.1179112e-10,487.71393,0.0003097131,1.4234854e-10,0.008469137,11.017704,34.919113,34.90879,0.7941629,53.19024,1.0114183,54.522537,1.0,-0.6152503,-1.0,10000,0.69157046,0.0402437569755857,0.0394991166294348,0.0387099026147188,10,0.0004122175099546,1000,1000.0,1000,10,0.0,9565.685687065125,9550.62759809494,9540.82588672638,10,6.481444448052841,-88.88868998199965,-97.670948911992,-103.3098566128292,10,4.249229139977714,9999.746868969767,9995.275133665104,9986.55678888696,10,3.508160753103653,-16.48724334529932,-17.507330387375305,-18.43395273050546,10,0.6628806077331291,-324.71957166666664,-327.860604,-332.70376,10,2.8375721861772605,0.0,0.0,0.0,10,0.0,-1.5463066214804155,-1.6086579990868084,-1.6565975561876332,10,0.0368601544154421,0.0,0.0,0.0,10,0.0,4.362253,-0.5394561,-4.40102,1000,0.98494864,0.0926747902935002,0.0930622107825002,8.780679258514786,0.000387420489,0.9999957908755116,4028.578713507957,1000,534.2394366197183,18,426,410.5975537199526,9426.265842437744,4995.686430790055,162.1782159805298,426,3858.968128237552,103699.0,174.703453540802,200000.0,141.0,22461.65002655983,28200000.0,1144.797060083818,141000.0
2.522998e-08,3.1220032e-10,481.4371,0.00036017835,1.4193935e-10,0.008305689,11.000797,34.863598,34.853283,0.7886382,54.357254,1.037304,55.6648,1.0,-0.62463766,-1.0,10000,0.68109787,0.0387204618037649,0.037989910640812,0.0374980285835481,10,0.0003909192265667,1000,1000.0,1000,10,0.0,9579.615691184998,9572.438830184936,9559.424231529236,10,5.388713897836558,-74.82923765864777,-82.8589064792916,-88.53475434427492,10,3.8053328897960816,9996.428327904618,9992.002129367753,9984.051714162228,10,4.463891547508605,-14.475953056982943,-15.334655386993068,-16.072526929227546,10,0.5714261871089797,-317.43729,-319.75358199999994,-322.964805,10,1.5823092121544224,0.0,0.0,0.0,10,0.0,-1.5706858568691204,-1.6161534782112756,-1.6742361057646595,10,0.0255863305780095,0.0,0.0,0.0,10,0.0,4.4616365,-0.5330952,-4.3106914,1000,0.98953646,0.0934496312715002,0.0938370517605002,8.811940325956824,0.000387420489,0.9999973061603272,4487.468002606397,1000,460.19954128440367,27,436,257.1205837480647,9390.840382575989,4283.849006137187,245.03985786437988,436,2390.661360340573,104135.0,164.56654715538025,200000.0,142.0,22626.21657371521,28400000.0,1215.3138256657,142000.0
2.522998e-08,3.111375e-10,476.90747,6.4343185e-05,1.4300217e-10,0.008519991,10.999466,34.848484,34.838047,0.81107193,53.13028,1.0967091,54.323673,1.0,-0.6242036,-1.0,10000,0.6784207,0.0381609099773777,0.0376263213038211,0.036814265960289,10,0.0004288944731211,1000,1000.0,1000,10,0.0,9587.937896728516,9577.920787620544,9567.93691921234,10,5.768514060798151,-73.04528689226238,-77.98101983768278,-84.44145308039106,10,2.9833222933847194,9996.041886467114,9990.666862724289,9975.326434694218,10,5.80737297100772,-14.932833954676482,-15.453503940654198,-16.08426513238882,10,0.4536072050427159,-313.66454166666665,-317.7092788333333,-321.47325333333333,10,2.7931812258242807,0.0,0.0,0.0,10,0.0,-1.5531102328913955,-1.60227450924365,-1.6466776102668206,10,0.0273098455799268,0.0,0.0,0.0,10,0.0,4.893486,-0.53380585,-4.5651054,1000,0.9885472,0.0944181824940002,0.0948056029830002,8.934350860773453,0.000387420489,0.9999984419629508,3702.1790629630086,1000,374.0767857142857,24,560,209.88364845711152,9390.540952682495,3481.105631025952,213.92471742630005,560,1950.4116475021408,104695.0,164.58337569236755,200000.0,143.0,22790.799949407578,28600000.0,1215.1895606627472,143000.0
2.522998e-08,3.1172573e-10,476.46255,6.08104e-05,1.4241393e-10,0.008515515,10.995873,34.82649,34.816063,0.80283684,49.503334,1.0876256,50.67613,1.0,-0.62493056,-1.0,10000,0.675007,0.0382401287277316,0.0373047428883117,0.0365221781932486,10,0.0004573020899342,1000,1000.0,1000,10,0.0,9590.580728530884,9574.522277832031,9526.880152702332,10,16.744993280773418,-74.0227552063294,-77.11994250478926,-82.04200829198189,10,2.255717430748934,9994.999343762438,9987.844334655678,9944.59963121915,10,14.553445886191424,-14.764104310926063,-15.660369639194355,-16.32822864739226,10,0.4485195748583906,-310.7691766666666,-318.8674248333333,-323.66671166666663,10,3.6286033220725256,0.0,0.0,0.0,10,0.0,-1.6319865246138034,-1.6743211555525128,-1.760900685045879,10,0.0388191671550238,0.0,0.0,0.0,10,0.0,4.934203,-0.5373662,-4.396085,1000,0.9861864,0.0951930234720002,0.0955804439610002,9.006081756818759,0.000387420489,0.9999990192029068,3691.251386986704,1000,407.37708333333336,25,480,241.33629176903003,9371.729331970217,3803.5197454976537,228.5423822402954,480,2249.683768586709,105175.0,165.1028561592102,200000.0,144.0,22955.902805566788,28800000.0,1211.3660820448688,144000.0
2.522998e-08,3.1068254e-10,478.43738,-0.0001752394,1.4345712e-10,0.008787112,11.004633,34.85325,34.842762,0.82514095,44.313297,1.1216298,45.420395,1.0,-0.62815994,-1.0,10000,0.6663214,0.0369372318718669,0.0362700694353989,0.0349681046460027,10,0.0006025460804886,1000,1000.0,1000,10,0.0,9594.336989402773,9587.635160446169,9582.018822669985,10,4.617187719732969,-69.8576663160114,-74.83497302844752,-79.79073175202663,10,3.085694030994192,9996.479289184928,9992.433360806464,9989.363985496955,10,2.2077590936931606,-14.806256672325862,-15.658123142371217,-16.213239982342923,10,0.374856284624678,-302.3462966666666,-312.646777,-318.13919666666663,10,4.258916667922789,0.0,0.0,0.0,10,0.0,-1.6106120201932974,-1.658327126077915,-1.7258103034815524,10,0.0345488727495984,0.0,0.0,0.0,10,0.0,4.579077,-0.54508513,-4.3678055,1000,0.9810927,0.0959678644500002,0.0963552849390003,9.108904175086584,0.000387420489,0.9999993618280246,3965.772518029726,1000,315.56,22,575,217.5620158663412,9367.868595123293,2942.0456677917814,202.90115356445312,575,2031.605804949103,105750.0,162.83571600914,200000.0,145.0,23118.738521575928,29000000.0,1228.2317718845782,145000.0
2.522998e-08,3.0906397e-10,481.98355,-0.00023807454,1.450757e-10,0.008913779,11.005406,34.84496,34.834427,0.81407875,38.63722,1.033631,39.75085,0.99999994,-0.63411874,-1.0,10000,0.6592184,0.0366656798418116,0.0354973404705786,0.0343689812655065,10,0.0006779167359691,1000,1000.0,1000,10,0.0,9591.996720314026,9584.165869045257,9573.940028190613,10,5.148228110784271,-72.95176180995472,-78.93216582707416,-86.19913644879091,10,3.3509824858927035,9996.070555593476,9990.1856161759,9985.242933561094,10,3.456807847949544,-16.191606759494924,-16.723750330041145,-17.68172641327687,10,0.4453740666862659,-302.78498833333333,-308.7073258333333,-316.91086,10,4.363559961592588,0.0,0.0,0.0,10,0.0,-1.592304772713291,-1.6565027996465478,-1.7116800276979502,10,0.0360984884336814,0.0,0.0,0.0,10,0.0,4.5347733,-0.5566963,-4.362127,1000,0.9720195,0.0969364156725003,0.0973238361615003,9.173758169698004,0.000387420489,0.9999996384389596,3686.2602043175775,1000,371.89859154929576,20,355,265.86109022154955,9411.774494171144,3471.285931984136,181.1468410491944,355,2484.671556549533,106105.0,163.53968262672424,200000.0,146.0,23282.27820420265,29200000.0,1222.9447727160853,146000.0
2.522998e-08,3.103288e-10,484.44104,-8.721447e-05,1.4381088e-10,0.008807153,10.989828,34.780903,34.77047,0.75927085,35.02125,0.8849536,36.283134,0.99999976,-0.63511044,-1.0,10000,0.64850044,0.0362644777528621,0.0343945910951035,0.0330170132395433,10,0.0008013405328393,1000,1000.0,1000,10,0.0,9591.707204818726,9578.038520908356,9562.30532169342,10,9.617733359149897,-71.54918221005825,-77.24888525753845,-81.93559949796077,10,3.2162353192445776,9990.265646165832,9976.454869478735,9945.638406988088,10,12.90356597263762,-14.762356627252265,-16.30266804120485,-17.64593260361582,10,0.8688533377053104,-294.44984666666664,-303.19735849999995,-311.64656,10,4.703633965492509,0.0,0.0,0.0,10,0.0,-1.6286599176703858,-1.667437464338187,-1.6939845220829537,10,0.0234945784579067,0.0,0.0,0.0,10,0.0,4.125227,-0.56957734,-4.2411184,1000,0.96438485,0.0977112566505003,0.0980986771395003,9.09572252054495,0.000387420489,0.999999768600934,3705.2169422737175,1000,612.3722397476341,27,317,348.984294909845,9428.45756149292,5742.82725801152,240.4273386001587,317,3276.172142015472,106422.0,157.50963592529297,200000.0,147.0,23439.787840127945,29400000.0,1269.7635850981223,147000.0
2.522998e-08,3.0997702e-10,483.5509,0.00018556265,1.4416264e-10,0.008518353,10.95402,34.687317,34.676834,0.6930917,36.35888,0.7380768,37.82327,0.99999994,-0.62451935,-1.0,10000,0.65770453,0.0367445936613803,0.0356425745110929,0.0343782011041621,10,0.0007740960638576,1000,1000.0,1000,10,0.0,9577.173659324646,9573.17996444702,9569.016694068909,10,2.786882391053819,-79.36611597347772,-82.6628804936869,-87.34086818430004,10,2.58948822333889,9995.631649248024,9985.928149906267,9974.13658632834,10,6.036239478043807,-16.647265641988156,-17.981127037610417,-19.08938140684458,10,0.6516476260531011,-303.0482033333333,-310.4708663333332,-316.9985983333333,10,4.350653690800439,0.0,0.0,0.0,10,0.0,-1.5804040089987417,-1.633315412435617,-1.6654769445559705,10,0.0253225118864081,0.0,0.0,0.0,10,0.0,4.692293,-0.5751342,-4.5479884,1000,0.9590239,0.0984860976285003,0.0988735181175003,8.912599733756108,0.000387420489,0.9999998519045978,4572.43499507468,1000,643.2025974025973,37,385,335.7263890505806,9458.825255393982,6043.861967533285,336.3615713119507,385,3162.6102504846604,106807.0,159.1597602367401,200000.0,148.0,23598.947600364685,29600000.0,1256.5990279359091,148000.0
2.522998e-08,3.0990832e-10,474.91846,0.0005797968,1.4423132e-10,0.007968735,10.923115,34.59563,34.585228,0.66433287,41.66514,0.6588579,43.24941,0.99999994,-0.619917,-1.0,10000,0.66406584,0.0376373781869042,0.0362990890612272,0.0356667643717228,10,0.0005824528927076,1000,1000.0,1000,10,0.0,9569.86618900299,9556.958123874663,9540.111800193788,10,9.564405730640743,-80.58947979918858,-85.89209658731461,-93.7058714009238,10,4.38550929688715,9988.337493697458,9977.194662824792,9953.002946288369,10,11.44343006292796,-16.66143405501752,-17.620282277094145,-18.91298280178348,10,0.6659779738671439,-310.33048499999995,-315.068355,-322.43837499999995,10,3.50316652901177,0.0,0.0,0.0,10,0.0,-1.611234839028736,-1.6558059800355736,-1.6854125509584246,10,0.0250117981112787,0.0,0.0,0.0,10,0.0,4.4249806,-0.5710291,-4.711518,1000,0.96156204,0.0994546488510003,0.0998420693400003,8.75795872562499,0.000387420489,0.9999999143460072,4648.027530482786,1000,507.8666666666667,30,510,378.2779995814193,9452.05329990387,4763.945980841579,270.4631805419922,510,3564.134809179501,107317.0,158.51986932754517,200000.0,149.0,23757.46746969223,29800000.0,1261.671491709002,149000.0
2.522998e-08,3.11907e-10,461.1477,0.0007924795,1.4223266e-10,0.0075081787,10.907771,34.533535,34.52321,0.6669775,47.657352,0.68446225,49.204197,1.0,-0.6214147,-1.0,10000,0.672243,0.0380670850676688,0.0369949416505725,0.0358470506771555,10,0.0006831657916592,1000,1000.0,1000,10,0.0,9557.041414260864,9545.453313827516,9528.171913146973,10,9.97444545976876,-83.51570583041175,-89.46473855501313,-96.5444842974414,10,4.586895004603371,9991.566581406769,9970.745708467057,9944.127975176816,10,13.26655946413081,-16.29384559810665,-17.49499678089913,-18.731803032188694,10,0.7272462104059626,-309.36536333333333,-316.7090618333333,-323.22802,10,4.169749868585876,0.0,0.0,0.0,10,0.0,-1.5887181745314063,-1.6235971623702412,-1.671976140457814,10,0.0227122886252213,0.0,0.0,0.0,10,0.0,4.819545,-0.5612392,-4.756696,1000,0.97238106,0.1004232000735003,0.1008106205625003,8.739054816811215,0.000387420489,0.9999999514720984,3868.701699761556,1000,440.1757925072046,34,347,341.87439035410586,9401.612325191498,4113.731266395503,315.5228900909424,347,3206.2736735317467,107664.0,158.01719188690186,200000.0,150.0,23915.48466157913,30000000.0,1265.6850663638336,150000.0
2.522998e-08,3.121449e-10,444.54977,0.00076062075,1.4199478e-10,0.0072412756,10.89463,34.475365,34.464947,0.66490066,52.652317,0.7002782,54.163895,1.0,-0.6315967,-1.0,10000,0.67132646,0.0380577305542392,0.0364717613355314,0.0356664214229531,10,0.0006331187837556,1000,1000.0,1000,10,0.0,9569.342569351196,9556.002548885346,9533.345853805542,10,11.306463914890015,-82.75793859718294,-88.05003476876013,-100.88412429448718,10,5.117203996196012,9986.60297548688,9972.2306362321,9958.453865534626,10,9.177714059416912,-16.86776818782335,-17.79890647569348,-19.383866252265125,10,0.7188183310107008,-305.24166166666663,-308.82138566666663,-318.226935,10,3.669057228965724,0.0,0.0,0.0,10,0.0,-1.5080272032070083,-1.557760968891643,-1.591645570215286,10,0.0274313254801274,0.0,0.0,0.0,10,0.0,4.3386383,-0.5537453,-4.5214124,1000,0.98074585,0.1010043308070003,0.1013917512960003,8.735213986877685,0.000387420489,0.99999996549127,5264.975401908738,1000,582.6881720430108,40,372,298.9106738398083,9423.072658538818,5452.397653870044,360.7149419784546,372,2797.560003936935,108036.0,165.0211877822876,200000.0,151.0,24080.50584936142,30200000.0,1211.9655826490591,151000.0
2.522998e-08,3.1107295e-10,435.93045,0.00036480514,1.4306673e-10,0.0074819424,10.890539,34.44483,34.43437,0.66611034,53.909798,0.76234734,55.24063,1.0,-0.63058263,-1.0,10000,0.67772204,0.0380541464048874,0.0370717083064781,0.0364056271320587,10,0.0004811750112961,1000,1000.0,1000,10,0.0,9578.163286209106,9562.236045265196,9539.64074420929,10,12.71367150119143,-80.4962517344884,-88.29591194227694,-98.47788616690492,10,5.453864809709722,9990.493675729444,9981.080033853,9958.687044605953,10,8.87633177225775,-16.733463391124214,-18.032563019541,-19.34113674391252,10,0.7781187049820407,-304.7152316666667,-310.97974866666664,-317.61276666666663,10,3.506944097366899,0.0,0.0,0.0,10,0.0,-1.472983515529943,-1.535766289617126,-1.5787803836132954,10,0.0329327308354854,0.0,0.0,0.0,10,0.0,5.1026053,-0.5606374,-4.315056,1000,0.9782896,0.1017791717850003,0.1021665922740003,8.902350274022858,0.000387420489,0.9999999775463198,4396.403698350965,1000,738.9270386266095,27,233,322.9386112064776,9434.921495437622,6928.641723559138,252.5783576965332,233,3031.5637051072904,108269.0,157.32498168945312,200000.0,152.0,24237.83083105088,30400000.0,1271.2539219917655,152000.0
2.522998e-08,3.0869332e-10,431.9605,0.00012072692,1.4544634e-10,0.007654563,10.895719,34.43153,34.421036,0.6627438,49.25076,0.7820651,50.400818,1.0,-0.63815516,-1.0,10000,0.66089356,0.0359407770346588,0.0351494948737468,0.0346121503292088,10,0.0003895886345108,1000,1000.0,1000,10,0.0,9569.312995910645,9551.586391544342,9534.595615386965,10,9.205493992928329,-79.86179530627817,-83.89660602882479,-89.8815831326649,10,2.517277432923455,9974.695399654946,9955.02719139601,9934.933248466952,10,11.408572061870386,-15.776865223066078,-16.694364298697245,-17.37821183864278,10,0.4323410013134418,-297.7839033333333,-301.26711516666666,-305.24166166666663,10,2.346750308091012,0.0,0.0,0.0,10,0.0,-1.544830791968134,-1.582715675188186,-1.6549157487305168,10,0.0319496062622087,0.0,0.0,0.0,10,0.0,4.5978436,-0.55305123,-4.4030104,1000,0.9823266,0.1025540127630004,0.1029414332520004,9.12250467499092,0.000387420489,0.9999999858652242,4760.290439495324,1000,434.2475247524753,26,404,320.2175515421591,9430.871454238892,4061.694242750064,246.1998562812805,404,3004.887388063205,108673.0,156.05318069458008,200000.0,153.0,24393.884011745453,30600000.0,1281.6143772899482,153000.0
2.522998e-08,3.059006e-10,432.5079,-6.145629e-05,1.4823905e-10,0.007846598,10.9095545,34.46289,34.45257,0.685623,39.853714,0.8509393,40.85116,0.99999976,-0.6436273,-1.0,10000,0.6514582,0.0349895559786091,0.0340522265583218,0.03337236284565,10,0.0004670615955227,1000,1000.0,1000,10,0.0,9558.998646736143,9534.744222640991,9513.938716888428,10,14.697220777220224,-78.95482985869947,-81.51721373034766,-84.86161126257127,10,1.8899644624319545,9952.11961885345,9930.98356493848,9902.972447601587,10,15.291567288875704,-15.915193852151363,-16.57494835396793,-17.476791921484782,10,0.5713659392687852,-288.3081633333333,-296.54679283333326,-304.3642783333333,10,3.8832415415444688,0.0,0.0,0.0,10,0.0,-1.5485069856518496,-1.6003913594108148,-1.6333776966452058,10,0.0245845578924841,0.0,0.0,0.0,10,0.0,4.4269595,-0.55444485,-4.796386,1000,0.9793537,0.1035225639855004,0.1039099844745004,9.363878957065667,0.000387420489,0.9999999916548284,4324.877348308621,1000,391.7363636363637,22,550,255.7249473119233,9402.318687438965,3661.628820235729,201.90191268920896,550,2390.326034453271,109223.0,160.24356603622437,200000.0,154.0,24554.12757778168,30800000.0,1248.1000326389917,154000.0
2.522998e-08,3.0424216e-10,434.4338,-0.00018802719,1.498975e-10,0.008007835,10.901402,34.436134,34.42602,0.6914063,29.15318,0.81384814,30.138601,0.99999994,-0.6474625,-1.0,10000,0.64621603,0.0345536576560552,0.0335939208227995,0.0327194378275744,10,0.0005186447026662,1000,1000.0,1000,10,0.0,9572.762459754944,9553.239219856265,9533.684077262878,10,9.58169897639598,-77.16189898499505,-81.86921369927973,-85.79967940130359,10,3.265492808419252,9966.347664018676,9948.216609099793,9933.254895915376,10,9.72204236559162,-15.818254939403555,-16.504019001215163,-17.20120249727644,10,0.5121614822376821,-290.50162166666667,-294.9850505,-300.59153,10,3.1574708902262447,0.0,0.0,0.0,10,0.0,-1.59365496008986,-1.6191063858704946,-1.6542051901316526,10,0.0197398911863023,0.0,0.0,0.0,10,0.0,4.567036,-0.5591641,-4.9256573,1000,0.9740391,0.1056533766750004,0.1060407971640004,9.51016909275959,0.000387420489,0.9999999973854652,2595.766143059696,1000,318.39549436795994,21,799,297.6818047022494,9433.030711174011,2981.2480710222662,190.81058645248413,799,2797.465913250536,110022.0,157.5137641429901,200000.0,155.0,24711.641341924667,31000000.0,1269.7303063524091,155000.0
2.522998e-08,3.0394967e-10,438.88104,-0.000112993555,1.5018999e-10,0.008012853,10.895292,34.413605,34.4037,0.6736903,16.889725,0.74695575,17.911959,0.9999996,-0.655038,-1.0,10000,0.625939,0.032212453935077,0.0315144280732478,0.0308382840283884,10,0.0004007278179667,1000,1000.0,1000,10,0.0,9551.940766334534,9534.355621814728,9509.706066131592,10,11.604624448649924,-75.86476420404875,-83.15231892179855,-87.90125365535727,10,3.333568587196269,9938.149393336224,9921.114008299091,9900.152990240267,10,11.080672182817535,-16.491932168686763,-17.28082814873209,-17.86970783915752,10,0.4671358001588379,-280.6749283333333,-284.6494748333333,-292.6073416666666,10,3.211043203299924,0.0,0.0,0.0,10,0.0,-1.6505967486460655,-1.6757639948138074,-1.7532870809050225,10,0.0296395016436517,0.0,0.0,0.0,10,0.0,4.548147,-0.58347005,-4.182873,1000,0.9524653,0.1072030586310004,0.1075904791200004,9.619133092162397,0.000387420489,0.9999999990286657,2965.226348293688,1000,643.3907284768212,18,302,340.8965870947476,9430.78679561615,6044.387677096373,117.5198254585266,302,3206.1613657970406,110324.0,165.41623950004578,200000.0,156.0,24877.05758142472,31200000.0,1209.0711323415417,156000.0
2.522998e-08,3.052364e-10,440.34027,-9.5759504e-05,1.4890326e-10,0.008021884,10.881367,34.39016,34.38028,0.59376556,8.900102,0.58577013,10.0898075,0.99999994,-0.6555603,-1.0,10000,0.61663795,0.0309463050998019,0.0304254517555324,0.0299568058381992,10,0.0003723576113388,1000,1000.0,1000,10,0.0,9551.77946472168,9523.775002670289,9473.68293094635,10,21.682487408559226,-86.9238961468628,-91.50783726805112,-95.18063326540776,10,2.443508896564179,9938.1020381321,9910.807970104612,9862.917749684642,10,21.98656159854156,-17.191555887749953,-18.318243145061352,-19.43175394165118,10,0.6721097346155449,-271.11145,-275.5948788333333,-278.8324233333333,10,2.2329190364873948,0.0,0.0,0.0,10,0.0,-1.5753667678848404,-1.612013361940092,-1.646118518667499,10,0.0228981254770431,0.0,0.0,0.0,10,0.0,4.634547,-0.58227533,-4.3804,1000,0.9468927,0.1079778996090004,0.1083653200980005,9.557583449356397,0.000387420489,0.999999999367985,2849.7003671945445,1000,350.69642857142856,26,560,241.8008492572568,9408.851548194883,3281.9686466970616,201.65827703475952,560,2268.435714795706,110884.0,158.2955138683319,200000.0,157.0,25035.353095293045,31400000.0,1263.4596844377872,157000.0
2.522998e-08,3.039316e-10,443.00784,-0.00024136095,1.5020807e-10,0.008215502,10.874587,34.387363,34.37737,0.53300285,5.0403194,0.5369356,6.3778496,0.99999976,-0.6493929,-1.0,10000,0.6286726,0.0320728632861137,0.0316548556257854,0.0310986185847868,10,0.0002418205413825,1000,1000.0,1000,10,0.0,9581.232089042664,9563.920787715912,9537.665130615234,10,11.590864409344972,-90.67829005271666,-94.20490604809328,-97.6723490749648,10,2.05152741599994,9974.044304614476,9959.877421088537,9934.578216964916,10,10.11650324280713,-15.887544661378026,-16.82005374128959,-17.925063298954136,10,0.6272132364627312,-280.58719,-283.3070783333333,-286.641135,10,1.9081826850122527,0.0,0.0,0.0,10,0.0,-1.5682897412202152,-1.6245973058070255,-1.6795906019193547,10,0.0301009769122117,0.0,0.0,0.0,10,0.0,4.797371,-0.5782538,-4.5769415,1000,0.9496064,0.1091401610760005,0.1095275815650005,9.463546724606807,0.000387420489,0.9999999996764084,3074.501588098974,1000,286.6680790960452,21,708,187.04308168115887,9384.130578041077,2678.786565788932,164.34494650363922,708,1751.0071091950729,111592.0,158.62712931632996,200000.0,158.0,25193.98022460937,31600000.0,1260.8183786845527,158000.0
2.522998e-08,3.0476346e-10,445.09778,-6.9729635e-05,1.4937619e-10,0.008081489,10.849867,34.32888,34.318584,0.48009565,5.07067,0.4379651,6.573528,0.9999998,-0.64471585,-1.0,10000,0.6457347,0.0347099453510745,0.0336714937864599,0.0330696700294065,10,0.0004053649106359,1000,1000.0,1000,10,0.0,9592.041284561155,9586.342210960387,9578.527959823608,10,3.781045828388713,-92.95918599463582,-97.2203928456747,-101.1004226760884,10,2.27009120130088,9996.95778898125,9993.838485202736,9988.839347871482,10,2.271190794126569,-15.839432838357553,-16.6376973071624,-17.14001521064231,10,0.4237630062010458,-287.86947166666664,-292.0545901666666,-298.8367633333333,10,2.6974508126754766,0.0,0.0,0.0,10,0.0,-1.5484518061961998,-1.583593524507639,-1.6262898773782015,10,0.0243955842118113,0.0,0.0,0.0,10,0.0,4.5111766,-0.5827158,-4.690431,1000,0.94776297,0.1099150020540005,0.1103024225430005,9.31454284815602,0.000387420489,0.9999999997962964,3909.518547560126,1000,514.4331210191083,22,314,287.470935088806,9456.449651241302,4844.3137386672815,164.14608216285706,314,2707.9998318146822,111906.0,158.15473318099976,200000.0,159.0,25352.13495779037,31800000.0,1264.5843470970328,159000.0
2.522998e-08,3.0706057e-10,443.69104,6.900288e-05,1.4707909e-10,0.007917436,10.834397,34.27255,34.262135,0.43943155,8.03664,0.3952242,9.585094,0.9999997,-0.6506676,-1.0,10000,0.6441467,0.0336547509872616,0.033142725334817,0.0328248784299503,10,0.0002398358465643,1000,1000.0,1000,10,0.0,9591.814507484436,9585.627542972565,9576.425018310549,10,4.6817454859172045,-98.95150594413386,-100.98219673647672,-103.08895134555598,10,1.3450504859011094,9997.784837110345,9994.539021020571,9989.54380556999,10,2.176838539672576,-15.980957234069722,-16.79934524005531,-18.233815394161105,10,0.7312239649783804,-286.9920883333333,-289.5189523333333,-293.4847249999999,10,2.154436169040408,0.0,0.0,0.0,10,0.0,-1.5540158856481343,-1.6109862997642828,-1.6532661467746173,10,0.0317627785795068,0.0,0.0,0.0,10,0.0,4.7691374,-0.57335925,-4.935508,1000,0.9569891,0.1106898430320005,0.1110772635210005,9.247926376750865,0.000387420489,0.9999999998674568,4198.167557795063,1000,328.43740795287187,20,679,257.45551995783075,9455.911901474,3087.122157644804,186.0845899581909,679,2429.343773059774,112585.0,158.41906642913818,200000.0,160.0,25510.55402421952,32000000.0,1262.4743000203275,160000.0
2.522998e-08,3.0831293e-10,439.9305,1.843976e-05,1.4582671e-10,0.007900311,10.830364,34.23076,34.22013,0.42992526,9.899392,0.3909139,11.332476,0.99999976,-0.65622145,-1.0,10000,0.6402754,0.0328358949518151,0.0323533369857934,0.0318848921810713,10,0.0002874642463582,1000,1000.0,1000,10,0.0,9600.370352745056,9591.318450737,9578.643601417542,10,6.391476828460672,-94.0707694335514,-100.30548642296694,-106.02602520423548,10,3.5746089903405367,9997.2349843815,9994.242953525409,9990.774041435248,10,1.9543282970844424,-15.748532223018302,-16.52167042185923,-17.44137099511804,10,0.5298157326924754,-278.1305166666666,-284.4739981666666,-292.69508,10,4.346909814253068,0.0,0.0,0.0,10,0.0,-1.5563007072170312,-1.6233443411069846,-1.7125405771916689,10,0.0407520563915226,0.0,0.0,0.0,10,0.0,4.5283117,-0.5790344,-4.7338037,1000,0.9573639,0.1124332352325005,0.1128206557215005,9.352117625413584,0.000387420489,0.999999999948696,2658.886330685825,1000,287.87139107611546,18,762,264.2317924714172,9419.972787857056,2706.6464171370494,162.61822605133057,762,2493.83176638433,113347.0,166.21161079406738,200000.0,161.0,25676.76563501358,32200000.0,1203.2853724508795,161000.0
2.522998e-08,3.0808864e-10,438.29883,7.8669415e-05,1.4605103e-10,0.007810709,10.838103,34.211483,34.200996,0.43613163,6.7202435,0.41072193,8.012306,0.9999999,-0.6596465,-1.0,10000,0.63308936,0.0320641251636407,0.0314899917884322,0.0309698654863314,10,0.0003105573284512,1000,1000.0,1000,10,0.0,9607.324396133425,9600.226308631896,9592.5595369339,10,4.691271962651605,-91.16313535158234,-94.8560989201998,-98.4454252609664,10,2.0865263472529385,9995.093275857897,9990.905645294164,9983.854094485025,10,2.9221118354206457,-15.391976124459864,-16.29339460149365,-16.976554003741747,10,0.5161316148157041,-273.04169333333334,-277.9462661666667,-283.0438633333333,10,3.091192198538188,0.0,0.0,0.0,10,0.0,-1.5232344577400247,-1.583574218678358,-1.6323289095796627,10,0.0350571650140041,0.0,0.0,0.0,10,0.0,4.079886,-0.5833796,-4.73081,1000,0.9540865,0.1143703376775006,0.1147577581665006,9.541184513800085,0.000387420489,0.999999999983858,2126.9026543737245,1000,273.6408094435076,22,593,168.77164837674448,9413.023990631104,2574.681044525305,141.69082035124302,593,1591.5751676579646,113940.0,158.06018829345703,200000.0,162.0,25834.82582330704,32400000.0,1265.3407677123405,162000.0
2.522998e-08,3.044803e-10,435.1276,0.00019241935,1.4965937e-10,0.0076398775,10.814998,34.1258,34.11536,0.4190521,1.4587771,0.3672498,2.7993422,0.9999997,-0.65906256,-1.0,10000,0.6337847,0.0324322287815593,0.0317150644292429,0.031225545148467,10,0.0003663043694659,1000,1000.0,1000,10,0.0,9604.178022384644,9597.665150642397,9587.028935432434,10,5.848522183253304,-90.96323763186848,-95.10599829570972,-100.42002705026326,10,2.5867323941253426,9994.671287006277,9991.13514526122,9985.585996944104,10,2.882027869259937,-14.923985950387976,-15.841398542565576,-17.21491262031667,10,0.66060015658599,-275.9370583333333,-280.88550033333325,-287.7817333333333,10,3.794964378916104,0.0,0.0,0.0,10,0.0,-1.56605124569206,-1.637093402138401,-1.7045766074954454,10,0.0475515426015408,0.0,0.0,0.0,10,0.0,4.131842,-0.59176797,-4.6854396,1000,0.946383,0.1153388889000006,0.1157263093890006,9.581252802489605,0.000387420489,0.999999999991041,3336.4417926781525,1000,507.29086538461536,16,416,334.9872479105923,9473.637528419496,4789.889762689288,104.47620630264282,416,3163.2273841398924,114356.0,159.45928597450256,200000.0,163.0,25994.28510928154,32600000.0,1254.2386526926996,163000.0
2.522998e-08,2.9794928e-10,432.7623,-1.5220786e-05,1.5619037e-10,0.007804942,10.809261,34.123676,34.113605,0.4010284,-2.811974,0.34885064,-1.4678916,0.9999999,-0.6481272,-1.0,10000,0.6374864,0.0331438218246184,0.0323587422918528,0.0318630704770766,10,0.0004118034157191,1000,1000.0,1000,10,0.0,9585.29229927063,9571.99780845642,9558.033896446228,10,6.957512651886328,-91.39880127339704,-94.9837567806206,-96.87022376081325,10,1.7302276871551427,9985.924892642346,9976.859599659085,9962.67384656042,10,6.227060721459934,-14.798335539550258,-15.394516424263392,-16.11070568029305,10,0.3460780845752685,-288.0449483333333,-292.6950799999999,-296.116875,10,2.341479527977635,0.0,0.0,0.0,10,0.0,-1.7092729209426465,-1.7884374248605588,-1.8494167345540349,10,0.0376154007377162,0.0,0.0,0.0,10,0.0,4.9376574,-0.59414417,-4.7412043,1000,0.9433188,0.1161137298780006,0.1165011503670006,9.647430013730908,0.000387420489,0.9999999999941708,3491.95933928331,1000,215.2547709923664,19,1048,187.90423340477489,9452.522079467772,2026.9810529591807,159.02110242843628,1048,1773.1012519071037,115404.0,157.84430384635925,200000.0,164.0,26152.1294131279,32800000.0,1267.0713806351466,164000.0
2.5230984e-08,2.7671856e-10,434.0768,-7.609869e-05,1.7743916e-10,0.007889482,10.818808,34.244503,34.236523,0.46433094,-6.0806684,0.37621188,-4.6437798,1.0,-0.67040884,-1.0,852,0.604919,0.0359446416546459,0.027643917231735,0.0210005129395567,10,0.0037770649463066,160,85.2,33,10,33.60595185380114,1531.7643213272097,815.7972467422485,320.9230842590332,10,319.91135944971614,-2.6652549237374217,-8.405211115550879,-16.622092479839388,10,3.608955955437645,1594.8871130668576,848.1665094123367,329.9999709906408,10,334.38028565198005,-0.230034077890998,-1.0622941877901468,-2.2600953493167992,10,0.5861420447422115,-6.141683333333333,-22.75054983333333,-43.956905,10,10.597181766336154,0.0,0.0,0.0,10,0.0,-0.0399118193783069,-0.1512055909577926,-0.2836964250097517,10,0.0683853573591269,0.0303030303030303,0.0139612556077363,0.00625,10,0.0065108137465974,4.481201,-0.6502971,-4.5422297,1000,0.9099004,0.1188256733010006,0.1189031573988006,9.60801126574743,0.0003874204889999,0.7967615999988198,1485.296560555053,895,90.12128325508608,15,2556,89.15014853404772,8457.160697937012,852.0379537852344,135.0128688812256,2556,841.8173319259176,117960.0,148.4914412498474,200000.0,165.0,26300.620854377747,33000000.0,1346.8789737415625,165000.0
2.5278311e-08,2.4433783e-10,436.0458,-7.8341756e-05,2.1067183e-10,0.007927167,10.872842,34.426285,34.42188,0.5586241,4.8452215,0.44197315,7.0494146,1.0,-0.76673704,-1.0,394,0.5450611,0.0263634696259396,0.0209693258905482,0.0139025623684574,10,0.0039912639092229,50,39.4,22,10,9.8812954616285,472.2401361465454,379.7196983337402,214.5155477523804,10,93.84303086814248,-1.6301350686486813,-3.681270249917316,-5.164773650828471,10,0.9850582529162644,490.0452865826286,391.8148243965345,219.90016513619383,10,97.44190560752328,-0.037317929028285,-0.3331289704987159,-0.602768803816753,10,0.1818304576881568,-3.68501,-8.0280575,-12.195628333333334,10,2.876760534364349,0.0,0.0,0.0,10,0.0,-0.0308964865482848,-0.052669053174034,-0.0819400308398326,10,0.0157069157753788,0.0454545454545454,0.027623330570139,0.02,10,0.0090248875838095,4.088884,-0.72948414,-4.687191,1000,0.8682765,0.1137892069440005,0.1134017864550005,8.663911982428122,0.0003874204889999,0.0453211434696926,473.5559648956326,151,41.84033092037229,15,4835,13.745408073861078,1430.423427581787,396.59631988260713,122.58815050125122,4835,130.61214916832435,122795.0,152.7368607521057,200000.0,166.0,26453.35771512985,33200000.0,1309.4416044376026,166000.0
2.5354353e-08,2.4628968e-10,437.83633,-9.269327e-05,2.100887e-10,0.007973747,10.937031,34.535816,34.532322,0.94840527,37.84719,1.0171479,40.655846,1.0,-0.7377528,-1.0,607,0.5894488,0.0300369412848845,0.0256264370695687,0.0218770576403123,10,0.0027717302374156,74,60.7,45,10,9.241753080449618,711.4579753875732,582.6171307563782,436.4942054748535,10,87.84856994382815,-2.384260806227894,-6.541242628695568,-10.955280931604188,10,2.2893991181840407,739.9993142788635,603.628987500461,450.0,10,92.38153316721328,-0.205076707468009,-0.6907713204205108,-1.1902314416540585,10,0.2675578256251947,-8.86157166666667,-13.704727666666663,-17.98635833333333,10,2.864035092039647,0.0,0.0,0.0,10,0.0,-0.0485372858848204,-0.0751156020793759,-0.0957730224987153,10,0.0139979973121325,0.0222222222222222,0.0168983100341071,0.0135135135135135,10,0.0028122701745965,4.4353757,-0.75276875,-4.716714,1000,0.8692809,0.1042974049635004,0.1039099844745004,7.191482353953727,0.0003874204889999,0.0002373458836717,362.1582438770829,84,41.765872178865216,17,4741,11.142782157228355,797.6066722869873,395.7584485810103,140.0826597213745,4741,106.55477720391936,127536.0,143.7583725452423,200000.0,167.0,26597.11608767509,33400000.0,1391.2233177031678,167000.0
2.5424097e-08,2.5201727e-10,441.81393,-0.00019912771,2.0561648e-10,0.008151779,10.995081,34.699272,34.696735,2.0347583,76.322945,4.594892,78.571434,1.0,-0.6197638,-1.0,8322,0.6918002,0.0399603791495957,0.0389637453893999,0.0380320373316499,10,0.0005821083655591,1000,832.2,382,10,221.53365432818552,9523.977046012878,7914.048238658905,3629.395181655884,10,2108.155881226757,-61.39244272263871,-119.30321423405724,-146.7390266140788,10,29.04727786189236,9999.989112347435,8320.676379076867,3820.0,10,2215.035299115659,-8.365798262320457,-18.684892040443472,-23.67652688360957,10,5.208322304090049,-120.289255,-267.4001185,-327.0007683333333,10,72.71693624973227,0.0,0.0,0.0,10,0.0,-0.5573266594435825,-1.2399161379116528,-1.537525334508891,10,0.3477217180735021,0.0026178010471204,0.0007321577591894,0.0,10,0.0009474918562544,4.2019353,-0.70426244,-4.6460037,1000,0.9014771,0.0961615746945002,0.0957741542055002,6.106052757143356,0.000387420489,1.1362912187176022e-06,512.2500181078483,256,60.70028364323984,21,3173,24.859745050305527,2423.6603031158447,575.0681639036244,188.2399940490723,3173,234.7101664785133,130709.0,158.41502046585083,200000.0,168.0,26755.531108140945,33600000.0,1262.5065439619316,168000.0
2.5367891e-08,2.851469e-10,445.89133,-6.153548e-05,1.7147514e-10,0.00808758,11.008384,34.745327,34.73942,3.3196876,118.32989,14.274068,119.07539,1.0,-0.64006114,-1.0,10000,0.665686,0.0359250947345717,0.0350401153134589,0.0341534517643594,10,0.0004702471545802,1000,1000.0,1000,10,0.0,9586.406043052672,9554.106829547882,9459.311213493347,10,35.161169032795016,-91.20347058822615,-97.92211397198284,-109.58862591816674,10,5.10911807799713,9998.995653033671,9968.56297139183,9877.257830807608,10,33.998172806458896,-17.70449399371783,-18.77348823971892,-20.4510468043949,10,0.765127076710597,-288.5713783333333,-296.25725633333326,-301.64439,10,4.225527686254297,0.0,0.0,0.0,10,0.0,-1.4345989161508554,-1.5032802904592488,-1.5644344241289494,10,0.0461899075606062,0.0,0.0,0.0,10,0.0,4.729393,-0.6039541,-5.3844914,1000,0.956359,0.0927264463587002,0.0928181358744302,5.718261478591826,0.00034996984173,0.1866667523206638,1439.446245987671,835,183.62976406533576,18,1102,129.14105086968493,7633.28221821785,1710.290634715027,161.14901620149612,1102,1193.2671585020355,131811.0,158.78658080101013,200000.0,169.0,26914.31768894196,33800000.0,1259.55228074744,169000.0
2.5296742e-08,3.009552e-10,454.52386,-0.00066459505,1.5438621e-10,0.008846025,11.034055,34.81634,34.80803,4.213531,153.32204,23.71324,152.43059,1.0,-0.63925415,-1.0,10000,0.6632335,0.0364526531887677,0.0350256517722562,0.0341974908944248,10,0.0006434312608745,1000,1000.0,1000,10,0.0,9574.274005889893,9545.067589855194,9493.029230117798,10,21.77141678115808,-74.50343082000464,-80.33976816904185,-88.49360546830067,10,3.933652412696951,9971.015660519814,9945.876211920377,9911.253643578955,10,16.61587335378308,-17.009298307086745,-17.87625201267288,-18.767574432159503,10,0.4844487014617135,-296.90652,-300.97757866666666,-309.36536333333333,10,3.5540415242279613,0.0,0.0,0.0,10,0.0,-1.5725625866138335,-1.6150211611888128,-1.6742957951502373,10,0.0330270229309225,0.0,0.0,0.0,10,0.0,5.046719,-0.56793886,-4.8079357,1000,0.9730309,0.0935460311746756,0.0938072784959205,6.052108507505872,0.0002612473212449,0.6221440397928811,1847.575414361388,874,226.92705570291776,18,754,148.0255775270154,8083.199893951416,2074.2805425605147,156.5560221672058,754,1352.4414559123804,132565.0,157.94049263000488,200000.0,170.0,27072.25818157196,34000000.0,1266.2997099073557,170000.0
2.5249813e-08,3.0597516e-10,467.31396,-0.0005124253,1.4852151e-10,0.008924077,10.99853,34.72289,34.713627,4.4427977,183.98883,24.646646,182.48792,1.0,-0.63124186,-1.0,10000,0.6681292,0.0364384817799291,0.0359150570854864,0.0351372493560629,10,0.0004278017280136,1000,1000.0,1000,10,0.0,9555.202913284302,9538.2422955513,9521.06545162201,10,10.083761069272938,-77.23855772727049,-79.47016392644534,-83.65536227782847,10,2.0729681375951183,9965.6500047489,9948.812901117588,9933.435665054263,10,9.404727040263554,-17.13678940529669,-18.12415004156424,-18.59040352706532,10,0.4190880261458902,-303.5746333333333,-311.2868328333333,-315.77026166666667,10,3.7357267914161567,0.0,0.0,0.0,10,0.0,-1.6372159069459786,-1.6894572882547128,-1.756915044491654,10,0.0375491439249854,0.0,0.0,0.0,10,0.0,4.6067142,-0.56425166,-4.8407545,1000,0.97055775,0.0943156516615863,0.0945698382444192,6.633488092516693,0.0002541865828329,0.8112563398770294,3151.254708484302,1000,579.6311475409836,34,366,399.035720236129,9263.000408172607,5329.933800721429,321.6546325683594,366,3674.309777635974,132931.0,167.99712872505188,200000.0,171.0,27240.25531029701,34200000.0,1190.4965371600176,171000.0
2.522998e-08,3.0502997e-10,479.27866,-0.00060555444,1.491097e-10,0.00923257,10.947002,34.58373,34.57398,3.8512201,202.03284,19.646639,200.59415,1.0,-0.62422276,-1.0,10000,0.67317414,0.0373044077847589,0.0367948700873384,0.0361631051665026,10,0.0002636961184387,1000,1000.0,1000,10,0.0,9557.677275657654,9549.431672096252,9539.121074676514,10,5.264123846020648,-78.08117448128064,-82.5985834355412,-93.42012595584256,10,4.025080585492588,9981.119091778684,9968.079887042592,9958.889369989634,10,6.084418298422046,-16.92134167206366,-17.302238372683718,-18.326088314122195,10,0.3812256607792141,-314.54192499999994,-317.01614599999994,-319.9817016666667,10,1.7441180181357443,0.0,0.0,0.0,10,0.0,-1.6950169497319276,-1.73125106949012,-1.8152758102676168,10,0.0362891606568358,0.0,0.0,0.0,10,0.0,4.8714533,-0.55819505,-4.8992305,1000,0.96983206,0.0948240248272521,0.095078211410085,7.465974652359968,0.0002541865828329,0.8792040575212988,2893.0653782546283,656,212.2797619047619,21,504,118.69476621539567,5828.165875911713,1931.9409435947923,183.0202980041504,504,1075.8356678557402,133435.0,159.62242650985718,200000.0,172.0,27399.87773680687,34400000.0,1252.9567703799405,172000.0
2.522998e-08,3.0474476e-10,487.95526,-0.00034133284,1.493949e-10,0.009124527,10.866971,34.38873,34.37905,2.8903925,200.34221,11.778471,199.39563,1.0,-0.6191496,-1.0,10000,0.67624325,0.0377750838289939,0.0372051850270509,0.0368647757725993,10,0.000273919117961,1000,1000.0,1000,10,0.0,9562.231147766111,9549.304633045196,9536.74575996399,10,6.441246629958775,-83.17884028710432,-85.67242733621715,-88.09355482123195,10,1.425813786100088,9983.603646571792,9973.10310811123,9958.678347517816,10,6.431258662593724,-15.05474761005206,-15.852753099344406,-17.030471329469368,10,0.6008490154010324,-315.1560933333333,-320.5169055,-325.94790833333326,10,2.998405392423246,0.0,0.0,0.0,10,0.0,-1.6955955337444917,-1.756388566543741,-1.7987451752599566,10,0.0300076068622322,0.0,0.0,0.0,10,0.0,4.657533,-0.55546963,-4.6665735,1000,0.9664955,0.0953323979929179,0.0955865845757508,8.14489570358284,0.0002541865828329,0.9226905968136312,3711.580943470672,1000,618.9424657534247,33,365,302.6200465604046,9301.748404979706,5699.121125046355,305.7694044113159,365,2778.478440176224,133800.0,157.38310170173645,200000.0,173.0,27557.26083850861,34600000.0,1270.7844605771506,173000.0
2.522998e-08,3.0748637e-10,491.3625,-0.00022287953,1.4665331e-10,0.009067404,10.821478,34.285385,34.275894,2.1489398,179.86435,6.8776326,179.3409,1.0,-0.6024491,-1.0,10000,0.6862013,0.0402077990618272,0.0389881846937962,0.0377320320961735,10,0.0008562204847116,1000,1000.0,1000,10,0.0,9553.31358718872,9529.450483322144,9499.484930038452,10,18.72367133962161,-89.4123435323197,-110.82597284037703,-136.95614497449276,10,17.230684038555786,9999.98741191411,9992.57313914627,9982.293615097304,10,5.987071526493822,-14.99456417719668,-18.632856363014177,-22.642216331609543,10,2.763421246409219,-322.70158999999995,-331.9755318333333,-339.7228266666666,10,5.382308755577353,0.0,0.0,0.0,10,0.0,-1.5982385781356845,-1.6882948963999656,-1.7713507083585256,10,0.0558736892792318,0.0,0.0,0.0,10,0.0,4.606061,-0.5452366,-4.585805,1000,0.9686963,0.0958407711585837,0.0960949577414166,8.532340035914242,0.0002541865828329,0.950521981960724,4169.274407056475,1000,680.514657980456,33,307,343.39167048967687,9384.762264251707,6317.892622814929,298.95851707458496,307,3197.4748174369142,134107.0,156.57791090011597,200000.0,174.0,27713.83874940872,34800000.0,1277.3193795361328,174000.0
2.522998e-08,3.1017658e-10,490.55362,8.291449e-05,1.4396308e-10,0.008747051,10.753126,34.1052,34.095734,1.6156077,156.79752,4.3032584,156.78937,1.0,-0.5721188,-1.0,10000,0.71521455,0.0455028156178741,0.0434523763969249,0.0400331324321596,10,0.0015223205504863,1000,1000.0,1000,10,0.0,9536.841262817385,9471.803577423096,9435.843312263489,10,29.53291095221813,-103.12004030203394,-139.01602787447695,-159.51086568344786,10,16.6380381559459,10000.0,9996.95979332129,9991.452184518952,10,2.854408667123756,-17.003944400655715,-23.523096166631746,-26.878269042103632,10,2.789377403479699,-337.704845,-360.920408,-372.71244,10,10.333713479950532,0.0,0.0,0.0,10,0.0,-1.675123637941089,-1.6966857846178154,-1.7160790559363854,10,0.0144135180269524,0.0,0.0,0.0,10,0.0,4.6838574,-0.5496323,-4.17467,1000,0.9612169,0.096222051032833,0.0964762376156659,8.596778072894708,0.0002541865828329,0.9648156316165148,5072.522918466288,1000,972.2634146341464,33,205,139.50049874217612,9422.48023700714,9073.578795866268,310.36635398864746,205,1304.135301679494,134312.0,157.9179720878601,200000.0,175.0,27871.756721496586,35000000.0,1266.4802957875302,175000.0
2.522998e-08,3.1235947e-10,488.76648,-0.00037890475,1.4178018e-10,0.0091767,10.747175,34.032665,34.02308,1.4031805,134.55093,3.5699115,134.62114,1.0,-0.54657,-1.0,10000,0.7420767,0.048824214312408,0.0473827346395322,0.0453348195348371,10,0.0009635322263936,1000,1000.0,1000,10,0.0,9458.740924835203,9417.912898540497,9389.624786376951,10,18.676616008034618,-143.33216142798148,-166.1541270164715,-182.94354730680587,10,11.327162804642024,10000.0,9999.141051876151,9997.546501523171,10,0.8360808605190496,-23.61440872969083,-27.532273101264344,-30.41498939308054,10,1.7451158999811345,-370.1680283333333,-385.8468685,-395.34893,10,6.772814006984846,0.0,0.0,0.0,10,0.0,-1.6677503719567297,-1.6948886213336891,-1.7401029799373289,10,0.0213508477450774,0.0,0.0,0.0,10,0.0,4.775992,-0.49352127,-4.6219516,1000,0.998612,0.0968575174899153,0.0971117040727482,8.840513841178002,0.0002541865828329,0.9792271489063904,4124.397407874668,1000,351.4769001490313,15,671,225.81679328844533,9320.84886789322,3252.864374110089,133.72068691253662,671,2094.5099525866603,134983.0,164.4567515850067,200000.0,176.0,28036.21347308159,35200000.0,1216.1252005310416,176000.0
2.522998e-08,3.145662e-10,487.8239,-5.4147473e-05,1.3957346e-10,0.008834979,10.719636,33.912666,33.90334,1.2193693,110.73411,2.9826107,110.91151,1.0,-0.5590362,-1.0,10000,0.73209274,0.0482115156894287,0.0455001050549355,0.0430027321713714,10,0.0019516451577366,1000,1000.0,1000,10,0.0,9507.895672798157,9446.477108764648,9392.056277275084,10,44.05655737403824,-110.30792026162504,-152.51831534792197,-188.81350227822924,10,28.712679899883383,10000.0,9997.456153575404,9992.872079264798,10,2.816643332548175,-17.955702735028453,-24.32227265331393,-29.64245266749074,10,4.492039021077604,-354.550605,-372.4579988333333,-390.4355833333333,10,13.51924729372781,0.0,0.0,0.0,10,0.0,-1.6277524374932333,-1.680457185146152,-1.726749009114282,10,0.0301165816072377,0.0,0.0,0.0,10,0.0,4.374986,-0.5142414,-4.344883,1000,0.98490226,0.0974929839469975,0.0977471705298304,9.102285615050508,0.0002541865828329,0.9884707861680996,3446.597947898192,1000,627.054794520548,32,219,314.17795427416354,9395.159573554993,5807.56018855256,303.96732997894287,219,2917.3567922618063,135202.0,157.05135822296145,200000.0,177.0,28193.26483130455,35400000.0,1273.4687701080916,177000.0
2.522998e-08,3.1411265e-10,482.8823,1.4872606e-05,1.4002698e-10,0.008677009,10.687923,33.796406,33.787376,1.0004603,88.68179,2.0672503,89.062294,1.0,-0.59437335,-1.0,10000,0.6937215,0.0411387067897449,0.0404440073552512,0.0399742570559465,10,0.0003331443332096,1000,1000.0,1000,10,0.0,9536.60073852539,9523.662567806245,9493.091338157654,10,11.43505231268645,-77.54804407473864,-81.36054607172652,-84.9770223797427,10,2.5936767999704484,9984.267762106658,9970.510842648267,9939.530398953426,10,12.299289935178466,-12.41062858916874,-13.33608491943182,-14.3649518655848,10,0.6323287220676451,-346.4786783333333,-350.21633133333324,-354.9015583333333,10,2.5079047603145126,0.0,0.0,0.0,10,0.0,-1.872170836956631,-1.9353081805766976,-1.9813418810470584,10,0.029228350827995,0.0,0.0,0.0,10,0.0,4.1910353,-0.5284296,-4.426424,1000,0.9772182,0.0977471705298304,0.0980013571126633,9.257815740773758,0.0002541865828329,0.9907766289344796,4631.205957081065,1000,710.3147410358566,26,251,372.18984860981885,9420.594004631042,6645.0468817859055,239.3636350631714,251,3491.5897916412555,135453.0,158.3444902896881,200000.0,178.0,28351.60932159424,35600000.0,1263.0688926031082,178000.0
2.522998e-08,3.1313144e-10,478.29663,8.1713704e-05,1.4100822e-10,0.008527626,10.683067,33.765663,33.756798,0.89445084,67.95364,1.6750895,68.412796,0.9999998,-0.59707046,-1.0,10000,0.6773567,0.0391674533150362,0.0387582169264875,0.0382952398764173,10,0.0002756350313449,1000,1000.0,1000,10,0.0,9536.228072166445,9522.857225894928,9509.137769699097,10,8.921655720786454,-70.59777956999991,-75.77410551723563,-81.92135161655904,10,3.234980380851676,9968.24834028412,9959.478218236747,9943.714770247316,10,7.20056714945815,-11.417738657474784,-12.661306832479058,-13.501928665582282,10,0.5852584838552493,-340.07377999999994,-346.12772499999994,-352.18166999999994,10,3.524635701268441,0.0,0.0,0.0,10,0.0,-1.9732690232450985,-2.057853429206731,-2.1344979308265684,10,0.05276769150309,0.0,0.0,0.0,10,0.0,4.8075476,-0.518296,-4.861509,1000,0.98114234,0.0983826369869127,0.0986368235697456,9.449807136907816,0.0002541865828329,0.9945545217229168,4479.831539571456,1000,377.9467939972714,30,733,343.94747394950105,9444.212354660034,3526.908993323769,265.2055139541626,733,3233.374152837893,136186.0,158.47426867485046,200000.0,179.0,28510.08359026909,35800000.0,1262.0345351480998,179000.0
2.522998e-08,3.10315e-10,478.52063,-0.0004152967,1.4382466e-10,0.0090286685,10.728447,33.88331,33.874355,0.9293296,44.508083,1.6830263,44.834194,0.999999,-0.6088733,-1.0,10000,0.6592348,0.0371727667203376,0.036634132251059,0.0361041562540194,10,0.0003167725572648,1000,1000.0,1000,10,0.0,9550.4289188385,9537.969157218931,9515.168246269226,10,9.485880810366451,-68.9508837642892,-72.01947390654344,-77.54157615301858,10,2.190430949540984,9967.608424721657,9958.350991586707,9930.60156369816,10,10.137195888313432,-11.789320673586545,-12.438042083343836,-13.354001606782976,10,0.4596619440092622,-327.87815166666667,-333.8794536666667,-337.44163,10,3.03914239233892,0.0,0.0,0.0,10,0.0,-1.9791489124080155,-2.044866405016825,-2.144432726467473,10,0.0502224739576308,0.0,0.0,0.0,10,0.0,4.707086,-0.51059294,-4.583714,1000,0.9809547,0.0993993833182442,0.0996535699010771,9.792855284723878,0.0002541865828329,0.9977695320977066,2875.665982147096,965,190.31079136690647,21,695,154.0392497355332,8859.813682079315,1751.167238624887,187.2063455581665,695,1431.541571710566,136881.0,157.74799871444702,200000.0,180.0,28667.831588983536,36000000.0,1267.844927541914,180000.0
2.522998e-08,3.1188696e-10,479.52066,0.00013763706,1.422527e-10,0.008493735,10.694253,33.826984,33.81837,0.819885,25.37153,1.2003261,26.07343,0.99999696,-0.6243711,-1.0,10000,0.63951856,0.0350872179363359,0.0342047366687533,0.0329152101838699,10,0.0006421469677268,1000,1000.0,1000,10,0.0,9578.242568016052,9566.537777900696,9555.827540397644,10,7.881457570908738,-68.98692173117487,-71.56445049826979,-73.41179900962206,10,1.491932808580056,9985.281492863396,9968.821374651674,9958.19323614905,10,7.64932035520612,-12.129945594735249,-12.50510734456206,-13.00833923946176,10,0.3147806388032716,-305.1539233333333,-316.2265009999999,-323.4034966666666,10,5.403256822011093,0.0,0.0,0.0,10,0.0,-1.87477298710085,-1.9875398797461,-2.065021019774509,10,0.0533544143983888,0.0,0.0,0.0,10,0.0,4.8905396,-0.53783405,-4.3588963,1000,0.9573005,0.1001619430667429,0.1004161296495758,9.697485981436538,0.0002541865828329,0.9988858540819764,3333.255219163371,1000,813.8429118773946,29,261,293.2340124393674,9443.01432132721,7643.952134108635,271.5453462600708,261,2754.816706804833,137142.0,165.19512510299683,200000.0,181.0,28833.026714086533,36200000.0,1210.6894793372553,181000.0
2.522998e-08,3.1327618e-10,470.20956,0.00036939845,1.4086349e-10,0.008094373,10.661415,33.764816,33.755844,0.6774835,16.328983,0.7992656,17.412342,0.999997,-0.63313764,-1.0,10000,0.62553537,0.0333532381830591,0.0326722812164371,0.0314669355809892,10,0.0005500162412369,1000,1000.0,1000,10,0.0,9592.118424415588,9576.422544193269,9564.538533210754,10,7.029705368750338,-73.98715818739211,-77.03657908802273,-79.23623275636776,10,1.8252879559484905,9984.62041133151,9974.180419409848,9964.041987929148,10,7.2069067445226835,-13.302427151118906,-13.777034660183324,-14.794017919966606,10,0.4314512923951711,-295.85366,-305.01354200000003,-311.64656,10,4.805818653670358,0.0,0.0,0.0,10,0.0,-1.822081907423032,-1.930721438992508,-2.007850344647577,10,0.050613556114402,0.0,0.0,0.0,10,0.0,4.7174263,-0.54329383,-4.09182,1000,0.9520336,0.1006703162324087,0.1009245028152416,9.483664127536295,0.0002541865828329,0.999286946612465,3898.234911881684,1000,431.3053892215569,19,501,357.5450176852631,9431.689793586733,4048.286195047363,176.66882610321045,501,3364.994053041707,137643.0,158.43011212348938,200000.0,182.0,28991.456826210026,36400000.0,1262.386280734995,182000.0
2.522998e-08,3.136486e-10,463.27527,0.00017187417,1.4049105e-10,0.00816708,10.672184,33.759567,33.750423,0.6020605,12.985786,0.6188885,14.3072,1.0,-0.6310419,-1.0,10000,0.6269408,0.0331233159086987,0.0322786297781014,0.0317658397771738,10,0.0004141138670878,1000,1000.0,1000,10,0.0,9584.164860725405,9574.403609371186,9566.019931793213,10,6.05799249136645,-85.99533119148512,-90.89537305413594,-94.35412902299164,10,2.5219203843838733,9991.549263542998,9986.97860546839,9980.305917230538,10,3.5857085135697893,-15.232898590230022,-16.34534192225116,-17.234310417003343,10,0.5937109393454565,-299.18771666666663,-303.3640613333333,-309.27762499999994,10,3.3863359649267646,0.0,0.0,0.0,10,0.0,-1.887156116413512,-1.9702217230175727,-2.031793128510628,10,0.0395110541084373,0.0,0.0,0.0,10,0.0,5.242355,-0.5560421,-4.285225,1000,0.94412476,0.1010515961066581,0.101305782689491,9.315266850797697,0.0002541865828329,0.9994929398133084,4089.0889745661407,1000,524.4916387959867,23,299,242.4469650594644,9417.104749679564,4927.577780627886,200.79423332214355,299,2278.2485766286454,137942.0,158.8679702281952,200000.0,183.0,29150.324796438217,36600000.0,1258.9070012836664,183000.0
2.522998e-08,3.1933575e-10,459.3071,0.00014459233,1.348039e-10,0.008122935,10.682931,33.73108,33.72197,0.5567382,14.451771,0.6072812,15.924888,0.99999905,-0.63657725,-1.0,10000,0.633053,0.033621749674945,0.0328290002605746,0.0322557172167726,10,0.0003858069860383,1000,1000.0,1000,10,0.0,9586.39147567749,9565.255563735962,9540.776873588562,10,11.931481379235324,-89.84200078841894,-98.13187472848848,-105.1407316876118,10,4.218992788477309,9995.46421751417,9983.029379930147,9969.7218129678,10,7.252332952123623,-14.821410810942025,-16.171181435784863,-17.828092558791653,10,0.7957614953222267,-294.44984666666664,-301.60929466666664,-308.9266716666666,10,4.220970759389463,0.0,0.0,0.0,10,0.0,-1.7886413812188209,-1.861468676430544,-1.9184393717719028,10,0.0394514690025781,0.0,0.0,0.0,10,0.0,4.5230455,-0.56706655,-4.6923556,1000,0.94439304,0.1015599692723239,0.1018141558551568,9.169631865456882,0.0002541865828329,0.999670072838526,4798.656593960058,1000,442.0953389830509,28,472,349.01300516583206,9425.361459732056,4145.300613772724,246.6496615409851,472,3288.8398403996216,138414.0,158.50083661079407,200000.0,184.0,29308.82563304901,36800000.0,1261.8229927146,184000.0
2.522998e-08,3.1894237e-10,449.81366,0.00070725044,1.351973e-10,0.0073893955,10.630073,33.56951,33.56048,0.51036835,22.539255,0.48832455,24.298006,1.0,-0.6388433,-1.0,10000,0.6428139,0.0340892848687799,0.0338156785339058,0.033502431750021,10,0.0001721155068448,1000,1000.0,1000,10,0.0,9568.5421667099,9556.857591342929,9543.318502426147,10,8.785347021855033,-99.47841320718324,-103.9025712126213,-110.57111683748856,10,3.170113498352368,9992.787912808111,9983.130812189347,9972.094594320492,10,7.89842793061917,-14.912057688036622,-15.976764937883797,-17.603475852258452,10,0.7899445644844056,-302.17081999999994,-304.5573026666667,-308.0492883333333,10,1.6115217610440424,0.0,0.0,0.0,10,0.0,-1.7858370127253855,-1.8365788754112216,-1.8745530757708664,10,0.0282675631746387,0.0,0.0,0.0,10,0.0,4.3713293,-0.57122034,-4.198615,1000,0.94849056,0.1021954357294061,0.102449622312239,8.842605376727331,0.0002541865828329,0.999813077332778,4526.6755903218245,1000,538.3005565862709,28,539,331.6968778216755,9452.442746162416,5061.102915818705,252.0212287902832,539,3123.801539439964,138953.0,158.38027667999268,200000.0,185.0,29467.205909729004,37000000.0,1262.7834992617163,185000.0
2.522998e-08,3.1597147e-10,440.2297,0.00040246532,1.3816819e-10,0.007521668,10.642629,33.569134,33.55986,0.5585115,32.29877,0.57647616,33.958378,0.9999998,-0.63422585,-1.0,10000,0.6528574,0.0352220804960088,0.0349631202596996,0.0346732589189341,10,0.000179652880889,1000,1000.0,1000,10,0.0,9572.196586608889,9562.272683238984,9547.067997932434,10,7.411871875167369,-95.66572712514213,-100.08643251430183,-104.96183624572328,10,2.723509002775385,9996.18228968802,9988.809323933978,9973.916681256464,10,6.006975896390202,-15.299610899060736,-16.50714340899044,-17.412589921587124,10,0.6721784314299467,-303.83784833333334,-308.18966966666665,-313.3135883333333,10,2.2775492353222844,0.0,0.0,0.0,10,0.0,-1.679617147904941,-1.75339231090171,-1.821537647754876,10,0.0426549677830717,0.0,0.0,0.0,10,0.0,4.05857,-0.5754023,-5.030069,1000,0.94987786,0.1029579954779048,0.1032121820607377,8.808839557129948,0.0002541865828329,0.9999019029842418,3627.961204027388,1000,509.5858310626703,20,367,285.0955623825972,9428.487399101256,4786.52358903677,146.09388399124146,367,2680.942075618978,139320.0,162.60726165771484,200000.0,186.0,29629.81317138672,37200000.0,1229.9573706677145,186000.0
2.522998e-08,3.131428e-10,432.30658,0.0004133672,1.4099688e-10,0.0073681516,10.625873,33.52705,33.517418,0.59467316,40.749924,0.66311604,42.39907,0.99999994,-0.6260445,-1.0,10000,0.6677867,0.0372874050972022,0.03685531302054,0.0364008521573123,10,0.0002365381568741,1000,1000.0,1000,10,0.0,9564.393750190737,9554.403532791135,9533.07277393341,10,8.802314194446195,-88.32251986634216,-93.0034056641264,-98.71925599598242,10,3.121590497448498,9991.846070902528,9984.152513265111,9962.333630534253,10,7.899860341195199,-15.495462493287617,-16.206652213460934,-17.45921573403018,10,0.5131203784318232,-316.2966916666666,-318.7709126666667,-322.3506366666666,10,2.0171422558518004,0.0,0.0,0.0,10,0.0,-1.696890576665006,-1.768007326100541,-1.8122353469919927,10,0.0367023542579845,0.0,0.0,0.0,10,0.0,4.800412,-0.58160067,-4.434229,1000,0.94673747,0.103593461934987,0.1038476485178199,8.710208784573421,0.0002541865828329,0.9999455548270264,4480.705366112212,1000,607.7074468085107,26,376,360.8496025898129,9467.429363250732,5720.454389721155,234.5397562980652,376,3405.7883097250697,139696.0,157.29549980163574,200000.0,187.0,29787.108671188354,37400000.0,1271.4921930520493,187000.0
2.522998e-08,3.1435993e-10,428.01624,0.0001329988,1.3977973e-10,0.0075712935,10.638174,33.562145,33.552338,0.6701035,47.60745,0.8449077,49.04637,1.0,-0.62237656,-1.0,10000,0.6762785,0.0385292145816347,0.0378535292206885,0.0372569419768842,10,0.000372021167993,1000,1000.0,1000,10,0.0,9546.152033805847,9532.60718679428,9520.606150627136,10,7.657015169252064,-87.374149115109,-90.6154180864119,-93.4328869674464,10,1.8802986097918672,9975.445859279109,9966.381076260266,9961.000547535568,10,5.253661752291047,-15.520710917275974,-16.713692119220465,-17.659777475596094,10,0.6841906626695526,-320.1571783333333,-324.6844763333333,-329.01874999999995,10,3.259853986683024,0.0,0.0,0.0,10,0.0,-1.7175052027447482,-1.7602999969495423,-1.828688558465988,10,0.0312790499906394,0.0,0.0,0.0,10,0.0,4.527308,-0.5610023,-5.09289,1000,0.96200216,0.1042289283920693,0.1044831149749022,8.799831798744464,0.0002541865828329,0.9999678555698762,3759.6899968403936,918,268.50857843137254,21,816,198.78120651526748,8639.161849021912,2501.8970407030547,173.0861336007365,816,1864.945204172713,140512.0,159.2696259021759,200000.0,188.0,29946.37829709053,37600000.0,1255.7322142694104,188000.0
2.522998e-08,3.136174e-10,427.90192,5.35522e-05,1.4052223e-10,0.007648684,10.651471,33.58852,33.578674,0.7171914,49.3273,0.92505044,50.646473,1.0,-0.62428665,-1.0,10000,0.6744257,0.0381242145781725,0.0375672450707556,0.0370467532381153,10,0.0003446312016703,1000,1000.0,1000,10,0.0,9560.705973625183,9551.270173597337,9531.868331432344,10,9.008865732624034,-81.1139905981305,-84.1838583073856,-87.05377837078215,10,1.7363476074473525,9982.875423236292,9976.707983613253,9960.19210557397,10,7.389946246921203,-16.09641467876499,-17.379557216239878,-18.583632195726786,10,0.7106164817372468,-319.806225,-322.1576123333333,-324.017665,10,1.6483602222941909,0.0,0.0,0.0,10,0.0,-1.6683110162616446,-1.716776818711618,-1.7476093423786128,10,0.02733083657074,0.0,0.0,0.0,10,0.0,5.146666,-0.58220965,-4.2228184,1000,0.95000833,0.1048643948491515,0.1051185814319844,8.87641303281203,0.0002541865828329,0.99998215940572,4746.394080047276,1000,286.6307053941909,24,241,288.42960216615506,9418.36005973816,2675.4585115380305,224.4123048782349,241,2707.828553199276,140753.0,157.55047512054443,200000.0,189.0,30103.928772211075,37800000.0,1269.434445354587,189000.0
2.522998e-08,3.1473577e-10,428.1018,-0.0001026573,1.394039e-10,0.0078084893,10.656399,33.60081,33.59094,0.72203827,49.244423,0.9292264,50.45825,0.9999999,-0.6320425,-1.0,10000,0.6666653,0.0370007621522963,0.0365850165194395,0.0359871566838555,10,0.0003522780687733,1000,1000.0,1000,10,0.0,9588.69390964508,9580.856478023528,9574.78527355194,10,3.5778531936022087,-74.24035980705713,-79.56628454404223,-82.49427656424132,10,2.6740935592429524,9998.223539011096,9991.502217567857,9987.650012913771,10,2.9304154829668145,-16.88270310575797,-17.470202344651828,-18.180788288212703,10,0.4394472370157022,-307.7860733333333,-311.9975133333333,-315.7702616666666,10,2.258474004540933,0.0,0.0,0.0,10,0.0,-1.5735243876442335,-1.611742538314487,-1.6786750227410645,10,0.0334129777856279,0.0,0.0,0.0,10,0.0,4.7871437,-0.57350737,-4.724974,1000,0.95540243,0.1052456747234009,0.1054998613062338,8.968961121008038,0.0002541865828329,0.9999871547721184,4346.836054089879,1000,372.86572890025576,19,782,353.6650251324865,9458.4047164917,3494.7932409188707,167.4711980819702,782,3334.572115209318,141535.0,157.56002759933472,200000.0,190.0,30261.48879981041,38000000.0,1269.3574826515485,190000.0
2.522998e-08,3.1632888e-10,432.20984,-0.00024860588,1.3781076e-10,0.008028384,10.658245,33.598915,33.58912,0.6859084,47.115887,0.9186598,48.315296,0.99999976,-0.6366002,-1.0,10000,0.66080797,0.0360536991896078,0.0358148236157983,0.035601114007979,10,0.0001300248525342,1000,1000.0,1000,10,0.0,9605.125255584717,9593.272302532196,9584.217210769652,10,5.645832942058297,-72.5794156287993,-76.59027509385132,-83.82709473938772,10,3.1064842301467714,9998.2021641048,9994.862476486604,9991.780799266911,10,1.5806720092289468,-16.894712662493006,-17.801180303077494,-18.64094723578263,10,0.530879211547605,-301.64439,-305.6277103333333,-311.0323916666666,10,2.350404982610186,0.0,0.0,0.0,10,0.0,-1.5148335400397794,-1.5710113049794885,-1.6593660075845644,10,0.0369363525805311,0.0,0.0,0.0,10,0.0,5.4767537,-0.58534485,-5.090503,1000,0.9455218,0.1056269545976502,0.1058811411804831,9.01120715559028,0.0002541865828329,0.9999908656157286,4506.718987753277,1000,524.7675070028012,28,357,229.13367291747696,9428.165719985962,4928.549568891108,258.3078851699829,357,2152.5230857110164,141892.0,167.37245631217957,200000.0,191.0,30428.86125612259,38200000.0,1194.9397434125256,191000.0
2.522998e-08,3.1774025e-10,437.0308,-0.00020666615,1.363994e-10,0.008073219,10.659166,33.588856,33.579056,0.64564866,45.10225,0.85549724,46.311543,0.9999999,-0.639393,-1.0,10000,0.6570211,0.0356160118441766,0.035191648169505,0.034844276958247,10,0.0002532198956804,1000,1000.0,1000,10,0.0,9599.294492721558,9592.226236343384,9583.384586334229,10,5.558356056727892,-74.73358510071165,-78.40537664906162,-82.38837871257601,10,2.546417032909164,9999.295585253223,9991.39291298266,9987.331129578748,10,3.583130179945337,-17.0499233716261,-17.914050957072618,-18.60429256924796,10,0.4700682671756506,-296.9942583333333,-301.2934366666666,-305.6803533333333,10,2.1662663795049166,0.0,0.0,0.0,10,0.0,-1.4782489081106789,-1.5538154172672534,-1.6083562087373018,10,0.0388089559214848,0.0,0.0,0.0,10,0.0,4.9167366,-0.5872216,-4.352228,1000,0.9419424,0.1058811411804831,0.106135327763316,9.03243046932254,0.0002541865828329,0.9999926924925828,5232.038327924637,1000,530.244635193133,118,233,253.47391579910573,9452.014986991882,4990.826108938634,1099.84885931015,233,2382.833509088709,142125.0,158.55454850196838,200000.0,192.0,30587.41580462456,38400000.0,1261.395537937009,192000.0
2.522998e-08,3.1912364e-10,436.92108,0.00013114435,1.3501601e-10,0.007733436,10.629502,33.503006,33.493217,0.5903676,44.627167,0.74716765,45.933952,1.0,-0.63829607,-1.0,10000,0.65761495,0.0357095712050068,0.0352544631440658,0.0345806886271311,10,0.0003061133110336,1000,1000.0,1000,10,0.0,9598.173303604126,9591.72930765152,9580.52837085724,10,4.440156807878907,-81.10431308281194,-85.34535812486197,-89.58580979734097,10,2.627011080482663,9999.971761144998,9995.514516202642,9978.436461098783,10,5.914155084636704,-17.40221431798091,-18.02512488721564,-19.313945537824505,10,0.5402681962080489,-296.55556666666666,-298.9332755,-301.03022166666665,10,1.3830689719505125,0.0,0.0,0.0,10,0.0,-1.4366693887307074,-1.481453177613402,-1.537873334363807,10,0.0286666694197151,0.0,0.0,0.0,10,0.0,4.845206,-0.5839424,-4.6443377,1000,0.9455738,0.1063895143461489,0.1066437009289818,8.972060813749689,0.0002541865828329,0.9999952452485072,5408.94135277945,1000,491.90277777777777,25,576,256.6826718344301,9451.418400764464,4634.117270151774,231.0905990600586,576,2423.4536074015955,142701.0,156.91515588760376,200000.0,193.0,30744.33096051216,38600000.0,1274.5741408386157,193000.0
2.522998e-08,3.1910657e-10,434.07785,1.6688387e-05,1.350331e-10,0.007796712,10.614476,33.450874,33.44111,0.5687238,45.305683,0.70979136,46.620163,0.99999994,-0.6363921,-1.0,10000,0.6630787,0.0366391626896656,0.0358118667215021,0.0353231514285289,10,0.000369645041714,1000,1000.0,1000,10,0.0,9600.67077445984,9589.842927360534,9577.84185218811,10,6.486787992321696,-80.70801268765767,-85.76329821010209,-96.34089977677468,10,4.728336023419467,9999.747103329864,9995.823966083351,9984.3015955625,10,4.282265340106203,-16.892362187381813,-17.644158789229113,-19.59715448983829,10,0.7898971634267486,-297.0819966666666,-301.11796,-304.1010633333333,10,2.092885714139032,0.0,0.0,0.0,10,0.0,-1.4158621484873637,-1.455616055127961,-1.4905413141825157,10,0.0257428792722251,0.0,0.0,0.0,10,0.0,5.097055,-0.57305294,-5.5601034,1000,0.95327646,0.1070249808032312,0.107279167386064,8.969358810723373,0.0002541865828329,0.9999973061604656,4499.424292898994,1000,291.1331444759207,17,706,181.905998996319,9424.978706359863,2733.4812631138493,156.35703563690186,706,1712.583984570533,143407.0,156.77405214309692,200000.0,194.0,30901.10501265525,38800000.0,1275.7213152687295,194000.0
2.522998e-08,3.2107797e-10,436.87485,-0.00028126978,1.3306169e-10,0.008145017,10.643201,33.488434,33.47879,0.6046184,43.16294,0.8178098,44.34308,0.99999994,-0.63751805,-1.0,10000,0.66224176,0.0358859861789242,0.0354541409191297,0.0351440425189939,10,0.0002105347164174,1000,1000.0,1000,10,0.0,9608.877827644348,9598.83769159317,9589.91328907013,10,5.251014090942335,-76.24303384165367,-82.21006005674289,-88.06389936314284,10,3.64078938871975,9999.561017691518,9997.321721061337,9993.91840189033,10,1.762660781489463,-15.50076705569504,-16.656394888317674,-17.661546834803026,10,0.6950123587082225,-294.44984666666664,-298.17872583333326,-304.1888016666666,10,2.592144384781556,0.0,0.0,0.0,10,0.0,-1.345249461081555,-1.4388512444862105,-1.5526613992985645,10,0.0521124667042451,0.0,0.0,0.0,10,0.0,4.6758056,-0.56487375,-4.373177,1000,0.9587381,0.1075333539688969,0.1077875405517298,9.096632546860183,0.0002541865828329,0.999998275942698,4499.240153431461,1000,210.0569620253165,25,790,159.08812316619634,9354.888003349304,1963.6950064902064,200.2330412864685,790,1488.5482465627251,144197.0,157.33583092689514,200000.0,195.0,31058.44084358216,39000000.0,1271.1662615042114,195000.0
2.522998e-08,3.2307237e-10,440.18234,-3.6056994e-05,1.310673e-10,0.007959339,10.624059,33.427868,33.418415,0.58523667,40.22352,0.7578876,41.425957,0.9999998,-0.6413942,-1.0,10000,0.6584574,0.0353817354511265,0.0351855676301784,0.0348200146822928,10,0.0001462853593101,1000,1000.0,1000,10,0.0,9610.40731048584,9599.36024723053,9592.735549926758,10,5.026039989996614,-75.01667678385029,-79.66177987498247,-83.82933109240247,10,2.639869776435637,9999.481123847425,9995.158511683738,9986.195554152631,10,4.248998688718616,-15.63161530091353,-16.704619015271767,-17.719611917980263,10,0.6828622194754521,-294.27437,-297.9681538333333,-302.78498833333333,10,2.214919426546313,0.0,0.0,0.0,10,0.0,-1.3811664876060794,-1.4637114970793763,-1.5338062308172649,10,0.0413675903707532,0.0,0.0,0.0,10,0.0,4.7527914,-0.58967495,-4.680852,1000,0.9404574,0.1082959137173956,0.1085501003002285,9.12964815262175,0.0002541865828329,0.999999095214728,4145.436450569117,1000,642.2167101827677,23,383,342.4807555457725,9484.25461101532,6058.7812706390805,207.8197193145752,383,3235.6955194509346,144580.0,164.28373074531555,200000.0,196.0,31222.72457432747,39200000.0,1217.4060029721045,196000.0
2.522998e-08,3.2317765e-10,440.1512,-0.000108618435,1.3096203e-10,0.008031339,10.613713,33.382202,33.372738,0.5728621,37.4039,0.69829834,38.636154,0.99999994,-0.6491523,-1.0,10000,0.65154,0.0345170552609051,0.0341793560626974,0.0339033769392262,10,0.0002148833933451,1000,1000.0,1000,10,0.0,9611.212284088137,9600.706342792511,9587.418932914734,10,7.020762272933732,-74.65641494852522,-78.64578690830527,-82.67537025398454,10,2.202092514382121,9996.645745792706,9990.122537426492,9979.445117288948,10,4.935223244197384,-15.989619731859758,-16.54446487364649,-17.27440720274848,10,0.491560423730038,-289.7119766666666,-292.7214015,-296.8187816666666,10,2.2461870136652817,0.0,0.0,0.0,10,0.0,-1.4490225963788237,-1.50453804738496,-1.554263164214389,10,0.0363214411953455,0.0,0.0,0.0,10,0.0,4.140296,-0.596589,-4.3268394,1000,0.9342085,0.1089313801744779,0.1091855667573108,9.148380469985764,0.0002541865828329,0.999999497831914,4819.278198500207,1000,819.7045454545455,73,220,294.8521801872203,9485.787137031555,7744.367020639506,689.6264019012451,220,2788.3948494072465,144800.0,156.63451862335205,200000.0,197.0,31379.35909295082,39400000.0,1276.8577562454534,197000.0
2.522998e-08,3.2268963e-10,440.41238,-2.006192e-05,1.3145e-10,0.007947484,10.59981,33.33801,33.328476,0.57035357,35.554302,0.6672533,36.804626,0.9999998,-0.65587145,-1.0,10000,0.6423185,0.0338044253352418,0.0331121570820367,0.0320962739732785,10,0.0005390445345777,1000,1000.0,1000,10,0.0,9611.002549171448,9600.317785167694,9591.126347541807,10,5.653225770294953,-73.9490552870316,-78.90797413905786,-86.37094448613323,10,3.0241405085228985,9995.498182197309,9985.002372969822,9974.83352887997,10,6.359293350037652,-14.82109157107807,-16.578472207031872,-18.240139396246125,10,1.084347879238029,-281.28909666666664,-287.6501258333333,-292.431865,10,3.5371173432563103,0.0,0.0,0.0,10,0.0,-1.5144208615639778,-1.5480172454405392,-1.574792601761954,10,0.0205606406684694,0.0,0.0,0.0,10,0.0,5.7284913,-0.579923,-4.489222,1000,0.94623464,0.1094397533401437,0.1096939399229766,9.159372513923904,0.0002541865828329,0.9999996732559654,4198.789475652096,1000,276.00686813186815,24,728,300.8296334462783,9476.786224365234,2591.344741456456,225.7487230300904,728,2844.5810641969333,145528.0,156.28413009643555,200000.0,198.0,31535.643223047256,39600000.0,1279.7204673090573,198000.0
2.522998e-08,3.224721e-10,440.94083,3.441955e-05,1.3166752e-10,0.007902515,10.592519,33.31361,33.30402,0.572943,32.801655,0.66109073,34.06112,0.9999998,-0.6598041,-1.0,10000,0.6388154,0.0334309179032716,0.03260838332774,0.0317096934091387,10,0.0005537043600736,1000,1000.0,1000,10,0.0,9613.192070961,9599.704345035552,9565.170840263369,10,12.753669892868052,-72.96315880546109,-74.82588825358138,-78.55275341642343,10,1.8079658618473868,9988.392205024536,9977.860839034613,9947.05234707794,10,11.917827377327953,-14.757541825705976,-16.788550144915728,-17.760068905818393,10,0.7944601163658179,-278.1305166666666,-284.99165433333326,-289.6242383333333,10,3.3882904027533947,0.0,0.0,0.0,10,0.0,-1.4949287562154647,-1.550399406325396,-1.6606106587263214,10,0.044627697071978,0.0,0.0,0.0,10,0.0,5.299046,-0.5918718,-5.1576133,1000,0.9381623,0.1100752197972259,0.1103294063800588,9.179255723927778,0.0002541865828329,0.9999998148807568,4173.255420204049,1000,391.04452690166977,25,539,179.76989482669413,9373.317226409912,3676.271552244343,239.15064525604248,539,1686.199491678713,146067.0,163.25979661941528,200000.0,199.0,31698.90301966667,39800000.0,1225.0413398849932,199000.0
2.522998e-08,3.2000036e-10,439.2284,9.1241855e-05,1.3413927e-10,0.007814869,10.556074,33.219913,33.21027,0.531582,32.546124,0.582118,33.92467,1.0,-0.65743196,-1.0,10000,0.6451384,0.0337579320428048,0.0333547702238021,0.032471804607383,10,0.0004108799310115,1000,1000.0,1000,10,0.0,9604.241939544678,9593.954462242127,9580.09218597412,10,7.430549582961155,-73.32198478851268,-76.5920488886991,-79.29971669466673,10,1.9006679610029824,9992.218588168827,9981.294178559236,9963.92397333684,10,8.798795315527629,-17.961777355110407,-18.88675148211493,-19.640781085084072,10,0.5776819235576496,-286.5533966666667,-290.3085973333333,-293.74794,10,1.988314022809572,0.0,0.0,0.0,10,0.0,-1.476707777487129,-1.55232085244761,-1.6277947543912503,10,0.0448669267342537,0.0,0.0,0.0,10,0.0,4.354114,-0.5880859,-4.667206,1000,0.939924,0.1107106862543081,0.110964872837141,9.08627098482745,0.0002541865828329,0.9999998929325148,3857.5483661252015,1000,370.9021113243762,20,521,270.2358961242632,9440.89690876007,3482.840773723862,179.5083408355713,521,2544.294372828303,146588.0,163.33725476264954,200000.0,200.0,31862.24027442932,40000000.0,1224.4603981536625,200000.0
2.522998e-08,3.2037512e-10,436.59933,0.00016044488,1.337645e-10,0.007698344,10.55631,33.206223,33.1965,0.53533345,33.52798,0.5902048,34.90068,1.0,-0.65021056,-1.0,10000,0.6564816,0.0354235031418647,0.0348009563528437,0.0343897700757224,10,0.0002773680191403,1000,1000.0,1000,10,0.0,9602.397094726562,9593.511052799226,9579.223969459534,10,6.451334818923008,-77.15548711818735,-79.83063587511968,-82.5093676147931,10,1.486834578775198,9998.537001096123,9993.62673528778,9984.984855336885,10,4.651198848610633,-20.02619798691853,-20.67554599657053,-21.304485596005584,10,0.3475546344160586,-293.5724633333333,-298.0734398333333,-302.7849883333333,10,2.5652174018003007,0.0,0.0,0.0,10,0.0,-1.4820384579833394,-1.536066395305755,-1.5763218616828834,10,0.0272371287634925,0.0,0.0,0.0,10,0.0,4.9650726,-0.60109603,-4.3976946,1000,0.9328266,0.1113461527113904,0.1116003392942233,9.071058882256096,0.0002541865828329,0.9999999393401264,4180.446803911677,1000,503.6706827309237,22,249,241.74013559308267,9456.175886154177,4740.111460875794,135.1412651538849,249,2278.5440672369346,146837.0,166.8669936656952,200000.0,201.0,32029.107268095016,40200000.0,1198.5593771808713,201000.0
2.522998e-08,3.179301e-10,434.7526,-2.6634107e-05,1.3620954e-10,0.007852181,10.549566,33.182907,33.172997,0.5346646,34.309437,0.5763849,35.647102,1.0,-0.6437226,-1.0,10000,0.6647195,0.0360989386667351,0.0358213506513944,0.0355657119582028,10,0.0001712842939238,1000,1000.0,1000,10,0.0,9591.697043418884,9583.445017719268,9562.934391021729,10,9.143394349101412,-79.12265262233073,-81.12814760672856,-82.84141828192664,10,1.3232292554380736,9999.22366474172,9991.524205721738,9969.86889280901,10,9.010448209962444,-19.71597740084625,-20.916391390529547,-21.65481753112369,10,0.5313914055671034,-302.78498833333333,-304.5046596666666,-305.9435683333333,10,1.076860715275536,0.0,0.0,0.0,10,0.0,-1.483712355379914,-1.5299904910670423,-1.571153878027784,10,0.0214581357374539,0.0,0.0,0.0,10,0.0,5.1470146,-0.5856074,-4.798868,1000,0.9457902,0.1119816191684726,0.1122358057513055,9.094169625074102,0.0002541865828329,0.9999999649161264,3905.0935814728273,1000,423.9970802919708,26,685,343.4898440771954,9489.247117042542,3995.076608305604,232.76414585113525,685,3250.9400196366464,147522.0,160.44255924224854,200000.0,202.0,32189.549827337265,40400000.0,1246.5520429527965,202000.0
2.522998e-08,3.1846545e-10,437.54297,3.3011834e-06,1.3567424e-10,0.0078724725,10.558605,33.181213,33.171318,0.5332055,32.088814,0.580926,33.352413,1.0,-0.6535057,-1.0,10000,0.6561128,0.0351008517254231,0.0346234101444279,0.034164911726184,10,0.0002728562518206,1000,1000.0,1000,10,0.0,9605.89119529724,9599.362520599365,9587.884546279907,10,5.642668171665751,-76.07319101138529,-78.79385227955963,-82.6112305880394,10,2.00892709173758,9998.820629104182,9997.027765242896,9988.213274254776,10,3.0658939261304634,-19.284352473580743,-19.911472452559416,-20.567685349612816,10,0.4049077278006773,-294.3621083333333,-297.41540233333325,-301.29343666666665,10,2.4905326089157938,0.0,0.0,0.0,10,0.0,-1.5109548812601985,-1.5445185511976265,-1.604595450443579,10,0.0261347499350767,0.0,0.0,0.0,10,0.0,4.39703,-0.5903282,-4.567352,1000,0.94118065,0.1126170856255549,0.1128712722083878,9.197776358871325,0.0002541865828329,0.9999999801229726,4234.241584505797,1000,737.1428571428571,81,266,350.8908992847482,9491.578378677368,6964.307180695236,758.3150324821472,266,3319.715385532664,147788.0,156.21907591819763,200000.0,203.0,32345.768903255463,40600000.0,1280.2533802256503,203000.0
2.522998e-08,3.189e-10,435.46536,0.00011069829,1.3523968e-10,0.0077276775,10.535016,33.10933,33.09945,0.50806814,29.975288,0.5380561,31.227547,0.99999994,-0.6574906,-1.0,10000,0.6542378,0.0348235805517615,0.0343948392878403,0.0336743890425277,10,0.0003621864368368,1000,1000.0,1000,10,0.0,9610.49464416504,9603.57582921982,9593.673387527466,10,4.674014973230296,-74.58417482272036,-77.04631847658275,-80.60523166374357,10,1.762372658053723,9999.75385908699,9998.05986365708,9989.579979474773,10,2.908631529830476,-19.178408236875605,-19.725466734677365,-20.18161075756959,10,0.3424705050311972,-290.85257499999994,-296.16074416666663,-299.88962333333325,10,2.827094659728835,0.0,0.0,0.0,10,0.0,-1.4869261838465095,-1.5515016512202582,-1.5905625981035756,10,0.0288271027099099,0.0,0.0,0.0,10,0.0,4.3964133,-0.5883698,-5.00485,1000,0.94394445,0.1131254587912207,0.1133796453740536,9.25768849890469,0.0002541865828329,0.9999999872787024,3571.277792670669,1000,321.25,22,528,216.6259912285633,9455.758880615234,3023.468094422623,153.54737323522568,528,2046.191194424852,148316.0,158.80721473693848,200000.0,204.0,32504.5761179924,40800000.0,1259.388626211326,204000.0
2.522998e-08,3.1892008e-10,433.4363,0.00010597902,1.352196e-10,0.0076958733,10.515485,33.02933,33.019352,0.4942483,26.819933,0.49573615,28.095356,1.0,-0.6581008,-1.0,10000,0.6499948,0.034331927746025,0.0339728592534098,0.0337077832546492,10,0.0002021653912608,1000,1000.0,1000,10,0.0,9606.72487449646,9599.709055709838,9591.627522468569,10,4.64974584024921,-77.33501172147805,-79.87300789946819,-81.56138064619194,10,1.223447750653348,9999.45622578582,9995.954898682898,9989.707610396365,10,3.414633353884471,-19.391214449698843,-19.93511574310663,-20.79297968037066,10,0.4187358265678613,-292.7828183333333,-294.87099066666667,-297.25747333333334,10,1.2779713968932809,0.0,0.0,0.0,10,0.0,-1.5357106281288826,-1.566728189254103,-1.608874728563889,10,0.0227104016767798,0.0,0.0,0.0,10,0.0,5.312274,-0.58562523,-4.9101467,1000,0.9432081,0.1137609252483029,0.1140151118311358,9.29005880473774,0.0002541865828329,0.9999999926423784,4074.404122646463,1000,460.38747553816046,17,511,388.3658807092952,9490.999054908752,4346.746014436863,149.5237545967102,511,3679.4085055796254,148827.0,156.65823698043823,200000.0,205.0,32661.23435497284,41000000.0,1276.6644375359197,205000.0
2.522998e-08,3.172093e-10,430.20367,0.000114179034,1.3693034e-10,0.007629487,10.505545,32.980484,32.970688,0.48731607,22.920918,0.48021144,24.150759,0.99999994,-0.66190666,-1.0,10000,0.6432579,0.0335718965693813,0.0332337509065037,0.0330240243380103,10,0.0001873311323007,1000,1000.0,1000,10,0.0,9614.178557395937,9606.429698562622,9601.510214805605,10,3.428527468630212,-77.26412315598769,-79.74971335748559,-82.30702979637984,10,1.4637763702571278,9998.915557192504,9996.724867080204,9993.607352640527,10,1.6329289006307668,-18.38813803145185,-19.07405258149426,-19.76659958186469,10,0.397653057636771,-286.55339666666663,-289.8874533333334,-292.3441266666666,10,1.8383222363755496,0.0,0.0,0.0,10,0.0,-1.5160926703375928,-1.583948990399655,-1.6155050546211818,10,0.0346943615519058,0.0,0.0,0.0,10,0.0,4.433096,-0.58997035,-4.9722605,1000,0.9383745,0.1143963917053851,0.114650578288218,9.389098141358376,0.0002541865828329,0.9999999958314852,3757.9658149711295,1000,432.8528678304239,25,401,194.52914134115656,9456.025291442871,4078.957979502003,232.86586093902588,401,1831.052462143412,149228.0,166.9621787071228,200000.0,206.0,32828.19653367996,41200000.0,1197.8760791737786,206000.0
2.522998e-08,3.1628075e-10,433.38043,-0.00034465262,1.3785892e-10,0.008145501,10.512384,32.97778,32.96805,0.48796508,16.984705,0.49454808,18.173595,1.0,-0.6619937,-1.0,10000,0.6377007,0.0330852754208463,0.0327361174287172,0.0323646101205522,10,0.0002135675967604,1000,1000.0,1000,10,0.0,9614.389379501345,9605.12393798828,9591.875802993774,10,5.637658331129196,-76.57751404207329,-80.69565579353197,-83.33750994030629,10,1.864625699258664,9999.316959938637,9995.720569126934,9987.944874283528,10,3.0336666876354585,-18.273626719068563,-19.02025148636328,-19.820026929938432,10,0.4334657697025411,-285.32506,-289.26451116666664,-293.1337716666666,10,2.56803671838137,0.0,0.0,0.0,10,0.0,-1.5690341066627251,-1.6162061378131078,-1.674121887362075,10,0.032721649405373,0.0,0.0,0.0,10,0.0,4.3773794,-0.5970567,-4.748499,1000,0.9323184,0.1149047648710509,0.1151589514538838,9.494815700524322,0.0002541865828329,0.9999999973321504,3796.738317866771,1000,322.7433155080214,22,561,193.23984633841263,9421.82031917572,3039.386255208848,199.600435256958,561,1818.19547727564,149789.0,156.00080180168152,200000.0,207.0,32984.197335481644,41400000.0,1282.044692656472,207000.0
2.522998e-08,3.183171e-10,434.74857,-2.181848e-06,1.3582259e-10,0.007827656,10.479678,32.90186,32.89222,0.44706234,13.527496,0.436854,14.862836,1.0,-0.6592516,-1.0,10000,0.6346612,0.0327224955229467,0.0324634987766956,0.0322155391565611,10,0.0001784287709888,1000,1000.0,1000,10,0.0,9611.067041397097,9603.709619903564,9596.027760505676,10,4.226851953162679,-76.61472743541219,-78.61084604151523,-80.87105412748886,10,1.4992589252452695,9996.43513381538,9992.20750408496,9985.303266696425,10,3.344739069999461,-17.360969795097336,-17.965498074221816,-18.674547111982925,10,0.3617004306596709,-288.39590166666665,-290.220859,-292.7828183333333,10,1.282781242260385,0.0,0.0,0.0,10,0.0,-1.6461987570614256,-1.7006801910904497,-1.7475268511254842,10,0.0272787612483028,0.0,0.0,0.0,10,0.0,4.235929,-0.6027928,-4.870471,1000,0.92517066,0.1154131380367167,0.1156673246195496,9.396356601926476,0.0002541865828329,0.9999999982925764,4699.4126154547685,1000,591.4530892448513,33,437,321.0152027321968,9473.662998199465,5583.619370529799,312.86860370635986,437,3036.9891592396234,150226.0,158.43912363052368,200000.0,208.0,33142.63645911217,41600000.0,1262.3144802693766,208000.0
2.522998e-08,3.1787828e-10,434.9963,-6.60049e-05,1.3626139e-10,0.007895937,10.467532,32.880543,32.870735,0.4251543,11.753879,0.42335978,13.103926,0.99999994,-0.66104853,-1.0,10000,0.6282792,0.0321971334053232,0.0316261792187899,0.0313857183317741,10,0.0002170581494782,1000,1000.0,1000,10,0.0,9605.17261314392,9593.49710264206,9577.958729743958,10,9.389794368399745,-76.0331948429378,-78.42517935498545,-84.00157367833891,10,2.3656516126572784,9985.239445461848,9976.598050074548,9964.71923218254,10,7.299661147210982,-16.10670881212596,-16.622962728656937,-17.24042688302069,10,0.3742006591588603,-283.13160166666665,-286.325277,-290.85257499999994,10,2.3428599430295898,0.0,0.0,0.0,10,0.0,-1.6736877758566706,-1.727522534611812,-1.7905623711719054,10,0.0379146144091239,0.0,0.0,0.0,10,0.0,4.900728,-0.59658414,-4.502431,1000,0.9299753,0.1164298843680483,0.1166840709508812,9.400440887288529,0.0002541865828329,0.9999999992534324,2975.3470187748694,1000,294.9005763688761,25,694,192.7787705637508,9404.251654148102,2774.839079178161,226.98972606658936,694,1818.839472220812,150920.0,158.76489329338074,200000.0,209.0,33301.40135240555,41800000.0,1259.7243373597785,209000.0
2.522998e-08,3.1788197e-10,437.02145,-0.0001989535,1.3625771e-10,0.008065339,10.46828,32.8914,32.88156,0.41597468,10.2533,0.4093451,11.596827,1.0,-0.66076916,-1.0,10000,0.6284713,0.0321733347228,0.031529778788409,0.030911237381093,10,0.0003182779518223,1000,1000.0,1000,10,0.0,9603.57611656189,9589.65330877304,9565.971382141111,10,12.168501603351748,-75.53920455841002,-77.41078769041292,-80.30853891568088,10,1.3211888256611044,9982.45863910827,9968.106252251106,9943.05573433713,10,12.636447774454693,-15.901322463494129,-16.56110716868684,-17.30101903727249,10,0.3444618819139874,-280.76266666666663,-282.798196,-286.9920883333333,10,1.8176028652633216,0.0,0.0,0.0,10,0.0,-1.6440065594162054,-1.6828538564106783,-1.7173932034728794,10,0.0240171167088312,0.0,0.0,0.0,10,0.0,4.5905914,-0.5994082,-4.6048,1000,0.92798126,0.1175737239907964,0.1178279105736292,9.417035443440849,0.0002541865828329,0.9999999997411266,2612.544903495203,1000,253.98717948717947,23,624,168.9504455180946,9417.019865512848,2387.8969856162485,218.68608474731445,624,1591.5113221286836,151544.0,157.7041938304901,200000.0,210.0,33459.10554623604,42000000.0,1268.1970919237058,210000.0
2.522998e-08,3.1528355e-10,441.30255,-0.00040611252,1.3885613e-10,0.008349558,10.469224,32.882103,32.87219,0.40924934,8.36548,0.4161337,9.702404,1.0,-0.6554225,-1.0,10000,0.6351586,0.0336045209001604,0.0322973245695422,0.03130561840265,10,0.0006326533636532,1000,1000.0,1000,10,0.0,9613.527020454409,9605.646173000336,9585.488236427307,10,7.403757399025927,-75.65885052376342,-79.844884593565,-84.87512006344275,10,2.526541047023801,9995.029540397609,9988.95753599269,9982.225190391173,10,3.820999056965111,-15.551022167292391,-16.340065181423906,-18.424873364519986,10,0.7993447175569962,-277.165395,-285.5005366666666,-297.3452116666666,10,5.386876447170883,0.0,0.0,0.0,10,0.0,-1.581753716817066,-1.6258779486898856,-1.668817526385379,10,0.0284363962956061,0.0,0.0,0.0,10,0.0,4.7891254,-0.59193385,-4.560074,1000,0.9330506,0.1184633770307115,0.1187175636135444,9.443499187257215,0.0002541865828329,0.9999999998797332,2406.690991013876,1000,384.614006514658,18,614,267.653044652888,9402.935593605042,3627.0855670349993,153.79838371276855,614,2532.144665028962,152158.0,166.29665422439575,200000.0,211.0,33625.402200460434,42200000.0,1202.6700172219098,211000.0
2.522998e-08,3.1528224e-10,443.39908,4.5284072e-05,1.3885741e-10,0.007935899,10.450461,32.825417,32.815422,0.3942463,6.9057837,0.3707646,8.253294,1.0,-0.65329874,-1.0,10000,0.6424079,0.0346689052905276,0.0329853205440449,0.0320767132095788,10,0.0006865675731826,1000,1000.0,1000,10,0.0,9618.344637870789,9608.327924537658,9591.540823936462,10,8.233629606731194,-76.64082670532619,-79.49547532351293,-85.28854588550698,10,2.4818875880398954,9996.7169526427,9991.138895603715,9980.001712314464,10,4.742972975185464,-14.80514977273724,-15.65237899993539,-17.206968893823067,10,0.7120249322231564,-279.00789999999995,-286.0971573333333,-301.03022166666665,10,5.90027081844076,0.0,0.0,0.0,10,0.0,-1.5089085780163256,-1.5659523679825622,-1.6503795703768116,10,0.0364257590324131,0.0,0.0,0.0,10,0.0,4.8863726,-0.5923028,-4.6890984,1000,0.9320304,0.1196072166534595,0.1198614032362924,9.461715877477014,0.0002541865828329,0.999999999955123,2514.939889315547,1000,361.6666666666667,21,504,233.85726042603048,9478.053277015686,3416.4023160650618,172.06466484069824,504,2211.4958626601915,152662.0,157.36095476150513,200000.0,212.0,33782.76315522194,42400000.0,1270.963310454733,212000.0
2.522998e-08,3.1404712e-10,445.36255,-0.00035705217,1.4009253e-10,0.008373578,10.4690695,32.83218,32.822205,0.3973502,2.6865504,0.38551962,3.8822732,1.0,-0.6494976,-1.0,10000,0.64345074,0.0337141112556419,0.033035947502221,0.0321336507767409,10,0.0004228418817014,1000,1000.0,1000,10,0.0,9609.33791923523,9603.495444011687,9590.346912384031,10,5.849233842417932,-78.09561595254976,-80.98502756312807,-85.76320536952107,10,2.157681010970979,9996.528890642616,9988.800767825722,9975.750691674835,10,6.152292867352363,-14.386087960849837,-15.865712588355771,-17.083783520261118,10,0.7360891306163828,-281.02588166666663,-286.8868023333333,-293.8356783333333,10,3.3222140481237306,0.0,0.0,0.0,10,0.0,-1.5211267361544751,-1.5677816707145191,-1.6479454643011326,10,0.0401767328036263,0.0,0.0,0.0,10,0.0,4.3501396,-0.59052044,-4.81474,1000,0.93515116,0.1207510562762076,0.1210052428590404,9.6717844327855,0.0002541865828329,0.999999999983858,2020.311590483652,1000,221.62984054669704,17,878,157.70377748489153,9460.67299938202,2088.319244002427,156.2356653213501,878,1491.2050230998886,153540.0,156.8577046394348,200000.0,213.0,33939.620859861374,42600000.0,1275.0409707941053,213000.0
2.522998e-08,3.0950506e-10,450.96725,-0.00043309,1.446346e-10,0.0085505005,10.457301,32.805897,32.796158,0.3975739,-3.9135306,0.4221413,-2.715258,1.0,-0.6370073,-1.0,10000,0.64243895,0.033626130428951,0.0331132390550585,0.0322789610769687,10,0.0004106227921413,1000,1000.0,1000,10,0.0,9600.522406578064,9594.394140529632,9588.48002243042,10,3.833255251727728,-82.68263021378657,-84.90288891358531,-86.44007503246809,10,1.1568014932149888,9994.808306737195,9990.080612365768,9979.446382041338,10,5.123366911252572,-15.94228746133355,-16.65378999208951,-17.493761854637476,10,0.5697467125139287,-285.5005366666666,-292.4581865,-298.0471183333333,10,3.8983969092258937,0.0,0.0,0.0,10,0.0,-1.5986155712501524,-1.6716096894397594,-1.735635219111769,10,0.0458881640813959,0.0,0.0,0.0,10,0.0,4.9412947,-0.58788526,-4.711385,1000,0.9330696,0.1217678026075391,0.122021989190372,9.759818912962704,0.0002541865828329,0.9999999999933884,2531.463125570396,1000,294.5338345864662,16,798,250.6425691632901,9466.74829673767,2775.220339847004,133.31240844726562,798,2372.06763286296,154338.0,156.9046025276184,200000.0,214.0,34096.52546238899,42800000.0,1274.6598683413122,214000.0
2.522998e-08,2.9944777e-10,459.21304,-0.0006396358,1.5469188e-10,0.008905471,10.450242,32.855797,32.847095,0.45375788,-11.245662,0.49732637,-10.066294,1.0,-0.6300106,-1.0,8057,0.636624,0.0338713055751723,0.031148111622202,0.0189753151045386,10,0.0044965105080902,1000,805.7,26,10,388.601608334294,9592.668283462524,7722.822468757629,251.5106630325317,10,3724.226362558389,-2.6173945391032847,-73.79812827650605,-93.87883572161483,10,35.475293104345965,9996.729867650443,8051.161933459954,259.1669156535605,10,3883.776527829784,-0.1755147872184584,-13.177586082343206,-16.882226697101164,10,6.508836683510209,-4.825608333333333,-239.9380201666666,-304.9784466666666,10,117.00556002232037,0.0,0.0,0.0,10,0.0,-0.0377343958560086,-1.4257316656413002,-1.8523649452796267,10,0.693131296415271,0.0384615384615384,0.0070719602977667,0.0,10,0.0142117783638194,4.6629105,-0.6063395,-5.1289525,1000,0.91598034,0.1226574556474543,0.1229116422302872,9.86502724596524,0.0002541865828329,0.9999999999970154,2535.1807044652173,1000,230.2879818594104,15,882,194.857395535282,9480.201226234436,2174.602587031264,132.13869667053223,882,1845.1701932636656,155220.0,156.33208918571472,200000.0,215.0,34252.85755157471,43000000.0,1279.3278785036257,215000.0
2.5286505e-08,2.1994408e-10,466.70288,-0.00052214845,2.3521307e-10,0.0089228,10.446858,33.023716,33.021652,0.91534424,-14.0701,0.8345685,-12.833681,1.0,-0.6903721,-1.0,392,0.5846534,0.0286934238097541,0.0257462675245788,0.0224962431966559,10,0.0017856877319035,58,39.2,23,10,11.01635148313633,559.3360080718994,374.2906376838684,210.0821876525879,10,108.79912433050993,-3.580010698856134,-5.439703243809413,-8.916411856686208,10,1.7609504811865304,578.6780001733865,389.92358032556353,223.6575405347096,10,111.04262454968595,-0.220434549038076,-0.4555973497917303,-0.6234184124749822,10,0.1504220978190237,-4.5623933333333335,-9.668764333333334,-14.038133333333333,10,2.9706390947794943,0.0,0.0,0.0,10,0.0,-0.0280132930003455,-0.0688775428781128,-0.0974247111590521,10,0.0208894167803338,0.0434782608695652,0.0275649674836111,0.0172413793103448,10,0.0076215001334863,4.127219,-0.6716142,-4.483137,1000,0.88143843,0.1245956283415551,0.1246591749872634,9.779454671105894,0.0002541865828329,0.8094639999994295,1134.9412382814735,356,60.16591928251121,15,3345,42.71292889054824,3353.9653301239014,569.2321795758824,121.03496313095091,3345,404.931755895488,158565.0,152.69130110740662,200000.0,216.0,34405.548852682114,43200000.0,1309.8323123156529,216000.0
2.5520508e-08,2.3695898e-10,473.38397,-0.0005994093,2.2241022e-10,0.009120321,10.514469,33.202168,33.199436,0.6895628,2.483813,0.6435186,4.564432,1.0,-0.76836145,-1.0,281,0.5492778,0.0276809282956362,0.0213411878711845,0.0164147813920862,10,0.0038762278128101,39,28.1,22,10,5.3188344587888805,376.19643783569336,269.2417352676392,212.16469860076904,10,50.79174488777397,-1.858639570744336,-4.043808958094437,-7.537405668769777,10,1.7439748596727649,389.3068796090882,279.371561129213,218.10755426309544,10,53.453781685843765,0.0,-0.2165017725845771,-0.4635901466275058,10,0.1393539088377696,-3.15858,-5.825825333333333,-9.563478333333334,10,2.0711450829062064,0.0,0.0,0.0,10,0.0,-0.0201048701628315,-0.0436900963940747,-0.0802938130495604,10,0.0177889373115537,0.0454545454545454,0.0367581722860958,0.0256410256410256,10,0.0062618500844475,4.0517106,-0.7419623,-4.3979006,1000,0.843569,0.119734309944876,0.1194801233620431,8.719024395901863,0.0002541865828329,0.0291176588231337,301.059801190065,78,30.47487475330196,14,6587,7.807893377456287,735.3377776145935,287.92162365654684,121.72297191619872,6587,75.65558014796933,165152.0,145.23450255393982,200000.0,217.0,34550.78335523605,43400000.0,1377.0832445666304,217000.0
2.5721198e-08,2.0540172e-10,483.07257,-0.00046955832,2.5757982e-10,0.009164865,10.617759,33.39841,33.398636,1.0517515,33.00629,1.2269439,35.561886,1.0,-0.77189463,-1.0,444,0.55422485,0.0248161894741337,0.0224455071313347,0.0154096538580829,10,0.0024934489659205,56,44.4,29,10,7.364781055808788,537.1824560165405,428.93725900650026,282.7341222763061,10,70.35215324030435,-2.369100062702596,-4.6398613323057845,-5.263541008745134,10,0.8185762431566485,555.0831326751411,443.1602918076519,289.76331632470914,10,72.96061435942684,-0.1523708436627297,-0.3473382494434605,-0.5084256509324121,10,0.0953855965315546,-4.474655,-9.177429666666669,-12.195628333333334,10,1.9733129443781705,0.0,0.0,0.0,10,0.0,-0.0330689822721469,-0.0584040213291394,-0.0716115271309609,10,0.0100551123926846,0.0344827586206896,0.0232343177073419,0.0178571428571428,10,0.0044223181670098,4.460239,-0.7632785,-4.494699,1000,0.84595644,0.1116003392942233,0.1113461527113904,7.307959069133217,0.0002541865828329,1.2129434467783031e-05,315.2565452446357,71,34.98325401022387,15,5673,9.494368330204743,674.7002553939819,332.448762281513,130.74995470046997,5673,91.06115512429751,170825.0,143.2456979751587,200000.0,218.0,34694.02905321121,43600000.0,1396.2024886407653,218000.0
2.5959947e-08,2.5819058e-10,492.0613,-0.00043559104,2.0908852e-10,0.009292694,10.6850605,33.577984,33.576847,1.9211278,66.23728,4.3542423,68.10677,1.0,-0.7145269,-1.0,727,0.6241621,0.0335554049651105,0.0287358557884468,0.0187049927593242,10,0.0043052365603735,110,72.7,35,10,22.022942582679548,1056.6103887557983,698.6845761299134,339.952410697937,10,209.93330796227727,-4.158069741278888,-8.708628234785852,-15.567452175464853,10,3.015796042035058,1099.308176645765,726.3810774149271,350.0,10,220.35283865520964,-0.416957489550115,-0.9539025512146768,-1.7204258856237926,10,0.4846997736639076,-5.439776666666667,-17.942489166666668,-30.181986666666667,10,7.168737290932579,0.0,0.0,0.0,10,0.0,-0.0327819189920846,-0.0914808876043401,-0.1500611967466882,10,0.0338173141017334,0.0285714285714285,0.0152133333824553,0.009090909090909,10,0.005267166306222,4.1008615,-0.72474575,-4.3748813,1000,0.88091606,0.1054998613062338,0.1052456747234009,6.311449046794068,0.0002541865828329,3.2530663628403186e-08,442.979611980261,155,49.78179989944696,16,3978,14.964165360128476,1477.6248941421509,473.8955826644864,136.5156593322754,3978,142.09264180786755,174803.0,149.36928606033325,200000.0,219.0,34843.398339271545,43800000.0,1338.963352340159,219000.0
2.5901745e-08,2.9386843e-10,497.6613,-0.00029377287,1.7236298e-10,0.009251676,10.708169,33.674084,33.670433,3.190176,99.78036,13.404172,100.19956,1.0,-0.6370846,-1.0,10000,0.6741456,0.0376080617116385,0.0366360626547422,0.0355894320249644,10,0.0006500215378381,1000,1000.0,1000,10,0.0,9557.200353622437,9508.023892784118,9419.104577541351,10,43.93790443377585,-77.15596238027459,-85.94890776813445,-97.69046912713642,10,5.265076943195897,9966.470360181698,9924.115472905269,9824.289779745606,10,46.570109148979576,-14.162225464983797,-15.233553340330944,-16.372370736766744,10,0.6293884476701951,-304.6274933333333,-313.2433976666667,-320.332655,10,4.788584296725119,0.0,0.0,0.0,10,0.0,-1.5602526717786045,-1.665724986659131,-1.7573552280033766,10,0.054550244042081,0.0,0.0,0.0,10,0.0,4.4195876,-0.63155985,-5.06507,1000,0.93184686,0.1019412491465732,0.1016870625637403,5.768181534071204,0.0002541865828329,7.894253593807666e-10,722.4086703557268,519,98.7502994011976,22,1670,61.34225607319868,4836.285134792328,931.9215916111084,185.54347324371332,1670,573.3935765573237,176473.0,156.86950302124023,200000.0,220.0,35000.267842292786,44000000.0,1274.9450731218285,220000.0
2.5769104e-08,3.149986e-10,504.74924,-0.00039190764,1.4884526e-10,0.009477394,10.720485,33.709095,33.70256,4.263189,134.99773,24.87332,133.66336,1.0,-0.62469566,-1.0,10000,0.6809016,0.039145300060205,0.038009129075866,0.0369068007041205,10,0.0005978977645615,1000,1000.0,1000,10,0.0,9527.087602615356,9467.081845664978,9405.16071987152,10,45.8037674651368,-67.44374396239826,-71.49817171466756,-74.28307778051894,10,1.912393774291332,9940.82739074264,9883.689475066243,9827.339882801967,10,42.12446734542242,-14.657098179164231,-15.236567900436071,-15.723939920008128,10,0.3783928106971523,-320.4203933333333,-328.04485450000004,-336.56424666666663,10,4.783380960044015,0.0,0.0,0.0,10,0.0,-1.7625958060807023,-1.8280325684506689,-1.9505122293495247,10,0.0516770560423959,0.0,0.0,0.0,10,0.0,4.65118,-0.57090724,-4.642742,1000,0.955523,0.1009117934861,0.1011291230144221,5.958076692461667,0.0002173295283221,0.2800000002291665,2075.5011263866086,1000,409.5340501792115,21,558,271.8427717784379,9333.50712633133,3779.98344107298,189.8842010498047,558,2504.400663976043,177031.0,166.46071028709412,200000.0,221.0,35166.72855257988,44200000.0,1201.484720659072,221000.0
2.5646722e-08,3.198044e-10,515.36646,-0.0006687549,1.4183661e-10,0.009945352,10.713998,33.665188,33.657135,4.6259165,167.71991,29.254807,165.55373,1.0,-0.6244738,-1.0,10000,0.67401356,0.0380037814904208,0.0374333240527048,0.0371799769793142,10,0.0002614698238781,1000,1000.0,1000,10,0.0,9561.422781944277,9536.36132326126,9514.966632843018,10,13.506163291727882,-65.88168829096921,-68.4130700383163,-70.72729637241963,10,1.390830619194745,9981.327537685023,9952.767840978002,9933.15698351937,10,14.045429555491012,-15.371008611846738,-15.755633288711234,-16.23727409879524,10,0.2448773089145088,-327.17624499999994,-330.3172773333333,-335.5113866666667,10,2.6655130932008526,0.0,0.0,0.0,10,0.0,-1.8503050016793032,-1.920536828886447,-1.9805399670673127,10,0.0351881530810846,0.0,0.0,0.0,10,0.0,4.521778,-0.57785845,-4.690727,1000,0.9481846,0.1014111938653918,0.1015841424163513,6.737212020190976,0.0001729485509595,0.5835733334658764,2184.2426072895005,1000,150.800350262697,38,571,70.55679532052056,9023.498702049255,1386.633577779379,359.5902986526489,571,646.0279173725116,177602.0,161.030925989151,200000.0,222.0,35327.75947856903,44400000.0,1241.9974534175778,222000.0
2.5548397e-08,3.2170655e-10,522.366,-6.191809e-05,1.3816462e-10,0.009464507,10.629681,33.400475,33.391796,3.9730816,191.35054,22.870068,189.65186,1.0,-0.6119535,-1.0,10000,0.6829602,0.0392132380902039,0.0388048746830754,0.0384385742146259,10,0.0002126104603059,1000,1000.0,1000,10,0.0,9532.612258911133,9517.104844665528,9494.434104919434,10,13.00134234933662,-66.4665574797469,-69.15066848099055,-70.65810987596524,10,1.2112704371758996,9963.334401584356,9946.968825603506,9928.165957892394,10,10.796683685585792,-14.735554920716432,-15.310987991256,-16.11481092228341,10,0.436929664064519,-337.0029383333333,-343.3815151666666,-347.97023,10,3.0598044036653254,0.0,0.0,0.0,10,0.0,-1.8996857101881373,-2.0208071903236493,-2.0865489473858005,10,0.057488289286564,0.0,0.0,0.0,10,0.0,4.5772524,-0.5708902,-4.4220934,1000,0.9458449,0.1018343001418463,0.102001071958843,7.533372813208612,0.0001667718169966,0.7640704000750932,3333.190519940769,1000,647.046875,62,384,362.19970735916905,9377.379155158997,6016.081781792765,575.4222640991211,384,3374.855034091983,177986.0,157.30545592308044,200000.0,223.0,35485.06493449211,44600000.0,1271.4117182165403,223000.0
2.5471454e-08,3.17482e-10,521.402,0.00030495747,1.410042e-10,0.009080278,10.542816,33.153183,33.14407,2.9806876,192.66776,13.179402,191.56616,1.0,-0.5929939,-1.0,10000,0.69502467,0.0413408010780549,0.0407436253230756,0.0397657995674962,10,0.0004462789125232,1000,1000.0,1000,10,0.0,9523.39760875702,9510.865565109252,9493.25882434845,10,8.746527502176075,-68.15473737835852,-71.55730419908264,-76.36255820462793,10,2.465668251115218,9969.77166260147,9958.50748894128,9943.081266347936,10,8.884004285984716,-14.93146933184292,-15.558220070923404,-16.090975704804045,10,0.363076318766618,-352.70809999999994,-358.4549608333333,-364.20182166666666,10,3.658856819069874,0.0,0.0,0.0,10,0.0,-2.032415723720443,-2.071438238784597,-2.1333279434443924,10,0.0368272771438511,0.0,0.0,0.0,10,0.0,4.5970955,-0.5577873,-4.262773,1000,0.9521472,0.1020844578673413,0.1022512296843379,8.257177532874271,0.0001667718169966,0.8322278400533996,4194.682310557835,1000,796.3108108108108,43,222,229.2421273374277,9330.30675315857,7381.737284124166,399.3967180252075,222,2123.533866339711,178208.0,156.6095814704895,200000.0,224.0,35641.6745159626,44800000.0,1277.0610720116554,224000.0
2.5412596e-08,3.0933248e-10,513.79266,0.00078917394,1.4809423e-10,0.008459094,10.466342,32.99008,32.98144,2.046982,173.9826,6.001745,173.43701,1.0,-0.58449364,-1.0,10000,0.696362,0.0419572617889352,0.0411219382837618,0.0407093339622224,10,0.0003393165221959,1000,1000.0,1000,10,0.0,9538.881011009216,9527.880812740326,9495.651691436768,10,12.108321230155552,-77.76220614542777,-81.35294579850469,-90.93167216315358,10,3.557841767536712,9994.27759367544,9987.164699646031,9964.128249105815,10,8.172495420428778,-15.47801860574343,-16.582539537964244,-17.617219715638228,10,0.5768772934025931,-354.024175,-359.34989183333334,-367.5358783333333,10,3.755169917124869,0.0,0.0,0.0,10,0.0,-1.92209129531988,-1.998510413648476,-2.071061549918649,10,0.0488124938806238,0.0,0.0,0.0,10,0.0,3.9698753,-0.5527441,-4.4300423,1000,0.9491633,0.1022512296843379,0.1024180015013346,8.755713283138432,0.0001667718169966,0.8657822720427196,5136.348147564309,1000,964.3269230769232,35,208,165.08814325801444,9395.454224586489,8985.693182299916,329.8292646408081,208,1539.8049237902076,178416.0,155.73872542381287,200000.0,225.0,35797.41324138641,45000000.0,1284.2021112972295,225000.0
2.5367115e-08,3.0424016e-10,499.86673,0.000970898,1.523679e-10,0.008026703,10.42426,32.883743,32.87517,1.5188537,146.64954,3.4061856,146.49411,1.0,-0.58168954,-1.0,10000,0.7054947,0.0429979468709061,0.0424493057540472,0.0419394437609444,10,0.000321026082773,1000,1000.0,1000,10,0.0,9502.448269844055,9490.870237445832,9476.299710273744,10,7.957226025410306,-115.19185048785084,-118.74072353381874,-122.78836184071749,10,2.142881658007944,9997.404440477942,9991.850261603568,9979.608528436936,10,5.504512593191323,-17.52030513310813,-18.606997590616658,-19.675016532573988,10,0.5927632013741164,-358.9375216666666,-361.7451483333333,-365.4301583333333,10,2.038477022306784,0.0,0.0,0.0,10,0.0,-1.8482518887231825,-1.8871559983623816,-1.9182352202963,10,0.0239520643844253,0.0,0.0,0.0,10,0.0,5.083508,-0.5349431,-4.539325,1000,0.9632224,0.1025847733183313,0.1027515451353279,8.938157761686135,0.0001667718169966,0.912668998342463,5146.664943684937,1000,527.8560311284047,33,514,201.13604077694072,9387.837121486664,4927.271839649442,308.7195510864258,514,1870.0113558541204,178930.0,166.83232760429382,200000.0,226.0,35964.24556899071,45200000.0,1198.8084256330458,226000.0
2.5325448e-08,3.0758288e-10,482.36133,0.0011392181,1.4827518e-10,0.007543286,10.375261,32.716,32.707016,1.1370821,121.99888,2.3174827,122.17704,1.0,-0.58941394,-1.0,10000,0.705761,0.043044567961755,0.0424171718738216,0.0413363342428783,10,0.000508764540059,1000,1000.0,1000,10,0.0,9508.80852508545,9489.576252698898,9466.165367126465,10,12.279936402958208,-120.02545367562544,-127.72784983184708,-134.35096517565256,10,4.785588600822908,10000.0,9996.914341695832,9981.494680097649,10,5.762675643606271,-18.095702669248848,-18.785157612065785,-19.75874531936006,10,0.4561664818318929,-349.9004733333333,-358.95506933333326,-365.2546816666666,10,4.462216717110408,0.0,0.0,0.0,10,0.0,-1.81889239133328,-1.870012226116384,-1.9348507337485967,10,0.0329328145790677,0.0,0.0,0.0,10,0.0,4.7180333,-0.54449546,-4.560393,1000,0.9570344,0.1029183169523246,0.1030850887693212,9.048920840728949,0.0001667718169966,0.945024418628698,5324.599589300813,1000,704.6332046332046,30,259,263.45513970105816,9414.104712486269,6583.677040848032,283.7632999420166,259,2456.958615831635,179189.0,159.07132649421692,200000.0,227.0,36123.31689548493,45400000.0,1257.2976186708988,227000.0
2.5283386e-08,3.0674546e-10,463.75204,0.0010102693,1.4835555e-10,0.0073372675,10.3453,32.60253,32.59331,0.93201953,99.25807,1.6958098,99.63794,1.0,-0.59599936,-1.0,10000,0.69531554,0.0414621895913005,0.0408006482506141,0.0403011624721548,10,0.0003134462667338,1000,1000.0,1000,10,0.0,9534.688838005066,9522.075944900513,9505.897839546204,10,7.904117312671137,-103.05961670351266,-107.28743818056633,-112.1014653324491,10,2.7737442069380065,10000.0,9996.5504566448,9985.232545536464,10,5.07086132345107,-16.734265944796917,-17.410924320724536,-17.791010952744696,10,0.2793621847431515,-342.88140666666663,-347.9351346666666,-352.3571466666666,10,2.629282318967124,0.0,0.0,0.0,10,0.0,-1.7899703189481722,-1.841017903558808,-1.894392664077992,10,0.0277969860128434,0.0,0.0,0.0,10,0.0,4.7721424,-0.5427467,-4.597165,1000,0.95628804,0.1031684746778196,0.1033352464948162,9.174515388328352,0.0001667718169966,0.9604175814126624,5689.158003754135,1000,520.4845814977973,22,454,427.1254326598042,9451.464134216309,4886.077953174251,194.9284505844116,454,4029.7794976137416,179643.0,158.69294500350952,200000.0,228.0,36282.009840488434,45600000.0,1260.2954718344724,228000.0
2.5242365e-08,3.077049e-10,447.63858,0.00051550457,1.466577e-10,0.0075419904,10.343059,32.5481,32.538616,0.808583,78.59082,1.4718676,79.059944,1.0,-0.5935984,-1.0,10000,0.690578,0.0403172987604193,0.0400747041421884,0.0397204608595202,10,0.0001921723678952,1000,1000.0,1000,10,0.0,9540.656167984009,9531.359824466705,9512.325381278992,10,7.754165893631041,-94.7137796702375,-99.76128292117774,-102.7336580073316,10,2.6752545342429093,10000.0,9994.281317175532,9972.178939353958,10,9.316470245586816,-16.333635108822076,-16.945363531736103,-17.461818835036333,10,0.4471071032938059,-341.2143783333333,-344.3641845,-347.00510833333334,10,2.0390245204171302,0.0,0.0,0.0,10,0.0,-1.802472820662668,-1.850662056525231,-1.8929785289803167,10,0.0235623984779867,0.0,0.0,0.0,10,0.0,4.779738,-0.53183603,-4.3145995,1000,0.9622996,0.1036687901288096,0.1038355619458062,9.33365263557964,0.0001667718169966,0.9792271467253651,4236.396272755215,1000,386.24844720496895,31,483,185.93538463534475,9390.940391540527,3609.456664989207,273.502206325531,483,1733.1221881497593,180126.0,159.4302339553833,200000.0,229.0,36441.44007444382,45800000.0,1254.4672051097295,229000.0
2.522998e-08,3.0719274e-10,440.83755,1.5000493e-05,1.4694693e-10,0.007920075,10.3553505,32.544178,32.534916,0.7611866,58.530567,1.4284815,59.05599,1.0,-0.599304,-1.0,10000,0.67999804,0.0391276143009745,0.0384894823812661,0.0377791076224966,10,0.0004506969890979,1000,1000.0,1000,10,0.0,9561.414485931396,9547.60228214264,9536.576096534727,10,7.1415990206233495,-93.8364255536917,-98.36294792421003,-102.93349547417957,10,3.177779518727549,9999.979164118678,9999.12352182435,9997.617573045178,10,0.7622756114892774,-16.050451382891712,-16.525132622688663,-17.61290456247893,10,0.4459828951058537,-326.0356466666666,-334.7919323333333,-341.2143783333333,10,4.3089795297372495,0.0,0.0,0.0,10,0.0,-1.764752630843896,-1.8412280991318928,-1.9042330529762204,10,0.0454071318008668,0.0,0.0,0.0,10,0.0,4.231329,-0.54921937,-4.4717474,1000,0.94441044,0.1040857196713012,0.1042524914882979,9.490098536884863,0.0001667718169966,0.9884707849576012,2848.1429425738297,1000,302.96875,26,224,340.22007571025944,9429.836027145386,2822.3564561871544,244.5485982894897,224,3192.951374256603,180350.0,158.29200100898743,200000.0,230.0,36599.732075452805,46000000.0,1263.487723480383,230000.0
2.522998e-08,3.1032005e-10,438.91003,3.7085494e-05,1.4381961e-10,0.007863295,10.345396,32.517956,32.508995,0.6923164,42.5389,1.092521,43.253895,1.0,-0.6122075,-1.0,10000,0.6688147,0.0375143111405632,0.036703377676678,0.0359339758749556,10,0.0004118523218974,1000,1000.0,1000,10,0.0,9572.993686676024,9548.403142738342,9529.271847724916,10,12.537822704217698,-82.88943155228874,-88.31527119274804,-94.84801514822747,10,3.680395810659873,9994.635267549413,9975.53311686759,9964.202402956482,10,10.155218127879058,-13.878440189588847,-15.03305632995912,-16.597141652735772,10,0.8886448072891985,-315.5070466666666,-321.97336183333334,-329.8961333333333,10,3.508227982866252,0.0,0.0,0.0,10,0.0,-1.739701274668534,-1.8082860869588315,-1.8770263958577689,10,0.0385385428336478,0.0,0.0,0.0,10,0.0,4.7106266,-0.5392548,-4.4596233,1000,0.95325637,0.1045026492137929,0.1046694210307895,9.505318679127026,0.0001667718169966,0.9931931514389676,3724.153111048999,1000,456.2440119760479,27,668,358.2281020423804,9454.793372154236,4283.3176816380665,247.2606225013733,668,3373.697634286109,181018.0,165.1416792869568,200000.0,231.0,36764.87375473976,46200000.0,1211.0813022100374,231000.0
2.522998e-08,3.1446712e-10,437.09015,4.463597e-05,1.3967255e-10,0.007822987,10.350433,32.495514,32.486458,0.6614772,31.077984,0.91179436,31.990065,1.0,-0.6227753,-1.0,10000,0.65587926,0.0362127740933501,0.0351123195536842,0.034446967481097,10,0.0005316433207195,1000,1000.0,1000,10,0.0,9573.030312538149,9557.210994911196,9527.570896148682,10,13.084658723208264,-86.51023419975681,-92.09691111317385,-96.95381506238289,10,2.963422904066129,9999.13672745321,9983.316794297709,9947.415145147912,10,13.332016570272527,-15.87220792676696,-16.784648297091785,-17.6442991131691,10,0.5701637985342756,-308.4002416666666,-315.35789149999994,-322.17515999999995,10,4.386047971157288,0.0,0.0,0.0,10,0.0,-1.7972423950622516,-1.866352945775696,-1.946714105300691,10,0.048205695920787,0.0,0.0,0.0,10,0.0,4.318921,-0.5542997,-4.8512354,1000,0.9440307,0.1050863505732812,0.1052531223902778,9.46385719899478,0.0001667718169966,0.9969273135427908,3346.2144064057907,1000,436.10833333333335,23,480,333.50626045681497,9441.565975189207,4092.211429058512,220.46748542785645,480,3137.367933906277,181498.0,157.88072967529297,200000.0,232.0,36922.754484415054,46400000.0,1266.779045240873,232000.0
2.522998e-08,3.164421e-10,436.2379,-0.00017656838,1.3769758e-10,0.008028851,10.366371,32.510597,32.50134,0.63546264,23.421505,0.75426024,24.460957,1.0,-0.62334365,-1.0,10000,0.65309805,0.0354362973376846,0.0348119229192088,0.0334236155013059,10,0.0006939777866217,1000,1000.0,1000,10,0.0,9573.4565782547,9554.529180526732,9533.601699829102,10,13.14144426637948,-82.02229577361621,-90.52589158542966,-96.33140524592297,10,3.853448424507187,9995.820264323833,9981.607183569658,9950.013154358974,10,13.385948368200802,-16.063631776087053,-16.752752767755545,-17.656932392429326,10,0.4988574443823121,-307.61059666666665,-317.8672078333333,-326.91302999999994,10,6.164134645688675,0.0,0.0,0.0,10,0.0,-1.849337741793964,-1.9321495108782176,-2.0454931116668487,10,0.0623313936745251,0.0,0.0,0.0,10,0.0,4.586997,-0.5613351,-4.478708,1000,0.9397695,0.1055866660242712,0.1057534378412678,9.433623679790966,0.0001667718169966,0.9984267845339088,3218.7010173441085,1000,349.3810344827586,25,580,240.22439506664747,9442.718857765198,3278.179972324379,230.82325267791748,580,2259.1075587787736,182078.0,155.31361150741577,200000.0,233.0,37078.06809592247,46600000.0,1287.717142489154,233000.0
2.522998e-08,3.177801e-10,436.52493,8.920503e-05,1.3635956e-10,0.007768243,10.354163,32.47397,32.46462,0.5849241,19.131956,0.6253274,20.354807,1.0,-0.6350038,-1.0,10000,0.63926226,0.0338415551866492,0.0328602319525816,0.0321419223241246,10,0.0005301614122648,1000,1000.0,1000,10,0.0,9586.015822410583,9560.145100593569,9545.66843509674,10,11.595562956670738,-76.05554924544464,-79.12279620687518,-82.77552460035612,10,2.165699938896057,9989.52408227613,9961.910624086686,9942.219205383724,10,13.11102384938476,-16.00046055316958,-16.680500515578885,-17.2078610484377,10,0.3734828598212971,-297.9593799999999,-304.08351566666664,-309.80405499999995,10,3.701226798727409,0.0,0.0,0.0,10,0.0,-1.820364644878276,-1.8787113325944336,-1.943490752256881,10,0.0378800865527945,0.0,0.0,0.0,10,0.0,4.4990845,-0.56867945,-4.425068,1000,0.9335163,0.1060869814752611,0.1062537532922578,9.318146332758372,0.0001667718169966,0.9991945136813613,3194.6901226802124,1000,486.3654822335025,24,394,284.865385300731,9434.114137649536,4572.698272590104,209.62898778915405,394,2684.1211202592926,182472.0,158.09781575202942,200000.0,234.0,37236.1659116745,46800000.0,1265.0396151816076,234000.0
2.522998e-08,3.1885436e-10,431.9121,0.0002461746,1.3528535e-10,0.007528244,10.316024,32.388214,32.37894,0.52306086,20.622055,0.50455743,22.058033,1.0,-0.6391388,-1.0,10000,0.63803756,0.0332069730021612,0.0326283843201017,0.0319284409974207,10,0.0003716419081005,1000,1000.0,1000,10,0.0,9580.243576049805,9571.289788532256,9549.953006744385,10,9.510520481894572,-78.65462937349368,-81.73152269007828,-83.80816220548812,10,1.6664893969738397,9982.394342837091,9971.388329063207,9954.054603923243,10,7.8376771533314,-16.18000077749838,-16.973573046589582,-17.737927123977528,10,0.4316408104694422,-292.431865,-299.5825391666666,-302.2585583333333,10,2.875689962420741,0.0,0.0,0.0,10,0.0,-1.772567116988401,-1.8109063894463355,-1.853858069145501,10,0.0257296361054621,0.0,0.0,0.0,10,0.0,4.2896876,-0.583581,-5.4428897,1000,0.92357785,0.1064205251092545,0.1065872969262511,9.11150458018286,0.0001667718169966,0.99949293976007,4186.595811836896,1000,727.481884057971,38,276,273.1795270872961,9473.811553955078,6850.8721380026445,359.34815311431885,276,2573.081768589617,182748.0,158.8164496421814,200000.0,235.0,37394.98236131668,47000000.0,1259.3153949141067,235000.0
2.522998e-08,3.1876907e-10,426.35986,0.00025415004,1.3537058e-10,0.0074203275,10.306153,32.36469,32.355553,0.5001547,25.9515,0.48184308,27.493498,1.0,-0.64996165,-1.0,10000,0.6400738,0.0333386893934657,0.0325300316585286,0.0321921544887445,10,0.0003233094248809,1000,1000.0,1000,10,0.0,9589.355228424072,9582.003105926511,9577.62805366516,10,3.6205863545090775,-87.60996215594575,-91.41243043782517,-95.94583703124752,10,2.390720861648491,9988.404196750407,9981.118719345111,9975.5059199402,10,4.309473267732355,-17.288343569935716,-17.84655449092127,-18.461600764160817,10,0.376441797528484,-286.2024433333333,-288.220425,-292.431865,10,1.7656998980928311,0.0,0.0,0.0,10,0.0,-1.5791349564367785,-1.6362056572173294,-1.7070425978843031,10,0.0370244133345395,0.0,0.0,0.0,10,0.0,4.179034,-0.5887371,-4.9268956,1000,0.9271629,0.1066706828347495,0.1068374546517461,8.949537413948311,0.0001667718169966,0.9996349166272503,4303.572050051434,1000,354.91593695271456,24,571,208.31530882203845,9458.486407279968,3336.4771485896536,219.30576705932617,571,1962.835932763204,183319.0,164.543297290802,200000.0,236.0,37559.52565860748,47200000.0,1215.485548746081,236000.0
2.522998e-08,3.1916736e-10,420.01926,0.0003021016,1.3497231e-10,0.0072582453,10.318331,32.363293,32.354225,0.50927913,33.25123,0.4988939,34.810104,1.0,-0.64529115,-1.0,10000,0.65297943,0.0349703406285698,0.0340154650520242,0.0332708164988289,10,0.0004753086017253,1000,1000.0,1000,10,0.0,9588.5940618515,9584.119925689698,9562.441986083984,10,7.61800029081857,-92.5530833203936,-96.72493391196808,-103.30729063265392,10,2.858831973659753,9998.314210334616,9990.986836949243,9966.677649832242,10,8.489432284382561,-17.56893704421078,-17.993702859568447,-18.65089046928816,10,0.2905797976767819,-286.0269666666666,-290.6507768333333,-297.2574733333333,10,2.8194055064321035,0.0,0.0,0.0,10,0.0,-1.4429415333462965,-1.4974986121552365,-1.5591724602814288,10,0.040376695752207,0.0,0.0,0.0,10,0.0,4.781969,-0.59125346,-4.7264633,1000,0.9293977,0.1070876123772411,0.1072543841942378,8.8439632835442,0.0001667718169966,0.999788846594487,4025.1697486133257,1000,412.41198501872657,20,534,182.6713928314476,9427.180686950684,3881.736709317911,189.25665760040283,534,1722.273001121972,183853.0,157.66058015823364,200000.0,237.0,37717.18623876572,47400000.0,1268.5479134941215,237000.0
2.522998e-08,3.2237518e-10,413.72266,0.00031516387,1.3176449e-10,0.0071318443,10.321294,32.34375,32.334724,0.54399806,41.660618,0.5739008,43.21532,1.0,-0.6403878,-1.0,10000,0.6624842,0.035573507771056,0.0351160429847339,0.0342954221211111,10,0.0003237357543078,1000,1000.0,1000,10,0.0,9582.614519119265,9576.483353233338,9567.145703315737,10,3.788060473806576,-97.74436327885007,-100.56374169316032,-104.97842680892556,10,2.2502851008552303,9995.953155620771,9992.19616379204,9986.513034556365,10,3.0661245560427512,-17.296506666538868,-18.22714895992761,-19.02938030936597,10,0.5610570414222513,-292.25638833333335,-295.4588375,-299.01224,10,2.1776965409811404,0.0,0.0,0.0,10,0.0,-1.4131064104178162,-1.4630866650521044,-1.5188239556172942,10,0.030439824692727,0.0,0.0,0.0,10,0.0,4.566596,-0.5871234,-4.7925844,1000,0.9347305,0.1075045419197328,0.1076713137367294,8.744058742084347,0.0001667718169966,0.9998803694804176,4408.854611966292,1000,382.7811860940696,38,489,215.43279114099064,9448.98718738556,3595.805005127819,344.1693172454834,489,2023.1682037715707,184342.0,153.72947311401367,200000.0,238.0,37870.91571187973,47600000.0,1300.986700524692,238000.0
2.522998e-08,3.2604358e-10,410.81982,1.322827e-05,1.2809608e-10,0.007381529,10.359508,32.414528,32.405563,0.60331607,47.337276,0.72783625,48.704937,1.0,-0.6383023,-1.0,10000,0.670806,0.0367033082482375,0.0361677722346328,0.0358777793698682,10,0.0002237509819417,1000,1000.0,1000,10,0.0,9582.454813957214,9574.55351085663,9569.191012382507,10,3.746281530647992,-95.14842339422704,-99.78597166443328,-103.35694753607066,10,2.322242115916606,9996.947728920162,9995.059273194303,9992.419234221445,10,1.4739866242632678,-17.392498978539013,-18.24573813312626,-19.49684713344765,10,0.58056060065005,-298.1348566666666,-300.9863525,-303.3991566666666,10,1.6368549624580322,0.0,0.0,0.0,10,0.0,-1.441410455400587,-1.4876991519290734,-1.5435425241685443,10,0.0340752991801025,0.0,0.0,0.0,10,0.0,4.7318735,-0.5824783,-4.9152045,1000,0.943043,0.1078380855537261,0.1080048573707228,8.83419290241242,0.0001667718169966,0.9999234364674672,3588.103859588801,1000,204.2518195050946,29,687,117.7971601491014,9279.401734828947,1906.4723890750863,273.50569915771484,687,1098.4409156075808,185029.0,157.7667372226715,200000.0,239.0,38028.6824491024,47800000.0,1267.6943411571008,239000.0
2.522998e-08,3.2885372e-10,413.34616,-0.0002287457,1.252859e-10,0.0076689767,10.393821,32.455864,32.447052,0.63028216,49.20446,0.80677783,50.446976,1.0,-0.6451692,-1.0,10000,0.66996604,0.0360376359740475,0.035803064406829,0.0354082135154603,10,0.0002000715631353,1000,1000.0,1000,10,0.0,9585.915174484251,9576.117406272888,9555.831347465515,10,8.505341571045687,-95.9463375906018,-100.26875015885764,-104.86587546743688,10,3.1156511485073946,9997.742440755255,9994.319546266188,9977.760666132524,10,5.614622525466866,-18.16327040340431,-19.100052322080625,-20.28138411015884,10,0.7078189635501668,-293.5724633333333,-297.3627593333333,-299.6264083333333,10,1.9377264674843973,0.0,0.0,0.0,10,0.0,-1.4143167962164953,-1.470573881249778,-1.5197306138473516,10,0.0306245146762011,0.0,0.0,0.0,10,0.0,5.040302,-0.5832216,-4.6065702,1000,0.9441022,0.1082550150962177,0.1084217869132144,8.92333514752667,0.0001667718169966,0.999955717921332,3929.460134995668,1000,451.7686567164179,25,536,223.50271841076463,9431.466237068176,4249.216484414942,226.070330619812,536,2101.5995772786464,185565.0,155.81844210624695,200000.0,240.0,38184.50089120865,48000000.0,1283.545113765335,240000.0
2.522998e-08,3.3142566e-10,419.1136,-0.00030181278,1.22714e-10,0.007845857,10.403311,32.441135,32.432343,0.6318004,48.13811,0.8469672,49.2983,1.0,-0.64945,-1.0,10000,0.6698798,0.0366945801707188,0.0357978712973432,0.035270604503501,10,0.0003852492620089,1000,1000.0,1000,10,0.0,9575.124954223633,9569.92548942566,9559.571647644045,10,4.20970741054219,-99.37526493027812,-106.8287393076762,-110.56584060624502,10,3.0268251729858147,9999.36421381512,9994.781212912443,9987.330851461804,10,3.648587985461136,-19.932279987615,-20.718982038108454,-21.57576078788564,10,0.5129730163348709,-291.11578999999995,-295.8799815,-299.97736166666664,10,2.441601912998078,0.0,0.0,0.0,10,0.0,-1.406532504944273,-1.4280218641073323,-1.4591098379789411,10,0.0175058202264025,0.0,0.0,0.0,10,0.0,4.743904,-0.58614165,-4.5511193,1000,0.94268674,0.1086719446387094,0.108838716455706,9.021966915113516,0.0001667718169966,0.9999749116616596,4632.434121001303,1000,520.2962962962963,17,405,311.3300675712786,9467.44044971466,4902.213817535653,159.4747543334961,405,2938.4986292719027,185970.0,164.711448431015,200000.0,241.0,38349.212339639664,48200000.0,1214.2446800458115,241000.0
2.522998e-08,3.338138e-10,422.97873,-0.00015175826,1.2032586e-10,0.007765375,10.377108,32.349308,32.340736,0.6247364,45.789204,0.8411255,46.9244,1.0,-0.6575862,-1.0,10000,0.6581538,0.035002884250236,0.0343552147158392,0.0333384025501873,10,0.0005225982121834,1000,1000.0,1000,10,0.0,9587.732494354248,9579.844248485566,9557.530073165894,10,8.78107644075289,-92.92220633182303,-99.42273834816132,-105.6535357768177,10,3.5885886342440263,9996.0768698793,9988.302453977984,9978.8136579864,10,6.028515227535137,-19.17199435593124,-20.33470909519281,-21.29336086791858,10,0.7383091446286659,-280.323975,-287.25530333333325,-292.87055666666663,10,3.527692059837014,0.0,0.0,0.0,10,0.0,-1.3948082371687178,-1.4454564167288988,-1.4888007953259033,10,0.0263330563576538,0.0,0.0,0.0,10,0.0,4.927409,-0.590476,-4.844766,1000,0.9380847,0.1089221023642044,0.109088874181201,9.095453325735836,0.0001667718169966,0.9999821594038468,4588.077517851045,1000,518.990625,19,320,292.1318675480465,9471.061632156372,4891.116564592719,177.66597366333008,320,2754.390412618404,186290.0,157.28096461296082,200000.0,242.0,38506.49330425263,48400000.0,1271.609698555466,242000.0
2.522998e-08,3.345639e-10,427.63425,-0.00036840772,1.1957577e-10,0.008065824,10.362594,32.308918,32.300434,0.62598807,41.399654,0.84325355,42.498,1.0,-0.66006005,-1.0,10000,0.6521243,0.0341920688259851,0.0336890228885487,0.0330790075093827,10,0.0003037665151942,1000,1000.0,1000,10,0.0,9590.613893508911,9584.40023651123,9568.053915977478,10,6.078590070296191,-86.8221047781339,-94.616381678541,-102.74652681233312,10,4.485684120264144,9996.595520289167,9985.673883262294,9974.793024388044,10,6.263251706832002,-19.009802223235567,-20.117643107237065,-21.50658203093888,10,0.7457190976637094,-281.11362,-285.07939266666665,-289.97519166666666,10,2.554617253482322,0.0,0.0,0.0,10,0.0,-1.4017441219779776,-1.460228674685394,-1.5228351449088864,10,0.0322712381802151,0.0,0.0,0.0,10,0.0,4.465331,-0.5856569,-4.6886044,1000,0.940879,0.1092556459981977,0.1094224178151944,9.185953967633347,0.0001667718169966,0.9999883917187696,4594.726446319314,1000,425.58892617449663,22,596,248.63912923910385,9481.885387420654,4009.575056360072,210.13963985443115,596,2347.399149520673,186886.0,158.90247869491577,200000.0,243.0,38665.39578294754,48600000.0,1258.6336074970188,243000.0
2.522998e-08,3.3342482e-10,431.2742,-0.00014272619,1.2071485e-10,0.007905661,10.312183,32.180626,32.172207,0.5898334,38.401512,0.7681437,39.628418,1.0,-0.670263,-1.0,10000,0.6348564,0.0325802626405056,0.0318784961874596,0.0311718150812812,10,0.0004113468172006,1000,1000.0,1000,10,0.0,9610.055488586426,9585.98503227234,9574.537653923036,10,10.40450868207972,-80.99586651073767,-84.62165768721782,-88.07740181952518,10,2.2930300339949827,9988.497235997387,9966.899415568292,9954.793089925764,10,10.578051270554662,-16.794981175564125,-18.46678941543349,-20.28367268765465,10,1.0262910340237252,-270.67275833333326,-276.323107,-281.903265,10,3.198107382569063,0.0,0.0,0.0,10,0.0,-1.3997724582264643,-1.5028303422758418,-1.5601551481081923,10,0.0433621484657735,0.0,0.0,0.0,10,0.0,5.7561817,-0.59616613,-4.814745,1000,0.9297179,0.1096725755406894,0.109839347357686,9.120709607487427,0.0001667718169966,0.999993423242634,4362.555525401114,1000,473.8112244897959,24,392,203.2816987770525,9465.81679725647,4468.153224845816,200.4752029776573,392,1918.20746469761,187278.0,157.15789079666138,200000.0,244.0,38822.5536737442,48800000.0,1272.6055242034895,244000.0
2.522998e-08,3.3346093e-10,430.31512,-3.1466592e-05,1.206787e-10,0.0077771386,10.280886,32.112103,32.1035,0.55725396,37.91664,0.68347883,39.211285,1.0,-0.6686182,-1.0,10000,0.6321915,0.03202660736705,0.031608475753694,0.0311925348985096,10,0.0003069065189056,1000,1000.0,1000,10,0.0,9609.029134750366,9590.588813781738,9572.803546905518,10,12.889687568154049,-76.37076397021106,-81.39491374556488,-84.99825369015228,10,2.5508402639855667,9985.886770202149,9966.599073957686,9940.747456290446,10,14.507378756475184,-15.90555604490433,-17.844908970404884,-19.134598125696083,10,0.8132532504270087,-272.77847833333334,-275.2526993333333,-278.218255,10,1.629572735827669,0.0,0.0,0.0,10,0.0,-1.4378600522802505,-1.5177422634211688,-1.5730310162498535,10,0.0396731870455848,0.0,0.0,0.0,10,0.0,5.2680526,-0.6017202,-5.029596,1000,0.9249724,0.1100061191746827,0.1101728909916793,9.06819626837788,0.0001667718169966,0.999995790875286,4399.70601907341,1000,414.20722891566265,32,415,243.24047389469104,9478.69006061554,3903.272685612756,264.6358461380005,415,2298.2947058102422,187693.0,157.9873492717743,200000.0,245.0,38980.541023015976,49000000.0,1265.9241446981578,245000.0
2.522998e-08,3.3240985e-10,428.57745,7.295631e-05,1.2172979e-10,0.0076414375,10.252284,32.049572,32.04087,0.5398134,39.542923,0.64588,40.939114,0.9999995,-0.66268367,-1.0,10000,0.6296852,0.0320730967012787,0.0312312416934713,0.0306369039696,10,0.0004110940583351,1000,1000.0,1000,10,0.0,9603.851259231567,9588.742035865784,9546.866644859314,10,16.64096127833648,-80.90199509649449,-84.31049585765487,-87.87389177020862,10,1.9683385598219183,9982.472156244909,9967.15594199553,9921.38217670763,10,18.130470615655167,-17.58624869448985,-18.565966217569475,-19.596036556721693,10,0.6265829844118019,-270.9359733333333,-274.02436266666666,-278.48146999999994,10,2.2529454631983783,0.0,0.0,0.0,10,0.0,-1.4130854055087425,-1.5130809585472422,-1.6092441598459757,10,0.0585878554701511,0.0,0.0,0.0,10,0.0,4.29521,-0.60903245,-5.117055,1000,0.91607773,0.1102562769001777,0.1104230487171743,8.954324433595653,0.0001667718169966,0.9999970068446478,4503.21235788111,1000,636.0059880239521,28,334,402.53905968852513,9506.0853805542,6012.262778749009,256.2315950393677,334,3815.584625644972,188027.0,169.8262236118317,200000.0,246.0,39150.36724662781,49200000.0,1177.6744235751007,246000.0
2.522998e-08,3.3243402e-10,427.44864,-0.00020305403,1.217056e-10,0.007897129,10.261806,32.079567,32.070824,0.5678264,42.47338,0.70033807,43.836765,1.0,-0.65528786,-1.0,10000,0.6342607,0.0329633238456299,0.0319539976482352,0.0312774887230916,10,0.0005044682367091,1000,1000.0,1000,10,0.0,9590.567024230955,9582.524356365204,9565.668922424316,10,7.394645820631019,-87.52893462704165,-91.47234592374934,-95.64322413397976,10,2.6167855956128805,9986.485513991232,9972.690964935036,9959.332632394236,10,6.853377956699403,-18.95915568940616,-19.61132489920822,-20.22714258204944,10,0.3873691689010792,-271.28692666666666,-277.5953128333333,-286.0269666666666,10,3.776714877449569,0.0,0.0,0.0,10,0.0,-1.4194945495489295,-1.4876265559811632,-1.5339408525618297,10,0.0344314356574257,0.0,0.0,0.0,10,0.0,5.1788797,-0.5906646,-4.7606716,1000,0.9291759,0.1105064346256727,0.1106732064426693,8.924474371556487,0.0001667718169966,0.9999978449281464,5097.567370759802,1000,285.591059602649,33,604,177.6762532801498,9469.976985931396,2673.6169672209694,312.0987243652344,604,1663.9600914638006,188631.0,162.83526134490967,200000.0,247.0,39313.20250797272,49400000.0,1228.235201320246,247000.0
2.522998e-08,3.3261505e-10,427.7648,3.5822322e-05,1.2152461e-10,0.0076639447,10.248645,32.060303,32.051514,0.56393105,46.15468,0.6930527,47.568916,1.0,-0.64499724,-1.0,10000,0.6461386,0.0340735585382644,0.0333431074792315,0.0329412141450884,10,0.0003124051059007,1000,1000.0,1000,10,0.0,9594.232562065125,9588.642977428435,9583.764211654665,10,3.171018747152368,-91.27952390236698,-93.74820805778565,-95.77401785046423,10,1.4820459036185014,9993.870316070046,9986.937166956694,9980.222620612414,10,3.837284238570197,-18.99595049893385,-19.90045579567517,-20.57704658177896,10,0.546540908366808,-280.58719,-283.2456615,-286.3779199999999,10,1.764413302260738,0.0,0.0,0.0,10,0.0,-1.36291250516893,-1.3998623239030548,-1.430491418377528,10,0.0188594743347751,0.0,0.0,0.0,10,0.0,4.643898,-0.6039586,-4.395156,1000,0.9160865,0.110839978259666,0.1110067500766626,8.8238919237471,0.0001667718169966,0.9999986207540136,5346.633286649295,1000,569.2160804020101,28,398,287.21761494446247,9466.80289554596,5359.876231860875,248.86197805404663,398,2704.281733394558,189029.0,164.70679903030396,200000.0,248.0,39477.90930700302,49600000.0,1214.2789561662391,248000.0
2.522998e-08,3.3229663e-10,423.3438,0.00022141993,1.21843e-10,0.0073987683,10.237129,32.031403,32.022644,0.5610626,51.10425,0.7033348,52.51818,1.0,-0.642927,-1.0,10000,0.6529956,0.0342974050854536,0.0340341802698647,0.0336272019620955,10,0.0002181802583764,1000,1000.0,1000,10,0.0,9588.749086380005,9581.334268474578,9573.797206878662,10,5.010108899118952,-94.17644231267096,-96.86082006159228,-99.07571292926627,10,1.494068693611443,9994.3032401798,9988.296961387428,9980.90160139951,10,4.003682405180908,-19.0877888118842,-20.04531319130628,-20.825068204085923,10,0.5035380061959455,-284.0967233333333,-288.6327951666666,-291.4667433333333,10,2.348062056384828,0.0,0.0,0.0,10,0.0,-1.3771207267699532,-1.423768866370129,-1.4544538526880646,10,0.0197067391333917,0.0,0.0,0.0,10,0.0,4.764802,-0.600831,-4.757536,1000,0.9190474,0.1111735218936593,0.111340293710656,8.77383025933581,0.0001667718169966,0.9999991172825689,4609.884892755705,1000,711.9112903225806,38,248,278.47954149958474,9475.446786880491,6710.904751986866,356.5378255844116,248,2623.732889625414,189277.0,160.88452982902527,200000.0,249.0,39638.79383683205,49800000.0,1243.1276034590985,249000.0
2.522998e-08,3.308058e-10,419.3983,-3.9898405e-05,1.2333386e-10,0.0075890683,10.23248,32.000244,31.991447,0.568046,55.061417,0.740125,56.408302,1.0,-0.6433102,-1.0,10000,0.66106033,0.0359307961310696,0.035123678679674,0.0345842059092683,10,0.0003791554067199,1000,1000.0,1000,10,0.0,9579.993837356567,9572.012385082246,9558.32104587555,10,6.692838062260463,-97.31908953392808,-101.55913542080484,-105.73703404549316,10,2.2494416786959377,9996.88918599324,9989.569900131632,9979.230289496474,10,5.36155947987021,-19.7635347283437,-20.57981585866982,-21.51372428187372,10,0.5471179931707997,-289.62423833333327,-294.0023811666666,-299.801885,10,3.172065353087718,0.0,0.0,0.0,10,0.0,-1.3703820019164905,-1.416186410647302,-1.4663807856342292,10,0.0270817232096393,0.0,0.0,0.0,10,0.0,4.726942,-0.58341765,-4.5757713,1000,0.9366852,0.1115070655276526,0.1116738373446493,8.7993362119842,0.0001667718169966,0.999999435060844,4929.606952815982,1000,472.2985386221295,22,479,352.4089136198168,9462.475811958311,4444.123733701313,190.1386108398437,479,3332.661760367898,189756.0,163.80445909500122,200000.0,250.0,39802.59829592705,50000000.0,1220.9679828313251,250000.0
2.522998e-08,3.3281794e-10,420.25812,-0.00018742154,1.213217e-10,0.0077520674,10.256197,32.02622,32.01748,0.60012114,54.964085,0.8284945,56.124374,1.0,-0.6442888,-1.0,10000,0.66719455,0.0364255415497318,0.0357726504398466,0.0346595882832334,10,0.0005684151288875,1000,1000.0,1000,10,0.0,9580.400609970093,9574.832895088197,9566.531706809998,10,4.169605896776566,-94.86134923046588,-99.97199971748688,-104.3455460061318,10,2.8694776712349004,9998.535767425588,9992.72850231714,9987.13464027548,10,4.1407823720538985,-19.675628013917173,-20.46591007519897,-21.208480932089422,10,0.4729638401914179,-288.220425,-296.05545816666665,-303.5746333333333,10,4.80403230195348,0.0,0.0,0.0,10,0.0,-1.3676086830063157,-1.4022447419716904,-1.4433150703678006,10,0.0255129097813193,0.0,0.0,0.0,10,0.0,4.5798516,-0.5827604,-4.740093,1000,0.9390464,0.1119239950701443,0.1120907668871409,8.96413788562163,0.0001667718169966,0.9999996732559312,4637.065195922699,1000,431.0036832412523,34,543,258.29069805353527,9457.607805252075,4052.528642895911,308.8366589546204,543,2429.568321601494,190299.0,169.78484797477722,200000.0,251.0,39972.38314390183,50200000.0,1177.9614163786362,251000.0
2.522998e-08,3.32913e-10,425.02884,-0.0004042446,1.2122664e-10,0.008054764,10.279637,32.047653,32.038994,0.61930746,49.922028,0.9034557,50.952602,1.0,-0.6527973,-1.0,10000,0.6608882,0.0360916997740714,0.0349746579333877,0.0342089150443062,10,0.0004720430978637,1000,1000.0,1000,10,0.0,9590.54571723938,9582.73055896759,9573.725204467772,10,4.893971108779238,-93.79085589396398,-99.6137705959692,-103.77843654913671,10,3.503040959600217,9998.793102089105,9995.019960931051,9983.6880923466,10,4.346423190765221,-20.686609757331603,-21.484914880379588,-22.09933996203994,10,0.44126416109157,-284.79863,-289.8172626666666,-293.8356783333333,10,2.816605488645976,0.0,0.0,0.0,10,0.0,-1.3306186336446886,-1.3734526780378795,-1.4186705473597354,10,0.0256019870102482,0.0,0.0,0.0,10,0.0,4.7047772,-0.58201766,-4.415261,1000,0.94022477,0.1122575387041376,0.1124243105211343,9.135418375115623,0.0001667718169966,0.9999997943119304,3718.911653587245,1000,192.91850594227503,27,589,128.86629920228862,9442.22926568985,1805.0124176143588,241.88297939300537,589,1208.0985336007172,190888.0,164.98771500587463,200000.0,252.0,40137.3708589077,50400000.0,1212.211466731803,252000.0
2.522998e-08,3.3416803e-10,428.24707,-0.00018406752,1.1997166e-10,0.0078925155,10.250748,31.965342,31.956818,0.6067743,44.33129,0.8232204,45.394745,1.0,-0.6563319,-1.0,10000,0.6563077,0.0346791410726291,0.0343673980730804,0.0338019355621218,10,0.0002904910371423,1000,1000.0,1000,10,0.0,9595.60713005066,9590.315063858032,9587.372257232666,10,2.87480263537164,-94.1415829186729,-98.30786075809084,-102.13967049669364,10,2.6676276385660898,9998.62617454074,9996.572059438402,9993.47609908237,10,1.82717261826026,-20.67403871129751,-22.057254088947623,-23.29293674570524,10,0.8766636254208687,-281.9032649999999,-284.5705103333333,-286.9920883333333,10,1.6193368630290954,0.0,0.0,0.0,10,0.0,-1.270786260279555,-1.321369522772088,-1.3401292812779653,10,0.0214711923830905,0.0,0.0,0.0,10,0.0,3.9465356,-0.60607594,-4.3313384,1000,0.91742605,0.1124243105211343,0.1125910823381309,9.188775822908024,0.0001667718169966,0.9999998354495444,4853.339649064559,1000,829.589430894309,52,246,292.83038135756607,9509.31991672516,7854.980888738864,494.1068878173828,246,2774.33843178507,191134.0,164.02169179916382,200000.0,253.0,40301.39255070686,50600000.0,1219.3509151514531,253000.0
2.522998e-08,3.348353e-10,430.49084,-0.00022288704,1.1930439e-10,0.007971723,10.224918,31.885023,31.876455,0.56613064,40.228767,0.7295773,41.37616,0.99999994,-0.65678555,-1.0,10000,0.650392,0.0345376713958539,0.0339098352535002,0.0335336833931942,10,0.000290277067857,1000,1000.0,1000,10,0.0,9597.170001029968,9587.561036396026,9581.219365119934,10,4.494810286629505,-93.96518762374328,-97.64323542852554,-102.33789958872369,10,2.697091200753507,9997.336531735256,9993.889431219011,9988.486773824983,10,2.6090448751967985,-21.51325148210273,-22.43352636182724,-23.32756174826183,10,0.5350093896954745,-282.2542183333333,-284.8863683333333,-289.273285,10,2.072928375264614,0.0,0.0,0.0,10,0.0,-1.3139725407547362,-1.3652623951253875,-1.4083628390380425,10,0.0328024620756424,0.0,0.0,0.0,10,0.0,4.721651,-0.60560125,-4.5625324,1000,0.91834766,0.1126744682466293,0.1128412400636259,9.18137865126313,0.0001667718169966,0.999999881523672,5692.561139333166,1000,631.3539325842696,27,356,362.71365421837226,9513.196305274963,5976.299787311072,245.18144035339355,356,3444.777535994393,191490.0,156.54982137680054,200000.0,254.0,40457.942372083664,50800000.0,1277.5485672297193,254000.0
2.522998e-08,3.356078e-10,431.39648,8.592502e-05,1.1853189e-10,0.007679212,10.197316,31.810503,31.801964,0.5194329,37.718513,0.61563385,38.999264,0.9999999,-0.6604024,-1.0,10000,0.64105546,0.0334111510700749,0.0327264641656278,0.0321241688477021,10,0.0004050773496506,1000,1000.0,1000,10,0.0,9590.363872528076,9585.895817661283,9580.230724334717,10,3.855097933160448,-93.68734442253148,-102.06284523551857,-106.41997602827736,10,4.409719195754673,9996.7670163989,9990.76258828097,9975.84770646812,10,6.018817109423688,-21.257442483757792,-22.66661366815753,-23.340741985319426,10,0.6766527663147308,-275.14741333333325,-278.7183635,-284.09672333333333,10,2.703721907556799,0.0,0.0,0.0,10,0.0,-1.3693816638737994,-1.418951330553363,-1.462432895761221,10,0.0268901326747858,0.0,0.0,0.0,10,0.0,4.239878,-0.62010586,-4.359479,1000,0.9053693,0.1129246259721242,0.1130913977891209,9.099220768941654,0.0001667718169966,0.9999999157501668,6387.273216048287,1000,877.5739910313902,34,223,260.2678727802578,9514.676699638369,8317.162151614646,320.31548595428467,223,2469.2837691370787,191713.0,160.02000975608826,200000.0,255.0,40617.96238183975,51000000.0,1249.8436933284254,255000.0
0.01333679,0.00016231682,38.876583,-0.0011622421,7.77454e-05,0.0018620205,9.061986,31.466242,31.454678,0.4526038,40.96279,0.5262707,42.464813,1.0,-0.653801,-1.0,10000,0.63920075,0.0325761274694668,0.0322847592768695,0.0321157173669053,10,0.0001246068803307,1000,1000.0,1000,10,0.0,9582.165183067322,9573.914972305298,9565.780199050903,10,4.407956539978163,-101.28206311011904,-109.22283442101124,-112.85779029516206,10,3.5428090195878665,9989.975416349624,9986.388350260602,9981.506467969128,10,2.6702128910011096,-22.42500509610267,-23.27678853357374,-23.84186945940111,10,0.4591475824158769,-275.9370583333333,-278.5077915,-280.4117133333333,10,1.3265908337789631,0.0,0.0,0.0,10,0.0,-1.4306901705358834,-1.4659684469411765,-1.5114294504090713,10,0.0272400741873253,0.0,0.0,0.0,10,0.0,4.254052,-0.6221813,-4.260123,1000,0.9005034,0.1130913977891209,0.1132581696061176,8.86722035479381,0.0001667718169966,0.9999999326001332,6695.976775963631,1000,773.6146788990826,30,218,200.35314731179275,9477.825204849243,7322.09887270315,282.4515085220337,218,1896.7849010892576,191931.0,162.58063769340515,200000.0,256.0,162.58063769340515,51200000.0,1230.1587866641312,256000.0
0.000113031,1.309078e-06,82.28386,-0.0012747959,7.254803e-07,0.002755905,9.978657,31.156477,31.146175,0.41260365,50.60863,0.46499747,52.334225,1.0,-0.6442311,-1.0,10000,0.64943045,0.0340204304440849,0.0332136922278848,0.0328387116385711,10,0.0003799742365081,1000,1000.0,1000,10,0.0,9566.331176757812,9556.774838733672,9540.73374080658,10,8.055976858659363,-113.34552930176008,-119.51228477719113,-129.46103932491835,10,4.667425095646723,9990.452347151986,9981.30431570689,9968.758591716753,10,6.399922769725194,-21.369356011122186,-22.476979469157204,-23.091170459112146,10,0.4879615840432065,-277.95503999999994,-281.13116766666667,-288.3081633333333,10,3.1580437757795865,0.0,0.0,0.0,10,0.0,-1.3314184774519666,-1.409048358190541,-1.500907910190486,10,0.0538820176379559,0.0,0.0,0.0,10,0.0,4.667567,-0.61388767,-4.713923,1000,0.9065674,0.1133415555146159,0.1135083273316125,8.573615654434054,0.0001667718169966,0.999999951472096,6613.461447143216,1000,580.1292875989446,70,379,389.0174574865604,9464.065658569336,5473.204553527379,646.5745463371277,379,3683.0341754452834,192310.0,161.68003225326538,200000.0,257.0,324.26066994667053,51400000.0,1237.0111337354751,257000.0
5.823802e-06,6.8485335e-08,122.265045,-0.0016199363,3.6343103e-08,0.0038207073,10.033455,31.253113,31.242826,0.5120264,59.54917,0.66994834,61.01215,1.0,-0.6545773,-1.0,10000,0.6528493,0.0337393171590956,0.0332683927420934,0.0330039951186772,10,0.000200292847498,1000,1000.0,1000,10,0.0,9564.813801765442,9557.439531135558,9545.628677368164,10,6.549440776648462,-101.59765007364209,-113.43566744781413,-118.61646483481778,10,4.691836347979463,9985.01079339897,9974.811596481795,9964.722683858996,10,6.866292231236922,-21.62964491336146,-22.30391529110157,-23.319744919736237,10,0.5418197396738097,-278.1305166666666,-280.2362366666666,-283.21934,10,1.6981391197387945,0.0,0.0,0.0,10,0.0,-1.3605778382961184,-1.3962476263575714,-1.4326566358466222,10,0.0169792470779084,0.0,0.0,0.0,10,0.0,4.615735,-0.59159064,-4.9019756,1000,0.92883,0.1137584850571076,0.1139252568741042,8.673481441636737,0.0001667718169966,0.999999971932898,4641.678545544831,616,166.51177394034536,21,637,127.28237290230412,5740.999223709106,1545.4501016338354,191.22422695159912,637,1189.4447901769606,192947.0,162.51643180847168,200000.0,258.0,486.7771017551422,51600000.0,1230.6447894186067,258000.0
5.608066e-07,6.6890995e-09,161.42044,-0.0017511431,3.4054197e-09,0.004656711,10.076732,31.327448,31.317263,0.5690374,61.81184,0.79898095,63.081577,1.0,-0.6580184,-1.0,10000,0.660425,0.0350435948179656,0.0341418985787575,0.033386697681286,10,0.0004883806887585,1000,1000.0,1000,10,0.0,9584.52649116516,9577.931024456024,9569.791929244995,10,4.363668578959909,-89.51171176921366,-94.8840131116312,-99.45451001937693,10,2.9838899121436406,9989.586401139302,9979.132168377784,9973.074627035125,10,4.695242245862539,-20.03310660317331,-21.566643663785086,-22.347617785690574,10,0.6818691782411048,-277.0776566666666,-283.36849516666666,-290.6770983333333,10,4.159213458578474,0.0,0.0,0.0,10,0.0,-1.339003836299972,-1.3819954506087226,-1.4691289707447823,10,0.0359878185531963,0.0,0.0,0.0,10,0.0,4.7853746,-0.60183966,-4.6259565,1000,0.9226261,0.1141754145995992,0.1143421864165959,8.7930701722399,0.0001667718169966,0.9999999840983764,4023.5419602548936,1000,504.89722222222224,30,360,182.57399715383457,9417.96026134491,4740.563188375698,286.06843090057373,360,1707.5307894848736,193307.0,164.117329120636,200000.0,259.0,650.8944308757782,51800000.0,1218.6403536520395,259000.0
1.8867118e-07,2.275627e-09,195.93895,-0.0017267579,1.1204542e-09,0.005253659,10.079708,31.317312,31.307323,0.56536514,62.134064,0.8192646,63.320343,1.0,-0.65178037,-1.0,10000,0.67004335,0.0360988230461225,0.035340759173104,0.0343307372697308,10,0.0005002696607776,1000,1000.0,1000,10,0.0,9593.077261924744,9582.549344348909,9559.585322380066,10,10.453831941664916,-84.19239467840106,-89.66801801583986,-93.18385835481124,10,2.6443651742972847,9992.949981491878,9985.3090550027,9966.955330010309,10,8.520751550388969,-19.69785891414822,-20.936842635238808,-22.133920331262487,10,0.5705585517019384,-283.13160166666665,-290.78238433333325,-297.69616499999995,10,4.457901743508823,0.0,0.0,0.0,10,0.0,-1.3006222747584473,-1.3724645339869257,-1.4388368513488756,10,0.0447569353928104,0.0,0.0,0.0,10,0.0,5.228281,-0.5980858,-4.6734905,1000,0.9271206,0.1145923441420909,0.1147591159590875,8.86736895713584,0.0001667718169966,0.9999999908029724,4521.618306567069,1000,546.7059961315281,42,517,369.4789716167184,9500.672651290894,5159.481255132409,382.62005710601807,517,3499.8298057897628,193824.0,165.07183504104614,200000.0,260.0,815.9662659168243,52000000.0,1211.5937279686068,260000.0
1.13388374e-07,1.3856889e-09,229.889,-0.0021236849,6.5530187e-10,0.006261687,10.124787,31.392344,31.382504,0.6104603,56.678658,0.9306872,57.605072,1.0,-0.6495968,-1.0,10000,0.6729582,0.0364080237896851,0.0358033052691142,0.0354815544954471,10,0.0002882644560138,1000,1000.0,1000,10,0.0,9598.670526504517,9593.348446846008,9583.426753044128,10,4.7977946158932605,-82.73872635477363,-87.41373568378107,-93.01660569144612,10,2.7855516896938943,9998.464907526446,9995.573609422896,9990.973674330146,10,2.2456622861302447,-20.063386450288498,-20.889502950123408,-22.31475297044942,10,0.7121401332290934,-290.58936,-292.58102016666663,-296.2046133333333,10,1.5958008607520373,0.0,0.0,0.0,10,0.0,-1.3053850531528588,-1.3409002908430738,-1.3831115596847896,10,0.0228174675352519,0.0,0.0,0.0,10,0.0,4.6217213,-0.5968643,-4.3777084,1000,0.927596,0.1149258877760842,0.1150926595930808,9.15234170456928,0.0001667718169966,0.9999999942103956,3638.7837144850414,1000,465.35271317829455,25,258,321.70091135806194,9499.326955795288,4380.93717841677,238.0007734298706,258,3032.7984556692363,194082.0,169.35532522201538,200000.0,261.0,985.3225910663604,52200000.0,1180.9489883935516,261000.0
8.249087e-08,1.0239524e-09,263.93787,-0.0024242045,4.6088355e-10,0.0071750865,10.133474,31.393503,31.384144,0.6296907,46.986267,0.9290112,47.7855,1.0,-0.65330505,-1.0,10000,0.66590625,0.036541235869794,0.0351776306886778,0.0344210445990465,10,0.0007296374303095,1000,1000.0,1000,10,0.0,9605.037288665771,9593.315540075302,9548.432515621183,10,16.08442354138745,-80.18225847324237,-83.20841527976744,-86.56122336423846,10,2.180819047099269,9999.308820742335,9989.871478128887,9956.333318695184,10,12.54055926289208,-20.20632823234332,-20.828564726535348,-21.72259506099296,10,0.4820701621038056,-285.6760133333333,-291.1070161666666,-301.5566516666666,10,5.816522134535675,0.0,0.0,0.0,10,0.0,-1.3509047634255,-1.4119410058842905,-1.4847895912110696,10,0.0413128897078652,0.0,0.0,0.0,10,0.0,5.471064,-0.58407855,-4.642566,1000,0.9375754,0.1154262032270742,0.1155929750440708,9.389652890563632,0.0001667718169966,0.9999999968860266,3811.6649030186577,1000,349.84669811320754,30,848,303.4138272312837,9512.511605262756,3304.2096543149005,275.21124744415283,848,2879.3107755204983,194930.0,160.22891855239868,200000.0,262.0,1145.5515096187592,52400000.0,1248.2141289282636,262000.0
6.56554e-08,8.2533214e-10,296.46735,-0.0022982464,3.5646494e-10,0.007634659,10.09684,31.275997,31.267109,0.5790896,35.790188,0.80164206,36.685993,1.0,-0.6508297,-1.0,10000,0.6546529,0.0348588393955578,0.0342465803828992,0.0338080212969944,10,0.0002946189361952,1000,1000.0,1000,10,0.0,9619.121910095217,9610.532562828064,9604.038029670715,10,4.789865614589617,-72.38325888505307,-76.31522213074997,-79.05192224283032,10,2.156835520266083,9998.212011596926,9995.800696274438,9992.572809899671,10,1.6258991942823973,-18.814445452311787,-19.54788313215284,-20.32951507870929,10,0.4236798435057139,-284.0967233333333,-287.9747576666666,-293.74794,10,2.9151845206884026,0.0,0.0,0.0,10,0.0,-1.3791996879267732,-1.43027063279027,-1.53625793158875,10,0.0516856722858297,0.0,0.0,0.0,10,0.0,4.8146873,-0.602665,-5.1441965,1000,0.91666275,0.1159265186780641,0.1160932904950608,9.460817980380911,0.0001667718169966,0.99999999848229,2890.184431087687,1000,319.1505791505792,36,259,251.1275047818652,9504.12870502472,3008.7094382871533,336.97734355926514,259,2375.577835587296,195189.0,160.1081840991974,200000.0,263.0,1305.6596937179563,52600000.0,1249.1553828134547,263000.0
5.508136e-08,6.9634704e-10,322.55496,-0.0022386583,2.9511746e-10,0.008044647,10.0574255,31.177105,31.16834,0.5132782,27.90339,0.65612733,28.899834,0.9999999,-0.644229,-1.0,10000,0.64224446,0.0337966843824688,0.0331575624790493,0.0324141908471792,10,0.0004042822935246,1000,1000.0,1000,10,0.0,9614.458319664,9611.080399131775,9605.440928459167,10,2.5462165652254294,-71.3518322355284,-76.0773260474688,-80.098644452848,10,2.57416382494205,9998.217598564646,9992.350077693563,9986.330890478815,10,4.423118139368744,-17.924071795796735,-18.661753259110093,-19.627396116231445,10,0.5369198305946117,-282.07874166666664,-285.061845,-286.9920883333333,10,1.6697967188551548,0.0,0.0,0.0,10,0.0,-1.3902621442619936,-1.4687569558001168,-1.5170937020840207,10,0.0347963036954416,0.0,0.0,0.0,10,0.0,4.706489,-0.5905118,-4.6080537,1000,0.9169858,0.1161766764035591,0.1163434482205558,9.473267164080989,0.0001667718169966,0.9999999989072488,4172.202663220201,1000,394.9233128834356,18,652,348.2350463312377,9490.103743553162,3731.7618963850055,162.2397074699402,652,3304.7001549913234,195841.0,161.9387879371643,200000.0,264.0,1467.5984816551208,52800000.0,1235.0345618098877,264000.0
4.7872277e-08,6.0744826e-10,344.38986,-0.0020847963,2.5425276e-10,0.0082838135,10.030777,31.130938,31.12244,0.46894768,21.825943,0.5467379,22.944271,0.9999996,-0.6461763,-1.0,10000,0.6216904,0.0314759213901561,0.0309989039847423,0.0306417221625888,10,0.0002935364280624,1000,1000.0,1000,10,0.0,9621.601430892944,9612.572479438782,9608.07195186615,10,3.706730596393352,-79.76036328694158,-83.78281849737384,-85.70911959953183,10,1.8812592533875785,9995.150479710144,9989.872984215586,9982.80896987926,10,3.704003629451997,-18.059638382877445,-19.645339510963275,-20.738960012175653,10,0.8628819177878567,-268.65477666666663,-272.41875116666654,-276.9899183333333,10,2.82142525545178,0.0,0.0,0.0,10,0.0,-1.402871222062378,-1.4535897543277048,-1.524698158187697,10,0.0377388731237122,0.0,0.0,0.0,10,0.0,4.624435,-0.60121095,-4.852293,1000,0.9003017,0.1165936059460508,0.1167603777630474,9.427598777192143,0.0001667718169966,0.999999999367985,4715.51796207999,1000,604.1469194312796,30,422,366.1874629688102,9527.615529060364,5724.070050498815,279.98534393310547,422,3484.6487437486003,196263.0,165.87005519866943,200000.0,265.0,1633.4685368537905,53000000.0,1205.763148510753,265000.0
0.012914207,0.00015169517,39.001404,-0.0014790735,8.076056e-05,0.002181099,8.974734,30.879625,30.86768,0.42772704,19.980568,0.5130205,21.217505,0.9999998,-0.6556719,-1.0,10000,0.61460686,0.03057346872909693,0.030163363679229227,0.029733135875707375,10,0.00025663430876351226,1000,1000.0,1000,10,0.0,9609.480122566223,9605.00452413559,9597.186438560486,10,3.933939493337759,-89.95835151049747,-92.26353481111924,-95.18352579221322,10,1.576207743263864,9992.747274961468,9986.526262614858,9979.134925930324,10,3.8814268985061045,-18.880053606751375,-20.438848615286766,-21.54579732612376,10,0.7297233191975495,-261.0215416666666,-267.3299278333333,-272.51526333333334,10,3.083961854581537,0.0,0.0,0.0,10,0.0,-1.4021055154789297,-1.4894318844688867,-1.552443964588853,10,0.04742702052435044,0.0,0.0,0.0,10,0.0,4.741587,-0.6038865,-4.9692073,1000,0.89561665,0.11701053548854248,0.11717730730553913,9.326794794975998,0.00016677181699666576,0.9999999996419272,3882.9581974864855,748,237.3414211438475,28,577,168.61875274779786,6989.006227493286,2236.1144334537526,269.5221290588379,577,1597.4721765657005,196840.0,441.4959030151367,200000.0,266.0,441.4959030151367,53200000.0,453.0053362536934,266000.0
0.00010725766,1.2339551e-06,86.725975,-0.0021215824,6.966832e-07,0.00368265,9.925756,30.753107,30.741882,0.39595354,20.422857,0.4677115,21.777685,1.0,-0.66097134,-1.0,10000,0.61677915,0.03074707011190185,0.03029118985553505,0.02937377402644779,10,0.00038691443746287677,1000,1000.0,1000,10,0.0,9605.655554771423,9593.938636016846,9571.301261901855,10,8.43895145287513,-95.26592905909608,-99.47287047182876,-102.79120611032283,10,2.327637769067783,9992.380854693016,9984.640978023093,9965.099151616241,10,7.667516962480173,-19.238170442710913,-20.72452118742195,-21.765905713516833,10,0.7778014326529008,-262.7763083333333,-269.0232776666666,-273.2171699999999,10,3.2212755987143216,0.0,0.0,0.0,10,0.0,-1.40314402297693,-1.4816724399211445,-1.5728455417813394,10,0.04920555784308851,0.0,0.0,0.0,10,0.0,4.842167,-0.6059836,-4.6000037,1000,0.89553255,0.11751085093953245,0.11767762275652913,9.20317443645682,0.00016677181699666576,0.9999999998120834,3682.3007516185826,1000,444.33029197080293,20,548,296.7228585327176,9495.609921455383,4199.908846346512,173.24329948425293,548,2814.362812583255,197388.0,449.51132106781006,200000.0,267.0,891.0072240829468,53400000.0,444.9276150040044,267000.0
5.447602e-06,6.486809e-08,129.72403,-0.0021547447,3.3188755e-08,0.004489777,9.891221,30.625526,30.615118,0.37832627,25.206047,0.4280179,26.686724,0.99999964,-0.6695943,-1.0,10000,0.62369394,0.031240525896879263,0.030544326823402662,0.029996039919220494,10,0.00035502155079456394,1000,1000.0,1000,10,0.0,9590.870490074158,9582.756438922883,9574.59081363678,10,4.662231227327914,-105.73907602310317,-109.28373188615346,-113.35845891931001,10,2.191832115878568,9986.836056001925,9981.891791493688,9976.069616151819,10,3.829121932261122,-18.851739357191033,-19.942933279026136,-20.990567409946387,10,0.5381993848368126,-262.60083166666664,-268.4178831666666,-274.18229166666663,10,3.5600686931918455,0.0,0.0,0.0,10,0.0,-1.4180120213845466,-1.490812122983908,-1.583670017486566,10,0.04506080224907609,0.0,0.0,0.0,10,0.0,4.659461,-0.61817396,-5.2634344,1000,0.8893072,0.11792778048202411,0.11809455229902077,9.032989180182783,0.00016677181699666576,0.9999999998957038,3917.699766571287,1000,731.4628820960698,30,229,225.90529118930948,9495.028774261475,6926.894305881975,287.2971935272217,229,2140.941170321989,197617.0,453.73979568481445,200000.0,268.0,1344.7470197677612,53600000.0,440.78126252546707,268000.0
5.324691e-07,6.4654606e-09,169.48474,-0.0023267407,3.1189842e-09,0.0053774663,9.895862,30.591505,30.581755,0.39429355,31.166687,0.4419542,32.643772,1.0,-0.67115414,-1.0,10000,0.63257027,0.03258271136354597,0.031207850921161302,0.030077717385982396,10,0.0007615010404011251,1000,1000.0,1000,10,0.0,9585.019638061523,9569.341389465331,9559.123909950256,10,7.930224928534019,-108.87653274816225,-111.5271321029663,-118.22925649487648,10,2.616662939882366,9985.644523355299,9972.961358573883,9954.360647693846,10,9.39039347354807,-19.326097730273524,-19.702322615034497,-20.158736297688527,10,0.2981677890681654,-265.057505,-270.900878,-281.11361999999997,10,5.595642472962672,0.0,0.0,0.0,10,0.0,-1.4037687441106819,-1.4896392160314895,-1.5195023487172867,10,0.03719161494176874,0.0,0.0,0.0,10,0.0,4.5488844,-0.61445826,-5.129843,1000,0.9033063,0.1181779382075191,0.11834471002451577,8.96455869317954,0.00016677181699666576,0.9999999999249067,3776.1915662777164,1000,236.660777385159,31,566,143.03457086168532,9450.607089996338,2230.297235647065,295.7657642364502,566,1354.3551536828754,198183.0,436.0578546524048,200000.0,269.0,1780.804874420166,53800000.0,458.6547355268401,269000.0
1.8335507e-07,2.2456277e-09,205.50986,-0.0024425955,1.0547637e-09,0.0061417725,9.899888,30.572067,30.562443,0.41907176,36.55861,0.49680844,37.951065,1.0,-0.67721903,-1.0,10000,0.6274619,0.03164328018737433,0.030267519370092484,0.029493711218368843,10,0.0005916260545030845,1000,1000.0,1000,10,0.0,9585.726764678955,9563.157521533965,9531.657362937927,10,13.921939465158859,-103.21780051172291,-107.56389803774282,-111.80181669741302,10,3.0746378971394406,9979.233067244824,9953.005766747005,9921.325103270985,10,15.645749765466997,-19.39138467017043,-20.310548089212567,-21.146013599282156,10,0.5145502869933897,-255.75724166666666,-260.57407616666666,-265.58393499999994,10,3.211139096126084,0.0,0.0,0.0,10,0.0,-1.3406034685162447,-1.3997215092341952,-1.4462277624277213,10,0.03434002895012757,0.0,0.0,0.0,10,0.0,4.9243917,-0.6129179,-4.7958927,1000,0.9051108,0.11851148184151242,0.11867825365850909,8.970525828492967,0.00016677181699666576,0.9999999999519402,4495.367924387725,1000,552.7953488372093,25,430,366.1419091729125,9503.891011238098,5231.339935847216,236.4953031539917,430,3473.4362265580503,198613.0,437.58983039855957,200000.0,270.0,2218.3947048187256,54000000.0,457.0490128114695,270000.0
1.1069955e-07,1.3871458e-09,240.13907,-0.002579296,6.0544636e-10,0.006901799,9.894276,30.529547,30.520466,0.42453742,39.26332,0.5164665,40.589798,1.0,-0.66748667,-1.0,10000,0.639791,0.033448638150453916,0.031612482477586315,0.030201491217754665,10,0.0008469987119538644,1000,1000.0,1000,10,0.0,9585.925575256348,9569.655598831177,9557.690749168396,10,7.843212263607178,-104.22706399851599,-109.5041449268929,-112.84835087472732,10,2.5610190780207,9977.071978509724,9969.192777067175,9955.673391827197,10,6.0089878850590885,-20.615876964547116,-21.299472471563806,-22.22103830280514,10,0.550790370935332,-254.79211999999995,-267.3650231666667,-280.9381433333333,10,6.946089306022598,0.0,0.0,0.0,10,0.0,-1.3201096501011107,-1.3685397182139625,-1.4023917995681843,10,0.026379070309332935,0.0,0.0,0.0,10,0.0,4.867737,-0.62429565,-5.1006274,1000,0.8989876,0.11884502547550574,0.11901179729250241,9.001194934952707,0.00016677181699666576,0.9999999999692417,3939.7002605981643,1000,328.23414634146343,25,410,170.75887665353912,9379.318524837494,3094.5591635775277,237.9119997024536,410,1611.5037076291635,199023.0,213.24846696853638,200000.0,271.0,2431.643171787262,54200000.0,937.8730963140237,271000.0
8.07252e-08,1.0216583e-09,267.7589,-0.0023416546,4.3139542e-10,0.007161315,9.843191,30.397335,30.388353,0.41978964,42.52101,0.5254577,43.86968,1.0,-0.6670131,-1.0,10000,0.6342355,0.03240703987375309,0.03107579313509632,0.029831307507512974,10,0.0007668564834440787,1000,1000.0,1000,10,0.0,9583.777268409729,9562.962112522126,9531.985158920288,10,12.580116967125724,-107.14518918196069,-111.59581069582119,-115.51364754443868,10,2.4621718166856583,9980.313320489982,9961.450895210002,9941.381933268856,10,10.866035866417985,-21.182812748335728,-22.333109591293315,-23.28057100468015,10,0.6718454770719486,-254.26569,-263.215,-272.51526333333334,10,5.393160519610204,0.0,0.0,0.0,10,0.0,-1.2307989376552597,-1.3448595198325,-1.3884149734169988,10,0.0455137288661128,0.0,0.0,0.0,10,0.0,4.3245664,-0.6224745,-4.3624554,1000,0.8957173,0.11917856910949906,0.11934534092649574,8.954802656676035,0.00016677181699666576,0.9999999999803147,4881.292662403554,1000,848.277566539924,40,263,272.3093098283152,9517.607537269592,8045.482653605168,375.37882232666016,263,2586.1415562536804,199286.0,193.13985872268677,200000.0,272.0,2624.7830305099487,54400000.0,1035.5190343551153,272000.0
6.442105e-08,8.2284457e-10,295.69955,-0.0026947234,3.367345e-10,0.008017315,9.851196,30.404509,30.395586,0.4550472,43.627384,0.6148693,44.81253,1.0,-0.67093796,-1.0,10000,0.62555987,0.03150460003800981,0.030186382125689127,0.02926981761395291,10,0.0007366935249925664,1000,1000.0,1000,10,0.0,9568.55230140686,9560.065421676636,9542.239101409912,10,6.933939108197169,-106.9895825717685,-110.59453109856653,-114.49159320377699,10,2.2476582198767345,9967.370415707912,9952.858111195088,9930.32396341388,10,9.47256994638153,-20.25628481423692,-21.71500206584951,-22.787353468242884,10,0.7491500055065435,-251.10710999999998,-259.10884599999997,-269.0934683333333,10,5.816833142583454,0.0,0.0,0.0,10,0.0,-1.3061179549002995,-1.3743152356279278,-1.42558707545713,10,0.03725670070696631,0.0,0.0,0.0,10,0.0,5.101667,-0.59375757,-4.9286385,1000,0.92178845,0.11976227046898738,0.11992904228598404,9.087239290393503,0.00016677181699666576,0.9999999999905885,3742.7270129999233,1000,279.9342995169082,21,1035,310.00491430165425,9506.498407363892,2637.7703467972615,188.86579132080078,1035,2942.8657512488744,200321.0,223.2292091846466,200000.0,273.0,2848.0122396945953,54600000.0,895.9401000008368,273000.0
5.4151936e-08,6.976496e-10,325.82214,-0.0027921929,2.770853e-10,0.008656992,9.857842,30.40002,30.39148,0.48235673,39.896957,0.6444,40.986183,1.0,-0.6739142,-1.0,10000,0.62768865,0.031190068049487308,0.03043512882083596,0.029100307490109115,10,0.0007441981865877864,1000,1000.0,1000,10,0.0,9583.817783355713,9573.036189365386,9558.682291030884,10,6.733718538823841,-99.61150346590344,-106.23607817320824,-111.48811461581917,10,3.6474077114511196,9973.489069139276,9964.202790219186,9947.10884571523,10,8.721165545802599,-19.545601146041196,-20.56062619437242,-21.95134357714838,10,0.8633883821200214,-252.77413833333333,-262.9517849999999,-268.3915616666667,10,5.579771717237883,0.0,0.0,0.0,10,0.0,-1.3467120444022487,-1.4181117827609908,-1.4622529528359332,10,0.03303104208807668,0.0,0.0,0.0,10,0.0,4.733577,-0.6097844,-4.6586227,1000,0.9074932,0.12042935773697404,0.12059612955397069,9.22151483279928,0.00016677181699666576,0.9999999999962693,2922.1462449963624,1000,457.3956310679612,29,412,355.1094201400106,9431.79121017456,4323.249550574468,274.8785333633423,412,3364.1685233316,200733.0,221.10662651062012,200000.0,274.0,3069.1188662052155,54800000.0,904.5409590670665,274000.0
4.712187e-08,6.07695e-10,355.28162,-0.003328042,2.4049868e-10,0.009723111,9.884088,30.429485,30.42114,0.49851474,34.637764,0.6665331,35.65954,0.99999994,-0.6717702,-1.0,10000,0.6265911,0.03136844114663836,0.030501134426999487,0.029442336968160815,10,0.0006055844653884113,1000,1000.0,1000,10,0.0,9601.12076473236,9586.120610141754,9576.519225120544,10,7.459978906995223,-87.40469378397617,-90.2240292289124,-95.81515466258355,10,2.6111321509820153,9984.262303608799,9964.388171224173,9947.461229904238,10,10.110606526647908,-19.139503321945824,-19.86517918027419,-20.64181766904293,10,0.5252158816240258,-257.5120083333333,-266.689438,-273.5681233333333,10,4.656285832071376,0.0,0.0,0.0,10,0.0,-1.376524507550899,-1.4889162974177346,-1.5375979778824969,10,0.04827803907019213,0.0,0.0,0.0,10,0.0,4.803989,-0.6040651,-4.884574,1000,0.9106718,0.12101305909646233,0.121179830913459,9.343918433672393,0.00016677181699666576,0.9999999999982667,2880.110168578817,917,239.45555555555555,19,810,251.48812136000618,8624.247940063477,2253.9881273111605,175.6029052734375,810,2384.111243797556,201543.0,172.89068746566772,200000.0,275.0,3242.009553670883,55000000.0,1156.8003050465954,275000.0
4.1996607e-08,5.4361393e-10,385.19724,-0.003673576,2.1232499e-10,0.010607125,9.919205,30.507818,30.499844,0.5154755,27.156578,0.68296194,28.093977,0.99999994,-0.6608732,-1.0,10000,0.62173903,0.031871015519995126,0.030431620902821303,0.02946549149641942,10,0.0006277932369527781,1000,1000.0,1000,10,0.0,9605.578132629395,9597.457742118835,9585.038096427917,10,5.780168109470226,-75.51680477340228,-79.0895877501701,-82.01265190252542,10,1.8167085189465795,9979.780076308569,9966.210600788434,9949.213732415503,10,8.721556365257868,-17.696161310318338,-19.104777284877265,-19.80122335027787,10,0.6391305501359604,-263.03952333333325,-269.03205149999997,-278.74468499999995,10,4.071295023850004,0.0,0.0,0.0,10,0.0,-1.490480356107006,-1.5264438790045862,-1.5641067239777162,10,0.02322250747958827,0.0,0.0,0.0,10,0.0,4.791987,-0.5995248,-5.425201,1000,0.9121247,0.12168014636444899,0.12184691818144565,9.490789137516725,0.00016677181699666576,0.9999999999992901,2479.2513447360097,688,226.544,21,1000,113.5141051323579,6355.431610107422,2137.300717467293,184.84524297714233,1000,1072.9789905648774,202543.0,208.6319706439972,200000.0,276.0,3450.6415243148804,55200000.0,958.6258490616162,276000.0
3.809272e-08,4.961466e-10,416.56464,-0.0042777676,1.8952238e-10,0.011775931,9.986167,30.665596,30.657627,0.5372069,17.763557,0.6805293,18.594946,0.9999995,-0.6470562,-1.0,10000,0.61317545,0.030767566195761903,0.02991183939292969,0.02925287433054473,10,0.00045856687005104904,1000,1000.0,1000,10,0.0,9613.28099155426,9607.227195453645,9598.50317955017,10,4.843168510398825,-69.71212440938936,-73.30437209828335,-77.35118444210786,10,2.383115670459691,9974.626313972087,9969.566806391289,9965.363918503934,10,3.3651329112891784,-17.37591917317533,-18.42318432721603,-19.597953675580328,10,0.6372548874390813,-262.33761666666663,-269.04959916666667,-275.1474133333333,10,3.8671112091800794,0.0,0.0,0.0,10,0.0,-1.4889069135378308,-1.5624565153015224,-1.6098978964208546,10,0.03588515441948093,0.0,0.0,0.0,10,0.0,5.0486336,-0.5984354,-5.032486,1000,0.90254885,0.12251400544943229,0.12268077726642895,9.688000185756659,0.00016677181699666576,0.9999999999997579,2158.4126134693993,879,197.98062015503876,17,1032,190.7068136478307,8248.61037015915,1867.4232544484296,156.54714393615723,1032,1810.332602930246,203575.0,162.9192659854889,200000.0,277.0,3613.5607903003693,55400000.0,1227.6018971127323,277000.0
3.5028602e-08,4.553521e-10,448.1054,-0.0042436006,1.7516269e-10,0.012309496,10.00706,30.737406,30.729733,0.52664196,7.0381513,0.63594246,7.9011645,0.9999988,-0.6323487,-1.0,10000,0.59934294,0.02968466496981273,0.029194546786672444,0.028332020729940267,10,0.0003874579636388219,1000,1000.0,1000,10,0.0,9615.118473052979,9609.449211883544,9603.129753112793,10,2.9693307061872365,-72.0516646919717,-74.63255551861091,-77.85671381585628,10,1.9521038119477498,9977.80071247643,9972.277954344387,9964.001284009613,10,4.5169711399682,-17.229625476037846,-18.37376602214111,-19.99252382820544,10,0.6950568971140567,-260.4073733333333,-268.20731116666667,-271.19918833333327,10,3.117230746377575,0.0,0.0,0.0,10,0.0,-1.5670432137188386,-1.6151064056243396,-1.6567563252844053,10,0.026151872787672305,0.0,0.0,0.0,10,0.0,4.847844,-0.59207076,-4.5000515,1000,0.8873175,0.12326447862591726,0.12343125044291392,9.78878394424869,0.00016677181699666576,0.9999999999999161,1618.2434515366228,699,140.4759825327511,18,687,118.19229978656868,6631.455171585083,1320.5827189519068,148.47557973861694,687,1121.582045314442,204262.0,173.7122778892517,200000.0,278.0,3787.273068189621,55600000.0,1151.3290967694738,278000.0
3.2583145e-08,4.2094256e-10,476.62796,-0.004110118,1.6555403e-10,0.012689421,9.93842,30.591776,30.584213,0.4437668,0.9198735,0.5074743,1.9964181,0.999999,-0.6143556,-1.0,10000,0.5909175,0.030039261010751942,0.028802256549765298,0.028284028322421363,10,0.00046444788877909746,1000,1000.0,1000,10,0.0,9578.524538993835,9562.686043930054,9551.539867401123,10,8.917811455946676,-85.40179256705704,-87.31118406870996,-89.79954006448355,10,1.3123291042260987,9959.436602576796,9941.02786985374,9924.170341311466,10,10.309704447007947,-16.909613537663756,-17.577257842046485,-18.610693613767342,10,0.5747844669319716,-266.5490566666666,-271.75193983333327,-278.8324233333333,10,3.3057796761694,0.0,0.0,0.0,10,0.0,-1.626419832309655,-1.7014414796063373,-1.7536978450505554,10,0.03488155661117053,0.0,0.0,0.0,10,0.0,4.4578695,-0.58873695,-5.4876094,1000,0.87491614,0.12384817998540558,0.12401495180240223,9.668199759489275,0.00016677181699666576,0.999999999999961,2582.4883504890217,1000,491.451114922813,18,583,358.17761617471655,9529.587604522705,4655.759706273087,159.66860389709473,583,3402.2492576548098,204845.0,196.76448249816895,200000.0,279.0,3984.03755068779,55800000.0,1016.4436053740601,279000.0
3.0567353e-08,3.9933923e-10,503.0285,-0.00379089,1.5087315e-10,0.012845403,9.913676,30.533766,30.526394,0.3848085,-2.331925,0.46056673,-1.1430748,0.99999976,-0.6165128,-1.0,10000,0.59803766,0.030058485505214776,0.029491494384872207,0.02826922945799015,10,0.0004790061089095066,1000,1000.0,1000,10,0.0,9559.11854839325,9536.572131633759,9518.965460777283,10,11.31280161398643,-95.57436243411115,-98.00200166228018,-100.04185812978685,10,1.5361971477485716,9940.688075229282,9931.426042998424,9920.509564720622,10,6.9402853063224565,-16.33616281760432,-17.65432513331113,-19.038019235159325,10,0.8927441331637871,-265.32071999999994,-277.4637053333333,-283.482555,10,4.866306821636978,0.0,0.0,0.0,10,0.0,-1.6364253382971858,-1.7338755813867492,-1.816897126576351,10,0.050604867923696534,0.0,0.0,0.0,10,0.0,4.994162,-0.58737653,-4.9339566,1000,0.87516683,0.12451526725339222,0.12468203907038887,9.61140727865886,0.00016677181699666576,0.999999999999984,2598.5092885321938,847,341.7007633587786,22,655,194.80792399521556,7994.167169570923,3224.2144161173405,196.6821985244751,655,1839.8670489187623,205500.0,179.80563282966614,200000.0,280.0,4163.843183517456,56000000.0,1112.3122054216424,280000.0
2.8881583e-08,3.7529324e-10,525.04376,-0.003291638,1.4457521e-10,0.012742426,9.83733,30.360239,30.353209,0.33352017,-1.4503175,0.36808488,-0.06722701,0.9999999,-0.62960994,-1.0,10000,0.61309355,0.031078078505102896,0.030349197076336716,0.029615134545238106,10,0.0004331337033192233,1000,1000.0,1000,10,0.0,9557.728419303894,9541.113950252533,9515.728276252747,10,14.692765108113854,-93.9591760550638,-95.66789868080556,-98.05693170799726,10,1.4142883364881866,9952.564511473402,9931.717161811182,9908.49554369341,10,14.5648208305684,-16.468979789053762,-17.767458241192113,-19.46503034993872,10,0.7123374974409941,-269.53216,-275.5597834999999,-282.6051716666666,10,3.321576775151482,0.0,0.0,0.0,10,0.0,-1.550048465094823,-1.6080776853612064,-1.640284931404834,10,0.029407710222245968,0.0,0.0,0.0,10,0.0,4.297807,-0.606915,-4.6164246,1000,0.868108,0.12509896861288053,0.12526574042987723,9.423294964963466,0.00016677181699666576,0.9999999999999928,2732.8681869814905,1000,317.58202247191014,18,445,191.43572428034707,9455.019002914429,2998.7173271291713,144.82037591934204,445,1807.1427031428918,205945.0,197.2118902206421,200000.0,281.0,4361.055073738098,56200000.0,1014.1376352928748,281000.0
2.7569833e-08,3.5487005e-10,542.5309,-0.0026002515,1.4138693e-10,0.012365809,9.774422,30.231255,30.224466,0.31095654,2.876219,0.3271958,4.3635874,1.0,-0.6480356,-1.0,9045,0.6237786,0.037838121631325015,0.031743627708547544,0.030041305705104604,10,0.0021429796935164454,1000,904.5,45,10,286.5,9615.39019203186,8681.450966310502,425.19001054763794,10,2752.1184920786154,-9.481468009508403,-73.27641236122108,-85.75940243174162,10,21.42109402000038,9985.677881621112,9020.670965088584,450.0,10,2856.9036071980263,-0.8616786095666165,-16.200754571423545,-18.8648035874639,10,5.138638045054718,-14.389086666666667,-248.3521263333333,-284.7108916666666,10,78.17484712225922,0.0,0.0,0.0,10,0.0,-0.0777578016812331,-1.3907048363829693,-1.6065741984511712,10,0.44016932700642236,0.022222222222222223,0.0022222222222222222,0.0,10,0.006666666666666666,4.402212,-0.61684483,-4.1921344,1000,0.87886685,0.12576605588086723,0.1259328276978639,9.275685615273384,0.00016677181699666576,0.999999999999997,2418.8159647992925,1000,364.74788494077836,15,591,314.57364973571396,9510.153893470764,3456.4295453730774,126.17860269546509,591,2981.2239067129085,206536.0,171.0308539867401,200000.0,282.0,4532.085927724838,56400000.0,1169.379648981381,282000.0
2.656349e-08,3.4912576e-10,555.68933,-0.0025933026,1.2901707e-10,0.012595712,9.766192,30.167027,30.16004,0.32128695,8.696518,0.3362463,10.187834,1.0,-0.65878236,-1.0,8059,0.6351737,0.0330045138332498,0.030187922531519057,0.01680040415521944,10,0.004923074157916713,1000,805.9,25,10,388.2052163482608,9591.009812355042,7724.503816223145,243.40120220184326,10,3719.6346366106955,-2.2057696525871755,-84.18714717668925,-108.238587571773,10,40.66404895672572,9996.23341560605,8052.247178789878,249.93901636734427,10,3878.692291518941,-0.26306782142026336,-15.473513359187953,-19.833118739006025,10,7.589986398129652,-3.9482250000000003,-226.87378233333328,-288.83459333333326,10,110.35414081477968,0.0,0.0,0.0,10,0.0,-0.028346956496709028,-1.208919246156702,-1.5408426958745407,10,0.5829451702070241,0.04,0.006941176470588235,0.0,10,0.014082800130498584,5.280436,-0.617408,-5.0183783,1000,0.90152425,0.1265999149658506,0.12676668678284728,9.217251873358824,0.00016677181699666576,0.9999999999999989,1739.0776643165323,1000,140.95911745619728,17,1541,145.10962184493167,9456.339770317078,1331.8184819133598,147.02952527999878,1541,1374.7849865280784,208077.0,169.4222011566162,200000.0,283.0,4701.5081288814545,56600000.0,1180.48283303271,283000.0
2.5945496e-08,3.4943037e-10,570.7064,-0.003118886,1.1758851e-10,0.013391602,9.826361,30.259878,30.25313,0.37415355,12.182198,0.4012577,13.56833,0.99999994,-0.6607845,-1.0,10000,0.6366885,0.03258103275086614,0.032185524527585954,0.03166004517833062,10,0.0002768170414096595,1000,1000.0,1000,10,0.0,9573.25832080841,9569.718413925171,9565.040550231934,10,3.0691870359375915,-115.00588117438396,-118.856788335797,-124.34949158083063,10,2.5895292695309653,9995.135562684092,9990.02422436982,9983.327515565205,10,3.4079394076395317,-19.684239031873332,-20.776757069090735,-21.5350271856147,10,0.6025570461548806,-277.165395,-279.2009243333333,-282.5174333333333,10,1.6124768501820128,0.0,0.0,0.0,10,0.0,-1.433512732836542,-1.4713411837513928,-1.4966081785753604,10,0.01964307239478467,0.0,0.0,0.0,10,0.0,4.542241,-0.626557,-5.2018423,1000,0.895432,0.12735038814233565,0.1275171599593323,9.277961151773225,0.00016677181699666576,0.9999999999999996,2103.0520147432367,1000,216.19243243243244,18,925,204.83187501903362,9519.0317735672,2052.0221837487093,144.2065553665161,925,1945.7831517556365,209002.0,170.5988416671753,200000.0,284.0,4872.10697054863,56800000.0,1172.3409024674622,284000.0
2.5612753e-08,3.4972436e-10,586.1265,-0.003195814,1.11305146e-10,0.013746094,9.876095,30.355135,30.348341,0.40890056,12.320284,0.44585654,13.554723,1.0,-0.6774844,-1.0,9025,0.620876,0.03128259167638316,0.030023456647897545,0.026651369609753603,10,0.0012692591064957198,1000,902.5,25,10,292.5,9575.931235313416,8636.033521223068,221.7378888130188,10,2804.766788478289,-8.006545636868477,-105.53083233154362,-120.13851747367673,10,32.56990968675239,9987.886718057474,9003.235373696223,236.45889008452195,10,2922.2647151774645,-0.179310545217511,-20.01301188050234,-23.116615853401356,10,6.628947452911627,-6.492636666666666,-240.36793799999995,-272.42752499999995,10,78.07227071806749,0.0,0.0,0.0,10,0.0,-0.04250951512546453,-1.2900726211723699,-1.4643823985210505,10,0.41679864421982926,0.04,0.004,0.0,10,0.012000000000000002,4.8734236,-0.6189628,-5.289166,1000,0.90465283,0.12818424722731903,0.12835101904431567,9.42711182052464,0.00016677181699666576,0.9999999999999999,1833.3913048265192,631,138.24278312361213,21,1351,95.45715462686019,5963.25111246109,1303.6794310888479,196.25521659851074,1351,906.3958344687189,210353.0,155.87617421150208,200000.0,285.0,5027.983144760132,57000000.0,1283.069725130847,285000.0
2.5399572e-08,3.4900874e-10,602.295,-0.0027689463,1.0818356e-10,0.013610256,9.881116,30.333307,30.326235,0.38682756,9.511911,0.42566806,10.734228,1.0,-0.6796735,-1.0,9031,0.60641825,0.029947710697466393,0.028236407755624793,0.021913344596537026,10,0.00214819319255198,1000,903.1,31,10,290.7,9588.353978157043,8653.90709886551,298.8929281234741,10,2785.0107749523654,-4.7789590952232475,-91.20239980639803,-104.70505840769792,10,28.886290523862808,9970.644909436824,8997.478516643694,310.0,10,2895.831290219493,-0.32228916331702884,-19.454508143909045,-22.54700226858979,10,6.3948204417582,-5.966206666666666,-231.65552149999994,-263.12726166666664,10,75.27355924814809,0.0,0.0,0.0,10,0.0,-0.039615149685517284,-1.2589867392666707,-1.4521726427982244,10,0.4072595943063727,0.03225806451612903,0.0032258064516129032,0.0,10,0.009677419354838708,4.727922,-0.6338064,-4.5093713,1000,0.8814966,0.12885133449530572,0.12901810631230237,9.489714324231016,0.00016677181699666576,0.9999999999999998,2951.263184517132,1000,532.9825436408978,21,401,380.1828503434571,9534.724494934082,5065.45233781201,190.82813930511475,401,3618.579669899469,210754.0,174.69864344596863,200000.0,286.0,5202.6817882061005,57200000.0,1144.8285805485184,286000.0
2.5269202e-08,3.4713052e-10,618.2324,-0.00311763,1.0771516e-10,0.014245813,9.886274,30.322838,30.315624,0.36138013,6.389451,0.38954753,7.576749,0.9999999,-0.66769814,-1.0,10000,0.60829693,0.030108170633102418,0.0294843938428472,0.02897113049768086,10,0.00040931088667784684,1000,1000.0,1000,10,0.0,9611.237263679504,9605.102226161956,9598.813248634338,10,3.76022485124219,-85.41631572897205,-89.30717033600622,-91.55268889554148,10,1.6496415876918287,9981.723511339973,9975.924343046925,9969.692845452168,10,4.288433977209406,-21.38548230040085,-22.016061864636587,-22.70816230571687,10,0.4287237547529591,-253.9147366666666,-258.1349505,-261.81118666666663,10,2.562635310079272,0.0,0.0,0.0,10,0.0,-1.3309705929563131,-1.3639301979364213,-1.4021665424275058,10,0.020660732032258426,0.0,0.0,0.0,10,0.0,4.8126607,-0.6246905,-4.6588373,1000,0.8850615,0.12926826403779743,0.12943503585479407,9.573132576112494,0.00016677181699666576,0.9999999999999997,2932.0402472313763,997,302.47625899280575,20,695,182.8205526529657,9454.450094223022,2868.623923472878,188.48942184448242,695,1736.9954179199472,211449.0,176.10471558570862,200000.0,287.0,5378.786503791809,57400000.0,1135.6879305293887,287000.0
2.5230506e-08,3.4412292e-10,634.4501,-0.0025928211,1.10026196e-10,0.014012922,9.8619375,30.245182,30.238016,0.32517853,2.656188,0.36452058,3.8377998,1.0,-0.65420604,-1.0,9026,0.6081007,0.030309263883784295,0.028233986418686196,0.015363566556166356,10,0.0043106529810823975,1000,902.6,26,10,292.2,9620.565735816956,8670.467910242081,251.41350269317627,10,2806.375166144621,-4.234187342442572,-73.40700370365526,-83.4369557121831,10,23.107667866122174,9986.74241656979,9001.054966929936,260.0,10,2913.70162152601,-0.6409896677453627,-20.092998162305957,-22.874595673788157,10,6.501465821043431,-3.68501,-235.81431849999996,-267.95286999999996,10,77.43013102531992,0.0,0.0,0.0,10,0.0,-0.02631246412312612,-1.2727304408540747,-1.4667085095612178,10,0.4175160538803102,0.038461538461538464,0.0038461538461538464,0.0,10,0.011538461538461539,4.4303074,-0.6112377,-4.927033,1000,0.88795024,0.1299353513057841,0.13010212312278077,9.634222411138667,0.00016677181699666576,0.9999999999999998,2421.205244082448,580,228.3083604777416,19,921,95.09997268789374,5485.340670585632,2162.8030039311493,162.49438953399658,921,902.3092934052753,212370.0,168.52689957618713,200000.0,288.0,5547.313403367996,57600000.0,1186.7541650796502,288000.0
2.522998e-08,3.399136e-10,647.4736,-0.002542777,1.14226066e-10,0.014197301,9.815776,30.147552,30.140324,0.2889619,-0.9528484,0.32470104,0.25936082,0.99999976,-0.6358017,-1.0,10000,0.61516994,0.031188433021699893,0.030419878037863234,0.029640140060815612,10,0.0005067901680499585,1000,1000.0,1000,10,0.0,9605.761576652527,9598.038530254364,9592.157289505005,10,4.259413313411925,-80.51995125125532,-82.46327063809937,-84.96952623680997,10,1.6807069157617656,9983.125305349575,9972.088866930426,9962.742164375846,10,6.722488268394558,-22.36694776086753,-22.80626254936491,-23.300639692815242,10,0.39809295678903506,-263.3027383333333,-267.3650231666666,-273.48038499999996,10,3.4820182106827495,0.0,0.0,0.0,10,0.0,-1.3650272265814531,-1.4157812558602967,-1.481920030991124,10,0.0366070522926272,0.0,0.0,0.0,10,0.0,4.0521555,-0.6114134,-4.1532598,1000,0.8745791,0.13043566675677412,0.1306024385737708,9.646465338528369,0.00016677181699666576,0.9999999999999998,3849.9401195217697,1000,430.37113402061857,20,388,310.4823340953748,9534.800301551819,4095.17194393738,183.2616138458252,388,2954.8509638036257,212758.0,165.9671609401703,200000.0,289.0,5713.2805643081665,57800000.0,1205.0576684389887,289000.0
2.522998e-08,3.3272082e-10,655.65753,-0.0018563576,1.2141885e-10,0.013658194,9.725784,29.95249,29.945457,0.26335025,-1.9455608,0.28430647,-0.57710385,1.0,-0.634425,-1.0,8826,0.62576234,0.032293053595247326,0.031171777108478238,0.02952955192723011,10,0.0007533606965455952,1000,882.6,213,10,251.25891028976469,9600.054237365723,8455.779529285432,2045.69921875,10,2407.4766963736597,-19.888673140724542,-79.32444219557459,-92.33124971145332,10,22.350210287013102,9982.389461654308,8797.228735992758,2126.0460639820976,10,2505.7705833539576,-4.343957985234292,-19.931216883417598,-23.347590355174518,10,5.900186115346735,-55.801579999999994,-240.92068949999992,-279.79754499999996,10,69.89201104039529,0.0,0.0,0.0,10,0.0,-0.3126366328537735,-1.2728595018033557,-1.5184516820802092,10,0.3658111145431166,0.004694835680751174,0.0006326157051061125,0.0,10,0.001438772573376878,4.817589,-0.62355596,-4.2521124,1000,0.87203306,0.1308525962992658,0.13101936811626247,9.503462975661563,0.00016677181699666576,0.9999999999999998,3377.6877268003714,1000,251.97088465845465,19,893,240.9814043161942,9531.91054725647,2395.5812834377116,165.35938787460327,893,2292.774891879599,213651.0,168.2047040462494,200000.0,290.0,5881.485268354416,58000000.0,1189.0273885860422,290000.0
2.5237178e-08,3.1522956e-10,660.9604,-0.0020629226,1.3903965e-10,0.013960211,9.782591,30.104864,30.099854,0.28475553,1.034091,0.28969413,2.535302,1.0,-0.75171196,-1.0,677,0.5577046,0.026595834588631618,0.021850705811147265,0.01665981561111335,10,0.0029904049929718552,158,67.7,43,10,31.403980639403024,1511.9720878601074,649.8805815696717,416.10434436798096,10,299.8247497566927,-4.570020032526019,-6.337595596707573,-12.220394040254783,10,2.2229489086230223,1563.9403732113633,671.2839788382223,428.07582567691037,10,310.66762330190005,-0.5040271748939766,-0.974782351103251,-2.856101882710581,10,0.6705559199156934,-6.229421666666667,-14.003037999999998,-36.67462333333333,10,8.074138895404017,0.0,0.0,0.0,10,0.0,-0.034007624400741406,-0.08798055659032503,-0.21716806805548322,10,0.046986735779832416,0.023255813953488372,0.01668916813815686,0.006329113924050633,10,0.00452670330384856,4.5744925,-0.7047488,-4.90581,1000,0.8520368,0.13176984129274752,0.1317489948156229,9.345063216064768,0.00016677181699666576,0.6539455679999999,1187.6711251525994,643,71.67535853976531,18,3068,63.72300578135162,6103.594042778015,681.0823713161799,150.00165939331055,3068,606.4403349262388,216719.0,164.52216029167175,200000.0,291.0,6046.007428646088,58200000.0,1215.6417083597228,291000.0
2.5237421e-08,3.2236902e-10,668.286,-0.0021256173,1.3190461e-10,0.014154765,9.946955,30.541313,30.537497,0.37004834,13.164711,0.37562037,15.187177,1.0,-0.7386361,-1.0,892,0.5845342,0.03016832696304719,0.022267443155853744,0.019238525801979864,10,0.003351930083877661,344,89.2,38,10,89.10645318942956,3297.88182926178,857.1115155220032,369.7758312225342,10,853.1692367090844,-3.389502753967978,-9.386745214526924,-37.96028122548878,10,9.89518752189415,3432.263192392168,887.7285550779792,380.0,10,889.0406924651919,-0.27746903262046335,-1.6174021699953776,-8.310940863466527,10,2.3107124478864844,-6.053945000000001,-19.504231499999996,-87.65059499999998,10,23.606113942409998,0.0,0.0,0.0,10,0.0,-0.03012065171051654,-0.10866113814737229,-0.45954701273952836,10,0.1226530049239349,0.02631578947368421,0.017520070247652685,0.0029069767441860465,10,0.007608182742510057,5.0102506,-0.7508252,-5.1596136,1000,0.83533686,0.12935164994629572,0.12918487812929905,8.615133545832053,0.00016677181699666573,0.026534060590178665,489.05660531026007,213,50.59182118364237,16,3937,19.35955169862104,2026.5754709243774,481.32636727801065,139.89987421035767,3937,185.29603000456981,220656.0,153.17448234558105,200000.0,292.0,6199.181910991669,58400000.0,1305.7005118435761,292000.0
2.524138e-08,3.2730627e-10,678.6273,-0.0026256728,1.2703862e-10,0.014840965,10.048647,30.828459,30.826292,0.76791584,36.795048,1.122513,38.91497,1.0,-0.6885207,-1.0,1663,0.6463409,0.03310938427707955,0.03199053081221866,0.03014194086191169,10,0.0008335746769537019,284,166.3,78,10,58.85244260011644,2721.795454978943,1588.592990398407,747.9823188781738,10,563.746009902507,-9.901608198724313,-20.564306617777667,-33.843282516728344,10,7.504248790264129,2836.379693822485,1657.1623940810252,779.9968818080199,10,587.9184686721626,-1.575028706292724,-3.623689996075438,-6.3306272927885825,10,1.333508281153182,-20.443031666666666,-44.15870316666666,-74.05115333333333,10,15.652137511754981,0.0,0.0,0.0,10,0.0,-0.09489477497595544,-0.22270378397399998,-0.3591754130444988,10,0.07735297416840646,0.01282051282051282,0.0068768705142722595,0.0035211267605633804,10,0.0026470431363157135,4.345068,-0.70940936,-4.719565,1000,0.8643665,0.12668330087434895,0.12651652905735225,7.917112417416319,0.00016677181699666573,0.00048036226981464466,743.6624316891874,422,73.30866640284923,19,2527,46.765728221133685,3946.2570266723633,695.5740945230702,170.75371599197388,2527,443.6228372349309,223183.0,147.31845092773438,200000.0,293.0,6346.500361919403,58600000.0,1357.603197294737,293000.0
2.522998e-08,3.3890019e-10,691.7043,-0.0033157298,1.1523946e-10,0.015766406,10.081877,30.965557,30.962019,1.2824347,62.827103,3.201028,64.40418,1.0,-0.6682856,-1.0,10000,0.65613323,0.03452100861584768,0.033452656682780066,0.03179128918971401,10,0.0007498127094802188,1000,1000.0,1000,10,0.0,9551.484077453613,9544.118257236481,9535.888390541077,10,4.961976043654465,-106.64333186663302,-121.22339800074265,-131.96509177319666,10,7.267408273575133,9983.866390534906,9973.33746887466,9948.83980856313,10,12.052677743510207,-24.226263865454065,-26.233378903271007,-28.01974076066,10,1.1303990181108141,-275.4106283333333,-280.30642733333326,-287.34304166666664,10,4.1589820978499255,0.0,0.0,0.0,10,0.0,-1.3933268595392905,-1.4560087534675348,-1.5112216437454649,10,0.037979949911334465,0.0,0.0,0.0,10,0.0,4.4202504,-0.64686215,-4.889087,1000,0.89351267,0.12543251224687388,0.12537136258064174,7.666464854789461,0.00016121275643011024,0.06673585741460723,883.5542589414799,1000,227.80730897009965,19,602,197.30336377065856,9427.397758483887,2146.3756253204474,183.06941318511963,602,1850.0168114973274,223785.0,160.27947449684143,200000.0,294.0,6506.7798364162445,58800000.0,1247.8204126127287,294000.0
2.522998e-08,3.5371142e-10,704.5482,-0.0029871545,1.0042825e-10,0.015669022,10.096415,31.029327,31.024298,1.6550479,83.489586,5.3953576,84.39859,1.0,-0.6508801,-1.0,10000,0.66833216,0.03675389273109613,0.034934671052852355,0.03263479644191102,10,0.0012359431642419301,1000,1000.0,1000,10,0.0,9543.033088684082,9530.92764058113,9509.558992385864,10,11.342690914484479,-103.27120944151127,-130.3674749985127,-151.24987173652806,10,13.664860721529632,9995.303740175397,9982.297798832502,9953.146453452728,10,12.430331849201758,-22.722129623122452,-25.37393860676097,-27.65177107608985,10,1.3627204716694428,-283.5702933333333,-294.08134566666666,-305.6803533333333,10,7.753586981930858,0.0,0.0,0.0,10,0.0,-1.3903889918905592,-1.5473989904090089,-1.640569772972135,10,0.06055513487200938,0.0,0.0,0.0,10,0.0,4.481218,-0.6350674,-4.38715,1000,0.89216477,0.12548337765105785,0.12561170856423678,7.722175368999058,0.00012833091317893434,0.42403920052866917,2114.369778358573,1000,690.2644927536232,24,276,356.43539006383764,9480.846057891846,6481.47761391384,228.33958625793457,276,3345.8146494346083,224061.0,158.63109827041626,200000.0,295.0,6665.410934686661,59000000.0,1260.7868329768653,295000.0
2.5230005e-08,3.549881e-10,714.9817,-0.0033964165,9.915201e-11,0.016266085,10.034468,30.83712,30.83114,1.7578204,99.337875,6.1710067,99.8066,1.0,-0.63688797,-1.0,10000,0.6782286,0.03882554518688994,0.036365222276169513,0.03426310371539148,10,0.0013975068778292307,1000,1000.0,1000,10,0.0,9572.765306472778,9535.600995731354,9497.662288665771,10,20.28408137442025,-97.89836310497262,-118.05364640613024,-147.5989836187921,10,14.367226388362333,9996.038873525034,9986.844179012813,9975.76855073846,10,5.984245501376065,-21.1790362270388,-23.10171595539229,-25.65075282128594,10,1.2260319242702085,-291.2912666666666,-308.4441108333333,-323.49123499999996,10,9.890196359489849,0.0,0.0,0.0,10,0.0,-1.537760592153513,-1.6437141302205096,-1.7261171820092667,10,0.058528304112854375,0.0,0.0,0.0,10,0.0,4.5437384,-0.6200141,-4.9826345,1000,0.90242904,0.12578191588066356,0.12589133486979506,7.960987382874538,0.00010941898913151243,0.6668813390909518,3436.6591277335997,1000,538.7896749521989,27,523,291.3093434540711,9492.996830940247,5076.359250302068,233.50959157943726,523,2746.7531351803423,224584.0,169.90304493904114,200000.0,296.0,6835.313979625702,59200000.0,1177.141940403465,296000.0
2.522998e-08,3.5285272e-10,721.2284,-0.0019777606,1.0128696e-10,0.014959871,9.91119,30.434078,30.427614,1.5287185,105.32336,5.3609176,105.454124,1.0,-0.64950407,-1.0,10000,0.6630347,0.0360162587226223,0.034674439657269976,0.033776548149631706,10,0.0008343055219031389,1000,1000.0,1000,10,0.0,9590.464657783508,9573.81654663086,9547.680325508118,10,13.607973345872798,-80.49133087834554,-89.06644349398853,-105.36087218542605,10,8.739291761776274,9990.397494656825,9985.99471217057,9979.239352237064,10,3.024608596964354,-19.264418152639188,-20.30618031256143,-21.46433077393376,10,0.7487142080836838,-293.5724633333333,-301.0828646666666,-309.4531016666666,10,5.594404191509472,0.0,0.0,0.0,10,0.0,-1.6763200733693147,-1.7226786018082163,-1.757841064442053,10,0.025696791529975182,0.0,0.0,0.0,10,0.0,4.651881,-0.60987395,-4.8848677,1000,0.90796983,0.12600075385892656,0.12611017284805806,8.642039343385335,0.00010941898913151243,0.7902990724769269,4448.696792362708,1000,397.6952380952381,28,420,170.00109936952782,9443.737397193909,3750.363062770594,253.40241050720215,420,1604.2223479088755,225004.0,162.3342320919037,200000.0,297.0,6997.648211717606,59400000.0,1232.0260330967794,297000.0
2.522998e-08,3.4659942e-10,727.0497,-0.0016720077,1.0754025e-10,0.014758903,9.805529,30.10859,30.101955,1.2087247,93.60436,3.5928092,93.58471,1.0,-0.6367391,-1.0,10000,0.66453767,0.03586431902847835,0.03502931026450388,0.03415481688755972,10,0.000629079116970135,1000,1000.0,1000,10,0.0,9584.86901473999,9573.710167884827,9551.79230594635,10,10.574206586020534,-80.3912196239209,-90.75290447807829,-106.43451886570756,10,8.43864128712287,9996.013453007403,9986.971249948761,9966.565548279334,10,8.663460768328154,-18.187662561889702,-19.566699853304062,-21.50924938386556,10,1.0420098967010698,-293.48472499999997,-301.275889,-306.38226,10,4.103641065097086,0.0,0.0,0.0,10,0.0,-1.6197696631583758,-1.6655888717258265,-1.7216150879753624,10,0.03420261696350594,0.0,0.0,0.0,10,0.0,4.5898895,-0.60280895,-5.409416,1000,0.9064095,0.1261648823426238,0.12627430133175532,9.341372464304651,0.00010941898913151243,0.8490153321833873,3911.4321532716117,1000,314.0589622641509,33,424,164.3125008590209,9471.396439552307,2959.3478763468984,310.3928461074829,424,1548.6362787619541,225428.0,162.13414883613586,200000.0,298.0,7159.7823605537415,59600000.0,1233.5464270524158,298000.0
2.522998e-08,3.3568298e-10,729.48865,-0.0013019507,1.184567e-10,0.014432747,9.730084,29.919744,29.913315,0.86768305,70.6245,1.8765006,70.74794,1.0,-0.6371245,-1.0,10000,0.6518469,0.034970539409710906,0.03439045884038496,0.0339972857300163,10,0.00030435670485836063,1000,1000.0,1000,10,0.0,9599.700657844543,9584.491092205048,9572.118127822876,10,9.614533380233178,-65.71472489596724,-70.20011026495963,-77.19814995162949,10,3.2500659737047037,9993.797586678595,9976.032830294085,9956.083919439645,10,12.228726615070112,-17.590869844066447,-18.22557262035171,-19.112297019423792,10,0.4143440241858059,-298.48580999999996,-301.4074965,-307.96155,10,2.7020130523813486,0.0,0.0,0.0,10,0.0,-1.634686635987077,-1.708560291320572,-1.7772564313135046,10,0.04640773219164563,0.0,0.0,0.0,10,0.0,4.9271607,-0.583793,-5.025902,1000,0.91233146,0.12643842981545253,0.12654784880458406,9.679231503303159,0.00010941898913151243,0.9126749417546584,4660.194016441773,1000,498.6526655896607,21,619,345.696394674512,9480.845643043518,4714.021624794299,190.54426074028015,619,3276.588468425069,226047.0,159.8053388595581,200000.0,299.0,7319.5876994133,59800000.0,1251.5226426556762,299000.0
2.522998e-08,3.3117484e-10,730.423,-0.0011104313,1.2296485e-10,0.014258041,9.741136,29.937017,29.931047,0.7047607,44.432793,1.2971333,44.604694,0.99999994,-0.61680347,-1.0,10000,0.65263635,0.03580655582521285,0.03532799083078135,0.03471499944983225,10,0.0003436888952554599,1000,1000.0,1000,10,0.0,9572.679666519165,9560.520518684387,9549.72463798523,10,6.877164191509858,-71.79532282101334,-77.33718867813703,-82.3422818673258,10,3.1028889748953463,9980.863502375298,9973.15881907424,9966.504917115657,10,4.920696934672482,-17.64879527987471,-18.45311948855099,-19.454388904452163,10,0.5117284666950256,-311.29560666666663,-315.0420335,-320.06944,10,2.4673198718017972,0.0,0.0,0.0,10,0.0,-1.6993957179724204,-1.8059566448515163,-1.8687888581952345,10,0.049112825850376476,0.0,0.0,0.0,10,0.0,5.1753364,-0.5809466,-4.174449,1000,0.9014923,0.12665726779371556,0.12676668678284705,9.972836227019902,0.00010941898913151243,0.9450281600553916,5110.785885799953,1000,313.3966101694915,21,295,164.7032317982262,9465.814706325531,2959.149070310593,190.1685094833374,295,1556.6216295904346,226342.0,160.80962109565735,200000.0,300.0,7480.397320508957,60000000.0,1243.7066802180345,300000.0
2.522998e-08,3.2804578e-10,731.11505,-0.0013140637,1.2609389e-10,0.014474134,9.720696,29.87442,29.86875,0.63941944,20.41586,0.89866984,20.743267,0.9999997,-0.6373368,-1.0,10000,0.6218272,0.032749377061307317,0.03214561145242624,0.031683595094218614,10,0.0003484310643534056,1000,1000.0,1000,10,0.0,9588.431349754333,9579.17592830658,9566.985231399536,10,6.078073117947939,-75.1438383048669,-78.20171525051653,-81.03706754988625,10,1.8671075023789048,9977.860650790319,9973.38611823448,9965.195114681235,10,4.457801041418049,-16.174501191376724,-17.016493716790357,-17.52831350037789,10,0.45611684656120577,-291.4667433333333,-297.18728266666665,-303.5746333333333,10,3.7033060697017897,0.0,0.0,0.0,10,0.0,-1.7384506177310906,-1.8047058963158498,-1.851507616412681,10,0.03434101511085785,0.0,0.0,0.0,10,0.0,4.4131165,-0.5728775,-5.044521,1000,0.9003343,0.12676668678284705,0.12687610577197855,10.14468435197817,0.00010941898913151243,0.9560225280443133,5982.814895239693,1000,626.5604938271605,23,405,340.80655882483796,9501.105357170105,5932.681716128926,209.17184925079346,405,3233.5307750127354,226747.0,169.5955855846405,200000.0,301.0,7649.992906093597,60200000.0,1179.2759776768216,301000.0
2.522998e-08,3.2600592e-10,729.6266,-0.0009719314,1.2813374e-10,0.014105209,9.694558,29.816036,29.81048,0.5387671,-0.78622365,0.67278254,-0.2727855,0.9999996,-0.6225414,-1.0,10000,0.6084473,0.03168385921003937,0.03105295222865534,0.03044256750580098,10,0.0003763170304804697,1000,1000.0,1000,10,0.0,9552.888945579529,9541.868318271638,9533.130578041077,10,5.450652268575434,-88.90568756393651,-97.75329250919351,-106.29585181540051,10,4.97161373622174,9975.796056485095,9953.342617279846,9936.331565266191,10,10.008696554711035,-18.040247611867514,-18.63651470419389,-19.11865373219762,10,0.31926305215785067,-287.16756499999997,-293.2566053333333,-301.381175,10,4.378696657523093,0.0,0.0,0.0,10,0.0,-1.7699179991726375,-1.8278915907972368,-1.8918825290068029,10,0.0374221819011363,0.0,0.0,0.0,10,0.0,4.5211906,-0.57484496,-4.965539,1000,0.89200443,0.12704023425567582,0.12714965324480731,10.236757301120333,0.00010941898913151243,0.9740357005573628,4372.513243188516,1000,300.23168908819133,23,669,141.10027330711057,9459.311757087708,2832.576370471618,204.33797359466553,669,1332.3009094209635,227416.0,163.27350282669067,200000.0,302.0,7813.266408920288,60400000.0,1224.9385021909725,302000.0
2.522999e-08,3.1460218e-10,725.08,-0.0009530865,1.3953765e-10,0.014004527,9.664763,29.809635,29.804838,0.52011794,-18.127853,0.6470718,-17.451994,1.0,-0.57728213,-1.0,4860,0.6316786,0.03613443200738137,0.033107940604140164,0.028111103574961556,10,0.003032396179285542,1000,486.0,21,10,323.0479840519052,9502.073425292969,4621.1611801147465,184.38790798187256,10,3073.5312230145237,-2.489761969493656,-60.572217385000364,-126.66669230691386,10,40.448894993257035,9986.855796680285,4850.192895323551,197.46761567833408,10,3227.9025013542337,-0.19545019221943213,-10.080611243847402,-22.30962108850563,10,7.188736146303071,-5.527514999999999,-157.40256999999997,-333.7566199999999,10,106.51823206180096,0.0,0.0,0.0,10,0.0,-0.03102414096429129,-0.976314556758292,-2.049429631843138,10,0.6586194293491707,0.047619047619047616,0.00928137574544129,0.0,10,0.01472405600016116,4.889728,-0.57544094,-5.040091,1000,0.8924408,0.12775145768503057,0.12786087667416204,10.279561208367257,0.00010941898913151244,0.9930686731447663,2252.1599354308973,1000,169.77625257378173,16,1457,154.6970406014843,9430.821941375732,1598.1721750912636,149.72254753112793,1457,1458.0321179071411,228873.0,154.69348621368408,200000.0,303.0,7967.959895133972,60600000.0,1292.879260111394,303000.0
2.533473e-08,1.910121e-10,726.7047,-0.0017307695,2.6501307e-10,0.014811456,9.748343,30.184526,30.190004,1.4247484,-22.96553,1.6303723,-22.018692,1.0,-0.71885264,-1.0,387,0.5901924,0.030751522107260995,0.026102453513883635,0.017973797359237712,10,0.0037019121544832096,54,38.7,33,10,5.848931526355903,517.3730964660645,365.29829568862914,299.9520378112793,10,57.69660059726388,-2.828500305384654,-4.191925788794311,-6.007556376895308,10,1.0219342920399155,538.1683777559151,380.0272119087694,312.92382115022235,10,60.236418544758756,-0.06529282834521542,-0.4033414683418754,-0.8007483018344062,10,0.18627006856141665,-6.404898333333334,-10.054813000000001,-14.476825000000002,10,2.2082188994341627,0.0,0.0,0.0,10,0.0,-0.046476244230521845,-0.078836954556188,-0.09988318455504486,10,0.014345711640957309,0.030303030303030304,0.026334869220426133,0.018518518518518517,10,0.003320996977982762,4.9700627,-0.7027375,-5.0047107,1000,0.8465906,0.12735854404224015,0.12725907223393876,9.958641011420223,0.00010941898913151243,0.22515941459206595,581.9827756271361,273,46.72010931450695,15,4391,19.930767294174395,2564.682650566101,442.56052132088297,127.86583471298218,4391,188.69228463347164,233264.0,149.10198974609375,200000.0,304.0,8117.061884880066,60800000.0,1341.363722513567,304000.0
2.5648212e-08,2.711522e-10,730.3686,-0.0019748842,1.9051569e-10,0.015121519,9.894051,30.566843,30.56714,0.8169353,2.668858,0.773576,4.521215,1.0,-0.79398704,-1.0,307,0.51456386,0.023700335591946405,0.018112526661503345,0.01174478440645124,10,0.0037847367385317556,39,30.7,18,10,5.532630477449221,373.14113903045654,291.60479869842527,161.99051427841187,10,56.347081739410335,-1.766896776310634,-3.9560057989278383,-10.061025763208793,10,2.1491438571747583,385.1077837024127,301.7184470209722,175.5827430843646,10,56.37332600391674,-0.09548777641609313,-0.3802741416397125,-0.7959505541299468,10,0.19989436611226202,-3.1585799999999997,-5.729313166666667,-8.686095000000002,10,1.6799313465286891,0.0,0.0,0.0,10,0.0,-0.02088300743565196,-0.048054483431505556,-0.06961704733408988,10,0.013016153988739544,0.05555555555555555,0.033970637600855814,0.02564102564102564,10,0.008011408916061,4.787961,-0.7746149,-4.9757776,1000,0.81769526,0.12441417851651973,0.12430475952738822,8.831991759262593,0.00010941898913151243,0.0011497799100614902,315.4922095869324,61,31.370700437773607,14,6396,6.5481579321885715,576.9469652175903,296.82305077810526,124.24062168598175,6396,62.26029187054825,239660.0,149.63408756256104,200000.0,305.0,8266.695972442627,61000000.0,1336.5938420707869,305000.0
2.5721508e-08,2.5752483e-10,742.27155,-0.003172109,2.054624e-10,0.016532995,10.11551,31.146257,31.149761,0.86684996,26.521818,0.99865144,28.776682,1.0,-0.7817248,-1.0,426,0.53845,0.02492246218278761,0.020692267471592786,0.015298988709021258,10,0.002797439915995192,59,42.6,22,10,9.372299611087985,568.1174364089966,409.70481271743773,209.81550979614258,10,92.54318336791331,-2.5212867665922274,-4.392314373026346,-8.869606023278832,10,1.6164592750619995,589.910314164688,422.8812341511327,217.9701935516946,10,95.64886424299895,-0.04606694661021261,-0.5746903710412088,-1.0990722401592699,10,0.30070439857930703,-3.772748333333334,-8.150891166666668,-11.756936666666666,10,2.2083060495717133,0.0,0.0,0.0,10,0.0,-0.0303825316876173,-0.058525400906506916,-0.07272495144400817,10,0.012627253475104861,0.045454545454545456,0.02502927768067133,0.01694915254237288,10,0.007483289165948346,4.9278326,-0.776996,-5.2141104,1000,0.8209884,0.12102218985344289,0.12091277086431136,7.674586733373578,0.00010941898913151242,9.712460815923508e-07,309.88645035239733,77,32.57266633970901,15,6117,7.072627619018674,691.1845045089722,308.34534757831466,117.23541593551636,6117,67.09801492057531,245777.0,155.8797161579132,200000.0,306.0,8422.57568860054,61200000.0,1283.040570829568,306000.0
2.6027562e-08,2.814278e-10,757.86536,-0.0034953058,1.8706839e-10,0.017136881,10.261587,31.608011,31.612453,1.5919899,51.866318,3.6040869,53.654938,1.0,-0.7027877,-1.0,901,0.61727726,0.03384320445975925,0.026993399790845963,0.012590419044343954,10,0.0064050724181902,159,90.1,35,10,41.781455216399536,1522.7515935897827,865.6999959945679,340.26279640197754,10,399.856712171971,-2.000270604449325,-8.680848149205932,-12.331606057187496,10,3.6377596811685065,1585.464698995214,899.3918151532756,348.0916189080441,10,416.9975562468876,-0.2464315768684987,-1.5475797532921514,-2.853337941083726,10,0.8286448921988175,-5.001085,-23.32962283333333,-47.29096166666667,10,13.251361306981467,0.0,0.0,0.0,10,0.0,-0.04800247434865741,-0.1337689684302325,-0.2673785632401814,10,0.06892578608298446,0.02857142857142857,0.01468879979521753,0.006289308176100629,10,0.008241676962536358,4.3605437,-0.73442745,-5.124434,1000,0.84676397,0.11823200563058925,0.11812258664145774,6.724567703403792,0.00010941898913151243,1.703901817669088e-09,422.4563318323627,165,46.145583038869255,16,4245,15.070841977114965,1565.7676086425781,438.46414148574445,134.91955971717834,4245,143.60245845927088,250022.0,151.48339772224426,200000.0,307.0,8574.059086322784,61400000.0,1320.2766970325977,307000.0
2.5953671e-08,3.3844616e-10,775.4431,-0.004561115,1.2871995e-10,0.01851909,10.331241,31.85511,31.855453,2.832172,80.53779,11.469424,80.83933,1.0,-0.621384,-1.0,10000,0.67527634,0.03853600907305372,0.03756312081160868,0.03673521745159815,10,0.0005590462166571204,1000,1000.0,1000,10,0.0,9527.981678962708,9474.829734992982,9415.417125701904,10,31.812341974450746,-66.49257901498342,-79.03064774910966,-100.21876729045573,10,9.028597256878802,9986.501055833582,9903.24583696321,9834.355805296746,10,38.53848407338588,-17.42592905015035,-19.14208626013782,-21.489551406126253,10,1.108314664123487,-321.4732533333333,-328.3694863333333,-334.9849566666666,10,4.71836493864547,0.0,0.0,0.0,10,0.0,-1.8166243607374721,-1.8738824032168302,-1.9654479084317078,10,0.04945328329195484,0.0,0.0,0.0,10,0.0,4.634738,-0.60943013,-5.377922,1000,0.9143866,0.11670013978274808,0.11659072079361658,6.337156215676939,0.00010941898913151242,3.760654395477191e-11,570.9820153615514,737,104.47015475313191,19,1357,82.7832625833307,6888.965336322784,983.4101169950925,180.9926929473877,1357,776.9646685778135,251379.0,164.18534922599792,200000.0,308.0,8738.244435548782,61600000.0,1218.1354849433242,308000.0
2.576808e-08,3.62072e-10,791.3237,-0.0043129316,1.01753425e-10,0.018556759,10.328074,31.787294,31.784636,4.0261908,112.84719,21.686403,111.3764,1.0,-0.62785107,-1.0,10000,0.66916406,0.03746823927729565,0.0368663038818966,0.03627788200466603,10,0.0003920082165853572,1000,1000.0,1000,10,0.0,9509.094692230225,9486.784564495087,9462.085958480835,10,14.399057782222433,-66.65104435796067,-72.05115694997384,-79.45303562940146,10,3.474891626317972,9926.05719635998,9908.45035230395,9882.395156147708,10,13.355569191991357,-18.5162799247338,-19.123149981821335,-19.797403069073972,10,0.35544390259666286,-325.596955,-328.46599849999996,-332.6160216666666,10,2.1913691660825814,0.0,0.0,0.0,10,0.0,-1.977718249351363,-2.025484677066882,-2.068751395977518,10,0.03037166029062008,0.0,0.0,0.0,10,0.0,4.8510256,-0.5749135,-5.355495,1000,0.9322637,0.11644068766409923,0.11652277816650525,6.748356904416303,8.209050240602588e-05,0.46214400000939315,1632.215316092062,802,198.9725792630677,18,1167,152.32433692054312,7549.23572063446,1852.7262327913147,164.0865821838379,1167,1425.5000096237068,252546.0,161.945250749588,200000.0,309.0,8900.18968629837,61800000.0,1234.9852748028723,309000.0
2.5610783e-08,3.7095205e-10,809.8794,-0.0037531864,9.004206e-11,0.018331015,10.230261,31.413614,31.409252,4.1271796,136.52525,22.445885,134.4493,1.0,-0.6197762,-1.0,10000,0.670846,0.037964187367048,0.03727997417399602,0.03675006192558794,10,0.00037249394836670494,1000,1000.0,1000,10,0.0,9531.71473121643,9511.439996528625,9495.12869644165,10,11.370075604559565,-70.4631492381392,-74.9134073908418,-79.76179320676495,10,3.114442375173659,9966.327416247874,9941.896617522687,9924.391206126307,10,12.58847310408802,-18.6981478994099,-19.35638422048977,-19.751084923139274,10,0.3663352415995055,-331.03673166666664,-334.1163471666666,-339.37187333333327,10,2.4473962893770658,0.0,0.0,0.0,10,0.0,-1.9943808250059591,-2.0704831808744832,-2.1468133209770377,10,0.041896741477089446,0.0,0.0,0.0,10,0.0,4.3765535,-0.5885432,-4.4519854,1000,0.90518975,0.11667291633825216,0.11674470613702134,7.599164070866757,7.17897987691853e-05,0.7378560000045781,3137.5394050216523,1000,903.8028846153846,31,208,239.27198193234585,9477.919162750244,8501.884209922873,294.65360832214355,208,2252.952331350473,252754.0,164.93194460868835,200000.0,310.0,9065.121630907059,62000000.0,1212.6213661914487,310000.0
2.5510742e-08,3.6823075e-10,822.19867,-0.0025741856,9.09626e-11,0.017373761,10.05506,30.847073,30.841463,3.259616,144.48401,15.620448,142.82591,1.0,-0.6113457,-1.0,10000,0.67334944,0.03845143931933853,0.03775382318384945,0.03714099768837332,10,0.00040256296139107523,1000,1000.0,1000,10,0.0,9540.763633728027,9522.241258335114,9502.639718055725,10,11.659786522928613,-67.17440187934582,-71.65289897641507,-75.79004261473736,10,2.4180170738655042,9970.74931665149,9952.10151803166,9926.75639100037,10,14.164319687400708,-18.7551051233925,-19.22912179785809,-19.86167733614316,10,0.30948686102370715,-333.1424516666666,-336.9064261666666,-342.44271499999996,10,3.015557709634601,0.0,0.0,0.0,10,0.0,-2.0251951513427913,-2.0718096119109335,-2.1031913082975624,10,0.021438102562452075,0.0,0.0,0.0,10,0.0,5.703347,-0.57637507,-4.759141,1000,0.91348326,0.11678060103640593,0.11685239083517511,8.523703587417938,7.17897987691853e-05,0.8112563200032962,3565.6636463214763,1000,525.7142857142857,22,392,312.0687064590431,9420.171167373657,4927.240777937277,201.5278205871582,392,2931.6442892454934,253146.0,172.3150954246521,200000.0,311.0,9237.43672633171,62200000.0,1160.6644183269111,311000.0
2.5429499e-08,3.5882128e-10,828.1181,-0.0019166629,9.890966e-11,0.016822787,9.896352,30.376307,30.37014,2.3740683,129.57065,9.134387,128.41556,1.0,-0.59667695,-1.0,10000,0.67863405,0.03987449295485567,0.03881191185563657,0.03784784036337806,10,0.0005397786356252886,1000,1000.0,1000,10,0.0,9560.487614631653,9539.551462745667,9519.115085601807,10,11.427308954761438,-63.9884152935836,-69.71721646798206,-74.67141600887611,10,3.0064925311194095,9984.546137636757,9974.282278372513,9963.14014431757,10,7.361984781664831,-18.104379761302553,-18.639971445901757,-19.529215439772837,10,0.4370463559103851,-335.4236483333333,-344.32031533333327,-351.918455,10,5.084464804745322,0.0,0.0,0.0,10,0.0,-1.9714831680717486,-2.0533114781662376,-2.11521280885346,10,0.049552415421284524,0.0,0.0,0.0,10,0.0,4.407109,-0.5664819,-5.483391,1000,0.9165883,0.1168882857345597,0.11696007553332888,9.367331209532722,7.17897987691853e-05,0.8657822720023439,4360.942209134971,1000,412.4338747099768,39,431,242.45337229829352,9423.76446056366,3857.6456630483026,368.1963529586792,431,2269.8467294772313,253577.0,163.1456286907196,200000.0,312.0,9400.58235502243,62400000.0,1225.8986134354013,312000.0
2.5361413e-08,3.4709474e-10,826.58435,-0.0008955578,1.0941063e-10,0.015774079,9.767711,30.074448,30.068283,1.5916079,97.16914,4.175333,96.5534,1.0,-0.5685976,-1.0,10000,0.6899065,0.04254707344165945,0.041260342001686504,0.04036929450665775,10,0.0005590031812851882,1000,1000.0,1000,10,0.0,9549.445496559143,9532.983026599884,9512.632877349854,10,10.991682401808472,-65.44683577166813,-73.4080571159482,-77.67334700405928,10,3.8734737212504813,9992.252062936848,9985.587239719169,9975.889641806929,10,5.244097034303069,-15.598244001035345,-16.55998994517244,-17.496538560939467,10,0.4697747128919446,-353.497745,-360.6220976666666,-369.72933666666665,10,4.10420379613791,0.0,0.0,0.0,10,0.0,-1.9293003808926712,-2.0140655299300305,-2.0837403790580282,10,0.04629997427637074,0.0,0.0,0.0,10,0.0,3.932851,-0.5543806,-3.7285032,1000,0.91078144,0.11696007553332888,0.11703186533209806,9.801194469063974,7.17897987691853e-05,0.8926258176018751,5372.592603405694,1000,930.6105769230769,43,208,203.99848529710536,9480.645261764526,8774.796511223683,406.05238819122314,208,1924.737520736094,253785.0,165.03707146644592,200000.0,313.0,9565.619426488876,62600000.0,1211.8489392891493,313000.0
2.5305262e-08,3.3816658e-10,819.2475,5.597911e-05,1.1732817e-10,0.014690476,9.695844,29.906734,29.900911,1.1153771,64.22136,2.2332907,64.05929,1.0,-0.55891746,-1.0,10000,0.68822354,0.0427753662403411,0.0417971046549399,0.04067880328916362,10,0.000675936203547364,1000,1000.0,1000,10,0.0,9549.99743938446,9535.506313610076,9521.162571907043,10,8.675149754630162,-67.93690000760006,-75.14990836854369,-79.72424352667318,10,3.595118636920468,9996.691879106238,9993.039922181835,9983.94772629598,10,3.5950218614729876,-15.827916936628467,-16.733806522501034,-17.139692880804482,10,0.3943279443564191,-356.2176333333333,-363.6402963333333,-372.71243999999996,10,5.010803736781695,0.0,0.0,0.0,10,0.0,-1.9522592402059988,-2.009594274534328,-2.0788134668081995,10,0.04030763847264648,0.0,0.0,0.0,10,0.0,4.479576,-0.5248582,-5.061762,1000,0.93040186,0.11710365513086723,0.11717544492963643,9.922618255853227,7.17897987691853e-05,0.9301351986529535,5184.411003893357,1000,287.36049723756906,22,724,301.5264593316826,9460.907242774963,2694.1666003302234,200.28950262069702,724,2849.3763535554426,254509.0,165.1486575603485,200000.0,314.0,9730.768084049225,62800000.0,1211.0301285792536,314000.0
2.5258684e-08,3.331758e-10,808.83496,-0.0001505152,1.2148052e-10,0.014709543,9.670841,29.809172,29.803656,0.94999903,35.263462,1.6330758,35.257137,1.0,-0.57095915,-1.0,10000,0.6727427,0.04073127302955254,0.039886256679055807,0.03886501378942921,10,0.0005765376627605976,1000,1000.0,1000,10,0.0,9548.289377212524,9537.019767475129,9519.731855392456,10,7.982150086028891,-77.5533961728222,-81.5817112247332,-88.13047334823958,10,2.8859080252116174,9997.291566253438,9989.167000685218,9972.04043252455,10,7.0524296715461,-16.114476722539813,-16.595824178964527,-17.612315350652956,10,0.473086636630223,-345.9522483333333,-351.9974195,-358.84978333333333,10,3.9811262707414614,0.0,0.0,0.0,10,0.0,-1.9277059151707618,-1.9722738818661056,-2.0293850248627803,10,0.02799458034504165,0.0,0.0,0.0,10,0.0,4.3764997,-0.5070927,-4.1390285,1000,0.927812,0.11724723472840559,0.11731902452717477,10.161420513049974,7.17897987691853e-05,0.956019534889728,5331.477743221184,1000,724.9776119402985,46,268,338.1980887881669,9472.285130500793,6841.52193398618,436.4341173171997,268,3191.492937871775,254777.0,163.69834065437317,200000.0,315.0,9894.466424703598,63000000.0,1221.7594827199432,315000.0
2.523068e-08,3.337306e-10,799.83417,-0.00089157175,1.2042169e-10,0.015288586,9.661271,29.731125,29.72587,0.8474268,6.6163287,1.2435337,6.6759257,0.99999976,-0.5720644,-1.0,10000,0.66020435,0.03970628364714503,0.03866813666506932,0.03764211624288873,10,0.0005869848687248552,1000,1000.0,1000,10,0.0,9552.49118423462,9539.80306558609,9528.62341594696,10,7.531700017568165,-84.95305655611479,-93.12286818040089,-100.71206361435208,10,5.3324816090228255,9999.566015050306,9996.51353373064,9984.9441435413,10,3.9858268264982426,-16.73071994279232,-17.74675772880379,-18.87179288754974,10,0.6307654303745415,-337.44163,-343.91671899999994,-350.865595,10,3.6236675204235906,0.0,0.0,0.0,10,0.0,-1.8730926599395294,-1.924122597206066,-1.9610265793361241,10,0.029732741635525035,0.0,0.0,0.0,10,0.0,4.7787294,-0.5087777,-4.696501,1000,0.92699796,0.11739081432594395,0.11746260412471314,10.466492823510258,7.17897987691853e-05,0.9713833773682499,4963.153787366278,1000,477.9648033126294,24,483,282.8476329055667,9453.404497146606,4504.564172161786,204.66891479492188,483,2667.0565342875043,255260.0,171.08792209625244,200000.0,316.0,10065.55434679985,63200000.0,1168.9895905538083,316000.0
2.522998e-08,3.280129e-10,795.9622,-0.00071702193,1.2612678e-10,0.015044342,9.643176,29.71639,29.712057,0.7906704,-20.998013,1.133941,-20.808235,0.9999999,-0.5683572,-1.0,8535,0.64275354,0.037795291563830685,0.03655725319490362,0.032355207850356484,10,0.0015280017837342365,1000,853.5,59,10,307.47918628746237,9548.343446731567,8141.6726955413815,567.2443952560425,10,2931.020910021314,-4.221056837677897,-82.94383140670044,-101.90132705649987,10,30.795881966343035,9998.352573641467,8530.899729579538,589.1882624163507,10,3073.342816242535,-0.4065513985620288,-16.336244233840397,-20.510511832646507,10,6.166483142567594,-17.196713333333335,-288.2379726666667,-345.1626033333333,10,104.97602332498595,0.0,0.0,0.0,10,0.0,-0.11954317603038363,-1.708987283886809,-2.0467720249762333,10,0.6128806530390241,0.01694915254237288,0.0019049992878507334,0.0,10,0.005053682609300238,4.643381,-0.5184732,-4.9438004,1000,0.9148156,0.1175702888228669,0.11764207862163607,10.678462001994637,7.17897987691853e-05,0.9837870413417494,3701.0579037611956,1000,266.83718104495745,20,823,206.49804774101514,9395.214990615845,2512.11370097939,185.5193691253662,823,1946.0183119463247,256083.0,160.4591474533081,200000.0,317.0,10226.013494253159,63400000.0,1246.4231748345658,317000.0
2.5362908e-08,2.0554514e-10,795.0564,-0.001915321,2.5098723e-10,0.016226336,9.712362,29.994503,30.000208,1.6849658,-37.293392,2.3443894,-36.90662,1.0,-0.7230934,-1.0,429,0.5692622,0.029872416402544,0.024235617845888444,0.014416899618871477,10,0.00463094164788194,57,42.9,28,10,7.9177016867270265,545.9052143096924,408.5052644729614,264.411190032959,10,76.28988433663315,-3.0327880269540937,-4.829218376613946,-8.350028756091278,10,1.7529225386739586,568.4038591699167,424.4454916473819,271.6044651942866,10,79.65506805259602,-0.30345090023174354,-0.5273132411475699,-0.8544512279105643,10,0.1594509930975395,-3.7727483333333334,-10.5022785,-16.056115000000002,10,3.2155949544331306,0.0,0.0,0.0,10,0.0,-0.025567686083260925,-0.0814185010158498,-0.12673405318055303,10,0.02497006611402457,0.03571428571428571,0.024204133141219032,0.017543859649122806,10,0.004996091698729854,5.028876,-0.6600297,-4.8122654,1000,0.87256634,0.11798402476840507,0.11798024635794353,10.578906559762174,7.178979876918532e-05,0.6586151559298956,1469.4638147262478,993,54.94242738589212,18,3856,38.817122359838436,9334.846274852753,517.6668209919544,166.164213180542,3856,364.38065580877367,259939.0,150.68455576896667,200000.0,318.0,10376.698050022125,63600000.0,1327.276036879619,318000.0
2.5685171e-08,2.5612762e-10,799.2951,-0.0017271913,2.0620547e-10,0.016114503,9.885397,30.525297,30.52751,1.4522495,-14.361339,1.7075146,-13.040698,1.0,-0.8150237,-1.0,274,0.48885313,0.021749292711319868,0.016406847756084968,0.013159013330112901,10,0.0030232344982071262,36,27.4,22,10,3.4698703145794942,344.1322250366211,261.1326160430908,210.4430980682373,10,33.83949296560189,-2.3188294185508043,-4.582760251481384,-12.08504728726447,10,2.6268091089311287,355.3912149736652,270.6785075012119,218.72365571530045,10,34.670096613158485,0.0,-0.20975337641835798,-0.4899198411580442,10,0.17305803356496025,-3.509533333333334,-4.711548500000001,-7.370019999999999,10,1.1771659630873468,0.0,0.0,0.0,10,0.0,-0.027362246367672923,-0.041829586868539444,-0.06713980827853083,10,0.010366219745744731,0.045454545454545456,0.03703829695209006,0.027777777777777776,10,0.004359755374823157,5.174741,-0.7726806,-4.85158,1000,0.8189791,0.11649344184132922,0.11642165204256004,9.530262381221954,7.17897987691853e-05,0.013385198060548475,329.02996239646825,64,32.074150853133474,15,6271,6.637509564956667,604.1629447937012,303.36738077500394,138.04874897003174,6271,63.0112671623579,266210.0,150.33889627456665,200000.0,319.0,10527.036946296692,63800000.0,1330.32771262825,319000.0
2.5669198e-08,3.237147e-10,805.4626,-0.0029083113,1.3833089e-10,0.017406639,10.09897,31.15288,31.150846,0.77898276,15.276735,0.8750029,17.471678,1.0,-0.80196065,-1.0,312,0.51745707,0.024034353042329062,0.018573840043219634,0.014401071841954641,10,0.0034042816576279446,42,31.2,23,10,6.764613810115105,406.881441116333,297.3382932662964,200.19165515899658,10,68.68749950059751,-1.8760222480470317,-4.487615755042109,-10.38468078165725,10,2.379408116302008,419.64981960803885,307.7113808259266,215.158232597668,10,69.38750478457094,-0.007899790998126297,-0.20063673463985926,-0.3886158038691381,10,0.13120727655711809,-3.68501,-5.641574833333332,-9.124786666666665,10,1.8760622325449012,0.0,0.0,0.0,10,0.0,-0.02625315111875534,-0.04326108692191176,-0.06635096497070267,10,0.014195038570671746,0.043478260869565216,0.03357814687219721,0.023809523809523808,10,0.007127774941016831,4.8859687,-0.79249775,-5.2704153,1000,0.81256354,0.11405258868317716,0.11398079888440799,8.129695233336365,7.178979876918532e-05,9.430943076532702e-06,262.77601285118203,49,28.31693136698809,15,7052,5.012868556231124,469.37171840667725,267.52923481909306,132.55242681503296,7052,48.67092561843806,273262.0,151.07802367210388,200000.0,320.0,10678.114969968796,64000000.0,1323.819276548621,320000.0
2.571873e-08,2.8928318e-10,816.74615,-0.0041718697,1.7365397e-10,0.0188733,10.338329,31.849276,31.852139,1.1851518,41.134655,1.6355205,43.470833,1.0,-0.7407235,-1.0,517,0.57953155,0.028651394096989545,0.024818915003732154,0.02120952561149765,10,0.0023828195194564267,65,51.7,34,10,8.532877591996735,623.5561027526855,493.0885911464691,328.70325469970703,10,82.96138305955711,-3.48642508405149,-5.728286747844914,-7.868296927459959,10,1.3431151173806202,647.1765439418431,511.79367830481885,339.99537584867403,10,86.26532967906465,-0.1991234794493171,-0.609414142975116,-0.9307926879940999,10,0.21824658433648353,-7.545496666666667,-12.283366666666664,-17.459928333333334,10,2.779796322328011,0.0,0.0,0.0,10,0.0,-0.06107433217391371,-0.084020037289678,-0.1143275169353874,10,0.017194975896863345,0.029411764705882353,0.019954654128924006,0.015384615384615385,10,0.0038058609040333806,4.897119,-0.78230613,-4.9607983,1000,0.82519746,0.11175531512256344,0.11168352532379426,6.763778109218591,7.178979876918532e-05,3.928612760766055e-09,317.81073428660426,65,34.34307958477509,16,5780,7.901279660532405,617.0130271911621,325.7310385946584,144.1965618133545,5780,75.36406784705596,279042.0,157.90792870521545,200000.0,321.0,10836.022898674011,64200000.0,1266.560847450305,321000.0
2.5861802e-08,3.207787e-10,824.2863,-0.0022014687,1.4473375e-10,0.017038623,10.514892,32.38662,32.389572,2.002929,66.61049,4.644909,67.8638,1.0,-0.69389683,-1.0,687,0.63220775,0.036979511061569305,0.030912356604309122,0.023711757454418995,10,0.005328585438262136,85,68.7,58,10,7.937883848986453,806.7192802429199,657.0527965545655,552.3934125900269,10,74.62710212494528,-6.812916959069948,-8.621641288361765,-10.649714103209178,10,1.4414372556214385,843.4603394807534,684.9875633733207,573.8921677134169,10,78.65851213768019,-0.6577848064691444,-0.9397365992427147,-1.2509375630375348,10,0.1879449172790316,-13.073011666666668,-18.275894833333332,-24.91768666666667,10,3.6818856086036984,0.0,0.0,0.0,10,0.0,-0.07540258286980679,-0.09749353307048755,-0.13210257756969013,10,0.015139677402595537,0.017241379310344827,0.014743854556754657,0.011764705882352941,10,0.0016368057317812205,4.883908,-0.7191403,-4.9535084,1000,0.86469567,0.11003235995210317,0.10996057015333398,5.759152904864891,7.178979876918532e-05,1.0536384081729716e-11,445.85922139188403,124,50.407784278809466,17,3931,12.12477865324761,1170.2761735916138,478.10457363713334,158.0908441543579,3931,114.69045271933868,282973.0,152.39927005767822,200000.0,322.0,10988.42216873169,64400000.0,1312.3422436623641,322000.0
2.5830238e-08,3.5413553e-10,831.4028,-0.0034182314,1.108088e-10,0.018383479,10.581866,32.590897,32.591537,3.3011992,92.31304,13.28383,91.80489,1.0,-0.5703506,-1.0,10000,0.7032879,0.043889341118439916,0.042514270269277045,0.04055108817123983,10,0.0010625188377965712,1000,1000.0,1000,10,0.0,9408.195975780487,9345.042307519912,9314.12146949768,10,27.383810195130366,-172.1882657322393,-194.87008151045563,-209.20599104383194,10,10.90600109709069,9951.927143275047,9925.460700136706,9904.472359880067,10,14.709516918075977,-17.574676059819645,-18.874933356101554,-19.69701260045013,10,0.6529137809486095,-350.2514266666667,-364.79844233333324,-374.73042166666664,10,7.806325608112775,0.0,0.0,0.0,10,0.0,-1.845801022236037,-1.8749313477857172,-1.9420715950670564,10,0.028005701058423944,0.0,0.0,0.0,10,0.0,5.4281836,-0.6117792,-4.951435,1000,0.9183305,0.1089555129705655,0.10888372317179631,5.382544372815708,7.17897987691853e-05,2.193951056777585e-13,719.5303630096275,476,86.72292993630573,21,2198,51.84733076212369,4386.964792728424,811.3516499488001,183.6275234222412,2198,482.3196188364316,285171.0,163.88740301132202,200000.0,323.0,11152.309571743011,64600000.0,1220.3500471978507,323000.0
2.5674723e-08,3.741154e-10,841.92334,-0.0031076807,8.802963e-11,0.0182623,10.496043,32.26734,32.26508,4.40508,124.0039,23.85162,121.695,1.0,-0.6290205,-1.0,10000,0.65280616,0.03633699091318704,0.03538966700955644,0.03483851278926886,10,0.0004492144504802331,1000,1000.0,1000,10,0.0,9492.413589477539,9462.71013531685,9438.210502147675,10,14.84379489607758,-100.91162294946321,-108.22175743784332,-119.17964257000092,10,5.308579251096436,9939.682146372954,9912.652076181026,9899.630156945805,10,10.91946663109743,-16.543864451058717,-17.437324229513784,-18.277601051126517,10,0.47703230579599454,-317.96371999999997,-322.2716721666667,-328.1413666666666,10,3.3868474093421805,0.0,0.0,0.0,10,0.0,-1.9507673612506977,-2.0111844309916522,-2.0826888281873943,10,0.04106499065771614,0.0,0.0,0.0,10,0.0,4.513429,-0.57526577,-4.7720056,1000,0.91299117,0.10859297448678112,0.10865435476472879,6.098605039509959,6.138027794765343e-05,0.28000000000004743,1477.6192679988249,1000,243.54584221748402,17,469,139.07555174264436,9008.575235366821,2241.345172411867,162.25917720794678,469,1271.852957334254,285640.0,163.38217401504517,200000.0,324.0,11315.691745758057,64800000.0,1224.1237528249737,324000.0
2.5521185e-08,3.7471046e-10,851.8803,-0.002190796,8.467087e-11,0.017524641,10.306875,31.678553,31.674656,4.5435495,158.95085,26.132828,156.50371,1.0,-0.6279093,-1.0,10000,0.64943343,0.03573825144550938,0.035082411851130015,0.03401322828423872,10,0.0004497901399683417,1000,1000.0,1000,10,0.0,9476.128274917603,9443.082316875458,9422.02470588684,10,14.554584385626246,-82.98817105433517,-88.49848070981159,-94.13202535720154,10,3.3447124440323526,9907.43213342337,9877.716639729868,9864.128209481925,10,14.158974692183016,-16.673317599825076,-17.234261129974932,-17.753757751165566,10,0.301803654727192,-318.8411033333333,-326.76387483333326,-332.5282833333333,10,3.48908557023147,0.0,0.0,0.0,10,0.0,-2.0763586236936256,-2.1377110280202283,-2.2122027874349497,10,0.040054460850742823,0.0,0.0,0.0,10,0.0,4.0229664,-0.5879394,-4.1338396,1000,0.89835507,0.1086834296332303,0.10873576439653304,6.958949157086494,5.233476330273609e-05,0.4880000000000337,3034.0446931723773,1000,962.3495145631068,169,206,133.06781311840166,9323.539101600647,8840.537066512896,1564.8852224349976,206,1228.6700110177117,285846.0,163.72645592689514,200000.0,325.0,11479.418201684952,65000000.0,1221.5496809465003,325000.0
2.5389944e-08,3.6538558e-10,853.3941,-0.0012849524,9.1633465e-11,0.016646046,10.109537,31.08214,31.07744,3.9435527,181.38992,20.373251,179.42046,1.0,-0.6036971,-1.0,10000,0.66785,0.03849816023248422,0.03792665559080197,0.03725341420668701,10,0.00044450264844692587,1000,1000.0,1000,10,0.0,9466.164219856262,9442.656402778626,9410.4087972641,10,16.12381003670565,-88.36813059025611,-95.32648391022136,-109.40019682038408,10,6.209683493848201,9929.831880620983,9906.485563929866,9885.224409242925,10,14.729751166300636,-16.810061748819354,-17.178537514956634,-18.101686633952603,10,0.3351510470069196,-343.23235999999997,-349.1020545,-354.98929666666663,10,3.7421093455360586,0.0,0.0,0.0,10,0.0,-2.1243811392260863,-2.222085918372156,-2.271471593800959,10,0.03660531505701238,0.0,0.0,0.0,10,0.0,4.6692266,-0.5814859,-4.5726767,1000,0.9015231,0.10875931504001927,0.10880641632699174,7.810954078049462,4.7101286972462485e-05,0.6313600000000242,3758.5309910252586,1000,544.6491228070175,21,399,286.74225358841846,9269.033427238464,5000.874163974011,201.64611053466797,399,2630.5454986954296,286245.0,167.28856921195984,200000.0,326.0,11646.706770896912,65200000.0,1195.5389477125227,326000.0
2.5287138e-08,3.5774364e-10,851.0447,-0.000337281,9.742488e-11,0.015656084,9.911251,30.56073,30.55528,2.8180826,178.94162,11.642419,177.68706,1.0,-0.57669544,-1.0,10000,0.6891438,0.04186830102668319,0.041026883096373055,0.03999171470517467,10,0.0004998368250897034,1000,1000.0,1000,10,0.0,9494.774832725525,9479.097506523132,9465.614216804504,10,8.637028685652059,-98.71699303704175,-105.75896242718647,-114.0436916242771,10,4.192569343229163,9978.240550465787,9969.337274345304,9955.380142947943,10,7.263009918498972,-16.86895597074713,-17.366608941086405,-17.8821162487542,10,0.31836170430299987,-359.6394283333333,-365.02656199999996,-368.501,10,2.233522269601417,0.0,0.0,0.0,10,0.0,-2.01410471033783,-2.08763329394376,-2.149927489470123,10,0.040337762522285395,0.0,0.0,0.0,10,0.0,4.5125113,-0.5601529,-4.5388284,1000,0.9129902,0.10887706825745043,0.10892416954442291,8.463907769158325,4.710128697246249e-05,0.7867895466666807,4206.752977502251,1000,520.8003992015969,48,501,351.62923348912847,9326.951344966888,4817.799278034258,434.63139152526855,501,3261.591143305497,286746.0,163.45990371704102,200000.0,327.0,11810.166674613953,65400000.0,1223.5416481476223,327000.0
2.5236236e-08,3.4422754e-10,846.69183,-0.00028200063,1.1002476e-10,0.015522456,9.767034,30.224829,30.21919,2.067678,158.60081,6.716704,157.8874,1.0,-0.5531154,-1.0,10000,0.6992354,0.04300534756264824,0.042444965977259566,0.04140679979875858,10,0.000524641008337962,1000,1000.0,1000,10,0.0,9488.188853263855,9470.606163358689,9449.746012687683,10,12.896660970877011,-124.490654895754,-137.77714073717476,-148.16247219233614,10,8.713032124640902,9996.809542975563,9993.957090847296,9985.772095180198,10,3.273923219070718,-18.414350690657265,-18.999034100641744,-20.00728202466699,10,0.573380817304442,-359.9903816666666,-364.73702549999996,-367.2726633333333,10,2.650641702414211,0.0,0.0,0.0,10,0.0,-1.7470009998049965,-1.8377313043425214,-1.899951056176661,10,0.04749344203366342,0.0,0.0,0.0,10,0.0,4.1430826,-0.5620336,-3.9757645,1000,0.8962645,0.10897127083139538,0.10901837211836785,8.89197950891559,4.7101286972462485e-05,0.8657822720000088,4810.502096452497,1000,986.1940298507462,70,201,100.46363746112077,9434.59263420105,9212.464921804803,655.9003019332886,201,955.3566076419847,286947.0,161.952374458313,200000.0,328.0,11972.119049072266,65600000.0,1234.9309521947182,328000.0
2.522998e-08,3.3614378e-10,834.08405,0.00040297874,1.179959e-10,0.0146105345,9.662195,29.98684,29.98084,1.4751966,134.535,3.9030209,134.34367,1.0,-0.48740962,-1.0,10000,0.7413569,0.05156850946524355,0.05080102874025616,0.05000308406275872,10,0.0005156415418608492,1000,1000.0,1000,10,0.0,9334.644936561584,9317.52327299118,9302.388591766357,10,9.132947559252012,-212.20600096973288,-220.59049113590495,-229.42080337437667,10,4.9288788050195675,9990.792511822412,9988.951136748641,9984.70742975275,10,1.6450212113613096,-18.348380692316187,-19.039090004009847,-19.847466708462214,10,0.48322060888993573,-422.1091216666666,-429.67216599999995,-437.2878533333333,10,4.516232166755224,0.0,0.0,0.0,10,0.0,-2.0587693831724283,-2.1261117330102377,-2.1936668668956774,10,0.04353725299556441,0.0,0.0,0.0,10,0.0,5.1627145,-0.52923363,-5.165783,1000,0.9201762,0.10901837211836785,0.10906547340534031,8.95697195261681,4.7101286972462485e-05,0.892625817600007,5203.478304511851,1000,467.4236111111111,25,288,277.95953142351874,9415.68166255951,4337.477921951562,235.98995208740234,288,2586.344249060283,287235.0,160.25296473503113,200000.0,329.0,12132.372013807297,65800000.0,1248.0268326435537,329000.0
2.522998e-08,3.3598918e-10,823.33264,0.0003246774,1.1815049e-10,0.014495309,9.650362,29.897768,29.891354,1.2426006,110.05736,2.9672995,109.95399,0.9999999,-0.5054727,-1.0,10000,0.73107475,0.049732118187166635,0.04859215298942872,0.04774077207378286,10,0.0005446717123202431,1000,1000.0,1000,10,0.0,9379.042019844055,9361.421994161607,9343.628947257996,10,10.24785505492521,-193.815542477738,-202.82873309917727,-212.591287299533,10,5.879696056475643,9998.298753120776,9996.950384037173,9994.821414985527,10,0.910646196584001,-18.900933491556586,-19.60046460404625,-20.112829676909087,10,0.41255673527990694,-402.71894999999995,-411.06286549999993,-419.30149499999993,10,4.630298583831469,0.0,0.0,0.0,10,0.0,-1.9575281980943204,-2.0363236492103027,-2.121716670683546,10,0.05126923336621364,0.0,0.0,0.0,10,0.0,5.009605,-0.5166566,-5.1638336,1000,0.92594445,0.10908902404882655,0.10913612533579901,9.21069378731726,4.7101286972462485e-05,0.922690588672005,5221.290660614881,1000,512.4553775743707,27,437,290.5253679588125,9413.695174217224,4788.830231539888,241.34437561035156,437,2721.696497178666,287672.0,164.70997977256775,200000.0,330.0,12297.081993579865,66000000.0,1214.2555070200413,330000.0
2.5229983e-08,3.301697e-10,816.62823,-0.00074501307,1.239701e-10,0.015444323,9.630342,29.79698,29.790401,1.061179,84.09165,2.3156276,84.024925,1.0,-0.55162615,-1.0,10000,0.69930667,0.04379598489280034,0.042798563423904125,0.0418686892005353,10,0.0005973318095405093,1000,1000.0,1000,10,0.0,9498.95274066925,9483.323782634736,9462.529892921448,10,13.278527885714238,-112.97633264694997,-128.19003443901937,-146.64859298876553,10,12.390856880358752,9999.958916250642,9998.054431905257,9992.317917367473,10,2.729183802119895,-17.138833326493746,-17.708372544081936,-18.448542248207985,10,0.42547880255664894,-362.5347933333333,-366.94803149999996,-370.6944583333333,10,2.762030046910675,0.0,0.0,0.0,10,0.0,-1.7750097271587346,-1.8842081883156876,-1.9512332235415641,10,0.054515112389156406,0.0,0.0,0.0,10,0.0,4.774803,-0.517419,-4.5077677,1000,0.9245655,0.10918322662277148,0.10923032790974395,9.525641690643214,4.7101286972462485e-05,0.9505219767500832,5056.311031395666,1000,550.7735849056604,30,371,201.68220432016196,9389.255701065063,5149.752320724939,282.6245803833008,371,1884.8370548730609,288043.0,170.46798276901245,200000.0,331.0,12467.549976348877,66200000.0,1173.2408441238142,331000.0
2.522998e-08,3.2846478e-10,812.10693,-0.00036858412,1.2567491e-10,0.0149865085,9.602394,29.707312,29.70103,0.9526082,57.697563,1.8291104,57.72636,1.0,-0.55617875,-1.0,10000,0.689226,0.04293862421397353,0.041932787127641494,0.041408269641935475,10,0.0004080088315281504,1000,1000.0,1000,10,0.0,9534.925308227539,9525.619248008728,9515.780860900879,10,5.89718759974501,-72.86548976339081,-78.72425792807284,-84.02941843915312,10,3.4133604388398515,9996.208249862862,9994.12271363904,9987.81328704938,10,2.340240210079767,-14.681140549074126,-15.65962551472462,-16.87945683383282,10,0.6600921880421032,-368.237785,-372.01930716666664,-376.660665,10,2.50152743818519,0.0,0.0,0.0,10,0.0,-2.025691718047647,-2.1002733364729873,-2.160595197905301,10,0.035972662764629675,0.0,0.0,0.0,10,0.0,4.850759,-0.5172514,-4.647731,1000,0.91875994,0.10927742919671642,0.10932453048368888,9.779251368535563,4.7101286972462485e-05,0.9683340651200532,4861.382316604915,1000,542.0111111111111,27,360,213.0353775755694,9425.787210464478,5086.036507343583,248.18290424346924,360,1990.126329153563,288403.0,164.13937163352966,200000.0,332.0,12631.689347982407,66400000.0,1218.476700681757,332000.0
2.522998e-08,3.2629457e-10,808.3085,-0.00065653207,1.2784514e-10,0.0152060855,9.611844,29.6839,29.67802,0.8979303,33.751022,1.5289588,33.90906,1.0,-0.56106126,-1.0,9308,0.6963865,0.04354283912302344,0.04254942108587771,0.04126647006282292,10,0.0006037043002066349,1000,930.8,308,10,207.60000000000002,9522.697149276733,8856.865735721589,2934.887981414795,10,1973.9964689347128,-27.580011626551773,-77.5957767603663,-86.20686451479689,10,16.736671815278807,9988.255836454693,9291.86457055595,3076.3422635036222,10,2071.843928305722,-4.302369248466599,-13.562303466287736,-16.49778469204786,10,3.186625287833309,-109.05874833333334,-342.0829878333333,-372.71243999999996,10,77.71948977644023,0.0,0.0,0.0,10,0.0,-0.5131520015824826,-1.7577666675794723,-1.988032610931291,10,0.4162922867045298,0.003246753246753247,0.0003246753246753247,0.0,10,0.000974025974025974,5.082254,-0.51649183,-5.9775867,1000,0.9262086,0.10939518241414758,0.10944228370112004,9.965485540990658,4.710128697246249e-05,0.981685361515361,4278.24202868874,1000,311.2978177150193,19,779,216.56278875072059,9342.569288730621,2914.9885097158467,166.37006950378418,779,2028.1427502001663,289182.0,162.58939290046692,200000.0,333.0,12794.278740882874,66600000.0,1230.0925443668696,333000.0
2.522998e-08,3.2851616e-10,805.23303,-0.00046411538,1.2562348e-10,0.014958309,9.643759,29.732208,29.726978,0.84608823,12.001578,1.239983,12.29704,0.99999976,-0.57170105,-1.0,10000,0.671384,0.040677853492947176,0.03999601128947397,0.03856324652877811,10,0.0006174487606165711,1000,1000.0,1000,10,0.0,9540.946439743042,9526.587020492554,9515.017031669617,10,7.842604221531566,-79.48086343295407,-85.31817918748075,-91.93128982863612,10,3.662509425125702,9997.793777380564,9991.470690903716,9979.275892233432,10,6.4348720012178084,-13.705810754467969,-14.177542620790282,-15.223693293547223,10,0.47715241668457364,-353.49774499999995,-363.29811683333327,-371.0454116666666,10,5.113729988718684,0.0,0.0,0.0,10,0.0,-2.0286537030800678,-2.089831868867442,-2.1759637972856902,10,0.043417892583881165,0.0,0.0,0.0,10,0.0,4.7650247,-0.5281333,-5.051516,1000,0.91204846,0.10958358756203745,0.10963068884900992,10.114728896248055,4.7101286972462485e-05,0.9922486781402278,3213.967953197726,1000,261.51433691756273,18,558,182.88297267404195,9399.480285644531,2454.1443061285977,168.25444793701172,558,1719.6315112784885,289740.0,164.95972728729248,200000.0,334.0,12959.238468170166,66800000.0,1212.4171353149832,334000.0
2.522998e-08,3.2846023e-10,800.2988,1.9709905e-05,1.256794e-10,0.014385669,9.616465,29.693321,29.688206,0.7417061,-5.104759,0.93897,-4.550434,0.9999994,-0.5362067,-1.0,10000,0.6672831,0.042018425800531986,0.04132431941475371,0.04024284445347439,10,0.0006340825394772468,1000,1000.0,1000,10,0.0,9474.248539924622,9463.7808842659,9444.109333992004,10,8.541983893211444,-116.82557359155643,-122.71449183901727,-127.46628857768293,10,2.9138764782186692,9997.547869393158,9993.00118084742,9985.575845047708,10,4.412320200537302,-16.12116710079122,-17.18542648580543,-17.901712724419475,10,0.5435324640226631,-379.11733833333335,-386.90850233333333,-394.7347616666666,10,4.508213797254405,0.0,0.0,0.0,10,0.0,-2.316966308380096,-2.4118756796193415,-2.5061275863577284,10,0.05828803535697423,0.0,0.0,0.0,10,0.0,4.498627,-0.51320565,-5.481662,1000,0.911837,0.10981909399689979,0.10986619528387224,10.09345398823426,4.7101286972462485e-05,0.9974600468529898,2475.8784710493687,1000,376.1285081240768,20,677,334.2589409659034,9450.346620559692,3529.9491333598753,190.0762233734131,677,3144.263638003531,290417.0,161.7648422718048,200000.0,335.0,13121.00331044197,67000000.0,1236.3625939433161,335000.0
2.523471e-08,3.0332512e-10,794.6994,-0.0006150319,1.5089972e-10,0.014919621,9.631513,29.786697,29.783693,0.79263866,-16.6399,0.979427,-15.857059,1.0,-0.7035758,-1.0,658,0.566731,0.030917912920711,0.02307533958440514,0.015452644389370107,10,0.00465155709084305,169,65.8,32,10,38.971271470148366,1620.6843633651733,633.2948830604553,304.4147491455078,10,373.0263742754338,-2.7566226213477556,-5.654567643005125,-14.041681509237716,10,3.135261750307242,1686.1884056090616,655.5299415487382,314.05069134611335,10,389.01711497746305,-0.3296295377141641,-0.7425422316030776,-2.3726339981254427,10,0.5981238304626271,-5.615253333333333,-15.731483166666667,-48.782513333333334,10,12.336898874483463,0.0,0.0,0.0,10,0.0,-0.040967965505085885,-0.10646423312179909,-0.30721411747782823,10,0.07870945246779168,0.03125,0.018888758023229424,0.005917159763313609,10,0.007111837324564551,4.409967,-0.56568384,-5.40836,1000,0.89577585,0.11014095279121167,0.11014880300570708,9.997818866337289,4.710128697246249e-05,0.8069596377301854,1230.7950353235672,895,106.85131195335276,19,2058,123.15858151547006,8356.628992557526,1001.0768769790642,179.14492511749268,2058,1154.6352434324633,292475.0,155.29723477363586,200000.0,336.0,13276.300545215607,67200000.0,1287.8529375717715,336000.0
2.5370534e-08,2.5822566e-10,790.64386,-0.0008330504,1.9844394e-10,0.015064639,9.777072,30.2155,30.21714,1.2181785,-9.279103,1.3718256,-7.952981,0.9999981,-0.7974418,-1.0,398,0.49233934,0.027266993041394016,0.01702823853657277,0.009992714433886657,10,0.0058445617357561225,54,39.8,29,10,6.720119046564577,521.2425346374512,384.22145013809205,277.7030544281006,10,64.74686439276242,-2.7055726913031193,-4.080279399322796,-4.978689573777934,10,0.6539624370890643,538.058899047197,395.7918502284964,284.7424820746981,10,67.68536469935535,-0.16797885079993463,-0.5774416450642168,-1.1111829480121571,10,0.26993636169961527,-2.895365,-6.861137666666667,-11.932413333333333,10,2.777524590135092,0.0,0.0,0.0,10,0.0,-0.022071252661898088,-0.05154121386707402,-0.08410643802021878,10,0.01589378797877262,0.034482758620689655,0.02583234768693026,0.018518518518518517,10,0.004294088275771657,5.155132,-0.73696476,-4.6662917,1000,0.8211247,0.10953648627506501,0.10948938498809255,9.354092467994752,4.7101286972462485e-05,0.05663304489723957,467.30904811075527,142,42.500632644453816,14,4742,13.085478782881383,1341.0040245056152,403.0070942918342,124.70833492279053,4742,124.51484441235408,297217.0,150.55725288391113,200000.0,337.0,13426.857798099518,67400000.0,1328.3983080789355,337000.0
2.5411993e-08,3.3869924e-10,787.9664,-0.001035725,1.1871666e-10,0.01521912,9.925961,30.627457,30.624083,0.8151525,17.816935,0.92254126,19.960236,1.0,-0.8412904,-1.0,355,0.44909704,0.020104262804492016,0.013088305743816767,0.0071918362292178375,10,0.0037652631118085316,57,35.5,28,10,8.857200460642177,551.8311223983765,342.1936631202698,266.87975120544434,10,86.49194465435191,-2.7530231728454586,-3.8390647299315868,-5.069023268579413,10,0.7220213284086239,568.2207221302615,351.2922404497996,274.74433180956066,10,89.41495003021645,-0.09138871916133207,-0.3599456493305426,-0.8353490043335974,10,0.21013601479904015,-2.895365,-4.860703666666667,-10.704076666666666,10,2.3696497970976402,0.0,0.0,0.0,10,0.0,-0.022329094666987657,-0.038863522595865285,-0.08095549438086527,10,0.01617854625704265,0.03571428571428571,0.02962235133287765,0.017543859649122806,10,0.005965608500523496,4.321781,-0.80015415,-4.9394426,1000,0.7867435,0.10833540345726707,0.10828830217029461,8.129655593091059,4.710128697246248e-05,0.0002757019101694803,353.4819489568008,75,35.52269503546099,15,5640,8.150415459926444,696.705249786377,337.9219215217212,131.12331628799438,5640,77.36554921713105,302857.0,148.43606877326965,200000.0,338.0,13575.293866872787,67600000.0,1347.381412434819,338000.0
2.544606e-08,2.9432018e-10,789.67303,-0.00061710045,1.6370894e-10,0.014831213,10.070376,31.070854,31.0729,1.2586124,46.313892,1.912913,48.604046,0.9999969,-0.7820277,-1.0,529,0.51758826,0.027830754341880218,0.017645626624847643,0.00964579160672902,10,0.0056600257151214065,84,52.9,37,10,18.92854986521683,806.0703392028809,511.06215505599977,357.5174627304077,10,180.4119600333133,-3.1464589998869226,-5.356734433531576,-9.514520668010416,10,1.9826936972533649,834.4548233682629,526.8443185488823,366.30626151126273,10,188.47949310009187,-0.23327081979383402,-0.6487291886696906,-1.3845757368404512,10,0.4002394797641484,-4.123701666666667,-9.7126335,-20.706246666666665,10,5.986050270063004,0.0,0.0,0.0,10,0.0,-0.026102978888899092,-0.06406657512859411,-0.1273166383454436,10,0.03597792738155994,0.02702702702702703,0.021153982493280633,0.011904761904761904,10,0.00635810000143544,4.5649376,-0.77236706,-5.4573812,1000,0.8088578,0.10713432063946915,0.10708721935249668,6.914984077439305,4.7101286972462485e-05,6.466350612839874e-07,385.99795111422054,124,41.65661888701518,18,4744,12.663547559725012,1169.4077978134155,394.99428141125264,167.34532928466797,4744,119.72177169251663,307601.0,148.74018263816833,200000.0,339.0,13724.034049510956,67800000.0,1344.626559229986,339000.0
2.556906e-08,3.1269692e-10,793.7534,-0.0012391862,1.4754618e-10,0.015526746,10.170251,31.46338,31.465355,2.180707,77.12535,7.1470284,78.514175,0.99999976,-0.624247,-1.0,10000,0.65924716,0.03650960684164602,0.0356720078987928,0.0345391391817684,10,0.0005264313505406888,1000,1000.0,1000,10,0.0,9548.117860794067,9524.274459648132,9510.38768863678,10,11.630813131530724,-90.25858841300979,-104.19564136030824,-114.99343406473184,10,6.81625716762976,9970.231210660766,9956.20862882932,9944.429822228067,10,7.384087704594522,-19.118412073011957,-20.204663273358435,-21.465650919008937,10,0.6133397993261562,-294.88853833333326,-305.95234216666665,-313.66454166666665,10,5.116047721057743,0.0,0.0,0.0,10,0.0,-1.4947700949696348,-1.5815213817505742,-1.6516621041248012,10,0.044806763447693354,0.0,0.0,0.0,10,0.0,4.516072,-0.62933916,-4.9839063,1000,0.883532,0.10626294683047852,0.10621584554350605,6.162200157649769,4.710128697246249e-05,6.030686256140467e-09,536.3754997991485,668,107.82256297918948,20,1826,93.43347994947194,6242.240873813629,1010.5422599297364,183.96060943603516,1826,870.9139281310066,309427.0,162.68586587905884,200000.0,340.0,13886.719915390015,68000000.0,1229.3630975212106,340000.0
2.5495991e-08,3.5250272e-10,800.6443,-0.002134993,1.0642519e-10,0.01654659,10.197105,31.562872,31.560755,3.0265403,117.33736,16.490765,117.17177,0.99999994,-0.6223226,-1.0,10000,0.6550153,0.035721717223568705,0.03512708722888929,0.034557086553701086,10,0.00035916773988938394,1000,1000.0,1000,10,0.0,9543.626550674438,9525.265370607376,9473.022527217865,10,20.87768573267015,-105.78947108148665,-111.63208162324182,-117.01313562040512,10,4.0813720804800875,9980.597588194458,9960.002814245609,9897.07306500254,10,23.067963409962914,-19.096133253834772,-20.1747257320634,-21.695802758278084,10,0.6918095464797454,-297.6084266666666,-301.37240116666663,-304.6274933333333,10,2.1018596305326405,0.0,0.0,0.0,10,0.0,-1.5034816496547436,-1.5582338986838542,-1.6019810542180233,10,0.028026688768514864,0.0,0.0,0.0,10,0.0,4.827675,-0.57866013,-5.2678995,1000,0.9042015,0.10596914077766599,0.1060055865759931,5.997394211990218,3.644579832711716e-05,0.40960000057328966,1308.8198043715706,1000,221.98426323319026,27,699,118.74413667865352,9174.38242816925,2059.815793958345,214.84573459625244,699,1102.4420571277515,310126.0,169.0192530155182,200000.0,341.0,14055.739168405533,68200000.0,1183.2971477020867,341000.0
2.5410017e-08,3.6257689e-10,807.24646,-0.0016355476,9.4803436e-11,0.016165985,10.102831,31.24477,31.24039,3.3561387,156.89615,20.077621,155.63913,1.0,-0.6037426,-1.0,10000,0.66908437,0.039268863841876736,0.03680214065245382,0.03562799208056822,10,0.0010111959754351687,1000,1000.0,1000,10,0.0,9517.199989318848,9480.52778878212,9407.87408876419,10,31.99927687519891,-133.49121170942618,-144.39172912570615,-163.0441058568043,10,9.967681717703263,9996.550558165174,9958.221568836161,9921.96205939238,10,23.911292498343496,-19.797183812503732,-21.00219948827955,-22.42139233534956,10,0.720031736508652,-301.64439,-310.80427199999997,-328.3168433333333,10,7.779793193058892,0.0,0.0,0.0,10,0.0,-1.4180985429202662,-1.49558167338148,-1.5971138096264677,10,0.056052870427727594,0.0,0.0,0.0,10,0.0,4.669113,-0.57956016,-4.905637,1000,0.8967131,0.10605547037149346,0.10608637352587609,6.3611287955597,3.090315438263264e-05,0.6723200003181835,2422.709733649129,1000,417.34328358208955,39,335,242.2171563145325,9306.250250339508,3889.4228777586522,339.98039865493774,335,2252.229857583433,310461.0,163.2337954044342,200000.0,342.0,14218.972963809967,68400000.0,1225.2364744964268,342000.0
2.5341652e-08,3.5915892e-10,812.0772,-0.0010000071,9.6990846e-11,0.015617396,9.946071,30.717089,30.711662,3.032323,186.84517,16.17062,185.38394,1.0,-0.6035444,-1.0,10000,0.6648927,0.03793288045829104,0.03637688366298972,0.03543167349055875,10,0.0006422732346987454,1000,1000.0,1000,10,0.0,9531.416743278503,9516.147996425629,9497.449975967407,10,10.096415048348462,-123.83920361438958,-134.4888076735318,-141.6301342189746,10,5.000297705940574,9990.903475700317,9981.803916330642,9971.325110011237,10,5.279765189243542,-20.60972783933052,-21.025417687117653,-21.569036856340457,10,0.28324753652625034,-299.80188499999997,-308.66345666666666,-322.3506366666667,10,6.273014727606895,0.0,0.0,0.0,10,0.0,-1.406688320180986,-1.4782341743539245,-1.5506564085656267,10,0.04701509711819927,0.0,0.0,0.0,10,0.0,4.935747,-0.5677681,-4.9171057,1000,0.903801,0.10611727668025872,0.10614817983464135,7.202636780687177,3.090315438263264e-05,0.7867895468736981,3433.4591190355736,1000,552.293542074364,24,511,378.0553339858652,9447.492545127869,5165.702886110183,220.92363500595093,511,3558.742364166791,310972.0,161.05681109428406,200000.0,343.0,14380.029774904251,68600000.0,1241.79783916694,343000.0
2.5285141e-08,3.5376638e-10,812.8158,-0.0009515523,1.013661e-10,0.0155822355,9.8306055,30.304287,30.298286,2.4456162,194.14566,11.157672,192.8462,1.0,-0.5950249,-1.0,10000,0.6628315,0.03838385904043389,0.03644082935100741,0.03447510534238245,10,0.001133743462676184,1000,1000.0,1000,10,0.0,9548.06728553772,9523.44077758789,9496.156246185303,10,17.21404174348639,-100.1509474208921,-117.98890128983219,-142.22694245540026,10,11.50595266855909,9985.48983404204,9978.267915054113,9967.65943561395,10,4.647755234810724,-18.38009857677305,-20.19495773061105,-21.43828566947288,10,0.7396567462547864,-300.76700666666665,-315.05958116666665,-324.8950483333333,10,7.146711386815071,0.0,0.0,0.0,10,0.0,-1.5238754839158455,-1.5836957133046103,-1.640480569811828,10,0.035823653090742466,0.0,0.0,0.0,10,0.0,5.187661,-0.5477366,-4.741932,1000,0.9105865,0.1061945345662153,0.10622543772059792,8.215318401722525,3.090315438263264e-05,0.8792040449172952,2880.4537628975195,1000,228.3515037593985,23,532,141.77388057052124,9109.899090766907,2101.006813186326,212.1144142150879,532,1296.3912521415814,311504.0,161.074152469635,200000.0,344.0,14541.103927373886,68800000.0,1241.6641461931833,344000.0
2.5239334e-08,3.4829778e-10,810.7701,-0.0010753989,1.06010256e-10,0.01566926,9.725899,29.994902,29.98851,1.7450796,175.43561,6.70671,174.60307,1.0,-0.59365326,-1.0,10000,0.65525675,0.036989968283902275,0.03581480157889018,0.0348859281102923,10,0.0005730947575688069,1000,1000.0,1000,10,0.0,9545.68508529663,9529.540299987793,9521.50569152832,10,6.603786276468947,-103.45520062465974,-109.06408506422312,-118.00863695339882,10,4.502322435573728,9990.217491018222,9976.123029892564,9965.493901316102,10,7.592153898042281,-18.751725711931968,-20.144210851731597,-21.690943060754,10,0.8086581856959815,-309.6285783333333,-315.7176186666667,-326.4743383333333,10,4.620604191996543,0.0,0.0,0.0,10,0.0,-1.5935711031513073,-1.6568174836117273,-1.7691731704274853,10,0.050458636679847624,0.0,0.0,0.0,10,0.0,5.0979815,-0.5400931,-4.538041,1000,0.9117304,0.10627179245217189,0.10630269560655449,8.801019879552163,3.090315438263264e-05,0.9301351987195735,3723.6356840385506,1000,506.54474708171205,31,514,374.5843960812863,9423.319880485535,4712.446306571509,279.64020133018494,514,3507.1938297146567,312018.0,166.0759632587433,200000.0,345.0,14707.17989063263,69000000.0,1204.2681919502324,345000.0
2.522998e-08,3.4342665e-10,808.71625,-0.0015458353,1.10713015e-10,0.016102728,9.700847,29.909933,29.903494,1.43114,145.13933,5.0921197,144.71182,1.0,-0.5810675,-1.0,10000,0.6625311,0.03905102325855114,0.03711716466178477,0.036005657439600325,10,0.001066864939371582,1000,1000.0,1000,10,0.0,9534.22302532196,9513.254292011261,9483.089203834534,10,16.30316751424122,-110.07381983734894,-122.20968165351482,-143.23392767387537,10,9.874511299177627,9992.607632023115,9982.597854977887,9966.78886044086,10,6.582263985930802,-19.029999520726182,-19.49371491127017,-20.41798677809006,10,0.4278559890604931,-319.10431833333325,-325.97422983333325,-338.4944899999999,10,7.488460325104634,0.0,0.0,0.0,10,0.0,-1.5986601874206507,-1.6659366471026644,-1.756403554804744,10,0.04699959793391989,0.0,0.0,0.0,10,0.0,5.202022,-0.52894163,-5.35239,1000,0.9231238,0.1063954050697024,0.10642630822408501,8.940158790191141,3.090315438263264e-05,0.9704310537252576,3145.785039493019,1000,282.93372093023254,20,860,222.99524247217573,9336.947324752808,2624.1999059452914,177.80781412124634,860,2074.6481913384246,312878.0,170.50519132614136,200000.0,346.0,14877.68508195877,69200000.0,1172.9848132156935,346000.0
2.522998e-08,3.5005435e-10,806.3527,-0.0005492902,1.0408533e-10,0.01506364,9.736896,29.946844,29.94063,1.2943586,117.409134,4.1860957,117.160866,1.0,-0.5788122,-1.0,10000,0.6602484,0.04009492997165944,0.03712062961171468,0.034747829552055916,10,0.0018321103576015893,1000,1000.0,1000,10,0.0,9542.361167907715,9510.04237203598,9481.586246490479,10,21.394253271809415,-101.51741958467971,-122.60402812617554,-145.41319381540407,10,15.062363876322683,9992.893645908876,9980.432577197198,9953.759870182714,10,12.033441383833793,-16.88108570743744,-18.98106793380968,-20.26321138460427,10,0.9856479778236532,-312.61168166666664,-327.1060543333333,-343.40783666666664,10,10.516002012110505,0.0,0.0,0.0,10,0.0,-1.586017029156089,-1.6990552668145882,-1.8305812995230035,10,0.07674401248849343,0.0,0.0,0.0,10,0.0,4.787279,-0.5472419,-4.791443,1000,0.89673626,0.10648811453285029,0.10651901768723292,9.115708027170053,3.090315438263264e-05,0.9855884812064083,3390.9701606509216,1000,692.437751004016,34,249,341.21322218303965,9428.772086143494,6481.604473126461,304.4046301841736,249,3209.604395330025,313127.0,158.56753301620483,200000.0,347.0,15036.252614974976,69400000.0,1261.2922468785648,347000.0
2.522998e-08,3.4916153e-10,803.9241,-0.0012169534,1.0497812e-10,0.015687587,9.753779,29.967468,29.961401,1.1793883,93.95951,3.3167799,93.88067,0.9999995,-0.5815844,-1.0,10000,0.6453568,0.03595209223145503,0.03569767207578843,0.03536386657514959,10,0.0001829656811376904,1000,1000.0,1000,10,0.0,9491.294421195984,9476.141379451752,9461.170667648315,10,10.771879594237983,-97.1813498260424,-101.15419290369157,-106.2622293508922,10,2.7379939954484334,9938.612374613433,9921.995076307825,9909.773222045984,10,10.143812697473363,-13.885089436111688,-15.321840328986658,-16.39896835462863,10,0.8789550594490092,-324.19314166666663,-327.44823383333335,-330.68577833333325,10,1.9757496034089297,0.0,0.0,0.0,10,0.0,-1.8569117866109066,-1.9294322275925904,-1.9923299558308736,10,0.04336142463480103,0.0,0.0,0.0,10,0.0,4.898469,-0.53538793,-4.7118754,1000,0.9122991,0.10656537241880686,0.1065962755731895,9.259185137872572,3.090315438263264e-05,0.9914914393042635,3169.27359123339,1000,335.04761904761904,20,630,243.0156718815586,9420.667459487915,3131.577942725212,181.1673879623413,630,2276.0996334850256,313757.0,165.01849055290222,200000.0,348.0,15201.271105527878,69600000.0,1211.9853922423517,348000.0
2.522998e-08,3.4793082e-10,801.44385,-0.0008231948,1.062088e-10,0.0152491825,9.699135,29.849932,29.844126,1.04114,76.24138,2.563334,76.488304,1.0,-0.5814082,-1.0,10000,0.6430974,0.03657803697857889,0.03588449107738488,0.03497087544230453,10,0.00042838535313689384,1000,1000.0,1000,10,0.0,9504.15777015686,9479.173624134064,9444.534482955933,10,16.92828676472999,-85.08595679598997,-87.814234184446,-92.44164146421643,10,2.258465909451646,9934.01684172203,9910.3187576069,9875.093124434043,10,15.935102088167447,-11.720659286921013,-12.341250857219503,-13.646851731364146,10,0.5509742356901337,-323.66671166666663,-329.10648833333335,-332.5282833333333,10,2.5298477788520706,0.0,0.0,0.0,10,0.0,-1.8454475622110686,-1.8831556854988345,-1.950503349202809,10,0.03475745374964142,0.0,0.0,0.0,10,0.0,5.2231665,-0.551276,-5.192466,1000,0.8903593,0.10664263030476344,0.10667353345914607,9.21465533333402,3.090315438263264e-05,0.9952776335217159,3189.5155798710302,1000,480.3187134502924,22,342,224.22307879656694,9407.731908798218,4500.213907731904,203.9337477684021,342,2095.0932170993215,314099.0,166.69588470458984,200000.0,349.0,15367.966990232468,69800000.0,1199.7896670000584,349000.0
2.522998e-08,3.4858708e-10,797.19525,-0.0006174684,1.055526e-10,0.0149669815,9.6617985,29.781199,29.775076,0.9184929,64.248314,1.9730889,64.73852,1.0,-0.58515453,-1.0,10000,0.6369559,0.035793802919608424,0.035027042676502605,0.034073039460912696,10,0.0004969116363957559,1000,1000.0,1000,10,0.0,9548.018595695496,9535.55698261261,9517.268489837646,10,8.309908856304526,-76.95412807118004,-79.2193809228244,-81.46060784037238,10,1.5173249877500123,9968.775608580443,9951.01666215276,9937.271381725985,10,8.29355544948204,-12.405757015496851,-13.16129955919401,-14.003150550683712,10,0.422390031176112,-315.6825233333333,-321.23635983333327,-325.070525,10,3.1210807957158666,0.0,0.0,0.0,10,0.0,-1.811497652554661,-1.8426360354003009,-1.8916761009954937,10,0.02520477131114562,0.0,0.0,0.0,10,0.0,4.592821,-0.5540722,-4.779458,1000,0.88300896,0.10667353345914607,0.1067044366135287,9.161618748676949,3.090315438263264e-05,0.9962221068173728,4144.434357493474,1000,571.3966244725739,19,237,250.89729871677324,9441.39795923233,5368.0814779217235,175.88660144805908,237,2356.30161194536,314336.0,166.24557828903198,200000.0,350.0,15534.2125685215,70000000.0,1203.039515747499,350000.0
2.522998e-08,3.4655576e-10,791.52856,-0.00031439122,1.075839e-10,0.014561906,9.604457,29.634,29.627787,0.79799217,57.798866,1.4870936,58.5545,0.9999986,-0.6054075,-1.0,10000,0.61740434,0.032615616715003855,0.032279022188235834,0.03191553712249152,10,0.00021837638745692898,1000,1000.0,1000,10,0.0,9584.313272476196,9573.363677883148,9569.236161231995,10,4.565196531668288,-76.15580578649264,-77.9761234133889,-80.71548478071337,10,1.7438500259301897,9972.27176892953,9967.497789496858,9962.875067225174,10,3.1506459552215005,-14.977854282212531,-15.788887565918548,-16.491087962798456,10,0.5190165242270899,-294.6253233333333,-298.66128666666657,-303.5746333333333,10,2.4909034906446155,0.0,0.0,0.0,10,0.0,-1.6517972949508444,-1.707816994529636,-1.7836637128098478,10,0.034126761816767645,0.0,0.0,0.0,10,0.0,4.4481173,-0.5588522,-4.7408447,1000,0.8824328,0.10671988819072001,0.10675079134510265,9.037240877035456,3.090315438263264e-05,0.9972799169085084,4871.8986305875915,1000,603.5744125326371,28,383,212.01211619425584,9456.892414093018,5688.203110373674,251.59077405929565,383,1995.645891740606,314719.0,171.18488216400146,200000.0,351.0,15705.397450685501,70200000.0,1168.327468358991,351000.0
2.522998e-08,3.4643516e-10,780.8356,0.0008312068,1.07704526e-10,0.013223833,9.536916,29.428846,29.422682,0.67565334,57.76574,1.1605043,58.81646,1.0,-0.60161257,-1.0,10000,0.6215565,0.03340045541820291,0.03261420054028713,0.03203215704030299,10,0.000500984790530024,1000,1000.0,1000,10,0.0,9583.649339675903,9570.602330970763,9551.878123283386,10,7.995127650658236,-99.58142119663927,-104.35351007275108,-108.40371616806729,10,2.450358796416143,9994.059623250887,9990.96549406884,9982.404400544508,10,3.246551755853585,-19.402626439838375,-20.41979006462146,-21.467896274326975,10,0.6632620874323462,-288.92233166666665,-294.0287026666666,-299.8896233333333,10,3.8110768869453437,0.0,0.0,0.0,10,0.0,-1.51486014884683,-1.561162256721931,-1.6235174323366015,10,0.027135989694117353,0.0,0.0,0.0,10,0.0,5.031821,-0.5659634,-5.048945,1000,0.87632954,0.10678169449948527,0.10681259765386791,8.813549736777995,3.090315438263264e-05,0.9982591468214455,4878.6036730469605,1000,517.5581947743468,26,421,248.4611251260022,9489.916612625122,4885.800097574814,240.58728218078613,421,2347.004393077007,315140.0,162.59512615203857,200000.0,352.0,15867.99257683754,70400000.0,1230.0491701884414,352000.0
2.522998e-08,3.490913e-10,767.2929,0.00052429305,1.05048324e-10,0.013286977,9.54665,29.392145,29.38578,0.6507347,61.274876,1.0868311,62.417072,0.99999976,-0.58473015,-1.0,10000,0.6498378,0.036540840946967364,0.03573683750749914,0.034669724715102344,10,0.0004970493820392304,1000,1000.0,1000,10,0.0,9546.119079589844,9527.416310787201,9516.098153114319,10,7.806668104956829,-123.01507783355181,-128.06754236970897,-132.0610329155871,10,2.3647909379064855,9997.202377262722,9994.946853382577,9990.434154502862,10,2.128304910219687,-21.486357819379524,-22.314157102570714,-23.48410131128869,10,0.5639370229464994,-303.75010999999995,-315.5245943333333,-322.5261133333333,10,5.128723993303425,0.0,0.0,0.0,10,0.0,-1.5249122031598121,-1.6242501196011472,-1.688667442987525,10,0.047235499573010556,0.0,0.0,0.0,10,0.0,5.006405,-0.55865264,-5.095836,1000,0.8889548,0.10685895238544185,0.10688985553982448,8.688560808796591,3.090315438263264e-05,0.9989931421023589,4300.403145236538,1000,265.9504563233377,27,767,197.9658686731249,9477.884638786316,2497.5500193121693,242.6963701248169,767,1867.6503151819604,315907.0,163.21919345855713,200000.0,353.0,16031.211770296097,70600000.0,1225.3460868300508,353000.0
2.522998e-08,3.4904254e-10,755.7333,0.0006480807,1.05097105e-10,0.012955118,9.523979,29.293242,29.287167,0.6307312,67.137634,1.0965713,68.34307,0.9999994,-0.59426826,-1.0,10000,0.64269614,0.03604724634617742,0.034656965618088724,0.03338031430232513,10,0.000842007091010793,1000,1000.0,1000,10,0.0,9552.593007087708,9532.397169971466,9514.590049743652,10,9.72476064934767,-113.64645836128122,-121.79984629524253,-127.08264623817033,10,4.167224880431473,9997.215609798535,9984.542212472303,9969.189214058379,10,8.971787719173733,-20.089502801913696,-21.24983217740637,-22.31691040073334,10,0.7579163988073971,-294.44984666666664,-307.51408449999997,-319.9817016666666,10,7.822938933062055,0.0,0.0,0.0,10,0.0,-1.501829704259335,-1.5812845344071105,-1.6869473370862336,10,0.057034557425935065,0.0,0.0,0.0,10,0.0,4.7719245,-0.5655546,-5.4709263,1000,0.8826955,0.10693621027139844,0.10696711342578105,8.569457990622753,3.090315438263264e-05,0.9994295572304512,4544.946407535108,1000,575.7108108108108,24,370,179.10866441049174,9431.335995197296,5419.761692201769,218.51981782913208,370,1685.018228101806,316277.0,166.93482065200806,200000.0,354.0,16198.146590948105,70800000.0,1198.0723926790538,354000.0
2.522998e-08,3.466287e-10,744.5191,0.00024873062,1.0751095e-10,0.013152613,9.522797,29.275053,29.268839,0.63830036,73.192314,1.2011455,74.353325,0.9999994,-0.62661636,-1.0,10000,0.61685365,0.032119610595793345,0.03168226996280573,0.031029746133062874,10,0.00035212359916809,1000,1000.0,1000,10,0.0,9574.452195167542,9567.25209197998,9558.686138153076,10,4.48219534505596,-90.34691321241097,-95.45449283991675,-99.26076851476877,10,2.6599875486290236,9975.145418240429,9967.92845601094,9961.456544135315,10,4.312182713622456,-16.137392281920185,-17.626494888349097,-18.529727392995184,10,0.690243592964877,-281.81552666666664,-286.0181928333333,-290.2384066666666,10,2.6668556774039494,0.0,0.0,0.0,10,0.0,-1.5293839299336114,-1.577183969111953,-1.6181335583000842,10,0.025197016397952108,0.0,0.0,0.0,10,0.0,4.4589696,-0.56498486,-4.926615,1000,0.8888544,0.1069980165801637,0.10702891973454631,8.536819828827488,3.090315438263264e-05,0.9996349166274888,4537.3504908233845,1000,538.120822622108,24,389,239.6501805805278,9457.39288187027,5061.659386626304,216.8894476890564,389,2256.1945667897526,316666.0,162.3770501613617,200000.0,355.0,16360.523641109467,71000000.0,1231.701153588211,355000.0
2.522998e-08,3.4888345e-10,734.28766,0.0009236691,1.052562e-10,0.012293506,9.534415,29.309465,29.303104,0.67488,77.61411,1.3003657,78.66377,1.0,-0.61675864,-1.0,10000,0.6395066,0.03465847629429481,0.03400654855862376,0.03359332212571462,10,0.0003334977378805908,1000,1000.0,1000,10,0.0,9567.941601753235,9554.991665554047,9533.012962341309,10,10.353508859175497,-86.56696060102342,-90.11127107473239,-95.9224546912283,10,2.6974316695799017,9977.66552858805,9968.4076138254,9952.211410902875,10,6.397896073811437,-15.531438281914557,-16.156266940498718,-16.96875128120856,10,0.41635718080820766,-298.92450166666663,-305.43468599999994,-312.34846666666664,10,4.04164325469509,0.0,0.0,0.0,10,0.0,-1.6736849254969814,-1.7137225549944657,-1.7840201465850343,10,0.03216598803281271,0.0,0.0,0.0,10,0.0,4.8792806,-0.55206776,-4.7377033,1000,0.90560716,0.10707527446612027,0.1071061776205029,8.584248099094362,3.090315438263264e-05,0.9997888465946247,4259.670498856579,1000,343.95604395604397,17,546,362.03124787992067,9439.782760620117,3226.86673081029,156.33162593841553,546,3412.5554926295363,317212.0,171.2726023197174,200000.0,356.0,16531.796243429184,71200000.0,1167.7290897154508,356000.0
2.522998e-08,3.491218e-10,726.9101,-0.00041079443,1.0501786e-10,0.013495176,9.613697,29.480164,29.473433,0.75387824,76.473564,1.5742936,77.26568,0.99999994,-0.62660694,-1.0,10000,0.634682,0.03387843514750421,0.033264897383160144,0.032781774336166566,10,0.00034082239732568327,1000,1000.0,1000,10,0.0,9580.781259536743,9574.168990325928,9560.54713344574,10,6.391150282774414,-81.23279316308515,-86.475804525916,-93.90313716265987,10,4.49884004180821,9981.735370031867,9978.48649125767,9973.78817052006,10,2.640891537583313,-15.040452220311025,-15.745870095544381,-16.703666476667028,10,0.48149731721333666,-295.23949166666665,-300.39850566666667,-304.80296999999996,10,2.922832406664919,0.0,0.0,0.0,10,0.0,-1.6716078085135102,-1.6973164273514982,-1.7476037690440804,10,0.023985593296628305,0.0,0.0,0.0,10,0.0,4.86561,-0.5416531,-4.983404,1000,0.92286515,0.10721433866084208,0.10724524181522475,8.789468817223579,3.090315438263264e-05,0.9999182684290746,2823.7420483177534,1000,211.56754385964913,22,1140,189.0135932156287,9295.255686283112,1974.041119274131,196.8731346130371,1140,1775.6563602123701,318352.0,164.15789937973022,200000.0,357.0,16695.954142808914,71400000.0,1218.3391768273045,357000.0
2.522998e-08,3.5130102e-10,723.85913,0.00017096313,1.0283867e-10,0.012858502,9.639926,29.548244,29.54153,0.75797963,71.149345,1.5847831,71.89827,0.9999999,-0.6345391,-1.0,10000,0.6233485,0.032814595389223544,0.03192774386916717,0.03138534065666317,10,0.000401529165057636,1000,1000.0,1000,10,0.0,9555.111318588257,9532.058007526397,9480.29566001892,10,21.617301613580793,-95.07921449105172,-103.19990363415414,-110.92557919784275,10,4.0423580277958004,9965.24944459636,9949.367400139445,9908.36338442047,10,15.957544955612804,-14.931611578091292,-15.88453898087055,-17.111254637015232,10,0.6422785981590556,-292.0809116666667,-296.4415068333333,-299.6264083333333,10,2.8694727685997936,0.0,0.0,0.0,10,0.0,-1.7048363411675607,-1.7834415219450919,-1.8784463876262698,10,0.054680034590403694,0.0,0.0,0.0,10,0.0,4.361607,-0.58489466,-4.8088503,1000,0.882447,0.10732249970118131,0.10735340285556394,8.886316620772897,3.090315438263264e-05,0.9999651550856612,3080.073890149579,1000,721.0275229357799,24,218,190.92269720153283,9474.975790977478,6809.9465702279995,213.66326427459717,218,1802.744763565928,318570.0,159.9366226196289,200000.0,358.0,16855.890765428543,71600000.0,1250.4953319894237,358000.0
2.522998e-08,3.513976e-10,718.5239,-0.00035463527,1.02742044e-10,0.013288066,9.628085,29.521698,29.514791,0.71237856,67.74362,1.4803878,68.56923,0.9999999,-0.6309598,-1.0,10000,0.6258245,0.03316904399792838,0.03233546738334407,0.03172326391439128,10,0.0004642220760751333,1000,1000.0,1000,10,0.0,9573.663990020752,9554.822508335114,9531.355370521545,10,13.786595998409444,-90.98221015630139,-96.2700537238135,-101.52259721312585,10,3.1707634411593206,9984.81160598395,9964.50191986616,9942.777619820277,10,11.99669880626203,-15.157092140799692,-16.558981429760667,-18.021850684975178,10,0.7580898261888408,-291.8176966666666,-295.1517533333332,-300.0650999999999,10,2.5855282524464536,0.0,0.0,0.0,10,0.0,-1.6150343403695175,-1.6986223136033562,-1.7873981508205006,10,0.04744604584917873,0.0,0.0,0.0,10,0.0,4.627867,-0.5837152,-4.845972,1000,0.8858262,0.10735340285556394,0.10738430600994657,8.874137840134024,3.090315438263264e-05,0.999972124068529,4090.9801938533665,1000,439.6522988505747,38,348,184.38162361498826,9446.039823532104,4144.092355820725,354.7877006530762,348,1735.493746122272,318918.0,163.1909749507904,200000.0,359.0,17019.081740379333,71800000.0,1225.5579701041017,359000.0
2.522998e-08,3.5381117e-10,713.28723,-0.0001339992,1.0032851e-10,0.012973169,9.631835,29.518232,29.511389,0.70343715,64.65775,1.3552666,65.51065,0.9999995,-0.622439,-1.0,10000,0.633719,0.03410828530443541,0.033283094909733336,0.03263069290183194,10,0.000415085877670224,1000,1000.0,1000,10,0.0,9583.901121139526,9570.529334735871,9561.781272888184,10,8.028297494927909,-88.05507770251396,-93.00783004413908,-100.65098461479258,10,4.324672173941404,9991.444467283893,9982.01456223256,9969.75668390666,10,6.514464845617201,-16.06880800968398,-17.7795111463131,-19.07809489128179,10,0.838401644991565,-294.8008,-299.0297876666666,-302.0830816666666,10,2.264193048316445,0.0,0.0,0.0,10,0.0,-1.6377197694201029,-1.6681024706004723,-1.6924464885087678,10,0.019038624182302236,0.0,0.0,0.0,10,0.0,4.5647655,-0.5762201,-4.884592,1000,0.8925783,0.10741520916432919,0.10744611231871183,8.889646465613549,3.090315438263264e-05,0.9999818620605895,4075.271961132042,1000,560.3463114754098,23,488,298.1065880775654,9444.660970687866,5282.357768936357,209.18228721618652,488,2814.469058648542,319406.0,163.22619581222534,200000.0,360.0,17182.30793619156,72000000.0,1225.2935198592697,360000.0
2.522998e-08,3.5110617e-10,707.7849,-0.000378749,1.0303351e-10,0.013118876,9.624907,29.502525,29.495516,0.67735153,62.752808,1.2921256,63.672543,0.9999998,-0.61408883,-1.0,10000,0.6425615,0.0348837068311841,0.0341882404308446,0.033458943394056403,10,0.0004845529147823543,1000,1000.0,1000,10,0.0,9573.14282989502,9565.391887283326,9548.739018440247,10,6.873838629479229,-100.06408615615956,-106.52064768143399,-115.52208478570283,10,4.997836069680405,9998.864014373481,9993.028358501735,9978.345552073186,10,5.858321626451109,-18.43867766651794,-20.305406750190038,-21.936779414512827,10,0.8802909553770507,-292.0809116666666,-299.23158583333327,-304.5397549999999,10,4.4422378257657416,0.0,0.0,0.0,10,0.0,-1.4886368912351964,-1.5788309096511104,-1.6450606540146957,10,0.051208597160598314,0.0,0.0,0.0,10,0.0,4.8341513,-0.5645686,-5.2877965,1000,0.90177155,0.1075079186274771,0.10753882178185971,8.850777468631351,3.090315438263264e-05,0.9999907133750218,4052.4785091854615,1000,287.8581661891117,22,698,241.66544564657931,9424.928297996521,2703.6987449518247,194.79896879196167,698,2274.689820065546,320104.0,171.0969672203064,200000.0,361.0,17353.404903411865,72200000.0,1168.927791352828,361000.0
2.522998e-08,3.4981712e-10,703.077,0.00019630647,1.04322564e-10,0.012459081,9.581866,29.374708,29.36772,0.6352345,63.12846,1.208159,64.15975,0.99999994,-0.60135376,-1.0,10000,0.6555793,0.0370696713472571,0.03576177279727126,0.034901696303029896,10,0.0006602664670513276,1000,1000.0,1000,10,0.0,9571.425609588623,9557.216349887847,9537.466878890991,10,8.707812517561342,-93.36162504363847,-109.34644151982975,-120.49120905603334,10,6.538863249348972,9999.664352909396,9997.776470129636,9994.868010737271,10,1.6419895509209625,-20.250958521630785,-21.175268019669158,-21.953186076941698,10,0.5947047779402386,-298.5735483333333,-308.4616585,-317.52502833333324,10,5.051328335230756,0.0,0.0,0.0,10,0.0,-1.4961732330947597,-1.5767592310963365,-1.638273826900955,10,0.043603664519580976,0.0,0.0,0.0,10,0.0,5.152539,-0.5603742,-4.838557,1000,0.9036912,0.10758517651343366,0.1076160796678163,8.76917142818821,3.090315438263264e-05,0.9999947385941108,4016.457075997946,1000,379.98566308243727,29,558,305.46735415417305,9432.167400360107,3575.557434729778,264.57979011535645,558,2884.372009944961,320662.0,166.55606722831726,200000.0,362.0,17519.960970640182,72400000.0,1200.7968447395997,362000.0
2.522998e-08,3.486701e-10,696.92206,-3.55855e-05,1.0546957e-10,0.012580183,9.57482,29.335386,29.328327,0.6348846,64.48152,1.2340084,65.45907,0.99999994,-0.6062254,-1.0,10000,0.6558976,0.03660284935105301,0.035561707965235105,0.034496536244798336,10,0.0006260587558580137,1000,1000.0,1000,10,0.0,9574.730264663696,9560.93280992508,9552.197907447815,10,7.788817592771668,-96.59519755670581,-105.06469773023511,-113.28327858797704,10,5.319504959482873,9999.83165500385,9995.792938554163,9986.194915000702,10,4.112967333131723,-19.31148676628971,-21.238895886835163,-21.994311037627746,10,0.7715033195327172,-297.08199666666667,-306.9876545,-317.96371999999997,10,6.024557625676663,0.0,0.0,0.0,10,0.0,-1.5038044717402377,-1.5688874001504765,-1.6382977177990943,10,0.0379302990452629,0.0,0.0,0.0,10,0.0,4.788925,-0.55924034,-4.7868977,1000,0.904143,0.10764698282219892,0.10767788597658157,8.809836275725257,3.090315438263264e-05,0.9999966327002309,3718.9188637541183,1000,223.2880733944954,22,545,152.29125748204493,9353.351808547974,2091.4882922264414,194.88840293884277,545,1429.77345135548,321207.0,163.60193181037903,200000.0,363.0,17683.56290245056,72600000.0,1222.4794523319429,363000.0
2.522998e-08,3.500763e-10,691.4577,0.00023675944,1.0406336e-10,0.012209481,9.570245,29.286488,29.279459,0.6197286,63.19728,1.1925155,64.12908,1.0,-0.6136717,-1.0,10000,0.65180755,0.035354811677752875,0.034912962156775765,0.034578352292635825,10,0.00021359136742446494,1000,1000.0,1000,10,0.0,9592.942050933838,9583.430114173889,9574.576265335083,10,6.153932420337872,-79.8425329211738,-85.26698448681525,-90.65660504038365,10,3.425845987850203,9997.686589758738,9992.397598382555,9980.647140089473,10,4.83407227608081,-18.305834890301306,-20.007774034096695,-20.562252615479608,10,0.6149098762812851,-299.01223999999996,-302.11817699999995,-307.96155,10,2.972556087584187,0.0,0.0,0.0,10,0.0,-1.5311505335724396,-1.5745515249332978,-1.6230077271181353,10,0.03233881918959442,0.0,0.0,0.0,10,0.0,4.4148417,-0.57219875,-4.4869585,1000,0.88954926,0.10769333755377287,0.1077242407081555,8.882878193338735,3.090315438263264e-05,0.9999976054757197,4189.025166074007,1000,756.5181818181818,144,220,187.34240561642406,9468.06900024414,7146.058896314014,1346.822151184082,220,1767.2797624504312,321427.0,164.41468048095703,200000.0,364.0,17847.97758293152,72800000.0,1216.4363876446214,364000.0
2.522998e-08,3.5007344e-10,687.03217,-0.00019679364,1.04066186e-10,0.012563372,9.585974,29.308949,29.301807,0.6177716,60.469833,1.1948522,61.336952,0.99999994,-0.6212262,-1.0,10000,0.64769375,0.034827199572449896,0.034455634448651115,0.03403476320129994,10,0.0002581050755436942,1000,1000.0,1000,10,0.0,9590.544680595398,9578.082073020934,9560.62450504303,10,8.220842889818881,-76.41416951991731,-84.25597336596472,-90.25179737494827,10,3.8912254572834817,9988.98527247047,9983.696066631108,9968.407253779355,10,6.349694064479184,-18.713071063215487,-19.511248654900914,-19.962709615319454,10,0.42466378940549765,-296.38009,-300.223029,-304.27653999999995,10,2.534650964529998,0.0,0.0,0.0,10,0.0,-1.5314718140300818,-1.6237432392881446,-1.7276007036152685,10,0.06173433072126877,0.0,0.0,0.0,10,0.0,4.9961214,-0.55753887,-5.421749,1000,0.9097424,0.10775514386253815,0.10778604701692075,8.971110387095239,3.090315438263264e-05,0.9999984419628684,4535.257195720817,1000,376.206329113924,20,790,261.9380093064693,9429.76843547821,3540.874153717409,170.9773736000061,790,2476.08144251842,322217.0,165.87989854812622,200000.0,365.0,18013.857481479645,73000000.0,1205.6915982618268,365000.0
2.522998e-08,3.50768e-10,686.5323,-0.00022154798,1.0337163e-10,0.012579127,9.623357,29.379784,29.372713,0.64589965,55.715755,1.149417,56.559788,1.0,-0.626943,-1.0,10000,0.64552253,0.03559486354513501,0.034219937912138995,0.033570012857657275,10,0.0005326030394858649,1000,1000.0,1000,10,0.0,9589.939826011658,9575.010095262527,9521.02186870575,10,20.487386471650897,-81.83250796114588,-83.77346311393595,-86.68560861275495,10,1.3003131585508916,9990.896462948702,9977.993692907561,9933.80918496969,10,17.201880904685158,-18.29180631902729,-19.06774076983343,-20.391272476697367,10,0.5489931507135519,-295.23949166666665,-298.5033576666666,-307.3473816666666,10,3.554388065585968,0.0,0.0,0.0,10,0.0,-1.5763711727133796,-1.6390391612376694,-1.716322961366253,10,0.04230675324408363,0.0,0.0,0.0,10,0.0,4.929606,-0.5799904,-4.9425673,1000,0.8914679,0.10784785332568603,0.10787875648006866,9.037959754631062,3.090315438263264e-05,0.9999992022849886,3728.6756546718584,740,288.0783333333333,24,600,185.17163802957396,6944.161650657654,2703.7228664372365,219.8796043395996,600,1748.9346913666946,322817.0,171.78984928131104,200000.0,366.0,18185.647330760956,73200000.0,1164.2131408619725,366000.0
2.522998e-08,3.4993514e-10,682.8442,-3.4835537e-06,1.04204534e-10,0.012294678,9.590066,29.296284,29.28909,0.5957426,53.860832,1.0250939,54.87057,0.9999998,-0.6273642,-1.0,10000,0.63958246,0.03430592872934358,0.03374113616780669,0.032567718574238826,10,0.0004995313917997629,1000,1000.0,1000,10,0.0,9582.214290618896,9570.826101875306,9549.829765319824,10,8.652177439930588,-83.96504086508283,-86.06270709571416,-90.1395790960536,10,1.78549166108238,9991.152336479303,9976.76625097889,9956.617613053919,10,10.874046618910121,-18.98305430247714,-20.06577828517541,-21.74662582313926,10,0.8199076818166191,-291.5544816666666,-298.1348566666667,-303.3991566666666,10,3.4571575463559734,0.0,0.0,0.0,10,0.0,-1.6442220455973446,-1.6768065578487679,-1.7259663600723525,10,0.02327940229345049,0.0,0.0,0.0,10,0.0,5.2128386,-0.5874357,-5.416251,1000,0.8805257,0.10790965963445129,0.10794056278883392,8.922570774415721,3.090315438263264e-05,0.9999994978318616,3959.822879898991,1000,563.3802281368821,26,263,290.3060662138432,9482.974780082703,5319.182117940808,236.61572933197021,263,2741.1112807700383,323080.0,165.9365210533142,200000.0,367.0,18351.58385181427,73400000.0,1205.2801802186839,367000.0
2.522998e-08,3.478343e-10,675.0807,0.0005293056,1.06305395e-10,0.011622147,9.544114,29.18155,29.174437,0.5636093,56.52419,0.93482405,57.697113,1.0,-0.6157734,-1.0,10000,0.6489697,0.03564980876322079,0.034817306932757495,0.03392803766728321,10,0.000553267218291201,1000,1000.0,1000,10,0.0,9571.371562957764,9562.30364894867,9550.093192100525,10,6.986380057923819,-97.31788483859482,-101.35471806372223,-105.86882049809404,10,3.155949492523598,9993.522337237711,9991.087002403021,9984.480233117176,10,2.4904256289229356,-21.052015841519818,-22.103594381862777,-22.979451306035074,10,0.6406930876587045,-299.3631933333333,-303.68869316666667,-309.36536333333333,10,3.5377266695493588,0.0,0.0,0.0,10,0.0,-1.569537882837728,-1.6363473937236688,-1.721745064846608,10,0.038375788615608225,0.0,0.0,0.0,10,0.0,4.810249,-0.5811796,-4.807679,1000,0.8920163,0.10798691752040787,0.1080178206747905,8.747923955289966,3.090315438263264e-05,0.9999997035199311,4068.4610911976756,1000,338.4135723431498,23,781,268.3281320478975,9438.53598690033,3189.1273518310772,210.59665536880493,781,2538.3090068501756,323861.0,165.39255809783936,200000.0,368.0,18516.97640991211,73600000.0,1209.2442507702694,368000.0
2.522998e-08,3.48668e-10,668.3316,0.00019393764,1.0547162e-10,0.011836033,9.541775,29.181108,29.174196,0.58168525,60.836597,0.96865284,62.01487,1.0,-0.6020802,-1.0,10000,0.66797763,0.03868314717370958,0.037155720074882256,0.03619684480396972,10,0.0006928674734763157,1000,1000.0,1000,10,0.0,9534.240777015686,9522.448516750335,9501.269421577454,10,9.19998052708731,-112.62433481995274,-124.52520296827102,-143.48776388068757,10,9.282395933092698,9998.741674231997,9989.729929041616,9975.040833714878,10,7.527778891714457,-20.659771084546293,-22.111753952435908,-23.612359157082246,10,0.8109807230770669,-312.962635,-319.02535383333327,-328.75553499999995,10,3.9842188735087523,0.0,0.0,0.0,10,0.0,-1.567580906322403,-1.6190990858822232,-1.6636194927547532,10,0.023589519695316107,0.0,0.0,0.0,10,0.0,4.7175922,-0.58103305,-4.748824,1000,0.88891566,0.10809507856074707,0.1081259817151297,8.675790319310163,3.090315438263264e-05,0.9999998661656294,3992.979010989182,1000,453.0633147113594,27,537,395.406265974479,9486.152181625366,4274.792265962178,246.01046657562256,537,3744.2323107797265,324398.0,166.24339270591736,200000.0,369.0,18683.219802618027,73800000.0,1203.0553319721867,369000.0
2.522998e-08,3.5006034e-10,666.62024,-0.00028989572,1.0407932e-10,0.012289058,9.597347,29.299437,29.29244,0.6710025,62.967754,1.2622405,63.95496,1.0,-0.60580295,-1.0,9031,0.66850895,0.043725889144444675,0.037784686297139825,0.03613780073360249,10,0.0020961664362586733,1000,903.1,31,10,290.7,9535.49823474884,8597.551626729964,293.54380893707275,10,2768.0276747520356,-5.302969444562076,-111.22960744329495,-140.23365616278772,10,36.222004913276905,9997.891950008667,9016.703831219067,310.0,10,2902.269786439112,-0.2274281773946147,-18.949172482007366,-21.89978219245956,10,6.264743482556054,-10.879553333333334,-287.5185183333333,-327.35172166666666,10,92.31913987185331,0.0,0.0,0.0,10,0.0,-0.046237403501290825,-1.4549093350911788,-1.669333996673599,10,0.4708399477156005,0.03225806451612903,0.0032258064516129032,0.0,10,0.009677419354838708,4.7595067,-0.5528848,-5.0871625,1000,0.9203712,0.10823414275546893,0.10826504590985155,8.7750105015599,3.090315438263264e-05,0.9999999481964625,2248.7251560007144,400,130.00706090026478,20,1133,82.630441656576,3674.2371301651,1204.215226841257,183.41455125808716,1133,772.722446173611,325531.0,163.45603942871094,200000.0,370.0,18846.675842046738,74000000.0,1223.5705740761398,370000.0
2.522998e-08,3.506722e-10,667.7791,-0.00026619656,1.0346742e-10,0.012286221,9.58584,29.251167,29.244179,0.69699025,63.267593,1.429989,64.229836,1.0,-0.61023074,-1.0,10000,0.6542166,0.03616345820079732,0.035490587754172166,0.03482524891469802,10,0.0004864276595413387,1000,1000.0,1000,10,0.0,9571.011447906494,9557.704340744018,9538.23060798645,10,10.203360687096412,-72.28611451541516,-77.70716719759903,-85.19651921139689,10,3.751644260333839,9983.976949618607,9968.618867775016,9952.685642504825,10,11.234786726753214,-17.80750111469459,-18.578740185917002,-20.26723995453824,10,0.7061099046059517,-307.96154999999993,-312.9275396666666,-317.96371999999997,10,3.3947365994085237,0.0,0.0,0.0,10,0.0,-1.638575811621695,-1.701078042637885,-1.7758650301555754,10,0.03804883049053302,0.0,0.0,0.0,10,0.0,5.0584836,-0.5662292,-4.732091,1000,0.901807,0.10837320695019075,0.10840411010457336,8.792582629843308,3.090315438263264e-05,0.999999982037055,2356.4529474464753,1000,420.63825757575756,31,528,212.51810933173118,9454.287227153778,3957.7988389541933,272.92207765579224,528,2000.65798588706,326059.0,171.07032251358032,200000.0,371.0,19017.746164560318,74200000.0,1169.109855300139,371000.0
2.522998e-08,3.5041808e-10,671.33575,-0.00057148567,1.0372156e-10,0.012655527,9.632797,29.357464,29.350252,0.74851066,60.77867,1.4668103,61.589,1.0,-0.6106865,-1.0,10000,0.65437067,0.03615735850801866,0.03555703699486621,0.034972422421342346,10,0.0003497613586028885,1000,1000.0,1000,10,0.0,9573.636308670044,9561.896398544312,9538.947971343994,10,11.296450839885525,-70.25309588490607,-74.86606684175874,-78.4006012551902,10,2.445503412811418,9982.790793677115,9969.542414742336,9949.776976626294,10,10.028026565510082,-17.98263124428356,-18.838224060725526,-19.563803548959363,10,0.5268560847794541,-307.61059666666665,-312.2607283333333,-316.91085999999996,10,2.45165458788051,0.0,0.0,0.0,10,0.0,-1.6146165095350749,-1.6809932714965594,-1.7589759017187683,10,0.051911356480274756,0.0,0.0,0.0,10,0.0,5.335468,-0.5784905,-5.0125847,1000,0.89133376,0.10846591641333864,0.10849681956772128,8.932237903657265,3.090315438263264e-05,0.9999999908029723,2209.640883546839,1000,205.29345794392523,16,535,175.60913973139753,9317.17021560669,1920.6204426706395,149.1025676727295,535,1647.3817342392592,326594.0,162.8443579673767,200000.0,372.0,19180.590522527695,74400000.0,1228.1665910713764,372000.0
2.522998e-08,3.4803554e-10,673.49384,-0.00013278495,1.06104105e-10,0.012255673,9.603811,29.291702,29.284363,0.7021486,58.188793,1.3296615,59.063137,1.0,-0.60971624,-1.0,10000,0.6546716,0.036268541113167886,0.03563076693916228,0.03472206638321222,10,0.0004809405716423247,1000,1000.0,1000,10,0.0,9584.254413604736,9575.19388809204,9555.181185722351,10,7.790096187820864,-71.82828636422275,-74.72219297361042,-78.69859891750481,10,2.062961928586124,9991.302108335634,9982.278436671657,9962.14392358889,10,7.770148944258852,-18.50018833341192,-19.5023924652766,-20.371209818253114,10,0.5390701885914814,-305.4171383333333,-311.22541599999994,-314.9806166666666,10,3.0937685918043454,0.0,0.0,0.0,10,0.0,-1.5937085325559157,-1.6345492069111933,-1.6682622341553914,10,0.0213591771656187,0.0,0.0,0.0,10,0.0,5.9275484,-0.5788957,-5.225813,1000,0.8861942,0.10855862587648653,0.10858952903086916,8.931645175020716,3.090315438263264e-05,0.9999999952911218,3167.3419202711834,1000,476.1337099811676,22,531,404.856533391911,9501.115993499756,4492.132064521649,196.43370485305786,531,3834.88602129048,327125.0,165.04177856445312,200000.0,373.0,19345.632301092148,74600000.0,1211.8143765755335,373000.0
2.522998e-08,3.4704517e-10,673.189,-5.993247e-06,1.070945e-10,0.012123396,9.584529,29.255615,29.248167,0.65807176,56.368908,1.141945,57.294205,1.0,-0.6120319,-1.0,10000,0.6554985,0.03638028061533987,0.03564242445526179,0.03482951891688572,10,0.0004555632368894677,1000,1000.0,1000,10,0.0,9594.192549705505,9574.142488241196,9534.141924381256,10,16.556165522658336,-74.44654596828394,-81.401465400673,-87.39932687047454,10,4.239075073325832,9996.8667624401,9984.672334673507,9943.957980711764,10,16.06482934154669,-19.904584032883477,-20.360585831984018,-21.070685138429106,10,0.3141782730918698,-301.55665166666665,-307.20700033333327,-311.0323916666666,10,3.355047786936442,0.0,0.0,0.0,10,0.0,-1.4602569278338633,-1.560794297038421,-1.600379014044604,10,0.039530619138700936,0.0,0.0,0.0,10,0.0,4.3392377,-0.58226913,-4.7032976,1000,0.88356876,0.1086513353396344,0.10868223849401705,8.927833571254775,3.090315438263264e-05,0.9999999975890543,3380.381667004733,1000,462.2383512544803,26,558,398.88484180751334,9513.20725440979,4370.3678786699065,246.1829490661621,558,3787.4126890237685,327683.0,167.3215491771698,200000.0,374.0,19512.953850269318,74800000.0,1195.3033006419773,374000.0
2.522998e-08,3.4517658e-10,667.0622,0.0010617911,1.08963075e-10,0.01094533,9.500372,29.032364,29.024918,0.5544563,57.81849,0.8939229,58.966614,1.0,-0.6020651,-1.0,10000,0.66246676,0.03710314553741773,0.036375333221214536,0.03543468387609755,10,0.0004791637602287084,1000,1000.0,1000,10,0.0,9577.851510047913,9571.328152751923,9559.779651641846,10,5.350512361153782,-86.66748109859874,-88.56064720279049,-93.35047653128109,10,1.923934012453584,9997.963329829192,9992.236099905767,9985.012588611384,10,4.249603875138217,-19.901473308574836,-20.93425358050803,-21.383194607853675,10,0.4185729529849888,-306.7332133333333,-309.89179333333334,-315.33156999999994,10,2.9451864890648163,0.0,0.0,0.0,10,0.0,-1.459609249921701,-1.5212561719882942,-1.5772797199722173,10,0.040105528702978344,0.0,0.0,0.0,10,0.0,4.624174,-0.5807077,-4.5449944,1000,0.8855057,0.10871314164839968,0.10874404480278231,8.763391840674407,3.090315438263264e-05,0.9999999984822899,4061.529318601082,1000,561.9248554913295,42,346,288.79682662741607,9505.163162231445,5313.219910409926,393.4041123390198,346,2734.6287804491817,328029.0,162.16034722328186,200000.0,375.0,19675.1141974926,75000000.0,1233.347137106311,375000.0
2.522998e-08,3.4369524e-10,655.84766,0.0009432394,1.104444e-10,0.010862019,9.473364,28.946287,28.938875,0.53163564,62.309467,0.8735861,63.490852,1.0,-0.5977888,-1.0,10000,0.6688846,0.038098092135347546,0.03705034759433911,0.0356272443994967,10,0.000761544618788933,1000,1000.0,1000,10,0.0,9570.094692230225,9557.174898815156,9546.259689331055,10,8.940328377156186,-84.28800803018912,-93.57187806882268,-99.88329702009683,10,4.706288395817777,9998.228304500566,9986.02414531122,9974.553294825593,10,7.7197185451437775,-20.473043425067146,-21.064692702711632,-22.145978187577608,10,0.483389712818366,-305.50487666666663,-312.72574149999997,-319.01658,10,3.996873526971949,0.0,0.0,0.0,10,0.0,-1.3955155634286696,-1.4869336878459332,-1.539086222094484,10,0.04241291391069359,0.0,0.0,0.0,10,0.0,5.137475,-0.5787929,-4.7631187,1000,0.88807124,0.10874404480278231,0.10877494795716494,8.698631919637505,3.090315438263264e-05,0.9999999987858319,4068.1216754199586,1000,303.8346456692913,26,381,171.3365139262557,9435.79164648056,2858.497163421213,232.24014949798584,381,1615.1467223381783,328410.0,173.80683970451355,200000.0,376.0,19848.921037197113,75200000.0,1150.7027015738681,376000.0
2.522998e-08,3.4191439e-10,644.2868,0.001108332,1.12225264e-10,0.0104888305,9.419912,28.791082,28.783567,0.50310427,67.432434,0.81937796,68.67031,1.0,-0.5960183,-1.0,10000,0.678471,0.0387192033679894,0.03805796111864475,0.037646441205448355,10,0.00031994227792156226,1000,1000.0,1000,10,0.0,9568.971559524536,9549.955110263825,9527.2466878891,10,12.032907230877811,-92.19614341129015,-102.96379512052435,-114.86010169710097,10,8.467251736607613,9996.64440742503,9991.976863306563,9980.448717977939,10,5.253932249932181,-19.83328176369853,-20.907697266162863,-22.058505357780565,10,0.6946049117426094,-311.9975133333333,-316.6827403333333,-319.9817016666666,10,2.494053758559188,0.0,0.0,0.0,10,0.0,-1.4169129243590333,-1.467521373113023,-1.525818221357992,10,0.034391445374954706,0.0,0.0,0.0,10,0.0,4.7874513,-0.5739202,-4.804535,1000,0.89446694,0.10879039953435626,0.10882130268873888,8.626667632400753,3.090315438263264e-05,0.9999999991257991,5330.5710410939355,1000,656.2084432717678,31,379,258.871258704138,9462.695683956146,6198.789145348412,290.7207508087158,379,2446.0590409222273,328789.0,165.3851535320282,200000.0,377.0,20014.30619072914,75400000.0,1209.2983906277195,377000.0
2.522998e-08,3.42432e-10,633.9303,0.0010429446,1.11707664e-10,0.0103678005,9.412643,28.738039,28.730503,0.5187072,71.06707,0.8508268,72.22974,1.0,-0.5986791,-1.0,10000,0.6864805,0.03977671614718565,0.03870827642357472,0.0376689604450803,10,0.0005809876625638594,1000,1000.0,1000,10,0.0,9562.731746673584,9540.151529884339,9522.47449016571,10,13.882468646684233,-91.58458459905867,-111.43316755413404,-132.2499769671354,10,11.371307254603169,9997.919577395238,9992.156088190659,9983.31542438829,10,4.387567625641851,-19.56022077895374,-20.711744533193997,-21.53971584171125,10,0.613576249777768,-311.12012999999996,-318.40241166666664,-325.8601699999999,10,4.320077302084728,0.0,0.0,0.0,10,0.0,-1.401994206038739,-1.4572318376612574,-1.563140848845332,10,0.04679653556041974,0.0,0.0,0.0,10,0.0,4.3863072,-0.58381957,-4.286751,1000,0.8870589,0.1088367542659302,0.10886765742031283,8.67205934888937,3.090315438263264e-05,0.9999999993783459,6392.222120233231,1000,886.2882882882883,71,222,254.26231001717153,9501.0134973526,8382.466384690088,653.661455154419,222,2407.3635848144586,329011.0,163.004239320755,200000.0,378.0,20177.310430049896,75600000.0,1226.961954078052,378000.0
2.522998e-08,3.4207612e-10,623.7189,0.0011649095,1.1206356e-10,0.0100620305,9.392494,28.664806,28.657171,0.5201978,72.96164,0.9051823,74.080826,1.0,-0.6129326,-1.0,10000,0.674797,0.037784620987236846,0.037057359507436924,0.03632492043239472,10,0.0004418650844608475,1000,1000.0,1000,10,0.0,9583.654344558716,9569.873856258393,9558.180106163025,10,6.770471838762346,-74.10937685081505,-81.39284115961605,-87.92439771676572,10,4.606992787620036,9988.047405039248,9981.722484890463,9975.136803124025,10,4.140418237860592,-17.51506847183005,-18.554086906578153,-19.563552718556622,10,0.5967807342560023,-306.90869,-310.38312799999994,-315.5070466666666,10,2.623420182183694,0.0,0.0,0.0,10,0.0,-1.4504767866376191,-1.5185725750706864,-1.5770917737454349,10,0.033972026827511735,0.0,0.0,0.0,10,0.0,4.6704054,-0.58198404,-4.5847983,1000,0.8952196,0.10886765742031283,0.10889856057469546,8.708607037099178,3.090315438263264e-05,0.9999999995026767,6862.899416309876,1000,762.2764505119454,28,293,303.10787572408555,9495.966746330261,7203.006941549607,171.68760514259338,293,2870.362375603948,329304.0,162.93577003479004,200000.0,379.0,20340.246200084686,75800000.0,1227.4775511681444,379000.0
2.522998e-08,3.3794795e-10,614.0105,0.00095019594,1.1619169e-10,0.010101993,9.369339,28.604063,28.596115,0.522348,73.51711,0.93865347,74.62463,1.0,-0.6199084,-1.0,10000,0.6664817,0.036323284336293,0.0359484534755582,0.03559115075024601,10,0.00023574900317387744,1000,1000.0,1000,10,0.0,9591.555380821228,9578.610198497772,9554.945021629333,10,9.573145694432421,-67.51551256694401,-71.21932908510198,-75.12600999778998,10,2.255922855613575,9985.166462573812,9976.875815507166,9955.47004148114,10,8.026303565612027,-17.797743610518943,-18.49166634255868,-19.456225226736727,10,0.4270218698354277,-304.1888016666666,-306.9613329999999,-309.71631666666667,10,1.4708671503071618,0.0,0.0,0.0,10,0.0,-1.5545261054674515,-1.5932901407463658,-1.64566179172978,10,0.029565289609003124,0.0,0.0,0.0,10,0.0,4.9494405,-0.5823394,-4.776284,1000,0.89745116,0.10891401215188679,0.1089449153062694,8.72581589774816,3.090315438263264e-05,0.9999999996419272,6768.340028454506,1000,595.0533333333333,27,375,410.1012653262877,9491.643869400024,5617.973556729635,251.20891571044922,375,3884.85569769507,329679.0,163.40951895713806,200000.0,380.0,20503.655719041824,76000000.0,1223.9189080071862,380000.0
2.522998e-08,3.345221e-10,606.6439,0.0009742299,1.1961755e-10,0.00994536,9.369493,28.601683,28.593328,0.53242934,72.874535,1.0343455,73.939476,1.0,-0.61787224,-1.0,10000,0.66718346,0.036456809646086184,0.036069551826445966,0.035566266348309,10,0.0002788539818686745,1000,1000.0,1000,10,0.0,9601.187217712402,9586.23454732895,9570.79106426239,10,8.193821806275347,-66.85599743739323,-71.42392454835631,-74.60584467603547,10,2.7435734072705715,9991.993397555723,9985.498448455712,9972.121181265575,10,5.396355879460688,-17.79073466282649,-18.419959232360334,-19.07815195313028,10,0.44866116346180407,-303.1359416666666,-307.8211686666666,-312.6994199999999,10,2.350404982610171,0.0,0.0,0.0,10,0.0,-1.562461390855337,-1.5988451148088831,-1.65325808337925,10,0.026585910986835624,0.0,0.0,0.0,10,0.0,4.946996,-0.58292896,-5.0698433,1000,0.894864,0.10897581846065205,0.10900672161503466,8.768088382752557,3.090315438263264e-05,0.9999999997708334,5394.612924378487,1000,457.4581005586592,26,358,230.85272380462015,9463.575428009033,4301.277690900584,141.73435728996992,358,2178.3561240456593,330037.0,171.79751062393188,200000.0,381.0,20675.453229665756,76200000.0,1164.1612225558024,381000.0
2.522998e-08,3.317967e-10,600.07007,0.0007295883,1.2234294e-10,0.010071673,9.370513,28.595219,28.586765,0.5287158,72.06075,1.0415329,73.13851,1.0,-0.6172813,-1.0,10000,0.66615546,0.03653022118778608,0.03592708599079633,0.035341854601210795,10,0.0004054389012291184,1000,1000.0,1000,10,0.0,9594.905117034912,9585.562106704712,9579.051769256592,10,5.027649018310024,-68.1429219163698,-72.94437188498443,-76.80285323032355,10,2.689355588406698,9989.375419275078,9984.700611999513,9974.070212062881,10,4.384232096528287,-17.97592616832668,-18.586167556357857,-19.484782956166562,10,0.4298357280175167,-300.94248333333326,-306.01375899999994,-309.27762499999994,10,2.4238022261056247,0.0,0.0,0.0,10,0.0,-1.5604244116739723,-1.5942068053588134,-1.639972990903722,10,0.021541746914493495,0.0,0.0,0.0,10,0.0,4.8043013,-0.5857709,-5.329199,1000,0.8879169,0.10902217319222599,0.10905307634660862,8.762296370540312,3.090315438263264e-05,0.9999999998370371,5236.516126344026,1000,575.5991561181435,33,237,279.7573912767479,9504.833642959595,5440.729088263688,309.67648696899414,237,2647.458904421202,330274.0,166.61870074272156,200000.0,382.0,20842.071930408478,76400000.0,1200.3454540725475,382000.0
2.522998e-08,3.3065342e-10,596.24146,0.00036491788,1.2348622e-10,0.010367428,9.420793,28.70275,28.694214,0.5553972,70.854965,1.1281108,71.873726,1.0,-0.6189277,-1.0,10000,0.6646967,0.03631832689196744,0.0356413166358223,0.03503745916798653,10,0.00039323384066763104,1000,1000.0,1000,10,0.0,9597.929368019104,9585.938947677612,9574.967287063599,10,6.508622467218933,-70.05188637854806,-73.9683812979833,-76.95629084216675,10,2.3107576522267426,9991.8197918734,9984.729887981182,9978.680722859695,10,3.863329808050095,-18.451907594138774,-19.04576980203181,-19.577174610514888,10,0.4182198462862437,-297.43294999999995,-304.171254,-310.1550083333333,10,3.597014862378265,0.0,0.0,0.0,10,0.0,-1.5487774675172004,-1.605534539544325,-1.6743091402253136,10,0.03433270462613317,0.0,0.0,0.0,10,0.0,4.67424,-0.5803217,-5.4246345,1000,0.9018252,0.10908397950099125,0.10911488265537388,8.786208699249576,3.090315438263264e-05,0.9999999998939654,5297.349605907807,1000,299.4303097345133,22,904,227.26151462186166,9472.36716556549,2821.880588597692,190.68827724456787,904,2153.7203252850672,331178.0,163.67775988578796,200000.0,383.0,21005.749690294266,76600000.0,1221.9131062128245,383000.0
2.522998e-08,3.3285005e-10,596.692,0.0001899085,1.212896e-10,0.010550548,9.498924,28.87724,28.868608,0.5871277,68.14509,1.1510375,69.07037,1.0,-0.62074286,-1.0,10000,0.661878,0.03619051595240307,0.03531665254128456,0.03481355853231798,10,0.00040336848827893636,1000,1000.0,1000,10,0.0,9598.347290039062,9583.278294181824,9570.82845878601,10,6.785420637694874,-68.89470989162211,-75.33498825841957,-78.397639903755,10,2.8167044793935294,9989.549486079832,9982.228323160252,9970.240717693407,10,5.014294381575287,-18.922231482624106,-19.627119275500895,-20.12847065591862,10,0.4162826394358915,-297.69616499999995,-302.3901658333333,-306.73321333333325,10,3.0480074748949795,0.0,0.0,0.0,10,0.0,-1.546244828283479,-1.5977556388979646,-1.6297118421086372,10,0.026107731015092474,0.0,0.0,0.0,10,0.0,5.026177,-0.5776445,-4.832434,1000,0.899778,0.10917668896413914,0.10920759211852177,8.85536885254426,3.090315438263264e-05,0.9999999999457104,4210.242514837805,821,248.53372434017595,20,682,189.64621996065947,7718.283591747284,2336.3204913782583,181.90899753570557,682,1793.4323909199234,331860.0,164.13357257843018,200000.0,384.0,21169.883262872696,76800000.0,1218.5197510669627,384000.0
2.522998e-08,3.3400355e-10,597.66113,8.249305e-06,1.2013611e-10,0.010749652,9.51075,28.890718,28.882149,0.5767715,65.72251,1.1202443,66.673096,1.0,-0.6147854,-1.0,10000,0.6662277,0.036826269111174044,0.03593190408742812,0.03488316484728421,10,0.0006008694320851778,1000,1000.0,1000,10,0.0,9597.655710220337,9582.939972686767,9568.169322013855,10,10.146037347883423,-68.88614639254423,-75.08072278841635,-84.3974982861893,10,4.990123025574872,9989.021018090485,9985.851393127701,9981.171434372554,10,2.2816583263755525,-19.16672957691319,-20.035081766019456,-21.08210799286032,10,0.5991478149028278,-293.83567833333325,-306.19800949999996,-313.40132666666665,10,5.729716238246176,0.0,0.0,0.0,10,0.0,-1.534523574261297,-1.5976034442378595,-1.6403216521760853,10,0.035679173710597846,0.0,0.0,0.0,10,0.0,4.3103514,-0.5825895,-4.6604285,1000,0.88863325,0.1092384952729044,0.10926939842728703,8.851531700595524,3.090315438263264e-05,0.9999999999658241,4798.974512668687,1000,811.133064516129,54,248,315.57658832728094,9499.87611579895,7682.311580156126,498.94429779052734,248,2993.0217986769353,332108.0,165.95616579055786,200000.0,385.0,21335.839428663254,77000000.0,1205.1375075295882,385000.0
2.522998e-08,3.3595135e-10,597.0573,0.0003964727,1.1818829e-10,0.010350558,9.472027,28.777374,28.768864,0.5269089,65.35929,1.0154245,66.39195,1.0,-0.6175886,-1.0,10000,0.6614385,0.03601920386943675,0.03531027201130346,0.034686630411059016,10,0.0003986380517512205,1000,1000.0,1000,10,0.0,9593.640445709229,9585.732691669464,9578.518291473389,10,4.724132553977414,-67.62631179797688,-73.05905428188456,-76.75426182108578,10,2.536681585019658,9988.538782892148,9982.550368607748,9975.534414461954,10,3.838182057338701,-18.64213653614769,-20.117981764537433,-21.131594313053572,10,0.5947819451199172,-297.6084266666667,-302.0830816666666,-306.4699983333333,10,2.509991152851596,0.0,0.0,0.0,10,0.0,-1.5345010233347,-1.557556903971558,-1.5868719382443675,10,0.015497491270101055,0.0,0.0,0.0,10,0.0,4.704887,-0.5859252,-4.975821,1000,0.8881283,0.10930030158166966,0.10933120473605229,8.794095854206702,3.090315438263264e-05,0.999999999977763,4702.187216068124,1000,468.45054945054943,42,546,239.13830031076634,9495.749074935913,4426.186905097175,387.0214023590088,546,2263.9930850103274,332654.0,170.22570729255676,200000.0,386.0,21506.06513595581,77200000.0,1174.9106711377733,386000.0
2.522998e-08,3.3675784e-10,596.9203,-2.6609143e-05,1.1738183e-10,0.010771174,9.498404,28.82801,28.819626,0.5615698,64.42027,1.0715302,65.37244,1.0,-0.6229591,-1.0,10000,0.6605756,0.03588573196447396,0.03510598272198695,0.03471051965637889,10,0.00041284018091590296,1000,1000.0,1000,10,0.0,9595.933740615845,9581.369391822815,9558.526316642761,10,10.600806840193199,-68.49292788516289,-75.28913413977159,-82.09006653834427,10,4.032140451787054,9988.980200878505,9980.272712076605,9962.257362959639,10,7.111738895211566,-20.163166660466466,-21.315107987726314,-22.315909342515702,10,0.5986081606243718,-297.16973499999995,-300.749459,-308.8389333333333,10,3.844060604968826,0.0,0.0,0.0,10,0.0,-1.4825480253480157,-1.5496196472238584,-1.643040417731958,10,0.04635331622595271,0.0,0.0,0.0,10,0.0,4.923293,-0.58327603,-4.7401013,1000,0.8886046,0.10937755946762623,0.10940846262200887,8.851340612118948,3.090315438263264e-05,0.9999999999874014,3566.3756132509416,1000,175.25063938618925,24,391,156.38055619663422,9433.691875457764,1639.6172351507885,215.86232662200928,391,1470.679674021454,333045.0,161.96367406845093,200000.0,387.0,21668.02881002426,77400000.0,1234.8447956019677,387000.0
2.522998e-08,3.3622474e-10,595.5737,0.0005165871,1.1791494e-10,0.01020374,9.424215,28.64464,28.636265,0.50445217,65.13299,0.9233631,66.228195,1.0,-0.62433183,-1.0,10000,0.6630493,0.03583797896448232,0.03535697079210658,0.03465639612906671,10,0.0003393924686459581,1000,1000.0,1000,10,0.0,9583.214603424072,9570.786629772187,9552.283986091614,10,9.23940040243243,-77.02622082863438,-81.86538896276477,-87.39129030170608,10,3.4579743376252288,9983.620720226416,9977.33326342911,9966.05656737218,10,5.276031349588906,-21.817605988522203,-22.340716809472433,-23.503955998958183,10,0.453149862451725,-294.8008,-300.802102,-305.9435683333333,10,2.7856609947740316,0.0,0.0,0.0,10,0.0,-1.4929146898815873,-1.538426183250706,-1.5946481797459913,10,0.03113619768925583,0.0,0.0,0.0,10,0.0,4.6463695,-0.59128535,-4.582272,1000,0.87990874,0.10943936577639149,0.10947026893077413,8.75440736588656,3.090315438263264e-05,0.9999999999919369,4435.56713635992,1000,720.7114845938376,23,357,311.8585530252375,9510.439270019531,6824.320507734764,202.56459188461304,357,2959.969369552097,333402.0,161.77506613731384,200000.0,388.0,21829.803876161575,77600000.0,1236.2844582628143,388000.0
2.522998e-08,3.3795572e-10,591.3524,0.00068161264,1.1618391e-10,0.009962732,9.366764,28.4904,28.482296,0.47458845,67.993,0.8711797,69.16222,1.0,-0.61706036,-1.0,10000,0.6738531,0.03724404401633365,0.03669798162643856,0.03603974499697506,10,0.0003771427320401464,1000,1000.0,1000,10,0.0,9568.611662864685,9557.828169822693,9539.716087341309,10,8.081266524094913,-88.05016375320358,-93.20675789606221,-101.85144470093965,10,4.260110183194331,9990.188658932439,9983.491907592701,9968.443428081346,10,5.561095044199524,-22.8004404201727,-23.429008863520345,-23.995355809632258,10,0.39216474396822343,-299.7141466666667,-307.5491798333333,-312.87489666666664,10,3.7768371724718524,0.0,0.0,0.0,10,0.0,-1.4314056581006565,-1.4787934029144747,-1.5248538254834507,10,0.031699306540081795,0.0,0.0,0.0,10,0.0,4.903403,-0.5856304,-4.85015,1000,0.8926671,0.10951662366234806,0.1095475268167307,8.68079120352845,3.090315438263264e-05,0.9999999999953366,4397.283832011708,1000,434.5436241610738,22,596,268.40190697422844,9492.000267982483,4099.077645589841,203.3903636932373,596,2541.134777505855,333998.0,164.09026861190796,200000.0,389.0,21993.894144773483,77800000.0,1218.8413224736844,389000.0
2.522998e-08,3.3715375e-10,587.1946,0.00080260943,1.169859e-10,0.009766894,9.346566,28.445414,28.43726,0.47889394,70.56065,0.8780386,71.704346,1.0,-0.6183404,-1.0,10000,0.67748773,0.03753842644071847,0.03707430140547222,0.03625706307300425,10,0.0004153566857825688,1000,1000.0,1000,10,0.0,9579.407697677612,9567.568053340912,9548.639352798462,10,9.695627624881007,-82.96547522246111,-87.35532084921945,-94.89318081303719,10,3.805755864560049,9995.305096909873,9989.45271466759,9975.43422747601,10,5.678489615067122,-21.33288447168504,-22.409577998909583,-23.4852933185539,10,0.600266597037152,-305.06618499999996,-310.6200215,-314.45418666666666,10,3.1166380089603565,0.0,0.0,0.0,10,0.0,-1.4591193788368553,-1.4997428708594007,-1.531137899960691,10,0.01835329554343955,0.0,0.0,0.0,10,0.0,5.1166964,-0.5940235,-3.9569337,1000,0.8823864,0.10957842997111333,0.10960933312549596,8.682870594607397,3.090315438263264e-05,0.9999999999970643,5161.916327384629,1000,883.5471698113207,36,212,260.3061743001546,9505.766324043274,8360.006113016381,334.017165184021,212,2467.853493629593,334210.0,162.13045644760132,200000.0,390.0,22156.024601221085,78000000.0,1233.5745200633398,390000.0
2.522998e-08,3.3627073e-10,582.75336,0.0006580565,1.1786894e-10,0.009831503,9.324628,28.381641,28.373533,0.4747382,72.73272,0.8854359,73.8645,1.0,-0.617951,-1.0,10000,0.6807832,0.03816307932707423,0.037657510493442535,0.03726291652447253,10,0.0002894584857073413,1000,1000.0,1000,10,0.0,9577.972191810608,9564.291770935059,9556.178758621216,10,6.2138839488372115,-74.31409727182768,-80.07734990524838,-88.19937974082899,10,3.4846633002218184,9989.782575169022,9984.9756155602,9974.912230864446,10,4.599599939141255,-19.94501517180303,-20.644441764788432,-21.20673707703781,10,0.40714905936370366,-313.75228,-318.33222099999995,-322.7893283333333,10,3.1876436530862784,0.0,0.0,0.0,10,0.0,-1.5784509210565878,-1.629836890082491,-1.7305823125986501,10,0.04308188972767681,0.0,0.0,0.0,10,0.0,4.5936017,-0.5819831,-4.765827,1000,0.89438045,0.10960933312549596,0.1096402362798786,8.687037627572538,3.090315438263264e-05,0.9999999999976514,4753.238129160816,1000,500.3235294117647,25,238,293.5223932321344,9495.642841339111,4718.646827333114,235.20122528076172,238,2772.6817118656572,334448.0,171.85799503326416,200000.0,391.0,22327.88259625435,78200000.0,1163.7515028689168,391000.0
2.522998e-08,3.335808e-10,574.7458,0.0014510126,1.2055887e-10,0.008894413,9.259591,28.228739,28.220484,0.4424564,74.86198,0.79881006,76.03658,1.0,-0.6149547,-1.0,10000,0.6840064,0.03886366893797822,0.03826080873736064,0.037627756064423014,10,0.00034092411165384794,1000,1000.0,1000,10,0.0,9565.05039691925,9557.092469024657,9536.251032829285,10,7.740345548375191,-77.0168805238232,-80.47507765515022,-85.65027345568178,10,2.7024292589647776,9989.421612202757,9984.651990714945,9971.59989884854,10,5.026829454047085,-19.457800027684854,-20.188654516408082,-20.791511686159133,10,0.4105805943597275,-321.2100383333333,-325.1845848333333,-330.1593483333333,10,3.1279792547503567,0.0,0.0,0.0,10,0.0,-1.6686864652200275,-1.7112060550524937,-1.7484788292639162,10,0.024009131674763543,0.0,0.0,0.0,10,0.0,4.5279484,-0.5736953,-4.9249353,1000,0.9019532,0.10965568785706992,0.10968659101145253,8.672634200670279,3.090315438263264e-05,0.9999999999983091,5817.091425148497,1000,604.0628683693517,21,509,320.19861833419594,9496.909419059753,5707.625007300574,184.23720741271973,509,3038.5816126912778,334957.0,163.96274852752686,200000.0,392.0,22491.845344781876,78400000.0,1219.7892618665333,392000.0
2.522998e-08,3.3130607e-10,569.8877,0.0004930725,1.2283356e-10,0.009764907,9.3293295,28.37091,28.362381,0.4954994,72.536316,0.9612828,73.48691,1.0,-0.61758715,-1.0,10000,0.679889,0.03833825226621411,0.03775940050306671,0.03729615922713128,10,0.0003288805856347701,1000,1000.0,1000,10,0.0,9576.428029060364,9564.955110740662,9550.611269950867,10,7.3223088690777685,-72.39476102528492,-75.8891885376149,-78.09679846695867,10,1.4953747096181869,9991.302987527657,9986.415813174952,9968.142138899311,10,6.596536776133913,-19.921027868375475,-20.74221459097354,-21.742142763677393,10,0.4546910698214242,-317.61276666666663,-323.1227339999999,-329.10648833333323,10,3.2260515407253996,0.0,0.0,0.0,10,0.0,-1.6373506865144534,-1.7065654345519525,-1.7595379693496656,10,0.03753303614930591,0.0,0.0,0.0,10,0.0,4.739969,-0.57336867,-5.455361,1000,0.90043503,0.10970204258864386,0.10973294574302649,8.865606106635386,3.090315438263264e-05,0.9999999999987976,4917.075453407041,1000,186.50737463126845,21,339,192.95363537088892,9448.542687416077,1741.211786386186,187.66675806045532,339,1811.7103408008188,335296.0,167.58720684051514,200000.0,393.0,22659.43255162239,78600000.0,1193.4085170971946,393000.0
2.522998e-08,3.3047393e-10,566.7164,0.0006371699,1.2366572e-10,0.009563725,9.322262,28.340662,28.332176,0.4851142,68.13375,0.95189583,69.05096,1.0,-0.6159275,-1.0,10000,0.6781758,0.03786710573702294,0.03760731339105696,0.037113332333727156,10,0.0001991067976258422,1000,1000.0,1000,10,0.0,9580.741669654846,9574.618668174744,9569.533186912537,10,3.353845720290555,-69.35834231335576,-71.83624395931017,-74.52361042062556,10,1.5079727160323393,9993.165810018207,9990.575199964997,9986.147476913338,10,2.201515827214984,-20.63912923548442,-21.301733649808092,-22.003854219216066,10,0.4057977411496018,-316.4721683333333,-321.13984766666664,-324.01766499999997,10,2.60475001110719,0.0,0.0,0.0,10,0.0,-1.6350817955364425,-1.6787063557651005,-1.7271242432410436,10,0.028798721716343092,0.0,0.0,0.0,10,0.0,5.0595803,-0.57077247,-5.729973,1000,0.9056982,0.10977930047460042,0.10981020362898307,8.956394423971561,3.090315438263264e-05,0.9999999999992901,5020.117872608928,1000,466.15226939970717,29,683,347.91334931208036,9503.532676696777,4401.029587851436,253.8436770439148,683,3299.5978599805294,335979.0,164.45092344284058,200000.0,394.0,22823.88347506523,78800000.0,1216.1683000187925,394000.0
2.522998e-08,3.2991399e-10,565.36237,0.00031279513,1.242257e-10,0.009863728,9.357575,28.403011,28.394558,0.50686306,61.987,0.9631983,62.847027,1.0,-0.62582034,-1.0,10000,0.6700619,0.03704369980590127,0.03645890083639242,0.035901915083333735,10,0.0002847651776223546,1000,1000.0,1000,10,0.0,9593.979496002197,9588.43340806961,9583.012258529663,10,3.631446948276802,-66.72749581712861,-69.2172432928779,-72.90124705035714,10,2.0306144753374253,9992.104073249746,9989.7162494146,9987.893479130591,10,1.3930341862477154,-21.078806256046693,-21.76556673654382,-22.756707445422023,10,0.5466910641776254,-304.6274933333333,-308.7336473333333,-315.7702616666666,10,2.975558617965636,0.0,0.0,0.0,10,0.0,-1.5238495557256375,-1.5663881291519117,-1.6300292501783762,10,0.029784329737132974,0.0,0.0,0.0,10,0.0,4.970175,-0.5801045,-5.2822714,1000,0.8948095,0.10988746151493962,0.10991836466932227,9.06146290635081,3.090315438263264e-05,0.9999999999996795,3750.1884282259175,1000,342.93300248138956,23,403,145.36930971192504,9478.632986545563,3233.9861952956794,217.96632862091064,403,1367.097549220404,336382.0,162.86247849464417,200000.0,395.0,22986.745953559875,79000000.0,1228.0299418787067,395000.0
2.522998e-08,3.302889e-10,565.3382,0.00019040887,1.2385075e-10,0.009985678,9.36109,28.379763,28.371395,0.51133734,56.273438,0.9136544,57.18597,1.0,-0.6310119,-1.0,10000,0.6664754,0.03749779170991678,0.035956381431710906,0.03561355393282429,10,0.0005392619154081439,1000,1000.0,1000,10,0.0,9593.830461502075,9578.865046310424,9552.859357833862,10,10.300648834508594,-70.38992309186546,-77.94040694364833,-94.34880727359356,10,6.3170514961942565,9987.23657440516,9984.350287766438,9979.690829853185,10,2.469124854267847,-21.708922427870462,-22.74689588351499,-23.372786771585204,10,0.40306069938737665,-298.22259499999996,-303.29387066666663,-314.015495,10,4.257940503102821,0.0,0.0,0.0,10,0.0,-1.4515160147659698,-1.5040697421365756,-1.5577634290071227,10,0.03037231754002473,0.0,0.0,0.0,10,0.0,4.4030914,-0.58157,-4.688694,1000,0.8894471,0.1099492678237049,0.10998017097808753,9.072096725009576,3.090315438263264e-05,0.9999999999997983,4001.7696626712004,1000,676.5582191780821,22,292,326.814743773156,9494.800155639648,6407.219503569685,197.46818923950195,292,3099.2499703387293,336674.0,170.43345522880554,200000.0,396.0,23157.17940878868,79200000.0,1173.4785270386124,396000.0
2.522998e-08,3.325424e-10,568.529,-0.00028936405,1.2159725e-10,0.010522885,9.387274,28.417933,28.409616,0.5517412,51.32405,0.9525743,52.228497,1.0,-0.63892454,-1.0,10000,0.658653,0.03566624653215695,0.035039295713207685,0.034556832809277696,10,0.0003434715291720876,1000,1000.0,1000,10,0.0,9581.573398590088,9572.764947032929,9563.14840221405,10,5.411720124194428,-78.6987457774143,-81.75963759776964,-86.1006314801027,10,2.4334261605928025,9981.745653540025,9977.318790946267,9971.110714740254,10,3.0685346748757603,-21.956196587362633,-22.503388636131632,-23.017288135087632,10,0.3489048885454779,-294.97627666666665,-298.78412033333325,-302.43403499999994,10,2.22350472025943,0.0,0.0,0.0,10,0.0,-1.4744258263464696,-1.5067004548201601,-1.5706482629235254,10,0.027995862251419305,0.0,0.0,0.0,10,0.0,5.016573,-0.57729286,-4.8665094,1000,0.9035303,0.11004197728685279,0.11007288044123542,9.111240929114771,3.090315438263264e-05,0.9999999999998916,3974.9379806623656,1000,298.54936974789916,24,952,228.62730138979302,9482.646852970123,2812.0665436730164,216.36831951141357,952,2166.3134086841474,337626.0,163.22854208946228,200000.0,397.0,23320.407950878143,79400000.0,1225.2759072637189,397000.0
2.522998e-08,3.3498515e-10,571.0252,0.00025535183,1.1915448e-10,0.0100231,9.361421,28.330301,28.322132,0.5334412,48.262787,0.93490046,49.27565,0.9999999,-0.637822,-1.0,10000,0.6581419,0.03554752498633752,0.035046976071648535,0.03432359860515862,10,0.00040492028039416114,1000,1000.0,1000,10,0.0,9585.30011844635,9570.105948925018,9553.790397644043,10,9.493080604743819,-77.18171970634023,-81.5518419366146,-86.50964002710613,10,2.869186209401681,9986.75023648374,9974.235743938745,9957.229590318053,10,8.19458824871925,-21.967761362785637,-22.498562383833715,-23.30930681413634,10,0.4032634909178598,-295.4149683333333,-298.5998698333333,-302.08308166666666,10,2.3047141740502153,0.0,0.0,0.0,10,0.0,-1.4394971729830879,-1.4795203663077092,-1.534248397005139,10,0.03175651372239329,0.0,0.0,0.0,10,0.0,4.490877,-0.59439754,-4.7468157,1000,0.8782757,0.11013468675000068,0.11016558990438331,9.03239228419405,3.090315438263264e-05,0.9999999999999472,3306.8565981226666,1000,558.8875968992248,22,258,249.44991994254354,9486.092336654663,5279.468952411829,211.1787338256836,258,2355.966252094598,337884.0,164.05243587493896,200000.0,398.0,23484.460386753082,79600000.0,1219.1224039639662,398000.0
2.522998e-08,3.3526376e-10,575.68,-0.0006203734,1.1887587e-10,0.010982612,9.374661,28.366625,28.35838,0.5393202,47.222286,0.9422496,48.257523,1.0,-0.63003325,-1.0,10000,0.6638951,0.03634064557419333,0.03583246038143988,0.035385402981642985,10,0.0003221285995304945,1000,1000.0,1000,10,0.0,9586.390048980713,9569.13906302452,9540.058565616608,10,12.47667089535792,-75.26813302561379,-79.81222130642853,-83.74433744418575,10,2.1321318546013295,9987.167254016975,9974.084004820439,9952.9839894307,10,9.510515363990837,-21.217352425358094,-22.313378126140048,-23.623715184420465,10,0.8164087084439634,-297.25747333333334,-301.3636273333333,-308.66345666666666,10,3.091279358026855,0.0,0.0,0.0,10,0.0,-1.3596464584921681,-1.4557104756722914,-1.5630244295081785,10,0.05454630121114303,0.0,0.0,0.0,10,0.0,5.304624,-0.57628876,-4.7695866,1000,0.90233505,0.1102428477903399,0.11027375094472253,8.996303274285356,3.090315438263264e-05,0.9999999999999739,2837.030801071125,1000,237.37661141804787,22,1086,165.7260907925021,9483.514771461487,2230.865286486364,208.53394222259521,1086,1565.9001044132062,338970.0,163.50040531158447,200000.0,399.0,23647.960792064667,79800000.0,1223.2385578424582,399000.0
2.522998e-08,3.3764264e-10,582.81836,-0.0003951491,1.16497e-10,0.0108858785,9.389765,28.416172,28.40803,0.5387933,47.026127,0.9203935,48.077824,0.99999994,-0.62263334,-1.0,10000,0.6683945,0.0368749107648764,0.03641866129022382,0.03571869167637488,10,0.00036033429711399906,1000,1000.0,1000,10,0.0,9579.486938476562,9566.264420938493,9549.084545612335,10,10.0400203754083,-79.26706610825845,-81.15069240335,-83.61087575973279,10,1.3183521853681628,9989.179963347195,9976.56821041653,9958.372405553035,10,10.386716064107883,-22.78466849680231,-23.301307134128272,-24.119982722807407,10,0.3740502467159633,-301.381175,-304.39937366666663,-308.04928833333327,10,1.9580396978582333,0.0,0.0,0.0,10,0.0,-1.3838829965732022,-1.4524145428823707,-1.5015779171533772,10,0.03746173046790877,0.0,0.0,0.0,10,0.0,4.7535105,-0.5893319,-4.7812386,1000,0.88435405,0.1103510088306791,0.11038191198506173,8.961395457681652,3.090315438263264e-05,0.9999999999999889,2064.3136617371665,1000,367.20168067226894,30,476,228.1888068986163,9446.176176548004,3460.103627318094,270.1561393737793,476,2156.006625820778,339446.0,165.75968956947327,200000.0,400.0,23813.72048163414,80000000.0,1206.5659661854997,400000.0
2.522998e-08,3.3846595e-10,590.69995,-0.0006279394,1.15673686e-10,0.011260538,9.427055,28.509272,28.501179,0.54563093,47.385593,0.89915025,48.40491,1.0,-0.61111265,-1.0,10000,0.6765389,0.03830541943547723,0.03717852475032705,0.03617573265709507,10,0.0005034929449413154,1000,1000.0,1000,10,0.0,9575.63433265686,9566.283149909974,9531.212941169739,10,12.178734029661124,-79.87489000728351,-81.88859024296173,-83.15628438749297,10,0.9324231704735547,9991.567306050503,9983.996738198894,9958.738102699364,10,8.902559368565862,-22.887271806299086,-23.468727558380902,-24.078428630513358,10,0.38909842753799034,-301.64439,-310.89201033333336,-319.8939633333333,10,4.188565913985678,0.0,0.0,0.0,10,0.0,-1.4216767349272592,-1.464257066805973,-1.5249297258393422,10,0.031084992056663603,0.0,0.0,0.0,10,0.0,4.6092286,-0.5854854,-5.9574227,1000,0.88653487,0.11042826671663568,0.11045916987101831,8.967739321337882,3.090315438263264e-05,0.9999999999999934,3235.429557080647,1000,344.08978328173373,24,646,165.64651831157093,9289.64903497696,3241.0434727916963,221.6091160774231,646,1557.5125167244419,340092.0,172.09991335868835,200000.0,401.0,23985.82039499283,80200000.0,1162.1156344405745,401000.0
2.522998e-08,3.3921044e-10,596.0432,-0.00037114933,1.14929205e-10,0.011099927,9.42698,28.497303,28.489214,0.519035,47.97797,0.83120835,49.03309,1.0,-0.60545397,-1.0,10000,0.677087,0.0376896400233818,0.03737948540355719,0.03697139421703469,10,0.00022389072320192098,1000,1000.0,1000,10,0.0,9575.052658081055,9569.993974685669,9560.756828308105,10,3.9550715824515703,-77.03430886443259,-79.61505237294837,-82.26716082610285,10,1.6729525716951572,9990.432363673366,9986.45546831704,9981.46321785805,10,2.3328631669476456,-22.994539723208113,-23.63344802230905,-24.177216678337636,10,0.3928412982911545,-309.18988666666667,-311.75184599999994,-315.33156999999994,10,1.7629947791630658,0.0,0.0,0.0,10,0.0,-1.4165423531461532,-1.4611491030802233,-1.5150406702247075,10,0.027837227440806984,0.0,0.0,0.0,10,0.0,5.1948414,-0.5765539,-4.7396584,1000,0.8888775,0.11052097617978357,0.11055187933416619,8.934242492512842,3.090315438263264e-05,0.9999999999999967,3823.3090991644913,1000,468.4740406320542,15,443,283.0601418577049,9490.893958091736,4421.535629693326,138.91629600524902,443,2679.912986487992,340535.0,164.7962212562561,200000.0,402.0,24150.616616249084,80400000.0,1213.6200604321045,402000.0
2.522998e-08,3.3819036e-10,600.27075,-0.00038486545,1.159493e-10,0.011189738,9.394252,28.407064,28.398886,0.4807129,49.465916,0.7484378,50.530552,1.0,-0.6001543,-1.0,10000,0.67761475,0.03836363165716466,0.037635613647245915,0.03718727505150309,10,0.000368565129264901,1000,1000.0,1000,10,0.0,9579.417806625366,9562.69677081108,9534.98755311966,10,11.296165088794211,-77.1095137615958,-82.46112000502805,-89.65107571179907,10,3.3890324236818694,9991.693358765486,9984.972691356761,9963.069632578183,10,7.932929748043676,-22.99527551704562,-23.8852194382925,-24.66799862338943,10,0.41808412085316377,-309.80405499999995,-314.4717343333333,-322.70158999999995,10,3.919616140395012,0.0,0.0,0.0,10,0.0,-1.400156600745317,-1.4578487394661932,-1.5501725931619108,10,0.04460135240774805,0.0,0.0,0.0,10,0.0,4.69168,-0.58428836,-4.0301504,1000,0.87736356,0.11056733091135751,0.11059823406574014,8.935782725416637,3.090315438263264e-05,0.9999999999999977,4837.719789078949,1000,940.2254901960785,56,204,195.65963879198665,9503.819160461426,8908.407015739702,531.832841873169,204,1855.9772627362183,340739.0,162.71671271324158,200000.0,403.0,24313.333328962326,80600000.0,1229.1300424220308,403000.0
2.522998e-08,3.380077e-10,603.4552,0.00017245968,1.1613193e-10,0.0106897345,9.363491,28.310854,28.302698,0.45210359,50.007042,0.6665027,51.057354,0.99999994,-0.6036604,-1.0,10000,0.6742983,0.03805010281781142,0.037379434384056366,0.03705067786526342,10,0.0002596957057508179,1000,1000.0,1000,10,0.0,9580.673113822937,9573.617607498169,9564.410024642944,10,4.64178658133518,-79.00290229548875,-80.83553984992238,-83.78078257770599,10,1.627094408155946,9992.14670207982,9989.941601565111,9984.842594962618,10,1.99921932201246,-23.25833934625058,-23.886777619115893,-24.339886655351368,10,0.3084141084767759,-305.76809166666663,-310.19010366666663,-316.12121499999995,10,2.868171350364851,0.0,0.0,0.0,10,0.0,-1.3440627432922059,-1.4115736737450968,-1.4666248889681683,10,0.0372133417405874,0.0,0.0,0.0,10,0.0,5.2254415,-0.57128483,-5.1043477,1000,0.89435035,0.11062913722012276,0.1106600403745054,8.965900319212787,3.090315438263264e-05,0.9999999999999983,3951.4196429850076,1000,255.02195945945945,18,592,122.35089322042646,9491.728969573975,2402.3636240693363,156.21123123168945,592,1156.6532170523305,341331.0,164.7068259716034,200000.0,404.0,24478.04015493393,80800000.0,1214.2787575451268,404000.0
2.522998e-08,3.3588213e-10,600.90906,0.0005943017,1.1825754e-10,0.010222061,9.279061,28.07768,28.069403,0.40262955,50.559658,0.6041082,51.647858,1.0,-0.6108892,-1.0,10000,0.6725635,0.03813426320439612,0.036975578412631875,0.036356603417589214,10,0.000547723941525937,1000,1000.0,1000,10,0.0,9584.168873786926,9571.007721233367,9557.321248054504,10,7.171345922073613,-76.0056873854837,-80.70840606955504,-90.25058764932061,10,4.37227028839356,9991.089795406515,9985.039172555542,9977.676461579247,10,4.332475165407595,-23.071024099476148,-23.743337369572757,-24.87722074045071,10,0.620029174688064,-303.3991566666666,-308.17212199999994,-316.38442999999995,10,4.395016211589611,0.0,0.0,0.0,10,0.0,-1.3711450958627514,-1.4075873383778097,-1.4603629685464798,10,0.02662542986195719,0.0,0.0,0.0,10,0.0,5.9505525,-0.57435024,-4.1517887,1000,0.88570845,0.11069094352888803,0.11072184668327066,8.970281476164024,3.090315438263264e-05,0.999999999999999,4314.3236641931635,1000,842.755364806867,44,233,292.80146825156913,9506.446873664856,7986.273790664427,407.30485820770264,233,2778.035975988582,341564.0,163.4749436378479,200000.0,405.0,24641.515098571777,81000000.0,1223.4290806245353,405000.0
2.522998e-08,3.3247377e-10,595.877,0.000792487,1.2166589e-10,0.009933298,9.233225,27.93224,27.923843,0.39915657,49.681026,0.6100499,50.74303,1.0,-0.6181723,-1.0,10000,0.6725587,0.038022115147367,0.036922596529225124,0.03586112985217187,10,0.0005947885996373971,1000,1000.0,1000,10,0.0,9583.229099273682,9571.100096607208,9553.853068351746,10,9.505551909855162,-78.47560379674002,-84.14228220960943,-93.41302426594957,10,4.13032934565243,9990.785706025674,9987.081392204254,9974.893351645636,10,4.672223228460019,-23.152292866712457,-23.88936762041045,-24.649651276909182,10,0.4541570678642294,-297.25747333333334,-306.55773666666664,-315.33156999999994,10,5.252148840116825,0.0,0.0,0.0,10,0.0,-1.3275193042423465,-1.391906625465176,-1.472477632235626,10,0.047031250371619315,0.0,0.0,0.0,10,0.0,5.0546308,-0.56927717,-4.6874447,1000,0.8966801,0.11073729826046197,0.11076820141484461,9.033226707785305,3.090315438263264e-05,0.9999999999999993,4737.264423163993,1000,419.978672985782,26,422,260.8322298946078,9492.687692642212,3967.3252460306853,241.27981042861938,422,2469.0051331235754,341986.0,168.9778335094452,200000.0,406.0,24810.492932081223,81200000.0,1183.5871951146823,406000.0
2.522998e-08,3.323582e-10,592.9671,0.00060612045,1.2178146e-10,0.010067286,9.211131,27.853292,27.844881,0.42002994,47.19353,0.63448393,48.222717,1.0,-0.6236253,-1.0,10000,0.66766167,0.037726773893271455,0.03635981033743156,0.03525330680386105,10,0.0005962816598936177,1000,1000.0,1000,10,0.0,9591.431330680847,9572.86303768158,9558.668528556824,10,9.970829895449764,-75.3081972565741,-80.40756812998629,-85.8456943047954,10,3.4678267523789823,9991.013215000756,9981.341680899814,9970.492163376977,10,6.223721901369782,-22.11423926660517,-23.12495883106549,-23.847417267359404,10,0.4587759792206747,-297.95937999999995,-303.5219903333333,-314.27871,10,4.425213986220892,0.0,0.0,0.0,10,0.0,-1.374712463012297,-1.4241283153870896,-1.487114060192688,10,0.033625088857909914,0.0,0.0,0.0,10,0.0,5.054507,-0.57345635,-4.6416416,1000,0.89758795,0.11079910456922723,0.11083000772360987,9.100300282946783,3.090315438263264e-05,0.9999999999999996,5276.810389997014,1000,488.24410774410774,22,594,343.38426023293357,9496.515064239502,4613.2642888198,191.00960111618042,594,3254.194278540559,342580.0,166.38518691062927,200000.0,407.0,24976.87811899185,81400000.0,1202.0300828067484,407000.0
2.522998e-08,3.309514e-10,594.2882,-0.00025479274,1.2318825e-10,0.010951981,9.257888,27.944416,27.935844,0.46131998,43.306778,0.73056674,44.26262,1.0,-0.62710077,-1.0,10000,0.66040397,0.036467791225863036,0.035767035986867264,0.03481186881342728,10,0.0005462466308873184,1000,1000.0,1000,10,0.0,9583.179889678955,9575.181217098236,9560.145631790161,10,7.801024347724746,-76.60246314103455,-79.6548957876661,-84.94045444961739,10,2.5151185198734782,9986.079224253739,9979.517505523578,9971.245302976246,10,5.409233435593116,-20.799126969311764,-21.88281492040432,-22.70178818510497,10,0.6740014872253123,-294.0988933333333,-301.3373058333333,-309.1898866666666,10,4.574735932246633,0.0,0.0,0.0,10,0.0,-1.3989333328633755,-1.4612758821920941,-1.5563998905368157,10,0.041858360079402454,0.0,0.0,0.0,10,0.0,5.43544,-0.57798314,-5.4114447,1000,0.89335215,0.11089181403237512,0.11092271718675777,9.186326067289778,3.090315438263264e-05,0.9999999999999998,3892.225540109436,657,164.98348157560355,18,787,125.7455367266935,6070.797342300415,1547.5427264524233,172.52830028533936,787,1186.5734686275155,343367.0,163.11505889892578,200000.0,408.0,25139.993177890778,81600000.0,1226.1283620902836,408000.0
2.522998e-08,3.308309e-10,600.81683,-0.00066181755,1.2330874e-10,0.01147652,9.277271,27.992178,27.983541,0.489808,38.646942,0.719993,39.603527,0.99999994,-0.6249542,-1.0,10000,0.6502688,0.03538286490716564,0.03477982947397104,0.034176996443246024,10,0.0003402961245352255,1000,1000.0,1000,10,0.0,9585.497992515564,9574.751334571838,9563.716796875,10,6.89977274772765,-73.06026067951694,-79.49740215218613,-82.03228478576756,10,2.580401831284107,9984.663064327018,9976.94661290828,9967.004153933205,10,6.131218865292746,-20.984956800077676,-22.053007503394134,-23.237335841941213,10,0.5812676643010767,-294.18663166666664,-299.11752599999994,-303.48689499999995,10,3.1289020006226798,0.0,0.0,0.0,10,0.0,-1.4691053349233696,-1.5273429832418535,-1.583861820499561,10,0.030748351558754185,0.0,0.0,0.0,10,0.0,5.1349735,-0.5699113,-4.8121815,1000,0.898467,0.11101542664990564,0.11104632980428829,9.219724450446193,3.090315438263264e-05,0.9999999999999998,3450.285125663945,1000,297.3502762430939,24,905,282.53281423351206,9506.627570152283,2804.6526986162967,175.31244599819183,905,2676.7367599646927,344272.0,164.72761917114258,200000.0,409.0,25304.72079706192,81800000.0,1214.1254818489876,409000.0
2.522998e-08,3.3107161e-10,609.7586,-0.00097583554,1.2306803e-10,0.011951491,9.349605,28.170753,28.162119,0.52518165,33.783207,0.7583304,34.686283,0.9999999,-0.622947,-1.0,10000,0.64514047,0.03487093870145327,0.034398777559863807,0.03404296121570224,10,0.000285226060229894,1000,1000.0,1000,10,0.0,9588.46970462799,9577.117391872405,9569.418553352356,10,6.009900286893746,-77.42381649478298,-80.45477028075477,-83.23441406033842,10,2.0283968368991476,9986.418285151587,9978.44398465443,9971.905594664993,10,3.9961170598042863,-21.86382722684689,-22.735335893622455,-23.111339242080625,10,0.3687173350687416,-294.1866316666666,-296.59066199999995,-302.3462966666666,10,2.0833743913048557,0.0,0.0,0.0,10,0.0,-1.4838358834898235,-1.5458232387065614,-1.5847260870634658,10,0.030711773307869273,0.0,0.0,0.0,10,0.0,4.408908,-0.5749068,-5.290473,1000,0.8808985,0.11110813611305353,0.11113903926743618,9.294868207252687,3.090315438263264e-05,0.9999999999999998,2528.280456442065,1000,289.4720812182741,19,394,212.69010721669983,9472.012291908264,2729.9375587414365,182.6368808746338,394,2011.5277626415325,344666.0,160.58633470535278,200000.0,410.0,25465.307131767273,82000000.0,1245.435985365531,410000.0
2.522998e-08,3.288103e-10,618.7801,-0.00090016454,1.2532937e-10,0.012038206,9.334668,28.147541,28.138624,0.47697905,31.027702,0.6302,32.063232,0.99999994,-0.6321676,-1.0,10000,0.6353495,0.03377497383362788,0.033268919016644936,0.03273655441649316,10,0.0003044143449528914,1000,1000.0,1000,10,0.0,9584.843167304993,9575.980663013459,9569.417832374573,10,4.954793868642534,-78.67534922583388,-82.03363003375539,-84.84072644379225,10,1.579810964671666,9979.964934568781,9973.868264819974,9967.751047688602,10,4.077844066005564,-21.881755520561235,-22.67359439969683,-23.528947794396878,10,0.49812214077615913,-288.30816333333325,-291.58080316666667,-295.59044499999993,10,2.36732591740982,0.0,0.0,0.0,10,0.0,-1.5648258078737605,-1.5995767455888594,-1.6323056578521022,10,0.0218707067416735,0.0,0.0,0.0,10,0.0,4.4332685,-0.5776765,-4.877481,1000,0.8732977,0.11115449084462749,0.11118539399901012,9.208045769633138,3.090315438263264e-05,0.9999999999999998,4068.0019918995795,1000,715.7167832167833,24,286,318.6541083483386,9508.763642311096,6783.0280958739195,221.5302495956421,286,3023.04935060144,344952.0,168.38731479644775,200000.0,411.0,25633.69444656372,82200000.0,1187.7379257562645,411000.0
2.522998e-08,3.286778e-10,625.5441,-0.0005350012,1.2546185e-10,0.011794796,9.302115,28.075333,28.066551,0.4385288,31.780151,0.56291896,32.950874,1.0,-0.63762337,-1.0,10000,0.63179505,0.03316163654612319,0.032580477704164515,0.03214285609737271,10,0.00031866019396798785,1000,1000.0,1000,10,0.0,9586.234881401062,9569.00665960312,9558.526809692383,10,8.390026396384027,-76.72574364474295,-81.32139926862793,-83.72237087126672,10,2.0879262503548213,9975.883485780307,9962.93539105726,9956.72053465127,10,5.7127864152543415,-21.981813570895802,-23.027187679944667,-23.73289168496694,10,0.6054527297584117,-282.07874166666664,-287.9659838333333,-291.8176966666666,10,2.7049743818975838,0.0,0.0,0.0,10,0.0,-1.5264513850515473,-1.6141623913079286,-1.7068649826517346,10,0.05387926887583273,0.0,0.0,0.0,10,0.0,4.7105913,-0.584939,-4.662065,1000,0.868954,0.11118539399901012,0.11121629715339275,9.081226322291963,3.090315438263264e-05,0.9999999999999998,5155.028861929392,1000,828.808764940239,31,251,290.0254613133619,9520.944466590881,7868.159066137565,297.3444547653198,251,2757.170192630766,345203.0,156.5232126712799,200000.0,412.0,25790.217659235,82400000.0,1277.7657485220884,412000.0
2.522998e-08,3.2832015e-10,627.02454,-4.3509343e-05,1.2581948e-10,0.011329951,9.246881,27.930073,27.921343,0.39866382,36.044884,0.50702643,37.3505,1.0,-0.6415008,-1.0,10000,0.6364228,0.03321522711064608,0.03283980971740384,0.03221853792459296,10,0.00030109504873574523,1000,1000.0,1000,10,0.0,9573.795399665833,9562.044699382783,9551.933072090149,10,7.090393274073617,-84.21864417043774,-86.12293683064308,-89.6707830786417,10,1.699694777333801,9968.142150579952,9960.651911286845,9952.132116939127,10,4.918191185117872,-22.645234961975888,-23.341366694604428,-23.970601866699567,10,0.36720444706215516,-283.92124666666666,-287.5623875,-291.379005,10,2.434086553413402,0.0,0.0,0.0,10,0.0,-1.5034173236240442,-1.580521306567417,-1.659256080938345,10,0.047498603873472565,0.0,0.0,0.0,10,0.0,4.60297,-0.59223783,-5.4468627,1000,0.87324256,0.11123174873058406,0.1112626518849667,8.931781780259675,3.090315438263264e-05,0.9999999999999998,4808.67790584284,1000,407.9179487179487,25,390,177.35665482630432,9448.900746822357,3857.583304247489,232.7996563911438,390,1680.0349818676075,345593.0,158.10514426231384,200000.0,413.0,25948.322803497314,82600000.0,1264.9809779002383,413000.0
2.522998e-08,3.27577e-10,625.5571,0.000369337,1.2656266e-10,0.010890692,9.207426,27.805536,27.797068,0.39638045,42.441097,0.527198,43.78591,0.99999994,-0.63319135,-1.0,10000,0.6533693,0.034874754394390035,0.034179782881567373,0.033777690908740624,10,0.0004010502858163837,1000,1000.0,1000,10,0.0,9566.538242340088,9558.645082855224,9549.120638847351,10,5.104176317027983,-85.96111466895957,-92.0092206994118,-95.64325620737303,10,2.8037232266867402,9974.249150789035,9965.60683618955,9957.726523666899,10,4.860126169922286,-22.85499715730367,-23.515876098712646,-24.638291939236915,10,0.4544908198648129,-286.4656583333333,-289.99273933333325,-295.85365999999993,10,2.755263073941815,0.0,0.0,0.0,10,0.0,-1.388775801590542,-1.4439138335167256,-1.503092602837672,10,0.034142098422389904,0.0,0.0,0.0,10,0.0,5.6508684,-0.5873643,-4.6448765,1000,0.8854258,0.11130900661654064,0.11133990977092327,8.838785594667797,3.090315438263264e-05,0.9999999999999997,4859.314575568691,1000,519.809980806142,22,521,362.40619459549754,9518.49372291565,4920.918858847096,203.9294834136963,521,3443.2336013929234,346114.0,154.4751455783844,200000.0,414.0,26102.7979490757,82800000.0,1294.7066613930795,414000.0
2.522998e-08,3.2742195e-10,620.4066,0.0011800233,1.2671768e-10,0.009987295,9.195247,27.75445,27.746256,0.4079657,48.34304,0.59024674,49.603027,1.0,-0.62407315,-1.0,10000,0.67023134,0.03687500428837666,0.036157239250926065,0.03515227359310666,10,0.0005304997377223162,1000,1000.0,1000,10,0.0,9556.180391311646,9549.136833572387,9542.3511800766,10,4.634173545227575,-91.43031665073872,-97.25123063484516,-101.49117010285643,10,3.210736879149327,9975.10171848139,9971.133413228443,9965.78010300177,10,2.843154394225676,-23.38044585274895,-24.244043584315285,-24.98189268012873,10,0.5095227502534638,-292.43186499999996,-299.1350736666667,-305.24166166666663,10,3.6624212611011053,0.0,0.0,0.0,10,0.0,-1.3056057966972385,-1.366227548341142,-1.421929484579171,10,0.030656758293401053,0.0,0.0,0.0,10,0.0,5.6144667,-0.5749015,-4.9087605,1000,0.9051822,0.1114635223884538,0.11149442554283642,8.85504370168405,3.090315438263264e-05,0.9999999999999999,2785.9019801992845,700,218.04247104247105,20,1036,127.52475772678885,6562.62423324585,2047.5160364876842,177.4523115158081,1036,1201.708988125207,347150.0,158.9695122241974,200000.0,415.0,26261.767461299896,83000000.0,1258.102872693832,415000.0
2.522998e-08,3.3107067e-10,615.9349,0.00029948857,1.2306901e-10,0.01078734,9.258711,27.898708,27.890177,0.45702943,49.934254,0.68148756,51.01851,1.0,-0.6166391,-1.0,10000,0.6730828,0.03769686768068641,0.03667958440392686,0.035815348432035536,10,0.0005910392172774431,1000,1000.0,1000,10,0.0,9559.87252998352,9546.624988508225,9519.301592350006,10,12.088466432606097,-88.09781010687101,-91.50679139373477,-93.83507510494806,10,1.9616638315181096,9983.225702914096,9969.543801249938,9951.2631539234,10,11.022138127088844,-23.078745557652688,-24.02069097103654,-24.64582745110649,10,0.48279917892764407,-300.4160533333333,-305.9962113333333,-314.541925,10,3.998250386388251,0.0,0.0,0.0,10,0.0,-1.3614586047185502,-1.3951154794826703,-1.4254978796561484,10,0.023466104750863942,0.0,0.0,0.0,10,0.0,5.0038776,-0.58494335,-4.6779547,1000,0.8900736,0.11160258658317562,0.11163348973755827,8.958323477648866,3.090315438263264e-05,0.9999999999999998,2282.027265686036,1000,279.5535248041775,27,383,159.98167855889287,9450.70927286148,2629.4773115402104,248.31233024597168,383,1508.6520205224565,347533.0,163.98011183738708,200000.0,416.0,26425.747573137283,83200000.0,1219.6601024295708,416000.0
2.522998e-08,3.3080202e-10,615.37354,0.00032583956,1.2333762e-10,0.010750885,9.2608385,27.90068,27.89205,0.46363065,49.102417,0.7168884,50.11587,1.0,-0.6219185,-1.0,10000,0.66429347,0.03666110662002757,0.03564932950571674,0.0351280737604684,10,0.00044195195635099915,1000,1000.0,1000,10,0.0,9578.164023399353,9571.340979003906,9554.601587295532,10,7.4565438167625375,-78.2228601119105,-80.47320403865496,-82.43064731490763,10,1.2280684387783805,9980.451995114832,9973.541230620354,9960.074749134628,10,7.2244872064018475,-22.986116843627922,-23.42388912491436,-24.556308580992003,10,0.48689202926618574,-291.0280516666666,-296.9240676666666,-304.1888016666666,10,3.830217921449786,0.0,0.0,0.0,10,0.0,-1.3149438710231156,-1.3790894873202995,-1.4288212782568823,10,0.03631494724809536,0.0,0.0,0.0,10,0.0,4.793621,-0.5839603,-4.3075438,1000,0.8859088,0.11166439289194088,0.11169529604632353,9.033358194297133,3.090315438263264e-05,0.9999999999999998,3785.270616962586,1000,739.049504950495,31,404,274.18587415996444,9501.738251686096,6994.105279062054,291.6890239715576,404,2598.3868442013963,347937.0,158.19713354110718,200000.0,417.0,26583.94470667839,83400000.0,1264.2454102876045,417000.0
2.522998e-08,3.2835e-10,614.4602,0.00031002358,1.2578963e-10,0.010750259,9.248356,27.864635,27.856068,0.45064986,46.49872,0.66405195,47.472004,1.0,-0.63027096,-1.0,10000,0.6561227,0.035969007921303274,0.0346875798113062,0.034061390109636706,10,0.0004952284232787813,1000,1000.0,1000,10,0.0,9595.660121917725,9577.041357135773,9561.530264854431,10,10.607367349371646,-64.78980406155084,-71.48553852353471,-75.54277076075199,10,2.8093936379750826,9978.466469680077,9962.212347240325,9947.571410843608,10,10.137495608366768,-21.25556451928974,-22.16204383192427,-22.76974574703131,10,0.47749293723248,-284.97410666666667,-290.1418944999999,-298.3980716666666,10,3.5186134717038886,0.0,0.0,0.0,10,0.0,-1.3454454237548958,-1.3815086858483414,-1.4345808908077178,10,0.027737469475176305,0.0,0.0,0.0,10,0.0,4.3324757,-0.5799736,-4.2741337,1000,0.8868656,0.11172619920070614,0.11175710235508879,9.11651659195985,3.090315438263264e-05,0.9999999999999998,4465.427396067984,1000,673.8597122302158,22,278,316.25949827222456,9494.34346294403,6383.162371199765,212.24052906036377,278,2997.7035586096986,348215.0,162.68943214416504,200000.0,418.0,26746.634138822556,83600000.0,1229.3361490300902,418000.0
2.522998e-08,3.2755718e-10,612.9644,0.00076296856,1.2658251e-10,0.010270392,9.261404,27.857021,27.848553,0.45639798,42.06477,0.66208637,42.97832,1.0,-0.624827,-1.0,10000,0.6510125,0.03603951589208736,0.03426545797907747,0.03323360969907662,10,0.0007694401922662687,1000,1000.0,1000,10,0.0,9607.695154190063,9588.050116348266,9568.7351770401,10,12.6532056808814,-62.12399663075139,-65.98335597862219,-71.13538331005978,10,2.716828825083495,9981.006984779098,9966.378350660085,9952.100950738797,10,10.745348465321433,-20.781978177637082,-21.602551573643527,-22.431677083897103,10,0.5804178612295231,-278.74468499999995,-289.30838033333333,-296.81878166666667,10,5.222045263952197,0.0,0.0,0.0,10,0.0,-1.3461895478257362,-1.4339424862079597,-1.529585705735979,10,0.05322774271468903,0.0,0.0,0.0,10,0.0,4.6655197,-0.56662685,-4.4084177,1000,0.8924047,0.11180345708666273,0.11183436024104536,9.229533030417743,3.090315438263264e-05,0.9999999999999997,3365.155788188176,1000,396.66058394160586,28,274,202.51864322855184,9499.440006256104,3755.5804704297198,265.07240104675293,274,1919.2247258639381,348489.0,162.54384517669678,200000.0,419.0,26909.177983999252,83800000.0,1230.4372385345364,419000.0
2.522998e-08,3.2303826e-10,606.3837,0.00093121245,1.311014e-10,0.009983693,9.168635,27.614943,27.606194,0.4125108,38.415146,0.55943406,39.424793,1.0,-0.62019897,-1.0,10000,0.6469106,0.03512191686492588,0.03391613405979006,0.03267046424896398,10,0.0006997738838581495,1000,1000.0,1000,10,0.0,9613.408133506775,9600.458211898804,9582.06768989563,10,8.918177910850785,-61.57393728302502,-64.08173280121761,-66.84607553155341,10,1.7144050466616347,9986.355646363443,9976.019449429827,9959.050535667051,10,7.159280902043153,-20.992634262850306,-21.570497122774704,-22.49248616876131,10,0.46977916891068683,-280.67492833333324,-288.4573185,-293.5724633333333,10,4.162358687749424,0.0,0.0,0.0,10,0.0,-1.4122698025429445,-1.4516871471787156,-1.513970870938084,10,0.03353011808545587,0.0,0.0,0.0,10,0.0,4.887714,-0.5627413,-5.065234,1000,0.8899559,0.11192706970419326,0.1119579728585759,9.208101995957508,3.090315438263264e-05,0.9999999999999998,3008.7333319430973,1000,494.7043010752688,25,558,341.75467581334146,9516.966659545898,4689.909353618554,236.96091842651367,558,3247.6703730725753,349047.0,163.01326036453247,200000.0,420.0,27072.191244363785,84000000.0,1226.8940548318417,420000.0
2.522998e-08,3.2309713e-10,597.89966,0.0011422,1.3104255e-10,0.009619994,9.115512,27.459896,27.450914,0.38609713,35.53137,0.5102013,36.554153,1.0,-0.6167373,-1.0,10000,0.6416394,0.03422647713842161,0.033425926576936035,0.03247066633876238,10,0.0005644228726959581,1000,1000.0,1000,10,0.0,9608.194152832031,9599.15104188919,9592.831943511963,10,4.582967005506089,-64.53133211227168,-67.55515508620198,-69.70425715161723,10,1.8535313099617252,9985.044694401957,9976.9195835617,9969.81647465637,10,4.774716313017222,-20.753389631309286,-22.01238980694856,-22.90438896996019,10,0.6120329192557464,-280.6749283333333,-286.7376471666666,-291.8176966666666,10,3.5543122625510186,0.0,0.0,0.0,10,0.0,-1.4234040908441687,-1.4633473961733212,-1.486021275818252,10,0.02156760359616258,0.0,0.0,0.0,10,0.0,4.718897,-0.5641689,-4.919304,1000,0.88537455,0.11205068232172377,0.1120815854761064,9.244196962905614,3.090315438263264e-05,0.9999999999999997,2727.919529741801,1000,409.5506172839506,37,405,143.7755298840735,9485.764207839966,3875.4221108548436,351.35158252716064,405,1361.3765706774418,349452.0,171.29804039001465,200000.0,421.0,27243.4892847538,84200000.0,1167.555679823518,421000.0
2.522998e-08,3.237999e-10,589.62897,0.0011311685,1.3033978e-10,0.009482153,9.112936,27.430151,27.421198,0.3757301,32.57363,0.47463885,33.62148,1.0,-0.61902475,-1.0,10000,0.6414251,0.034978630285171675,0.0335913448534353,0.03274307126626081,10,0.0007056665535798422,1000,1000.0,1000,10,0.0,9594.19995689392,9581.907244873048,9564.655459403992,10,7.56117988097258,-74.0154402663435,-77.7019943027406,-80.96081953143796,10,2.2018119843585193,9981.161200754601,9970.664452652805,9947.241484447948,10,10.030435495832013,-21.792182812880956,-22.76157203766592,-23.33705404268116,10,0.4596921009524559,-280.6749283333333,-286.8253854999999,-294.97627666666665,10,4.160027745982001,0.0,0.0,0.0,10,0.0,-1.4091246075240862,-1.4682566392459724,-1.5410774955009048,10,0.0330430725797864,0.0,0.0,0.0,10,0.0,4.602177,-0.57561505,-4.720972,1000,0.87401956,0.11211248863048903,0.11214339178487166,9.254213405281565,3.090315438263264e-05,0.9999999999999998,3581.0015436365074,1000,682.0,20,315,374.0175617640655,9523.390942573547,6466.383985442207,184.38826990127563,315,3554.3457608206654,349767.0,165.63554620742798,200000.0,422.0,27409.124830961227,84400000.0,1207.4702838817996,422000.0
2.522998e-08,3.2387784e-10,581.93665,0.0008746527,1.3026182e-10,0.009600207,9.1084795,27.412521,27.403572,0.3638479,31.12615,0.44827792,32.254906,1.0,-0.6320977,-1.0,10000,0.63433963,0.03327641627653793,0.03270017801545037,0.03186440768557077,10,0.0004647561380734873,1000,1000.0,1000,10,0.0,9574.361254692078,9558.262651729583,9543.555339813232,10,9.627512955957583,-82.86396733823395,-86.42980439634957,-89.8167223291101,10,2.0780112305943685,9965.768737993196,9953.184125665317,9938.861992817676,10,7.2555725730666625,-21.930012548718,-22.40769155344565,-23.551621770806307,10,0.46949737199917757,-280.58718999999996,-284.5529626666666,-287.34304166666664,10,2.1576495623049006,0.0,0.0,0.0,10,0.0,-1.501479596589355,-1.531018746476724,-1.5878689018144003,10,0.024603719671949558,0.0,0.0,0.0,10,0.0,4.807431,-0.58841765,-4.793487,1000,0.8700933,0.11215884336206297,0.11218974651644562,9.194302124061089,3.090315438263264e-05,0.9999999999999998,4156.309942175427,1000,496.43828715365237,23,397,315.28188873661634,9488.026337623596,4694.792720941212,212.4901876449585,397,2988.6678759684587,350164.0,161.58854722976685,200000.0,423.0,27570.713378190994,84600000.0,1237.7114803539569,423000.0
2.522998e-08,3.2620173e-10,576.3642,0.00063771877,1.2793795e-10,0.009736836,9.113785,27.43616,27.427298,0.34989697,32.34355,0.4324804,33.60446,1.0,-0.6473068,-1.0,10000,0.6309584,0.03271545466831594,0.03200581618321012,0.030980843401441235,10,0.000554991668011837,1000,1000.0,1000,10,0.0,9564.783982276917,9545.32287425995,9526.894118309021,10,10.094987170780684,-86.5623741908748,-89.4297050937827,-93.69398311923126,10,2.3475080259985575,9955.337055757973,9939.069964416583,9926.6117292528,10,10.576855394737818,-21.498457002493737,-22.171319821353496,-22.82247383586317,10,0.46188470459932374,-275.76158166666664,-280.6047376666666,-284.79863,10,3.0927731387100215,0.0,0.0,0.0,10,0.0,-1.4798644807279748,-1.5413244593865971,-1.6086422566795489,10,0.04506492027544377,0.0,0.0,0.0,10,0.0,5.6641073,-0.5988144,-4.7909803,1000,0.8694991,0.11222064967082823,0.11225155282521088,9.05180102833278,3.090315438263264e-05,0.9999999999999998,4093.247539227472,1000,493.25964010282775,30,389,186.7295776188419,9468.338651657104,4660.45344394522,273.6617350578308,389,1766.427910850665,350553.0,162.74766612052917,200000.0,424.0,27733.461044311523,84800000.0,1228.8962709418036,424000.0
2.5229982e-08,3.2188008e-10,572.842,0.0006924528,1.322596e-10,0.009618703,9.105826,27.449598,27.441076,0.34899694,37.87266,0.4303275,39.290707,1.0,-0.6576118,-1.0,10000,0.6400763,0.033151077382572114,0.032496431698449305,0.03189134882982762,10,0.0003773600233229871,1000,1000.0,1000,10,0.0,9547.091839790344,9532.716127300262,9516.982872009277,10,9.7135359879379,-99.04258655911555,-101.93096717284604,-105.73928622710972,10,2.2391999888921634,9953.32890711523,9938.746573624387,9925.732085371994,10,8.568833190926453,-23.133333307077223,-23.95961333077959,-25.087640210134467,10,0.6161303207907021,-275.23515166666664,-278.70958966666666,-282.7806483333333,10,2.518625099684565,0.0,0.0,0.0,10,0.0,-1.3664481692726014,-1.430275884300134,-1.4747188251928922,10,0.03218970844629312,0.0,0.0,0.0,10,0.0,4.2878647,-0.61982584,-3.8491082,1000,0.85789347,0.11226700440240218,0.11229790755678482,8.838927398078896,3.090315438263264e-05,0.9999999999999998,4115.494317291589,1000,946.6363636363636,23,209,185.6348780805552,9512.167491912842,8969.359537423512,221.07701110839844,209,1759.4355009463723,350762.0,163.74105024337769,200000.0,425.0,27897.2020945549,85000000.0,1221.4408036514274,425000.0
2.522998e-08,3.1052388e-10,564.96405,0.0015944468,1.4361577e-10,0.008574906,9.052579,27.350052,27.342695,0.38106596,48.6548,0.44799528,50.197556,1.0,-0.6413935,-1.0,10000,0.6625247,0.036386257295424,0.035097543331666384,0.034075287307190595,10,0.0006741205459588597,1000,1000.0,1000,10,0.0,9499.692814826965,9486.638041305541,9479.593896865845,10,5.626091491881639,-121.63887169095764,-127.81961174250155,-132.90926685726134,10,3.3528772765289085,9953.353152283711,9934.803688257738,9922.180464829467,10,8.044217664022945,-23.810983210651933,-24.601507086745077,-25.48980231852446,10,0.5354827723301507,-286.20244333333335,-294.3357868333334,-302.6095116666666,10,4.7528026043120795,0.0,0.0,0.0,10,0.0,-1.3574339340517136,-1.4087398418730812,-1.4804882814818525,10,0.03354669837752193,0.0,0.0,0.0,10,0.0,4.267149,-0.6124689,-4.8903747,1000,0.8728946,0.11231335913397614,0.11234426228835875,8.602097690434919,3.090315438263264e-05,0.9999999999999998,5396.244416464622,1000,645.1576086956521,32,368,415.06787311225844,9506.9168176651,6103.547629140641,301.89394664764404,368,3939.6795262934743,351130.0,168.31286001205444,200000.0,426.0,28065.514954566956,85200000.0,1188.2633328533313,426000.0
2.522998e-08,3.1430036e-10,556.8249,0.0008044465,1.398393e-10,0.009218402,9.08953,27.46341,27.455605,0.4602637,59.189896,0.60846895,60.561222,1.0,-0.615282,-1.0,10000,0.69114316,0.041517454818167605,0.03890060952440254,0.03688369898298697,10,0.0015909494743874862,1000,1000.0,1000,10,0.0,9525.722469329834,9512.059071874619,9482.274411678314,10,12.301662987197751,-112.54744946303674,-117.03542332056932,-129.1463322852134,10,4.481536766234482,9988.601686115884,9971.619340456517,9932.724357159452,10,15.248350650350114,-19.810195713302054,-21.438560214263017,-23.130858356942902,10,1.0619941223395575,-306.55773666666664,-319.6132006666666,-336.7397233333333,10,10.084016700767998,0.0,0.0,0.0,10,0.0,-1.4109983726230522,-1.4730890655217144,-1.537450421340151,10,0.04138492416716273,0.0,0.0,0.0,10,0.0,5.7814302,-0.5816436,-5.048937,1000,0.9001579,0.1123906170199327,0.11242152017431534,8.613726491861248,3.090315438263264e-05,0.9999999999999997,4600.798025178176,1000,328.7204301075269,21,558,156.76136686617176,9351.772564411163,3087.1496324169593,201.3616771697998,558,1472.3061501729057,351688.0,163.4322681427002,200000.0,427.0,28228.947222709656,85400000.0,1223.748542884878,427000.0
2.522998e-08,3.2101213e-10,554.83105,0.00043545812,1.3312751e-10,0.009551501,9.153185,27.594334,27.585886,0.48671713,63.640007,0.7766437,64.76749,1.0,-0.6090741,-1.0,10000,0.70371294,0.04168626104113355,0.040326943101463265,0.039134819273531324,10,0.0007127778946110126,1000,1000.0,1000,10,0.0,9566.967421531677,9548.081393623352,9526.168283462524,10,12.698505821168846,-82.62536016360949,-93.61408167144396,-110.20917559424561,10,8.04972822301561,9997.517583267541,9990.99816719285,9975.862014993621,10,6.162462393852499,-20.3424171406912,-21.773613907651498,-22.96960019678307,10,0.8019592046416586,-313.9277566666666,-326.0619681666666,-336.91519999999997,10,6.0385457750092915,0.0,0.0,0.0,10,0.0,-1.4081108493069852,-1.4671107147881441,-1.543312168987897,10,0.04140786897635985,0.0,0.0,0.0,10,0.0,5.1199317,-0.5814979,-5.001462,1000,0.90189815,0.11248332648308058,0.11251422963746323,8.775730223373841,3.090315438263264e-05,0.9999999999999997,3784.0283768347485,1000,370.93355481727576,21,602,314.93263357637295,9441.856609344482,3496.3554872028853,187.75629806518555,602,2981.493012031961,352290.0,165.41724634170532,200000.0,428.0,28394.36446905136,85600000.0,1209.0637731138172,428000.0
2.522998e-08,3.2019162e-10,552.6069,0.00064721296,1.3394803e-10,0.009299711,9.128625,27.495005,27.485994,0.44529766,63.34505,0.7571716,64.35236,1.0,-0.6195714,-1.0,10000,0.6933198,0.03948081387647835,0.03858618369657488,0.03725602422950033,10,0.0006149236042191915,1000,1000.0,1000,10,0.0,9591.435383796692,9584.654359054566,9578.651180267334,10,4.128624404979043,-69.86159363478518,-74.2542903919712,-78.23656080769977,10,2.6408580753788624,9998.526938557614,9994.316853056604,9985.98937860162,10,3.1669997566158474,-20.061457799186112,-21.139323539401598,-21.894897209873207,10,0.558612709656871,-306.29452166666664,-312.8748966666666,-319.2797949999999,10,4.311694162821413,0.0,0.0,0.0,10,0.0,-1.3203432648305822,-1.3939868257580799,-1.4516698254370433,10,0.039205358970169524,0.0,0.0,0.0,10,0.0,4.815977,-0.5832482,-4.8276944,1000,0.89577097,0.11256058436903718,0.1125914875234198,8.924051119215047,3.090315438263264e-05,0.9999999999999998,4764.46574991379,1000,596.461126005362,26,373,413.6368635930904,9517.763283729553,5649.389581367094,245.048246383667,373,3927.5547602724982,352663.0,165.0960590839386,200000.0,429.0,28559.4605281353,85800000.0,1211.4159545038895,429000.0
2.522998e-08,3.1840178e-10,552.44617,-0.00016919734,1.3573788e-10,0.010113229,9.176426,27.576506,27.567532,0.45974085,57.295906,0.7780272,58.085396,1.0,-0.62419194,-1.0,10000,0.6899048,0.03910374205604603,0.038240701496120896,0.03682944694631442,10,0.0006315364286712904,1000,1000.0,1000,10,0.0,9614.816498756409,9597.67248544693,9588.406872749329,10,7.114701866095718,-60.30913338961709,-67.5434229896035,-72.81042573029161,10,3.358626223003962,9998.782659502787,9995.926893152895,9990.035133530488,10,2.885344300722738,-20.007229063626994,-21.45551020112251,-22.423509536771036,10,0.6783687553851601,-296.38009,-307.90013316666665,-315.594785,10,4.951746640498929,0.0,0.0,0.0,10,0.0,-1.3035400618178157,-1.35534302385959,-1.3956521975335283,10,0.03361655330683391,0.0,0.0,0.0,10,0.0,5.30332,-0.580354,-5.0347075,1000,0.89946544,0.11262239067780244,0.11265329383218506,9.191857604023122,3.090315438263264e-05,0.9999999999999998,3780.1592585718395,1000,308.6839378238342,38,386,169.45066257676885,9474.691756725311,2907.928395467101,356.2092456817627,386,1597.871073265132,353049.0,161.8785138130188,200000.0,430.0,28721.33904194832,86000000.0,1235.4944167019858,430000.0
2.522998e-08,3.1500974e-10,555.4088,-8.425236e-05,1.3912993e-10,0.010081612,9.214052,27.626263,27.618,0.48394322,47.011375,0.74294037,47.698177,1.0,-0.63590086,-1.0,10000,0.6736392,0.037058383654992214,0.03648243318507885,0.035785206787695645,10,0.000388165164060814,1000,1000.0,1000,10,0.0,9620.935055732727,9615.173188877106,9610.573034286499,10,3.143203851278462,-52.00313735220485,-54.101549221244525,-56.26318947475987,10,1.3663477784946074,9995.303163885454,9992.417487095825,9988.868638764678,10,1.8979622702775774,-19.668086685568888,-21.13086385719484,-22.382044767517392,10,0.6793832100910647,-296.90651999999994,-300.5739823333332,-306.1190449999999,10,2.4706715852841805,0.0,0.0,0.0,10,0.0,-1.3123657980815409,-1.4379036927800055,-1.5469435311383537,10,0.06370820456396743,0.0,0.0,0.0,10,0.0,4.8699074,-0.58042455,-4.836768,1000,0.9001189,0.11271510014095033,0.11274600329533295,9.408253536192385,3.090315438263264e-05,0.9999999999999998,3918.1267923943283,1000,336.9574209245742,22,822,283.45526539725137,9509.321864128113,3189.477905381335,208.76327514648438,822,2692.398774315559,353871.0,170.0876817703247,200000.0,431.0,28891.426723718643,86200000.0,1175.8641067850342,431000.0
2.522998e-08,3.1755662e-10,562.6579,-0.0006440602,1.3658305e-10,0.010771901,9.253592,27.670786,27.66218,0.50841635,35.58686,0.75776243,36.2562,1.0,-0.6281954,-1.0,10000,0.66225123,0.03626031992468052,0.03572461122857349,0.035013661312594195,10,0.0004041100617225479,1000,1000.0,1000,10,0.0,9617.555094718933,9611.64313993454,9605.790732383728,10,3.8757864756421925,-52.71340587839629,-54.65618524553014,-56.822297594188385,10,1.4758001468669133,9992.03147892934,9988.64379676127,9984.203193671257,10,2.2563722740377776,-19.45380065265838,-20.922193704309024,-21.66441360108565,10,0.606481126954247,-293.3092483333333,-299.8983971666666,-303.3991566666666,10,2.8580214976056633,0.0,0.0,0.0,10,0.0,-1.4680657779452526,-1.52388706560068,-1.5621849283446894,10,0.029143188072393494,0.0,0.0,0.0,10,0.0,4.917103,-0.57146424,-5.0349345,1000,0.90074587,0.11286961591286347,0.11290051906724609,9.545872933916243,3.090315438263264e-05,0.9999999999999999,2337.7416259302004,571,200.9191616766467,24,1002,134.02097302167468,5342.016304016113,1895.9221199370193,215.35333633422852,1002,1272.332010351993,354873.0,159.86725878715515,200000.0,432.0,29051.2939825058,86400000.0,1251.0379018025008,432000.0
2.522998e-08,3.1734995e-10,569.3033,-0.00028648958,1.367897e-10,0.010533949,9.217469,27.600578,27.591919,0.47058374,25.969995,0.6539287,26.769625,1.0,-0.6213734,-1.0,10000,0.6466973,0.03498462749608734,0.03463410172748409,0.034366301601097805,10,0.00019090189099113324,1000,1000.0,1000,10,0.0,9615.336730003357,9600.036078739166,9584.765128135681,10,8.87843311993641,-59.30727008261926,-63.09731986570114,-66.98383576109367,10,2.3363832848270776,9990.103183312693,9981.844097344356,9974.887064213995,10,4.811526137891619,-19.941392702639117,-20.674031910354476,-21.285769906884514,10,0.5046493964638028,-292.7828183333333,-296.4766021666666,-301.99534333333327,10,3.1026264595589836,0.0,0.0,0.0,10,0.0,-1.5078896061103302,-1.560068861562438,-1.6547937076043606,10,0.04676468892407831,0.0,0.0,0.0,10,0.0,4.6328564,-0.5718099,-4.800106,1000,0.87607956,0.11297777695320269,0.11300868010758532,9.530445367064242,3.090315438263264e-05,0.9999999999999998,2001.4916710879875,1000,289.15807560137455,24,291,235.7632099444419,9502.943933486938,2735.5767451971255,220.4627504348755,291,2236.691165804979,355164.0,157.3136122226715,200000.0,433.0,29208.60759472847,86600000.0,1271.3457988422992,433000.0
2.522998e-08,3.1592973e-10,574.3959,-0.00046686394,1.3820996e-10,0.01080599,9.199842,27.58047,27.571539,0.4142273,20.292767,0.5388529,21.241312,1.0,-0.60884047,-1.0,10000,0.6542789,0.03653751725620532,0.035849958643490394,0.03516213721728127,10,0.0004507174821537852,1000,1000.0,1000,10,0.0,9594.320718765259,9586.219337940216,9576.656729698181,10,5.969862085651093,-69.52277333086815,-72.57904438829907,-76.38143946007278,10,1.8555109897403308,9996.120257553594,9987.842454064812,9977.709418745479,10,5.900672372948372,-20.924510059751725,-21.48753382823177,-22.148572771931306,10,0.3672017335222767,-302.69724999999994,-305.961116,-309.27762499999994,10,2.0094951654080746,0.0,0.0,0.0,10,0.0,-1.558488036124982,-1.5954235120310272,-1.6419622675705519,10,0.024881492048657482,0.0,0.0,0.0,10,0.0,4.458974,-0.5654636,-4.8923445,1000,0.87702936,0.11305503483915927,0.11308593799354189,9.445703310050833,3.090315438263264e-05,0.9999999999999998,3155.617586770466,1000,447.2050209205021,20,717,325.84817519855727,9519.804539680481,4235.891768674305,176.46691465377808,717,3097.121534960153,355881.0,162.759521484375,200000.0,434.0,29371.367116212845,86800000.0,1228.8067584371713,434000.0
2.522998e-08,3.1940162e-10,578.9044,-0.00027091178,1.3473804e-10,0.010691191,9.178687,27.540792,27.531885,0.36912662,17.723452,0.45078784,18.809492,1.0,-0.6099805,-1.0,10000,0.66342205,0.0374334496929514,0.036688396398628545,0.03559499342598429,10,0.0005798557042167166,1000,1000.0,1000,10,0.0,9571.227010726929,9563.933545398711,9550.509531974792,10,5.483176239877024,-85.40301134688204,-90.28513057193432,-93.54466429653449,10,2.239453591586723,9997.60233721627,9991.708865016799,9973.175630598871,10,7.57759918590625,-22.5804863178344,-23.134502915840375,-23.637749167403427,10,0.2913923225455027,-305.24166166666663,-312.7257414999999,-316.7353833333333,10,3.9100300562103123,0.0,0.0,0.0,10,0.0,-1.5901641913750022,-1.6299463736636972,-1.673940676515492,10,0.023481666760196588,0.0,0.0,0.0,10,0.0,4.277409,-0.5753651,-5.155431,1000,0.86192894,0.11313229272511584,0.11316319587949847,9.342139902612002,3.090315438263264e-05,0.9999999999999998,2889.964711255897,1000,261.9,23,250,219.7066271189834,9505.106778144836,2474.7917593250277,221.13917922973633,250,2084.832211221461,356131.0,160.86814403533936,200000.0,435.0,29532.235260248184,87000000.0,1243.254226617199,435000.0
2.522998e-08,3.2021372e-10,581.43945,6.585204e-05,1.3392594e-10,0.010400058,9.132171,27.421135,27.412407,0.33758554,19.561634,0.3902532,20.816778,1.0,-0.6164732,-1.0,10000,0.6778162,0.038782871064307986,0.03787035678413522,0.037241829526537915,10,0.0005020263848536362,1000,1000.0,1000,10,0.0,9548.881213188171,9539.251585769653,9530.38328742981,10,5.837117263098568,-103.60877979474537,-110.10817600333966,-115.0644585950859,10,4.288829855575867,9996.372839433436,9992.578836395023,9975.64347629674,10,6.0648893371436605,-23.08702859473241,-23.801288857406295,-24.636047769178575,10,0.5081035003329023,-313.4013266666666,-317.8145648333333,-323.5789733333333,10,3.1734240783752705,0.0,0.0,0.0,10,0.0,-1.578613208313035,-1.6032225663147084,-1.6329318128582524,10,0.01814402053268944,0.0,0.0,0.0,10,0.0,4.847041,-0.5902001,-4.4469566,1000,0.8637191,0.11316319587949847,0.1131940990338811,9.175357707650193,3.090315438263264e-05,0.9999999999999998,4212.644383483783,1000,829.8926701570681,29,382,254.47207748302114,9517.959877967834,7874.553779447266,276.08605098724365,382,2419.8048170388975,356513.0,169.99444246292114,200000.0,436.0,29702.229702711105,87200000.0,1176.509049956875,436000.0
2.522998e-08,3.1865777e-10,580.9741,0.0002854307,1.3548192e-10,0.0101721035,9.085852,27.294186,27.285765,0.3408404,25.359873,0.38610828,26.738081,1.0,-0.6278572,-1.0,10000,0.6858161,0.03950616281140538,0.038059963437743136,0.03668000286504684,10,0.0008979494383570026,1000,1000.0,1000,10,0.0,9549.3257894516,9539.812585926056,9529.12963104248,10,6.359369486608806,-105.82667245193733,-112.38088414509434,-117.18694132700307,10,3.269393846523055,9996.926584129567,9993.567512273827,9986.52653070772,10,3.0754315086498636,-23.668914530525434,-24.411091693869672,-26.20894310499409,10,0.7085111585185906,-307.52285833333326,-315.4193083333333,-323.92992666666663,10,5.616075819972029,0.0,0.0,0.0,10,0.0,-1.5038757716200233,-1.5436439080241737,-1.5759772725131824,10,0.024040724577419688,0.0,0.0,0.0,10,0.0,5.010632,-0.60041714,-4.924265,1000,0.877862,0.11320955061107241,0.11324045376545505,9.01203845284106,3.090315438263264e-05,0.9999999999999998,4965.014735489121,1000,254.66777408637873,23,602,209.69242447393341,9472.599515914917,2401.7276873533115,205.3802046775818,602,1985.16904221667,357115.0,166.46203994750977,200000.0,437.0,29868.691742658615,87400000.0,1201.475123475993,437000.0
2.522998e-08,3.1789424e-10,578.9171,0.000558092,1.3624545e-10,0.009862416,9.071013,27.244278,27.23578,0.3503122,33.478363,0.4074997,34.902233,1.0,-0.6458505,-1.0,10000,0.6715255,0.03697395251835405,0.03600337104931532,0.03486002688981534,10,0.0006974867359511383,1000,1000.0,1000,10,0.0,9576.740723609924,9566.345073461533,9532.53598165512,10,12.18684862870854,-88.91676098609013,-93.32291032132329,-99.37779647033798,10,3.083389880563443,9989.711298855578,9980.596717616329,9945.18447801883,10,12.332693431397098,-21.531022619455744,-22.291159904000587,-24.01889235320204,10,0.6645526027247965,-289.799715,-297.21360416666664,-302.60951166666666,10,4.3174481758715055,0.0,0.0,0.0,10,0.0,-1.3914519745831413,-1.4239676808754687,-1.4475446179445013,10,0.01763419555607906,0.0,0.0,0.0,10,0.0,4.97513,-0.6034021,-5.054418,1000,0.8856705,0.11328680849702899,0.11331771165141162,8.888790886301562,3.090315438263264e-05,0.9999999999999997,5064.681462584045,1000,462.26223776223776,21,572,331.983898485655,9486.262831687927,4372.899737006301,173.63336849212646,572,3151.598709444429,357687.0,167.11618638038635,200000.0,438.0,30035.807929039,87600000.0,1196.7721639169301,438000.0
2.522998e-08,3.2315212e-10,580.33954,0.00023520013,1.3098754e-10,0.010210912,9.129285,27.375364,27.366568,0.38499007,39.646492,0.49934644,40.94547,1.0,-0.6464188,-1.0,10000,0.6679509,0.03603603609358834,0.03545281326917175,0.034990582547936355,10,0.0003001867723595572,1000,1000.0,1000,10,0.0,9579.806792259216,9565.038548469543,9543.073671340942,10,11.249596136775589,-85.29929785834057,-92.46143682823899,-104.09544290789178,10,4.895633314403882,9980.230637671903,9974.995276802485,9960.727563954617,10,5.880533560459838,-20.78865503344551,-21.944905636658483,-22.683080739734656,10,0.6424406641337171,-289.8874533333333,-294.1515363333333,-298.3980716666666,10,3.044709796928188,0.0,0.0,0.0,10,0.0,-1.3404297075334786,-1.3988527519691598,-1.4574955677721522,10,0.03774764041884353,0.0,0.0,0.0,10,0.0,5.330261,-0.6030156,-4.7128134,1000,0.8891952,0.11337951796017688,0.11341042111455951,8.92081540827723,3.090315438263264e-05,0.9999999999999997,3662.333761487634,1000,325.7281105990783,23,434,227.27931980229573,9448.08202457428,3075.621203626356,172.58272981643677,434,2154.2518064313917,358121.0,161.78510117530823,200000.0,439.0,30197.59303021431,87800000.0,1236.2077752962098,439000.0
2.522998e-08,3.2123118e-10,580.9716,-0.00024310313,1.3290848e-10,0.010700592,9.1497965,27.43289,27.42387,0.38473642,44.188126,0.5392227,45.40253,1.0,-0.6375134,-1.0,9022,0.67111784,0.036416638061520644,0.03453529131068116,0.021428007769083542,10,0.004376692309159452,1000,902.2,22,10,293.4,9559.280046463013,8618.190833950042,212.4216604232788,10,2801.9259692743435,-3.010907413757592,-89.40865069478212,-106.16809026638188,10,29.005909146284857,9979.752127408035,8997.67466800103,220.0,10,2925.8929839594975,-0.23459785113585585,-19.980919255384958,-22.856353994992503,10,6.597370119319814,-4.299178333333333,-268.8127056666666,-301.4689133333334,10,88.18461818573408,0.0,0.0,0.0,10,0.0,-0.033656559427268806,-1.2815567103156336,-1.4459845825101034,10,0.4164284935894968,0.045454545454545456,0.004545454545454545,0.0,10,0.013636363636363636,5.536662,-0.58777285,-5.7490892,1000,0.9052268,0.1135031305777074,0.11353403373209003,8.944292500057529,3.090315438263264e-05,0.9999999999999998,3240.6805666737905,1000,240.3520737327189,25,1085,184.9341083499296,9501.874606132507,2263.5057232757867,229.56508111953735,1085,1755.462722006879,359206.0,162.07803678512573,200000.0,440.0,30359.671066999435,88000000.0,1233.9734856558582,440000.0
2.522998e-08,3.2539432e-10,585.4278,-0.00034437896,1.2874532e-10,0.0108820805,9.270199,27.73446,27.725637,0.43339363,42.821888,0.63418823,43.80601,1.0,-0.64343286,-1.0,10000,0.67011327,0.037118924104885084,0.03574344653434528,0.0351486519077298,10,0.0005349415603168359,1000,1000.0,1000,10,0.0,9583.299188613892,9574.624826240539,9566.923389434814,10,5.505832790411271,-77.62016592154244,-81.60446392306656,-86.94695454759596,10,2.906684390705752,9982.421378856336,9975.497886099549,9969.546754590325,10,3.700542546869978,-21.2028489515799,-22.14041388203957,-22.834375803089223,10,0.43356335295602655,-289.1855466666666,-295.71327866666667,-306.7332133333333,10,4.33132437105653,0.0,0.0,0.0,10,0.0,-1.3549477323111203,-1.4149019093549875,-1.4586444781153167,10,0.033495998801842314,0.0,0.0,0.0,10,0.0,4.0093145,-0.60734874,-4.645462,1000,0.87819403,0.1135958400408553,0.11362674319523793,9.138431598162935,3.090315438263264e-05,0.9999999999999998,2120.3759633010577,1000,156.46976744186045,18,215,262.83620820162196,9494.6312417984,1463.2940452348355,165.74756908416748,215,2492.194628764167,359421.0,169.23847246170044,200000.0,441.0,30528.909539461136,88200000.0,1181.7643889763958,441000.0
2.522998e-08,3.2405223e-10,588.9702,-0.00013603695,1.3008741e-10,0.0107375,9.215999,27.598381,27.589521,0.39341235,41.145935,0.5501378,42.200676,1.0,-0.64229006,-1.0,10000,0.6752752,0.03760192495305091,0.0361791736586747,0.03506146992398135,10,0.0007892063743616192,1000,1000.0,1000,10,0.0,9599.318243980408,9591.88185300827,9576.34852218628,10,7.2802331614680025,-65.01613715452412,-69.59243379597149,-76.04527222252115,10,3.881797817283731,9990.332439116753,9984.378770948324,9977.646153944772,10,4.732273875246224,-21.499287758581783,-22.421033560912733,-23.431326727333186,10,0.6875012683841896,-292.0809116666666,-299.0473353333333,-308.0492883333333,10,5.381328949212113,0.0,0.0,0.0,10,0.0,-1.406670622040064,-1.4361136703849688,-1.4811247562377545,10,0.02215221615840061,0.0,0.0,0.0,10,0.0,4.655184,-0.5913905,-5.4205294,1000,0.890567,0.11365764634962056,0.1136885495040032,9.126771887657235,3.090315438263264e-05,0.9999999999999997,3786.478044986791,1000,815.0022172949002,23,451,308.74223420050436,9530.307706832886,7729.447601705658,188.52539658546448,451,2936.1619133102913,359872.0,161.44460678100586,200000.0,442.0,30690.35414624214,88400000.0,1238.8149965969023,442000.0
2.522998e-08,3.2487432e-10,592.8368,-0.00051498524,1.2926535e-10,0.011186047,9.237264,27.618038,27.609276,0.41341814,38.23159,0.59341085,39.19506,1.0,-0.63372767,-1.0,10000,0.68343574,0.04004920666168618,0.03720463348140038,0.035671688023765455,10,0.0011760483766199996,1000,1000.0,1000,10,0.0,9608.732566833496,9587.544933128356,9548.679359436035,10,16.466980783064145,-58.29699847695913,-67.76481437747391,-85.98974962793112,10,7.521362646732053,9993.585113405801,9986.50372218533,9972.855971743462,10,6.31406064228039,-21.303384432206364,-22.365032991557552,-23.605892687408126,10,0.7533802744363735,-295.6781833333333,-307.3386078333333,-325.070525,10,8.067199810469901,0.0,0.0,0.0,10,0.0,-1.421769729084545,-1.49033417780525,-1.5814118515456597,10,0.04034789854934984,0.0,0.0,0.0,10,0.0,4.9727993,-0.5820536,-5.0984097,1000,0.9027143,0.11375035581276845,0.11378125896715108,9.253611545658131,3.090315438263264e-05,0.9999999999999997,3457.6683914375644,1000,241.41267787839587,25,773,183.88194141196792,9479.371003627777,2279.6560950044827,231.31337070465088,773,1743.9590829458045,360645.0,159.90008234977722,200000.0,443.0,30850.25422859192,88600000.0,1250.7810944243622,443000.0
2.522998e-08,3.258499e-10,598.31006,-0.0005492124,1.2828977e-10,0.011318794,9.278985,27.67701,27.66824,0.45991907,32.431538,0.69440603,33.284405,1.0,-0.6411357,-1.0,10000,0.6681626,0.03673390982871933,0.03556717512334144,0.034892443340198954,10,0.0005923033952988107,1000,1000.0,1000,10,0.0,9610.594202041626,9594.552247714997,9573.171153068542,10,11.286552695687075,-59.94231491992954,-63.73315263459224,-68.4366745068693,10,2.671399582900282,9992.599064193537,9979.270650670154,9958.122295392026,10,9.295503639060058,-20.24454884870797,-21.241526265690517,-22.64120361379135,10,0.7139235467434528,-292.7828183333333,-298.2489165,-307.7860733333333,10,4.506377803648128,0.0,0.0,0.0,10,0.0,-1.4246046172968492,-1.4948070570874443,-1.5570115162655573,10,0.04407700009657614,0.0,0.0,0.0,10,0.0,5.0544786,-0.58323765,-5.1903214,1000,0.9019424,0.11388942000749026,0.11392032316187294,9.411904456719455,3.090315438263264e-05,0.9999999999999999,2428.651737341844,826,226.79547900968782,18,929,137.89769042970582,7805.917729377747,2136.7821205990435,158.15810108184814,929,1302.7672031407508,361574.0,158.56722116470337,200000.0,444.0,31008.821449756622,88800000.0,1261.2947274409287,444000.0
2.5229982e-08,3.2346595e-10,606.7599,-0.0009186907,1.3067371e-10,0.011840368,9.27035,27.653885,27.645042,0.46118754,25.16804,0.6501104,26.05386,1.0,-0.64432293,-1.0,10000,0.65429634,0.03584099922496534,0.03412971366327984,0.03324838765111053,10,0.0007710338459955869,1000,1000.0,1000,10,0.0,9614.066484451294,9603.967250919342,9589.228693008423,10,7.617199847103709,-60.8909860166967,-64.86090656809466,-70.26304958420853,10,2.871420232967648,9993.53344829896,9980.325682119896,9965.495023780713,10,7.65410256655568,-20.16280527717248,-21.31187812210863,-22.47259514274662,10,0.660511326681581,-283.6580316666666,-288.7205335,-297.95937999999995,10,4.303482519379799,0.0,0.0,0.0,10,0.0,-1.4405390076291127,-1.4651127576360863,-1.4895279247798034,10,0.016043497396576418,0.0,0.0,0.0,10,0.0,4.74978,-0.5949371,-5.1437163,1000,0.8782242,0.1140130326250208,0.11404393577940344,9.4649724074037,3.090315438263264e-05,0.9999999999999998,2119.721795333224,1000,198.04871794871795,21,390,165.30982624212785,9465.08676815033,1868.7098424251262,194.33620643615723,390,1569.021283790995,361964.0,157.5184953212738,200000.0,445.0,31166.339945077896,89000000.0,1269.6921691137359,445000.0
2.522998e-08,3.236255e-10,611.742,-0.00018046085,1.3051414e-10,0.011191818,9.156335,27.385614,27.376709,0.38107798,22.590572,0.4956706,23.680666,1.0,-0.64114803,-1.0,10000,0.65247184,0.035123658776385125,0.03405846220552921,0.032617941427844924,10,0.0007272368661803319,1000,1000.0,1000,10,0.0,9601.229058265686,9593.367126274108,9578.779239654541,10,6.897589966635824,-71.31817384310813,-77.1667990196346,-81.41982815232782,10,3.507929462256139,9995.27056000261,9985.191956536362,9963.503421522306,10,8.39257322792833,-21.57615837794601,-22.779192900378405,-23.73632147289916,10,0.6418091692669409,-284.3599383333333,-290.3612403333333,-296.90652,10,4.128216785602265,0.0,0.0,0.0,10,0.0,-1.4849547094126692,-1.5175976334525125,-1.5470560738753112,10,0.019697874110706327,0.0,0.0,0.0,10,0.0,5.1114173,-0.6019149,-5.1460137,1000,0.8697184,0.11409029051097737,0.11412119366536001,9.323299881480684,3.090315438263264e-05,0.9999999999999997,3231.385298191641,1000,458.5104895104895,22,572,389.61658788391674,9544.1186876297,4352.114079225314,193.62302541732788,572,3710.540143337294,362536.0,166.4071159362793,200000.0,446.0,31332.747061014175,89200000.0,1201.8716800343088,446000.0
2.522998e-08,3.2730585e-10,617.2987,-0.0007665184,1.268338e-10,0.011877895,9.201696,27.47437,27.465305,0.3790868,21.237915,0.48785084,22.347656,1.0,-0.6402717,-1.0,10000,0.6479306,0.03475540496261965,0.033783273337184797,0.03274283191356517,10,0.0006011043330472758,1000,1000.0,1000,10,0.0,9589.611454963684,9579.899584770203,9570.351808547974,10,5.874007922752383,-81.8705597684523,-85.34137264915948,-91.2571672129522,10,3.110881172110918,9991.724183313083,9983.891787655239,9970.22140501763,10,6.46588053313843,-22.893531519732782,-23.55184120583388,-24.50075839148584,10,0.41261340999539037,-288.30816333333325,-293.5110464999999,-298.3980716666666,10,2.8433312286990664,0.0,0.0,0.0,10,0.0,-1.5279091352179737,-1.587947303777105,-1.6358738132511412,10,0.03336216162554532,0.0,0.0,0.0,10,0.0,4.601298,-0.6059627,-4.739702,1000,0.8650656,0.11416754839693397,0.11419845155131658,9.304529779284273,3.090315438263264e-05,0.9999999999999998,3441.1208983256993,1000,513.549504950495,20,404,187.5582814364604,9505.942875862122,4872.145164710755,183.16670036315918,404,1781.4004524823683,362940.0,158.51126527786255,200000.0,447.0,31491.258326292038,89400000.0,1261.739975700842,447000.0
2.522998e-08,3.2703126e-10,622.50464,-0.00035796253,1.2710842e-10,0.011563048,9.1682205,27.404552,27.395615,0.35539332,23.247719,0.4351512,24.519493,1.0,-0.6475297,-1.0,10000,0.6410032,0.033282438688955154,0.03264938953936217,0.031591690965622546,10,0.00048548388069306685,1000,1000.0,1000,10,0.0,9581.235915184021,9574.023500919342,9557.830280303955,10,6.283193886345299,-78.8382339530055,-83.32800146596675,-86.70581558504,10,2.3039514230740474,9979.183976732471,9969.33662725017,9955.85611229435,10,7.956411849302072,-22.633043144328262,-23.164446949708235,-23.856286203903444,10,0.4488895767006618,-283.48255499999993,-287.21143416666666,-289.71197666666666,10,2.1998539077212107,0.0,0.0,0.0,10,0.0,-1.5440748772893755,-1.609243386735343,-1.6724276028234457,10,0.031113574099920008,0.0,0.0,0.0,10,0.0,4.723524,-0.60136676,-4.8344646,1000,0.8729231,0.11426025786008186,0.11429116101446449,9.128829178144619,3.090315438263264e-05,0.9999999999999998,3697.8103748396275,1000,334.6675461741425,23,758,228.87087827061785,9513.920283317566,3163.150755719923,217.49193811416626,758,2171.268615954597,363698.0,160.0629014968872,200000.0,448.0,31651.321227788925,89600000.0,1249.5087751729245,448000.0
2.522998e-08,3.2340858e-10,625.8231,-4.9086004e-05,1.307311e-10,0.011313902,9.136814,27.341364,27.332693,0.3551279,29.318104,0.4609881,30.722765,1.0,-0.6563586,-1.0,10000,0.6389485,0.032719924400371386,0.03209984450410848,0.03158512140861421,10,0.00029168542382732824,1000,1000.0,1000,10,0.0,9573.199947357178,9565.289892959594,9555.09845161438,10,6.020611334206898,-71.5151417341617,-79.50715987439389,-84.2672625722915,10,3.734276007865,9962.736890314856,9952.938236249063,9943.744786709134,10,6.015993234499482,-21.7189863240097,-22.68143849901874,-23.352632708403483,10,0.49355270235916515,-281.5523116666666,-283.8422821666667,-290.06292999999994,10,2.410633660699791,0.0,0.0,0.0,10,0.0,-1.5762238876955608,-1.617459998183603,-1.6549135604120422,10,0.021165230253110394,0.0,0.0,0.0,10,0.0,4.82136,-0.61813366,-4.778204,1000,0.8663763,0.11435296732322975,0.11438387047761236,8.930048319306218,3.090315438263264e-05,0.9999999999999998,3285.086437840776,636,266.48032786885244,17,610,95.99482793388628,5986.141325950623,2511.4720453547648,152.41011142730713,610,905.743770977986,364308.0,159.36603474617004,200000.0,449.0,31810.687262535095,89800000.0,1254.972556219709,449000.0
2.522998e-08,3.133818e-10,623.9171,0.0005415169,1.4075785e-10,0.01068899,9.098229,27.25665,27.248617,0.37146273,39.64834,0.45328426,41.17024,1.0,-0.64729255,-1.0,10000,0.6619898,0.03521749677740445,0.03443938364891583,0.03408840939709626,10,0.0003157430065913961,1000,1000.0,1000,10,0.0,9555.80892086029,9545.705645942688,9528.52728843689,10,7.222928694984422,-91.45970107967636,-94.37422317133925,-96.9020859314343,10,1.9182882029177848,9966.673292575419,9957.817733101732,9943.43916428799,10,6.6170288604966165,-23.849902881720848,-24.61496014045948,-25.294494991775778,10,0.494430171310951,-289.0978083333333,-291.63344616666666,-294.97627666666665,10,2.124807967129697,0.0,0.0,0.0,10,0.0,-1.4362490053903112,-1.4894592063846104,-1.5389273597812414,10,0.03157380499686159,0.0,0.0,0.0,10,0.0,3.8123577,-0.6254061,-3.8900824,1000,0.85868216,0.11439932205480369,0.11443022520918632,8.696254025759842,3.090315438263264e-05,0.9999999999999998,4482.473739277533,1000,955.5071770334928,22,209,191.33219988815378,9513.5369348526,9055.459276233563,209.97119331359863,209,1813.8560158042915,364517.0,156.7753438949585,200000.0,450.0,31967.462606430054,90000000.0,1275.7108039514337,450000.0
2.522998e-08,3.175636e-10,619.997,0.00078729104,1.3657608e-10,0.010372655,9.091999,27.253231,27.24534,0.4630372,51.04546,0.56682074,52.45592,1.0,-0.6114786,-1.0,10000,0.7076773,0.04206339867487259,0.040556970813003135,0.03937140264925256,10,0.0007254242714113912,1000,1000.0,1000,10,0.0,9508.83793258667,9493.447724342346,9483.306449890137,10,7.737541088839844,-123.2107982147027,-129.78840349538757,-139.55873145931923,10,4.965656631110261,9992.570912798768,9981.355524517097,9970.521033679724,10,6.908281852270652,-23.853480441783994,-24.44304765483061,-25.058123353490206,10,0.4196015247299181,-324.28087999999997,-332.1071393333333,-343.3200983333333,10,5.246400194426022,0.0,0.0,0.0,10,0.0,-1.5116958355457282,-1.5692066668999949,-1.613264648341199,10,0.03771046019724561,0.0,0.0,0.0,10,0.0,4.843873,-0.6047999,-4.5676107,1000,0.88154835,0.11443022520918632,0.11446112836356895,8.65252851405433,3.090315438263264e-05,0.9999999999999998,5254.4876048177175,1000,802.6508620689655,28,232,256.59738622976363,9501.15029335022,7589.116297959703,253.26987981796265,232,2428.367822807031,364749.0,162.75828218460083,200000.0,451.0,32130.220888614655,90200000.0,1228.8161150113365,451000.0
2.522998e-08,3.2444783e-10,617.0074,0.00025290382,1.2969184e-10,0.010853228,9.089199,27.24397,27.235584,0.49169412,58.51079,0.6781091,59.73457,1.0,-0.60911465,-1.0,10000,0.71134394,0.042222903782661886,0.04129312166966847,0.040208331642134,10,0.0005756890638016606,1000,1000.0,1000,10,0.0,9492.541228294373,9470.513957500458,9450.52045917511,10,12.646296786943164,-136.3210449793636,-145.80940127544073,-155.91006996891196,10,5.581847511702911,9993.63065227986,9980.77554235439,9963.418680040428,10,9.184846388038006,-23.447708481771315,-24.31246468000668,-25.61108875546947,10,0.6629637267732137,-327.00076833333327,-338.51203766666663,-347.5315383333333,10,5.578916281655344,0.0,0.0,0.0,10,0.0,-1.4984062395355588,-1.627681728236988,-1.705521309010475,10,0.06251304338280092,0.0,0.0,0.0,10,0.0,4.9539022,-0.5963976,-4.8774467,1000,0.892301,0.11447657994076027,0.11450748309514289,8.746983460299104,3.090315438263264e-05,0.9999999999999998,5368.421457424856,1000,538.0741626794259,56,418,178.15562723150524,9457.236152648926,5076.27521655377,519.7246689796448,418,1681.394368795218,365167.0,159.10318088531494,200000.0,452.0,32289.32406949997,90400000.0,1257.0458924021411,452000.0
2.522998e-08,3.254155e-10,616.80475,0.0002256949,1.2872417e-10,0.010876791,9.116971,27.279003,27.270432,0.47621125,59.745148,0.74900115,60.779114,1.0,-0.61245817,-1.0,10000,0.7113108,0.0424714400406956,0.04105538192225504,0.04036119761572627,10,0.0006070667299457494,1000,1000.0,1000,10,0.0,9517.386263847351,9503.804189014434,9476.408429145813,10,11.725850089687713,-118.69814830116292,-126.52041761948048,-134.47572125007116,10,5.095214455381233,9997.315133174014,9991.060105774404,9982.845003361417,10,3.6982633329134424,-24.121154582750112,-25.249384309223323,-26.82787392819852,10,0.743676444258245,-327.176245,-333.91454899999997,-345.07486499999993,10,5.485968652438179,0.0,0.0,0.0,10,0.0,-1.5149715718468886,-1.5715665321943668,-1.6722061908919459,10,0.04664714622989729,0.0,0.0,0.0,10,0.0,4.981342,-0.59226155,-4.9141674,1000,0.8989978,0.11453838624952553,0.11456928940390815,8.908875636104261,3.090315438263264e-05,0.9999999999999998,4925.678507423463,1000,366.0018518518518,26,540,225.7503332434608,9466.696924209595,3443.6321183526957,236.6564908027649,540,2129.2716633154732,365707.0,159.1845486164093,200000.0,453.0,32448.50861811638,90600000.0,1256.4033490583602,453000.0
2.522998e-08,3.220188e-10,616.2601,0.00051487394,1.3212081e-10,0.010577806,9.078454,27.183664,27.175037,0.4222991,57.29978,0.66605264,58.286198,1.0,-0.63922715,-1.0,10000,0.6814499,0.037838514389484774,0.03685085445909062,0.03630846759215638,10,0.0005263176452642226,1000,1000.0,1000,10,0.0,9577.1574716568,9567.526354646683,9532.791865825653,10,12.282008045822286,-86.77741654767647,-90.56445412583597,-92.78700640882906,10,1.7562250599814682,9988.75643937002,9983.063212654557,9957.684937617287,10,8.652952772447913,-21.792929968009343,-22.62603966376596,-23.67907247412176,10,0.6806351049760022,-296.116875,-300.95125716666666,-309.80405499999995,10,4.532846260314025,0.0,0.0,0.0,10,0.0,-1.342992662598928,-1.3951014666492418,-1.4601132237753083,10,0.03341846374028894,0.0,0.0,0.0,10,0.0,4.2612047,-0.60887,-4.9563236,1000,0.87745893,0.11458474098109947,0.1146156441354821,9.011205920346699,3.090315438263264e-05,0.9999999999999998,4617.590389891774,1000,337.15533980582524,59,206,262.5563187770176,9499.715874671936,3172.334145962613,547.0892734527588,206,2477.8477401533455,365913.0,161.30632734298706,200000.0,454.0,32609.814945459366,90800000.0,1239.8769675955627,454000.0
2.522998e-08,3.2233763e-10,611.546,0.00065529486,1.3180206e-10,0.010352532,9.041737,27.076687,27.068026,0.37485275,53.722286,0.6024972,54.67675,1.0,-0.64699984,-1.0,10000,0.66833144,0.0361631596582738,0.035332184616936865,0.03451292085273599,10,0.0004794061210013981,1000,1000.0,1000,10,0.0,9594.441084861755,9589.869062519074,9583.814986228943,10,3.2942363072239615,-73.19518586359537,-76.96814735119759,-80.17233383285365,10,2.0700498119147466,9986.004515557961,9981.757594739303,9974.324572572492,10,3.3479983402770586,-19.86382580565406,-21.07402222580696,-21.717676321307252,10,0.6053149660570648,-287.2553033333333,-292.4230911666666,-297.2574733333333,10,3.182483548178995,0.0,0.0,0.0,10,0.0,-1.3661971974734333,-1.423274897779898,-1.4778791093668686,10,0.03118086249699752,0.0,0.0,0.0,10,0.0,4.631801,-0.60676706,-4.567767,1000,0.8757126,0.11464654728986473,0.11467745044424738,9.110353715246085,3.090315438263264e-05,0.9999999999999997,5210.123411991786,1000,631.251282051282,26,390,345.99217930378427,9526.043809890747,5991.2602762106135,184.45029830932617,390,3292.397826328787,366303.0,159.79418206214905,200000.0,455.0,32769.609127521515,91000000.0,1251.6100237129635,455000.0
2.522998e-08,3.2094066e-10,609.9128,-0.00014972722,1.3319897e-10,0.011128157,9.103998,27.206713,27.1981,0.39110708,47.319096,0.6419937,48.16153,1.0,-0.64714783,-1.0,10000,0.6650758,0.036722714303512476,0.03521009875849122,0.033666778208731554,10,0.0008805982269031155,1000,1000.0,1000,10,0.0,9604.708897590637,9592.020608234405,9562.820256233215,10,11.198515341668777,-68.57097205165607,-71.49577480755548,-77.64575144956213,10,2.857968537282249,9987.788799292764,9980.81083734787,9960.846753478385,10,7.691283841039419,-20.172807422569072,-20.99555463614785,-21.91189008713561,10,0.46374535830996183,-283.92124666666666,-294.82712150000003,-305.76809166666663,10,6.167954910893264,0.0,0.0,0.0,10,0.0,-1.3971922494813676,-1.4717814495105161,-1.533083744550554,10,0.03687639927071192,0.0,0.0,0.0,10,0.0,4.8300233,-0.58048373,-4.8569884,1000,0.90654534,0.11480106306177788,0.11483196621616053,9.266815662650526,3.090315438263264e-05,0.9999999999999999,3151.4637484398613,1000,233.12953367875647,20,1351,276.5520047809077,9519.314291000366,2200.589820956231,180.7281732559204,1351,2629.509353335676,367654.0,167.7590844631195,200000.0,456.0,32937.368211984634,91200000.0,1192.1858100266898,456000.0
2.522998e-08,3.2484218e-10,613.76697,-0.00021830681,1.2929745e-10,0.011266112,9.17588,27.361801,27.353601,0.4351976,39.3475,0.6651602,40.173332,1.0,-0.652812,-1.0,10000,0.65223366,0.03604259990171704,0.03382930740490556,0.03247824917522667,10,0.001008409650314261,1000,1000.0,1000,10,0.0,9610.000911712646,9599.285583019257,9582.769476890564,10,8.74076033232139,-62.05207347201275,-66.00982441708013,-68.31052574556173,10,1.7445198827000914,9983.143046648298,9975.241747780341,9965.738458896067,10,6.234345736338796,-19.021788902988977,-20.061825927343353,-21.2676305275304,10,0.6067360208647027,-279.00789999999995,-288.39590166666665,-304.6274933333333,10,7.5888332987538,0.0,0.0,0.0,10,0.0,-1.4192282359853388,-1.4886132121343865,-1.5961336979312635,10,0.05834950727217327,0.0,0.0,0.0,10,0.0,4.382031,-0.59110683,-4.822772,1000,0.8807947,0.1149246756793084,0.11495557883369104,9.355203412632989,3.090315438263264e-05,0.9999999999999998,2408.2922358013143,1000,369.39716312056737,17,282,201.39872168992306,9513.99432182312,3501.362103835065,158.34517002105713,282,1906.687991135703,367936.0,160.44972205162048,200000.0,457.0,33097.817934036255,91400000.0,1246.496394276428,457000.0
2.522998e-08,3.2736677e-10,616.3896,0.00013047684,1.2677287e-10,0.010964536,9.114679,27.206766,27.198536,0.3834423,34.731934,0.5558083,35.741615,1.0,-0.6591707,-1.0,10000,0.63588494,0.033142369779568984,0.032317564403187136,0.03195904276990041,10,0.0003472721969503721,1000,1000.0,1000,10,0.0,9599.969073295593,9592.231782627106,9577.915054321289,10,5.891470052995554,-62.01934479756906,-64.80008465580026,-68.4637070489913,10,1.7535191392263516,9966.685201308363,9959.991181495361,9947.935404446413,10,5.255076155163369,-18.915332887681146,-19.78902458864571,-20.43895265510751,10,0.4019559094291209,-278.744685,-281.6312761666666,-286.3779199999999,10,2.2173509616844043,0.0,0.0,0.0,10,0.0,-1.4998775571867273,-1.5390131875457436,-1.5699288392610984,10,0.023586334640567665,0.0,0.0,0.0,10,0.0,4.171363,-0.60217404,-4.2547755,1000,0.8648439,0.11495557883369104,0.11498648198807367,9.257351775502032,3.090315438263264e-05,0.9999999999999998,3829.7914441662588,1000,885.6160714285714,30,224,251.1544504005352,9544.370323181152,8425.224998395357,286.343035697937,224,2391.805757152328,368160.0,158.1209032535553,200000.0,458.0,33255.93883728981,91600000.0,1264.8549045997374,458000.0
2.522998e-08,3.2630693e-10,612.1411,0.00059609086,1.2783276e-10,0.010422449,9.0352545,27.040167,27.031656,0.33027515,35.03163,0.46222937,36.223038,1.0,-0.6664716,-1.0,10000,0.6289384,0.03190814723605581,0.03145492223875626,0.030779531750842578,10,0.0003146474884804039,1000,1000.0,1000,10,0.0,9586.605638504028,9577.869854927063,9568.015503883362,10,6.111744641396956,-67.62047337914959,-71.85925643660758,-74.34461651559306,10,1.9149685366382638,9957.619378382298,9948.085909138666,9941.020793453674,10,5.182575108784281,-20.239737218737083,-20.99149584125456,-21.897852791895147,10,0.460579849766393,-270.67275833333326,-275.8405461666666,-280.4117133333333,10,2.409355979092761,0.0,0.0,0.0,10,0.0,-1.4747899260352513,-1.524757194756831,-1.5665609009190966,10,0.027339004487472653,0.0,0.0,0.0,10,0.0,4.4895687,-0.6072221,-5.261456,1000,0.86210024,0.11500193356526497,0.11503283671964762,9.097056144670555,3.090315438263264e-05,0.9999999999999998,4740.451725404564,1000,674.4408284023668,30,338,349.92874725510444,9528.582027435303,6401.779663231069,278.0431823730469,338,3333.363190442549,368498.0,157.42650747299194,200000.0,459.0,33413.3653447628,91800000.0,1270.4340787990354,459000.0
2.522998e-08,3.2848144e-10,610.05817,-2.5869836e-05,1.2565819e-10,0.011006917,9.052764,27.093267,27.08474,0.3415415,37.212467,0.4776852,38.454712,1.0,-0.6668837,-1.0,10000,0.6374993,0.03258662760230072,0.03207295938383905,0.03172855649951089,10,0.0002818758922557126,1000,1000.0,1000,10,0.0,9597.06495475769,9582.117399406434,9568.305896759033,10,7.4242365725321005,-68.70384097913514,-71.22818328854851,-74.4910409988354,10,1.6077758982535877,9961.29356755162,9951.723094889097,9940.484313572417,10,5.184531487771421,-20.752041411082168,-21.205141231247364,-21.780296735920743,10,0.3285032431327753,-272.6030016666666,-275.70893866666665,-280.06075999999996,10,2.7864899043217712,0.0,0.0,0.0,10,0.0,-1.4123168115201727,-1.4634301083557992,-1.5072558828092153,10,0.029773005526129166,0.0,0.0,0.0,10,0.0,5.176046,-0.62507546,-4.722035,1000,0.8542476,0.11504828829683893,0.11507919145122156,9.010747870340076,3.090315438263264e-05,0.9999999999999998,4305.333903617226,1000,446.74634146341464,36,205,212.2608934233035,9509.822797775269,4225.939907436836,333.76404666900635,205,2008.622516221845,368703.0,154.39914298057556,200000.0,460.0,33567.76448774338,92000000.0,1295.343977557967,460000.0
2.522998e-08,3.2567263e-10,606.4289,0.0010298094,1.2846707e-10,0.009885911,9.017042,27.000422,26.992203,0.3324167,41.90537,0.4455,43.236244,1.0,-0.65387654,-1.0,10000,0.65538585,0.03462446065408585,0.033877491545726654,0.033186220560615765,10,0.0005109470680088602,1000,1000.0,1000,10,0.0,9592.067757606506,9586.518947029113,9574.931016921997,10,5.56512560498711,-74.71485629937382,-79.64531505481808,-84.20438771893257,10,2.4135585306372698,9974.99916303807,9970.988473348092,9966.116704414568,10,2.6788761152086025,-21.59682776829885,-22.393550494413212,-23.634461159048854,10,0.5996665162098948,-276.4634883333333,-281.0872985,-288.0449483333333,10,3.9110143256710357,0.0,0.0,0.0,10,0.0,-1.3106351830213994,-1.3433613476954258,-1.3904817604617787,10,0.02578010466536134,0.0,0.0,0.0,10,0.0,4.8637643,-0.60924053,-5.3086376,1000,0.8768892,0.11512554618279551,0.11515644933717814,8.882753594148365,3.090315438263264e-05,0.9999999999999998,4511.386121324859,1000,405.53876478318,25,761,350.82989484956414,9534.221997261047,3838.5255322453227,225.13738203048706,761,3335.496477420938,369464.0,165.76662516593933,200000.0,461.0,33733.53111290932,92200000.0,1206.5154840414446,461000.0
2.522998e-08,3.1909544e-10,596.71094,0.0012926,1.3504418e-10,0.009448197,8.941306,26.812052,26.80424,0.3478646,49.60902,0.43458644,51.016186,1.0,-0.62937325,-1.0,10000,0.68169737,0.03975930746544327,0.03696816382403777,0.035958989724444106,10,0.0011682663383094558,1000,1000.0,1000,10,0.0,9558.595691680908,9547.28150625229,9527.776872634888,10,9.290007284514921,-90.02098156131649,-97.6784551123948,-106.09978251735292,10,4.1063046118997715,9981.248511958876,9973.42965581954,9965.498310622683,10,5.662255571816109,-23.519386029465718,-24.331617159197343,-25.098349666019608,10,0.47074175221942327,-296.11687499999994,-302.74111916666664,-320.85908499999994,10,7.863063224211458,0.0,0.0,0.0,10,0.0,-1.3486675778595405,-1.3969573720436008,-1.4338055564861287,10,0.02834501182337858,0.0,0.0,0.0,10,0.0,4.962409,-0.59735197,-4.417906,1000,0.8798884,0.11524915880032603,0.11528006195470866,8.74606319697012,3.090315438263264e-05,0.9999999999999998,3572.8497108917777,1000,823.880658436214,26,243,306.4261371475,9501.798347473145,7812.5859211148545,234.50098276138306,243,2909.332249209644,369707.0,157.80845761299133,200000.0,462.0,33891.33957052231,92400000.0,1267.3591962382586,462000.0
2.522998e-08,3.2441366e-10,589.5917,0.00054102164,1.2972601e-10,0.01007163,9.014949,26.943398,26.935125,0.40999573,55.08098,0.5705285,56.281193,1.0,-0.6276135,-1.0,10000,0.6877525,0.03922574979699857,0.03783512233236834,0.03675049208458222,10,0.0007186456444131426,1000,1000.0,1000,10,0.0,9550.816677093506,9541.98616886139,9530.672577857971,10,5.998973609087121,-97.36394390936309,-102.65804716013388,-106.40278202098804,10,2.3187132776570882,9985.375957467193,9977.722945666756,9969.967301302799,10,3.662351791902921,-23.014487000144108,-23.642149781288808,-24.171247953495968,10,0.3149229967026154,-302.96046499999994,-308.0405145,-320.06944,10,4.674477402202312,0.0,0.0,0.0,10,0.0,-1.3360756134245713,-1.3960640471034647,-1.4579712363007782,10,0.0330962937552968,0.0,0.0,0.0,10,0.0,4.9558663,-0.58535475,-5.6052866,1000,0.90238357,0.11537277141785655,0.11540367457223918,8.84890115612242,3.090315438263264e-05,0.9999999999999998,2667.7120856797455,1000,290.51525423728816,22,885,171.7159954711313,9443.353677749634,2739.784278014016,198.69676160812378,885,1626.0601458027706,370592.0,160.22335267066956,200000.0,463.0,34051.56292319298,92600000.0,1248.2574897249167,463000.0
2.522998e-08,3.2522235e-10,593.17065,-0.0009539891,1.2891731e-10,0.011631063,9.178911,27.289812,27.281313,0.49798113,51.44618,0.844569,52.23443,1.0,-0.623873,-1.0,10000,0.69043845,0.040462366268897314,0.038222428292120456,0.03666909526345262,10,0.0012668673047418308,1000,1000.0,1000,10,0.0,9565.272271156311,9554.409980010987,9538.295443534851,10,8.31260109989214,-92.28219133685138,-94.93260281615507,-99.15714642008324,10,2.179264722152003,9996.325063359272,9984.970456314977,9970.224387709557,10,7.091290799905694,-22.77203830644391,-23.517593600424497,-24.609943640247316,10,0.6056518977378503,-298.3103333333333,-310.6814383333333,-327.43945999999994,10,9.366164684015263,0.0,0.0,0.0,10,0.0,-1.344672581031703,-1.428835180652937,-1.514036590836327,10,0.05269174226145503,0.0,0.0,0.0,10,0.0,4.5546274,-0.5723755,-5.289813,1000,0.9148263,0.11552728718976969,0.11555819034415234,9.212301449024169,3.090315438263264e-05,0.9999999999999999,2078.095455119276,791,178.4336917562724,21,1116,122.78505015792807,7407.691155433655,1671.6752725996105,186.10713624954224,1116,1157.178231008994,371708.0,160.234436750412,200000.0,464.0,34211.79735994339,92800000.0,1248.1711425835917,464000.0
2.522998e-08,3.2442407e-10,604.64435,-0.0013576066,1.2971559e-10,0.012241203,9.277724,27.494282,27.486036,0.56612146,40.193935,0.9607783,40.762978,1.0,-0.63478756,-1.0,10000,0.6736646,0.03836282536240469,0.03643832275682653,0.03582112499749928,10,0.0007111502127683335,1000,1000.0,1000,10,0.0,9587.719546318054,9581.083175182343,9566.958106994629,10,5.715966911768069,-78.03603422699821,-81.21599454073177,-84.49748917648125,10,2.111916458352497,9991.788611847165,9987.158105298251,9982.855075143649,10,2.5027320363835566,-21.1210774706291,-22.08557134712803,-22.993553823149078,10,0.5315189845720332,-295.76592166666666,-301.32853199999994,-318.22693499999997,10,6.197730540026135,0.0,0.0,0.0,10,0.0,-1.3837194429080548,-1.4448350419068496,-1.5647216416288703,10,0.048144971492815394,0.0,0.0,0.0,10,0.0,5.285879,-0.5802456,-5.2125444,1000,0.90282774,0.11569725453887418,0.1157281576932568,9.530391752901037,3.090315438263264e-05,0.9999999999999998,1753.5487205460352,767,207.14853556485355,26,956,122.32447465804171,7201.96266746521,1950.793887347357,235.3189811706543,956,1154.8663503488503,372664.0,159.38392877578735,200000.0,465.0,34371.18128871918,93000000.0,1254.8316604828403,465000.0
2.522998e-08,3.2019185e-10,618.99005,-0.0020939074,1.3394784e-10,0.013235728,9.321965,27.560917,27.552906,0.5912342,25.877073,0.8945257,26.411654,1.0,-0.624774,-1.0,10000,0.6629091,0.03678834171818744,0.03586586216205906,0.03475323069053411,10,0.0006494285021940966,1000,1000.0,1000,10,0.0,9603.585589408875,9597.747608566284,9590.826833724976,10,3.5889186717309878,-68.71638881131055,-72.31344209100772,-75.86220142121405,10,1.9925219743133433,9996.785550558285,9992.797598162953,9984.10291059746,10,3.42277795699813,-20.694227304187123,-21.61818617434627,-22.316669240347927,10,0.5513278672852435,-291.5544816666666,-299.67027749999994,-305.24166166666663,10,3.9275523714517457,0.0,0.0,0.0,10,0.0,-1.4045063215688607,-1.448080890239949,-1.4917705778223889,10,0.02913279985398193,0.0,0.0,0.0,10,0.0,4.7847795,-0.5790279,-5.2777233,1000,0.88729846,0.11582086715640467,0.11585177031078732,9.74518711869736,3.090315438263264e-05,0.9999999999999997,2434.8454330200425,959,300.075928917609,22,619,123.38790136188108,9057.631974697113,2839.816115319031,193.99370336532593,619,1166.822204504067,373283.0,166.70148229599,200000.0,466.0,34537.88277101517,93200000.0,1199.7493798218675,466000.0
2.522998e-08,3.118187e-10,632.1187,-0.0019405136,1.4232096e-10,0.0133186495,9.338339,27.603075,27.595945,0.5833034,12.200213,0.7765719,12.749365,0.99999994,-0.59188586,-1.0,10000,0.6524793,0.036644747810656554,0.03618659571895551,0.035616913863850644,10,0.0003624529753483608,1000,1000.0,1000,10,0.0,9588.566425323486,9584.065251350403,9580.536255836487,10,2.8196740772923974,-73.78537832331486,-78.5100203519052,-82.65361031707016,10,2.5703426477941576,9998.153489485863,9995.686415031796,9992.345906286995,10,1.956586222187307,-20.18747306809226,-21.43502089854568,-22.17762455107259,10,0.54406591692946,-302.2585583333332,-310.1023653333333,-313.3135883333333,10,3.1678763315571636,0.0,0.0,0.0,10,0.0,-1.5305977831621234,-1.573759093857796,-1.6165274034138633,10,0.02628487451854606,0.0,0.0,0.0,10,0.0,4.5658655,-0.56015486,-4.885277,1000,0.8843316,0.1159290281967439,0.11595993135112652,9.899163678185442,3.090315438263264e-05,0.9999999999999998,2545.6246890051066,856,264.31566548881034,25,849,125.64285297504617,8081.1393032073975,2500.0912280346674,223.758282661438,849,1190.6151656455884,374132.0,160.25156211853027,200000.0,467.0,34698.1353328228,93400000.0,1248.0377561129153,467000.0
2.522998e-08,3.1000852e-10,647.49457,-0.0023107138,1.4413118e-10,0.013965616,9.308442,27.541906,27.535028,0.53498834,0.75859475,0.6759133,1.4208472,0.99999994,-0.5746964,-1.0,10000,0.6404473,0.03650259027488937,0.03574489332794037,0.03477816158886708,10,0.0005783559133741922,1000,1000.0,1000,10,0.0,9568.155685424805,9558.096422576904,9550.37686252594,10,5.611744097049227,-88.9279084871866,-93.71365210867366,-99.42132193050885,10,2.8504683367231687,9997.46273650856,9992.290251797504,9985.420907229473,10,3.153010736148066,-21.690500235071454,-22.650547822522082,-23.210270884547217,10,0.4016052255798057,-308.8389333333333,-316.1036673333333,-322.2628983333333,10,4.729055471531761,0.0,0.0,0.0,10,0.0,-1.6682942558149763,-1.7259616325506397,-1.7920115882972312,10,0.03797031869772666,0.0,0.0,0.0,10,0.0,4.738203,-0.53751093,-5.164498,1000,0.8742203,0.11600628608270047,0.1160371892370831,9.936968908564246,3.090315438263264e-05,0.9999999999999998,3696.8968819384463,1000,327.04716981132077,17,530,250.53052320631065,9460.335554122925,3094.612360802349,155.1122727394104,530,2377.7187469274445,374662.0,160.8259859085083,200000.0,468.0,34858.96131873131,93600000.0,1243.5801271181217,468000.0
2.5229983e-08,3.1223535e-10,660.02325,-0.0017104939,1.4190439e-10,0.013590911,9.180522,27.288975,27.282114,0.46049565,-6.575297,0.54893315,-5.688266,1.0,-0.5677661,-1.0,9066,0.6216216,0.03481224554874643,0.033262161886295036,0.028261787040802035,10,0.0017942377297511896,1000,906.6,66,10,280.2,9574.849225997925,8667.825389575959,630.790768623352,10,2679.0262767381523,-6.539349584269337,-73.38626322419984,-84.84412628727142,10,22.440698822569228,9978.760011214683,9037.388425210052,656.4031521958046,10,2793.6753499407923,-0.9567019966762174,-18.876085832464508,-21.801358095441685,10,5.997503964157322,-17.986358333333335,-275.744034,-315.594785,10,86.08425280889551,0.0,0.0,0.0,10,0.0,-0.12997325563901904,-1.5566549407449048,-1.7960635516989942,10,0.4773069884960804,0.015151515151515152,0.0015151515151515152,0.0,10,0.004545454545454545,4.8679385,-0.5416829,-5.0179276,1000,0.86246425,0.11611444712303966,0.11614535027742233,9.809960463163673,3.090315438263264e-05,0.9999999999999999,2828.432327976771,817,255.14336917562724,16,837,150.09120602581308,7714.716221809387,2412.338092122027,133.11156463623047,837,1420.4718416036612,375499.0,159.43981528282166,200000.0,469.0,35018.40113401413,93800000.0,1254.3918195416297,469000.0
2.5230223e-08,3.0892275e-10,672.8444,-0.0018202792,1.4522128e-10,0.013931477,9.12765,27.24603,27.239677,0.43654948,-9.281002,0.49752453,-8.234821,1.0,-0.6160365,-1.0,1140,0.6165626,0.03431560935660302,0.027386367543352986,0.013248404107116585,10,0.0070869170629291696,466,114.0,32,10,128.0257786541445,4452.497713088989,1090.2650470733643,311.96539878845215,10,1223.0789204992675,-3.3173337094162587,-10.41741593599947,-38.17007818933526,10,9.917046603810311,4643.02224806886,1135.2229496056184,319.8569199792986,10,1275.8496465837336,-0.0619062635976218,-1.6673610329655109,-8.709864991894918,10,2.5388252258742003,-4.474655,-32.67375533333334,-142.83800666666667,10,40.23374611905188,0.0,0.0,0.0,10,0.0,-0.03762613431690261,-0.19936760401163955,-0.8065769456129035,10,0.2224034042029663,0.03125,0.016882460477949886,0.002145922746781116,10,0.009082984814581535,4.7235103,-0.5664829,-4.9947515,1000,0.86998934,0.11637150517994974,0.1163911708236478,9.68860119026682,3.090315438263264e-05,0.9490909090909089,1354.2953196167643,576,104.01964452759589,16,2138,93.04380305363567,5443.0687046051025,980.0253983203625,138.0783805847168,2138,881.0971981691719,377637.0,147.0485758781433,200000.0,470.0,35165.44970989227,94000000.0,1360.0947768833657,470000.0
2.5328248e-08,2.3529723e-10,688.58154,-0.0024434468,2.2061128e-10,0.014837915,9.245288,27.685406,27.685888,0.75740415,-2.939185,0.65769476,-1.5528945,1.0,-0.7567161,-1.0,401,0.5513274,0.02860031000636809,0.020883502317830448,0.009486932022264227,10,0.006420917091075642,60,40.1,30,10,8.34805366537614,561.9053325653076,383.2651087760925,291.1730432510376,10,75.82550374014463,-3.67491798841674,-4.680087785483474,-6.707251776470191,10,0.8490740258965209,584.8505767854241,396.83597082874456,299.5682792004188,10,79.99995031027295,-0.08708709103912377,-0.2983379160104067,-0.4960288632990764,10,0.13018715793124472,-3.246318333333333,-8.528165999999999,-15.7929,10,3.707461113273416,0.0,0.0,0.0,10,0.0,-0.03435675930406433,-0.06426993121044677,-0.10943679150574188,10,0.023525132738330484,0.03333333333333333,0.02592056879595317,0.016666666666666666,10,0.004859974051159249,4.6933355,-0.7113305,-4.900639,1000,0.8253031,0.11606809239146575,0.1160371892370831,9.227315228230706,3.090315438263264e-05,0.10201314373772333,454.2532276462971,194,42.694241512677266,15,4654,14.696484540811197,1835.9673404693604,404.29333055818546,137.03385257720947,4654,138.63553961644226,382291.0,153.1947762966156,200000.0,471.0,35318.64448618889,94200000.0,1305.527543659584,471000.0
2.5363315e-08,2.8656896e-10,707.5053,-0.0033314736,1.6997076e-10,0.01606657,9.442929,28.24384,28.241947,0.6846411,16.606972,0.7076498,18.559282,1.0,-0.7722669,-1.0,434,0.53524286,0.030925457396278944,0.01944686620269625,0.009741443706817725,10,0.006774691037026473,54,43.4,31,10,8.114185110040317,522.683648109436,418.2248845100403,298.02112579345703,10,78.83475552380251,-3.6460601378296915,-4.90164690561045,-5.846691001365289,10,0.7270490651646824,539.64828374607,431.7032203561903,308.16099441638346,10,81.95197536908849,-0.1267956188312269,-0.4416320630720823,-0.743261194481442,10,0.1952756369780917,-3.4217950000000004,-8.0807005,-12.897535,10,3.330464386458912,0.0,0.0,0.0,10,0.0,-0.02953874998504762,-0.05435727544928841,-0.07439672484003677,10,0.015023006120599956,0.03225806451612903,0.02396296183830065,0.018518518518518517,10,0.0049780602286710815,4.9686217,-0.76571405,-4.705695,1000,0.7979612,0.1152182556459434,0.11518735249156077,8.296944624579147,3.090315438263264e-05,0.0003219811311834677,330.42752031136183,75,37.155547296041625,15,5381,10.247148509528227,718.1414442062378,353.63596702680957,138.69114303588867,5381,96.86687709006178,387672.0,147.48438835144043,200000.0,472.0,35466.12887454033,94400000.0,1356.0757327305732,472000.0
2.5462874e-08,2.7518068e-10,727.72125,-0.0035611617,1.8315106e-10,0.016660145,9.614205,28.77949,28.7815,1.2191929,41.020077,2.0082853,42.96641,1.0,-0.63211125,-1.0,2575,0.6659459,0.04031681698147739,0.034640028739032505,0.030125479633907642,10,0.0026856318320255352,620,257.5,86,10,167.80896877104036,5881.684846878052,2445.2633133888244,820.8826875686646,10,1590.2867098941922,-11.984977308453761,-35.94663867559485,-74.75550413559918,10,21.61486097074466,6164.78502526898,2566.655141555159,859.9301986987931,10,1669.065973881831,-1.529721641357087,-5.576864490856555,-13.922998112582409,10,4.02074945266622,-23.16292,-79.43828699999999,-194.34040833333333,10,54.24822481423185,0.0,0.0,0.0,10,0.0,-0.1235554144046764,-0.4300369301006784,-1.0353315847488638,10,0.2807359167411409,0.011627906976744186,0.00586803764611063,0.0016129032258064516,10,0.003516559819870964,4.582837,-0.7198254,-5.152584,1000,0.82180744,0.11447657994076027,0.11444567678637761,7.399861085811818,3.090315438263264e-05,6.531634355376437e-07,404.5811927487783,319,51.463625866050805,16,3464,27.7761560192215,3028.5945625305176,490.43276269172964,145.05527305603027,3464,263.51284924840485,391136.0,149.15205645561218,200000.0,473.0,35615.28093099594,94600000.0,1340.9134594099291,473000.0
2.544573e-08,3.306063e-10,748.6828,-0.0046756384,1.2741695e-10,0.018151928,9.654376,28.964739,28.962719,2.0085316,73.34954,6.891964,74.37202,1.0,-0.5935131,-1.0,10000,0.69730496,0.04119967881885532,0.04003048351078469,0.0379270660183829,10,0.0010731594010548633,1000,1000.0,1000,10,0.0,9498.82200717926,9475.280816936493,9462.261504173279,10,11.659342013790859,-143.56360722968589,-155.48375106324676,-162.955703537584,10,6.469322532807274,9999.752515870394,9995.494980928355,9984.5230463926,10,4.455596287504776,-25.386811576886274,-26.363580117691214,-27.954077126653633,10,0.7969702113524061,-322.7893283333333,-336.6870803333333,-346.39094,10,7.613362114694638,0.0,0.0,0.0,10,0.0,-1.607792140648214,-1.6797530712121163,-1.7397169750618438,10,0.037978805944939124,0.0,0.0,0.0,10,0.0,5.068598,-0.5979486,-4.861161,1000,0.8804256,0.11421011749209604,0.11422270280171837,7.027705034938871,2.510108714729336e-05,0.31960003183430497,1109.7941311991356,708,210.9937343358396,22,798,136.45891799949752,6665.353882789612,1986.4008714184724,203.08857345581055,798,1287.7516268055128,391934.0,160.62809944152832,200000.0,474.0,35775.90903043747,94800000.0,1245.1121609192905,474000.0
2.5328056e-08,3.5080142e-10,769.7894,-0.003527394,1.0510361e-10,0.017383603,9.589702,28.803827,28.7995,2.534955,104.10128,12.014083,104.058174,1.0,-0.5891676,-1.0,10000,0.6968858,0.0417581230809883,0.04014340027417056,0.038973020268240365,10,0.000804079661435573,1000,1000.0,1000,10,0.0,9502.345216751099,9490.504452705383,9462.95673751831,10,11.904701331080414,-131.2726138166031,-138.09991718121094,-151.92276746806368,10,5.681752404676956,9999.998631329665,9997.815157671354,9988.736991194024,10,3.1981627629951768,-24.6090736771621,-26.60522979464137,-28.0717105700305,10,0.8470629518709605,-331.4754233333333,-340.8721988333333,-354.55060499999996,10,6.909241947089023,0.0,0.0,0.0,10,0.0,-1.677593195596718,-1.7333590556974556,-1.8206147986736232,10,0.044525188248122946,0.0,0.0,0.0,10,0.0,4.1571083,-0.5940826,-4.8854237,1000,0.8727297,0.1142434789924098,0.11426375455200025,7.001419757388198,2.0275559590445276e-05,0.5898880159016235,2392.4443047699133,1000,574.285,27,400,294.35775643763833,9478.618225574493,5418.164816824794,258.2114543914795,400,2783.108440202406,392334.0,159.3455741405487,200000.0,475.0,35935.25460457802,95000000.0,1255.1336996884054,475000.0
2.5249271e-08,3.507558e-10,789.13153,-0.0035516713,1.0373112e-10,0.01775604,9.443233,28.353079,28.347494,2.5680547,131.44502,13.192045,130.80415,1.0,-0.6073645,-1.0,10000,0.6792864,0.038704849745307,0.037746471825320614,0.03644406336107932,10,0.0006906428723570598,1000,1000.0,1000,10,0.0,9539.50493812561,9530.993021297454,9520.653149604797,10,6.297164620334348,-103.65324242208754,-110.25302745862538,-117.01224300224908,10,3.986612729822364,9998.362126594584,9991.980876849335,9984.27386293067,10,4.476592129600754,-23.602891901757722,-24.228237948862315,-24.84030167341404,10,0.37732018461956235,-315.7702616666666,-324.81608383333327,-331.73863833333326,10,4.688454461868417,0.0,0.0,0.0,10,0.0,-1.6110569677346565,-1.690508097877009,-1.749581851732461,10,0.04226931748848646,0.0,0.0,0.0,10,0.0,5.3878126,-0.59685713,-4.6563873,1000,0.8753982,0.11428403011159069,0.11430430567118113,7.334068022273472,2.0275559590445276e-05,0.737528330177039,2940.6995927465314,1000,318.5338345864662,29,399,198.26758009410827,9467.029035568237,2995.1971600337847,261.2775402069092,399,1869.7377566160776,392733.0,165.2394814491272,200000.0,476.0,36100.494086027145,95200000.0,1210.364485811913,476000.0
2.522998e-08,3.4452932e-10,805.2283,-0.0025925427,1.0961035e-10,0.017086651,9.21678,27.6702,27.66377,2.0737646,150.25029,10.496763,149.6125,1.0,-0.6192723,-1.0,10000,0.67050266,0.038003880619929986,0.03658657874174241,0.03572253316412389,10,0.0006556211362103517,1000,1000.0,1000,10,0.0,9550.54102230072,9532.890400791168,9504.663374900818,10,11.310759205682388,-94.76612779985936,-105.1159792974867,-109.472050304622,10,4.201337365686746,9993.682635163525,9980.261068253585,9953.190520994638,10,10.174996865394204,-22.52388630351348,-23.858976976924968,-24.790332326056365,10,0.6064028405152937,-309.6285783333333,-316.700288,-323.05254333333323,10,4.462803231238411,0.0,0.0,0.0,10,0.0,-1.6147579964590077,-1.6954283020609051,-1.7741189635116534,10,0.04553935500337511,0.0,0.0,0.0,10,0.0,5.2069507,-0.5984718,-5.0540557,1000,0.87308466,0.11432458123077158,0.11434485679036202,8.01956403048151,2.0275559590445276e-05,0.832018131313305,4243.106511950325,1000,703.641095890411,44,365,344.3442765269683,9501.685404777527,6613.853364869217,369.7354621887207,365,3261.8343213872326,393098.0,162.27472519874573,200000.0,477.0,36262.76881122589,95400000.0,1232.4778227481224,477000.0
2.522998e-08,3.3509756e-10,819.89417,-0.0040383697,1.1904211e-10,0.018796466,9.140368,27.353247,27.3463,1.5668336,146.81152,7.093741,146.22238,1.0,-0.59901124,-1.0,10000,0.68557835,0.04000124526301806,0.03910209700151172,0.038376909651371534,10,0.0005227454886512069,1000,1000.0,1000,10,0.0,9519.123021125793,9505.784018325805,9493.008436203003,10,9.665912454348593,-112.86343135908788,-121.61998932370291,-130.78756256825363,10,5.853050902852621,9998.428494208049,9994.130925872474,9986.57298467833,10,3.3875680579127043,-24.291274667897554,-24.838700663414798,-25.641930940311532,10,0.43680977959249634,-333.84435833333333,-340.021137,-347.4438,10,4.655459132546718,0.0,0.0,0.0,10,0.0,-1.7938618602220309,-1.8670793624223307,-1.9105036052661721,10,0.0340964148426483,0.0,0.0,0.0,10,0.0,5.062867,-0.5911477,-5.997817,1000,0.8919342,0.11439554568933814,0.11441582124892857,8.82346888196737,2.0275559590445276e-05,0.9196888391427992,2815.549755628209,1000,202.9151219512195,21,1025,141.61938552575506,9252.200948953629,1883.8220977709811,181.93006134033203,1025,1325.3804712282858,394123.0,162.01774644851685,200000.0,478.0,36424.78655767441,95600000.0,1234.4326740993924,478000.0
2.522998e-08,3.334156e-10,833.293,-0.0021477106,1.2072404e-10,0.017146986,9.115952,27.27417,27.267326,1.2202433,124.10472,4.3421764,123.820915,1.0,-0.58459187,-1.0,10000,0.690404,0.04118382013057999,0.039970384763446054,0.03887877036984719,10,0.0008560570231678048,1000,1000.0,1000,10,0.0,9516.596219062805,9497.963064193726,9478.972689628601,10,13.012195560875684,-108.38961336608352,-121.38236839023048,-135.383169673614,10,8.375466801776126,9999.826413390652,9994.477391068871,9985.369562593492,10,4.619390669235487,-23.603683849306503,-24.83874774364617,-26.329916342688648,10,0.7886256696859475,-338.5822283333333,-348.35627866666664,-358.49883,10,7.404429196095326,0.0,0.0,0.0,10,0.0,-1.855130466773592,-1.9369364905360342,-2.0071391566597736,10,0.044482103481532836,0.0,0.0,0.0,10,0.0,5.8514237,-0.5874244,-5.5702844,1000,0.8751313,0.11445637236810946,0.1144766479276999,9.089675739832497,2.0275559590445276e-05,0.9608573875688846,2945.888230597224,1000,517.521978021978,26,364,216.50751087253138,9444.758933067322,4866.568776542509,248.45896244049072,364,2036.9382000053104,394487.0,161.24739336967468,200000.0,479.0,36586.03395104408,95800000.0,1240.3301276410798,479000.0
2.522998e-08,3.306831e-10,844.43066,-0.0029385872,1.2345655e-10,0.018138338,9.140011,27.3505,27.343193,1.0050828,101.98186,3.2853024,101.9781,1.0,-0.58161104,-1.0,10000,0.6882426,0.0412421123006352,0.03989853215714392,0.03779667290758516,10,0.0011466806125359507,1000,1000.0,1000,10,0.0,9536.537315368652,9507.047099208832,9484.821300506592,10,14.32896085098096,-101.19475817380922,-113.15488922676687,-128.43655218504045,10,7.6713330831638755,9999.711255299188,9993.971000691843,9974.071514766729,10,7.540352456056198,-22.037265224563463,-23.32240243511403,-24.170207826336462,10,0.5549302358511246,-330.07160999999996,-348.47911233333326,-360.2535966666666,10,9.320916848977072,0.0,0.0,0.0,10,0.0,-1.8397040357310974,-1.967497352659657,-2.0295913134978893,10,0.05505457676935764,0.0,0.0,0.0,10,0.0,4.641122,-0.5702641,-4.8685875,1000,0.8900819,0.11450706126708557,0.11452733682667601,9.126087614234622,2.0275559590445276e-05,0.9768902016206695,3500.0461466620222,1000,302.50462351387057,19,757,217.20031733818146,9487.515661239624,2838.670792348791,176.33550643920898,757,2044.6054502886407,395244.0,159.31470775604248,200000.0,480.0,36745.348658800125,96000000.0,1255.3768752239664,480000.0
2.522998e-08,3.301961e-10,854.98395,-0.0026655456,1.2394356e-10,0.018055256,9.1707,27.42357,27.416416,0.9304974,83.70573,2.7115488,83.846695,1.0,-0.5753498,-1.0,10000,0.6861114,0.04147989265112847,0.04000162800828984,0.03797248603390471,10,0.0012048303781795296,1000,1000.0,1000,10,0.0,9541.364521980286,9504.788324165344,9484.463040351868,10,17.356951095195246,-97.49146671963956,-117.26970517782999,-127.2201783838307,10,7.781545688134837,9999.653833388436,9997.577814041844,9990.92020719094,10,2.5030828880640597,-21.71682851764879,-23.384911897908975,-24.432574252289527,10,0.9025431617520109,-334.1953116666666,-350.1724621666666,-361.7451483333333,10,9.626094795644384,0.0,0.0,0.0,10,0.0,-1.8514675343098541,-1.9624106080301558,-2.007029316573651,10,0.04770272462709202,0.0,0.0,0.0,10,0.0,4.7417088,-0.5673796,-4.975257,1000,0.88320076,0.11457802572565212,0.11459830128524257,9.20289023423567,2.0275559590445276e-05,0.9895679823236386,3451.405378143522,1000,276.753052917232,22,737,212.68287224419194,9461.367292404175,2601.668056168097,196.1013765335083,737,2000.9565681527438,395981.0,167.23910784721375,200000.0,481.0,36912.58776664734,96200000.0,1195.8925312057747,481000.0
2.522998e-08,3.332068e-10,868.2796,-0.0029806006,1.2093285e-10,0.018609634,9.251985,27.583458,27.576452,0.90030694,66.74353,2.2654164,66.86823,1.0,-0.5764316,-1.0,10000,0.6630704,0.04024993660066684,0.037635887884965635,0.03469835691402841,10,0.001794698651254296,1000,1000.0,1000,10,0.0,9576.647019386292,9541.887866592408,9510.552326202393,10,22.592611343058255,-79.48721152055563,-96.53103571332026,-111.93949289835531,10,10.061255151975198,9999.63163992758,9994.83439683972,9987.639282901555,10,3.800968380245341,-18.923049561971364,-20.68784839799912,-22.896477141572646,10,1.3751648041244404,-310.5059616666666,-333.80926299999993,-353.76095999999995,10,13.60556498983466,0.0,0.0,0.0,10,0.0,-1.8084028513461816,-1.9183892743847821,-1.9723944008602368,10,0.05420927140456824,0.0,0.0,0.0,10,0.0,5.1326065,-0.5557229,-5.1528254,1000,0.88281333,0.1146591279640139,0.11467940352360433,9.399928516374295,2.0275559590445276e-05,0.9955848472398661,2549.5025764687766,802,259.09090909090907,26,748,115.71138848608102,7478.193150997162,2439.4130833690815,237.35962009429932,748,1087.955272382925,396729.0,159.6723382472992,200000.0,482.0,37072.26010489464,96400000.0,1252.5651104967328,482000.0
2.522998e-08,3.3215478e-10,882.1835,-0.0019832936,1.219849e-10,0.017862597,9.158275,27.33813,27.331406,0.7646263,52.345608,1.6615111,52.677967,1.0,-0.5776127,-1.0,10000,0.63280743,0.03600119541979802,0.03440295916892647,0.03314833517749503,10,0.000850416485396861,1000,1000.0,1000,10,0.0,9591.91654586792,9578.266283512115,9563.026091575623,10,8.897613350080432,-69.11667169405558,-74.1104447918573,-79.59394813095416,10,3.0916763369918643,9994.976030679416,9987.15794512985,9978.573859150398,10,5.00274046178383,-15.649810194960697,-17.106128247800267,-18.396598475773075,10,0.8255422385037884,-306.90869,-315.7527139999999,-329.01874999999995,10,6.631509100421266,0.0,0.0,0.0,10,0.0,-1.8766749184892029,-1.9223724250427145,-1.9782402167788655,10,0.03341986333701069,0.0,0.0,0.0,10,0.0,4.4889164,-0.5474729,-4.6840725,1000,0.8617638,0.11471995464278523,0.11474023020237567,9.440854152447928,2.0275559590445276e-05,0.997848112124523,2817.669908814329,1000,525.0798319327731,26,238,268.08407908489323,9496.413516044617,4965.465777024377,232.82226037979126,238,2536.1178373018242,396967.0,161.77153873443604,200000.0,483.0,37234.031643629074,96600000.0,1236.3114152503658,483000.0
2.522998e-08,3.2997113e-10,892.12067,-0.0019109771,1.2416854e-10,0.01796915,9.045245,27.082672,27.075731,0.6404393,42.30896,1.1891261,42.8355,1.0,-0.5444185,-1.0,10000,0.6503161,0.03861637700231222,0.03711126481551983,0.03522393569431006,10,0.0010206790976412083,1000,1000.0,1000,10,0.0,9564.541262626648,9546.334951877594,9527.71468257904,10,10.885062203807308,-61.969429918912994,-66.17593577330467,-71.04489062816367,10,2.46380192135602,9981.648211840988,9966.312991037443,9948.600779843287,10,11.078851798530373,-15.317609956741865,-16.36077311110466,-18.12854830273812,10,0.7784520568454899,-322.70159,-335.493839,-350.25142666666665,10,8.39099622931157,0.0,0.0,0.0,10,0.0,-1.8701414912287424,-1.947492502673029,-2.0368294177428523,10,0.05766555060891431,0.0,0.0,0.0,10,0.0,4.488729,-0.5384326,-4.0204062,1000,0.85193956,0.11474023020237567,0.11476050576196611,9.436341724953117,2.0275559590445276e-05,0.9982784896996184,4149.210813564219,1000,854.4769874476988,33,239,282.30905068388705,9516.764371871948,8103.871915476093,310.029691696167,239,2681.278539397066,397206.0,160.267254114151,200000.0,484.0,37394.298897743225,96800000.0,1247.915558954727,484000.0
2.522998e-08,3.2906777e-10,897.4151,-0.0004260587,1.250719e-10,0.016579533,8.945846,26.85676,26.850094,0.55859774,34.60805,0.90744823,35.295303,1.0,-0.57557684,-1.0,10000,0.62741846,0.0357510371797689,0.03403168348291802,0.03298713638032495,10,0.0008989385148540952,1000,1000.0,1000,10,0.0,9567.432210922241,9538.400368213654,9511.954075813293,10,17.81339512092869,-64.28148136625518,-70.07067854623858,-76.36758185838923,10,3.90568829446196,9954.997936708467,9939.2467880738,9916.741159549594,10,12.015134676379084,-15.256504418564681,-16.697552523359047,-17.911815213317706,10,0.6552334203116439,-303.31141833333334,-312.1993114999999,-325.15826333333325,10,7.542032247604316,0.0,0.0,0.0,10,0.0,-1.821019188925919,-1.8788766298561028,-1.924288209171081,10,0.03699636219582006,0.0,0.0,0.0,10,0.0,4.734591,-0.53402084,-4.669745,1000,0.8556199,0.11476050576196611,0.11478078132155656,9.405861905685468,2.0275559590445276e-05,0.9986227917596947,5214.673153720028,1000,699.7127371273713,21,369,322.20649150986844,9498.183772087097,6613.74813219913,197.3341827392578,369,3053.199724805493,397575.0,160.06243777275085,200000.0,485.0,37554.361335515976,97000000.0,1249.5123951813769,485000.0
2.522998e-08,3.2393488e-10,897.8759,0.0003017399,1.3020476e-10,0.015860027,8.885888,26.69185,26.685282,0.50743765,30.08527,0.7395884,30.972591,0.9999994,-0.6227073,-1.0,10000,0.616769,0.03282318560079148,0.03196688277699432,0.03152310585787927,10,0.0003570654542781936,1000,1000.0,1000,10,0.0,9596.54831981659,9588.048949718475,9574.168543815613,10,7.116809226549055,-66.5037889559774,-68.77783417126811,-71.99413877198911,10,1.7994208409646204,9973.858314776644,9965.584516543915,9953.534804576804,10,6.094109417321974,-16.96616403422962,-17.710000861828497,-18.392519948530474,10,0.5522271813693164,-285.6760133333333,-289.35224949999997,-293.8356783333333,10,2.6255467191113095,0.0,0.0,0.0,10,0.0,-1.630411316442576,-1.6954851419735117,-1.7602750397311606,10,0.039365002761990155,0.0,0.0,0.0,10,0.0,4.891344,-0.5700001,-5.2094264,1000,0.84090155,0.11478078132155656,0.114801056881147,9.292330293752663,2.0275559590445276e-05,0.9988982334077557,5687.578032367806,1000,419.1975308641975,19,243,279.69077956731667,9479.345756530762,3954.9560750541373,177.60073566436768,243,2641.243746820171,397818.0,165.00487971305847,200000.0,486.0,37719.366215229034,97200000.0,1212.085365886134,486000.0
2.522998e-08,3.275746e-10,890.1561,0.0020432302,1.2656508e-10,0.01397958,8.772886,26.40684,26.39984,0.42067492,32.630955,0.5495134,33.849567,0.9999991,-0.64914626,-1.0,10000,0.6189576,0.032228491429035784,0.031295477077036046,0.030692568235375802,10,0.00044694461205315816,1000,1000.0,1000,10,0.0,9582.44655418396,9574.363551616669,9566.256534576416,10,5.057766949629433,-75.90297408156479,-77.43813672132039,-79.25862234879189,10,1.2673137313884,9957.918295316264,9950.918852706352,9939.784185188326,10,5.066592006000353,-17.23149460322039,-17.946091643936064,-19.111625971099166,10,0.567126189284466,-275.4106283333333,-279.5606515,-285.5005366666667,10,3.3435212816448425,0.0,0.0,0.0,10,0.0,-1.5588932296076112,-1.6104193884442117,-1.6906897668532859,10,0.037132434525601506,0.0,0.0,0.0,10,0.0,4.171993,-0.595329,-4.689698,1000,0.84167016,0.11481119466094222,0.11483147022053267,8.999455092486551,2.0275559590445276e-05,0.9992067280535841,6427.887591691051,1000,784.1595744680851,29,376,260.8528892980449,9501.699182510376,7418.01579437611,260.30183601379395,376,2476.983919468149,398194.0,164.04909324645996,200000.0,487.0,37883.415308475494,97400000.0,1219.1472445356892,487000.0
2.5230001e-08,3.2631617e-10,879.20593,0.0026381693,1.2782386e-10,0.013187538,8.767599,26.394386,26.387411,0.4002623,40.44186,0.5309349,41.7989,0.99999976,-0.65470475,-1.0,10000,0.6217373,0.03188186740022502,0.03127825884770864,0.030797080829783226,10,0.00033700787201717966,1000,1000.0,1000,10,0.0,9599.317827224731,9591.346506118774,9579.178148269653,10,6.0358211767300824,-71.17114733325879,-75.59801396978989,-78.8238789929134,10,2.539834168361713,9971.307701806709,9967.22610516578,9962.825765868572,10,2.889695704677922,-17.987304753277332,-19.290026463615902,-21.064992060003206,10,0.7945530778429859,-274.27002999999996,-279.36762716666664,-284.2722,10,3.140113152052558,0.0,0.0,0.0,10,0.0,-1.5809755651842043,-1.6239328051599506,-1.6634476036058228,10,0.02298373685142937,0.0,0.0,0.0,10,0.0,4.239185,-0.6027131,-4.8455563,1000,0.8554595,0.11486188355991833,0.11488215911950878,8.805555891172022,2.0275559590445276e-05,0.9995411950105471,5374.691006215981,1000,295.92105263157896,28,608,263.1797408695341,9468.135187149048,2788.338422264316,259.6277356147766,608,2487.953217997712,398802.0,162.70424437522888,200000.0,488.0,38046.11955285072,97600000.0,1229.2242330123827,488000.0
2.5229983e-08,3.2510108e-10,868.81024,0.002081592,1.2903864e-10,0.01355699,8.857077,26.59539,26.588438,0.391222,48.44768,0.5691188,49.770035,1.0,-0.6348214,-1.0,10000,0.63597554,0.033537356450382506,0.032740317027337734,0.032110521091366535,10,0.00048801966512635554,1000,1000.0,1000,10,0.0,9559.256530761719,9542.434896945953,9531.561505317688,10,10.899813500046871,-93.9233634898233,-98.38508467865299,-103.74358966242673,10,3.168899149273328,9971.811032794612,9957.219705325972,9943.754047522736,10,8.208693623728243,-21.99594804749084,-22.98505540181805,-23.746313187974124,10,0.47308702711204037,-287.16756499999997,-291.6948629999999,-298.5735483333333,10,3.849143781617526,0.0,0.0,0.0,10,0.0,-1.6672546329886366,-1.7197996234959656,-1.8377795974042939,10,0.046445185238876405,0.0,0.0,0.0,10,0.0,5.3623013,-0.60689974,-5.158803,1000,0.8566766,0.11492271023868966,0.1149429857982801,8.723218875442477,2.0275559590445276e-05,0.9997650918454002,4039.4830932693853,604,346.5518453427065,21,569,203.76574613511636,5693.766660690308,3276.5029176764833,192.8330955505371,569,1932.4782471479064,399371.0,166.92094540596008,200000.0,489.0,38213.04049825668,97800000.0,1198.1719820337107,489000.0
2.522998e-08,3.2357245e-10,861.2728,0.0009155774,1.3056721e-10,0.014587333,8.916316,26.730959,26.724194,0.4448938,57.689434,0.7064949,59.045334,1.0,-0.6353931,-1.0,10000,0.64783835,0.03424717331583088,0.03382545416784851,0.03320883693288488,10,0.00036178207195164196,1000,1000.0,1000,10,0.0,9480.151246070862,9463.903961753846,9437.864458084106,10,13.518261389379685,-126.35955863612485,-136.6102565925924,-149.04555069302327,10,5.969222131035571,9930.481406382867,9920.943517509479,9903.752679644436,10,8.005066791081855,-20.75122787580873,-21.761315263514792,-22.309740897471805,10,0.4731554082726421,-292.5196033333333,-296.95916299999993,-300.4160533333333,10,2.3751659757473127,0.0,0.0,0.0,10,0.0,-1.6408647049154437,-1.70882796421053,-1.7821989182986042,10,0.04424233602450305,0.0,0.0,0.0,10,0.0,4.231379,-0.6173469,-4.7774973,1000,0.8432429,0.11496326135787055,0.114983536917461,8.552281874484384,2.0275559590445276e-05,0.9998521233912028,3858.076420909205,1000,482.47196261682245,30,214,228.0088059024154,9467.383221626282,4558.273159888303,284.4816789627075,214,2155.25373587971,399585.0,163.32689094543457,200000.0,490.0,38376.36738920212,98000000.0,1224.5380956086249,490000.0
2.522999e-08,3.2299824e-10,852.8034,0.0017753608,1.3114161e-10,0.0135751,8.892132,26.680984,26.674469,0.48424333,70.49342,0.77446103,71.91803,1.0,-0.63598704,-1.0,10000,0.6686568,0.03614244552479067,0.03587360422764614,0.03516259501611057,10,0.00026754424360984284,1000,1000.0,1000,10,0.0,9559.21175289154,9539.31404094696,9515.718222618103,10,13.122048315268657,-105.72204453668147,-111.95913640199733,-122.25158616309201,10,5.192801688267795,9984.4045060222,9974.454369852761,9963.762240253383,10,6.437426567288138,-21.762731602757054,-22.41481965589741,-23.170167984786936,10,0.504844121133367,-293.4847249999999,-299.2930026666666,-305.50487666666663,10,2.9003591191672853,0.0,0.0,0.0,10,0.0,-1.433506823044329,-1.47336777180169,-1.528466518246578,10,0.02844848731361224,0.0,0.0,0.0,10,0.0,4.701602,-0.6222434,-5.1735144,1000,0.8516119,0.11499367469725622,0.11501395025684666,8.352924475203526,2.0275559590445276e-05,0.9998935288416659,5154.7012963052075,1000,815.2093023255813,26,387,242.439198518033,9496.742857933044,7688.765196973347,245.6160430908203,387,2292.568945220715,399972.0,170.57832551002502,200000.0,491.0,38546.94571471214,98200000.0,1172.481904732063,491000.0
2.5229985e-08,3.2025751e-10,847.2782,-0.0003566063,1.3388227e-10,0.015607612,8.968794,26.850912,26.84375,0.55181354,79.71728,1.0341058,80.83897,1.0,-0.6235768,-1.0,10000,0.6803736,0.038573106760304655,0.037660917105691624,0.03704881498571194,10,0.0005013829751693834,1000,1000.0,1000,10,0.0,9545.82601261139,9524.295682907104,9500.760665893555,10,17.92551446240936,-84.35031258061741,-87.73104076495135,-93.53471078887485,10,2.9306779999632697,9974.063702696621,9955.205937418888,9936.927733219447,10,13.076733079374902,-19.88235285804697,-20.847740977208126,-22.19705446014278,10,0.7455474011980956,-314.98061666666666,-320.61341766666663,-329.01875,10,3.9129329390010685,0.0,0.0,0.0,10,0.0,-1.669532978762608,-1.7180553508950105,-1.8091512386191875,10,0.03810751929485188,0.0,0.0,0.0,10,0.0,5.2745433,-0.5893735,-5.542827,1000,0.8911418,0.11505450137602755,0.11507477693561799,8.491329623428882,2.0275559590445276e-05,0.9999441239361063,4181.65179674991,1000,267.4653333333333,24,750,213.25000226234204,9481.68025302887,2509.0026964275044,218.5582242012024,750,2009.810568206416,400722.0,164.74733686447144,200000.0,492.0,38711.693051576614,98400000.0,1213.980169916367,492000.0
2.5229982e-08,3.308183e-10,845.396,0.00058623037,1.2332145e-10,0.014630896,9.01659,26.932558,26.925056,0.5870353,80.540695,1.2030948,81.37781,1.0,-0.6187067,-1.0,10000,0.67520434,0.038211202393329584,0.03726581428492064,0.03635740559226542,10,0.000570351203263645,1000,1000.0,1000,10,0.0,9557.878944396973,9539.48122034073,9517.60576915741,10,12.107791716128457,-71.94762440415566,-78.14381443696978,-84.09844953685966,10,3.571307402413673,9974.770434516853,9962.825772076776,9948.069655916164,10,8.23588335390048,-19.187608664930856,-19.736371993615776,-20.693250846358097,10,0.4843745179750134,-317.70050499999996,-323.6579378333333,-329.54517999999996,10,3.549327371502163,0.0,0.0,0.0,10,0.0,-1.7704555111687372,-1.8064292191848341,-1.8407172159179264,10,0.023047783251664487,0.0,0.0,0.0,10,0.0,4.805749,-0.5823917,-4.790406,1000,0.88650936,0.11510519027500365,0.1151254658345941,8.734777882824607,2.0275559590445276e-05,0.9999689880274107,3180.630718872218,1000,353.698347107438,25,242,205.43951050517714,9449.696128845215,3324.050112929226,225.31367301940918,242,1936.8627881050722,400964.0,159.75990223884583,200000.0,493.0,38871.45295381546,98600000.0,1251.8785827810161,493000.0
2.5229983e-08,3.2815065e-10,843.7222,-0.0001413851,1.259891e-10,0.015328384,9.022369,26.930166,26.922417,0.59700924,75.74058,1.2816137,76.39504,1.0,-0.62111425,-1.0,10000,0.6693243,0.03723700275136798,0.03655542459430144,0.03583423474773008,10,0.0004401353125114959,1000,1000.0,1000,10,0.0,9571.946552276611,9562.170123529435,9552.441637039185,10,6.866769423879239,-75.15353318588579,-78.92515034682279,-83.20374664089661,10,2.696617277281309,9988.202499488347,9980.829060835558,9970.633562961511,10,5.841577068389196,-20.758956425682673,-21.282557434655807,-21.8373449140411,10,0.38452726179730073,-312.7871583333333,-316.700288,-321.38551499999994,10,2.6894912051344266,0.0,0.0,0.0,10,0.0,-1.6960189975733198,-1.7509438835608404,-1.8097059275241105,10,0.034589224171611595,0.0,0.0,0.0,10,0.0,4.7048097,-0.56783473,-5.203639,1000,0.9059772,0.1151761547335702,0.11519643029316066,8.977507317715984,2.0275559590445276e-05,0.9999847450866355,3233.103521643983,1000,316.49763033175356,25,1055,309.87088542519626,9495.669434547424,2975.2025923440806,230.1085696220398,1055,2933.4858040133613,402019.0,161.72847986221313,200000.0,494.0,39033.18143367767,98800000.0,1236.640572955319,494000.0
2.522998e-08,3.299771e-10,845.5008,-0.0009902723,1.241626e-10,0.016209288,9.136265,27.164053,27.156178,0.64130235,63.228405,1.400346,63.62543,1.0,-0.61689204,-1.0,10000,0.6685818,0.037799840547537315,0.03665906509010383,0.0358369415938796,10,0.0005530092985959724,1000,1000.0,1000,10,0.0,9590.214220046997,9578.92823419571,9566.439486503601,10,7.2441114918685185,-70.40069852299064,-75.84166008027924,-84.91237877218418,10,4.370880405768308,9996.415002050133,9993.15363101266,9987.397179918547,10,2.823648916247141,-21.402652890560827,-22.515419695605235,-23.289961147213216,10,0.580120666494414,-309.18988666666667,-314.1821978333333,-319.54301,10,2.8909614409612012,0.0,0.0,0.0,10,0.0,-1.6564203453172608,-1.6861171233376062,-1.7426963949570868,10,0.026443813334042214,0.0,0.0,0.0,10,0.0,5.435514,-0.5722435,-5.221954,1000,0.8950553,0.11527753253152243,0.11529780809111287,9.32431047385427,2.0275559590445276e-05,0.9999952002826589,2222.026434023761,606,153.53303471444568,20,893,119.5543248514186,5636.023341655731,1434.5532111370017,177.7917923927307,893,1125.6850304590262,402912.0,160.80875992774963,200000.0,495.0,39193.99019360542,99000000.0,1243.7133405534546,495000.0
2.5229983e-08,3.284754e-10,849.3381,-0.001647096,1.2566427e-10,0.016935179,9.207314,27.304932,27.2975,0.6891909,46.50408,1.291056,46.792866,1.0,-0.6235913,-1.0,10000,0.654604,0.036293586372732535,0.035464704669176714,0.03450168168134405,10,0.0004977470668973887,1000,1000.0,1000,10,0.0,9601.092951774597,9590.970580768586,9583.329416275024,10,4.719472706466543,-63.5860461976479,-66.5797969556949,-71.29029780913376,10,2.260353207765311,9995.587150118929,9990.018930178321,9979.03133786131,10,4.448648099935132,-21.439749002177255,-22.153519350667345,-22.72154385238565,10,0.4034282658574404,-300.59153000000003,-308.59326599999997,-316.2089533333333,10,4.583402162787122,0.0,0.0,0.0,10,0.0,-1.6530774357394002,-1.7217683384109475,-1.7789469361013883,10,0.04203184191534517,0.0,0.0,0.0,10,0.0,4.6029744,-0.5773126,-5.1806393,1000,0.87569016,0.11534849699008898,0.11536877254967942,9.625798590293453,2.0275559590445276e-05,0.9999978333546956,2678.655847236176,1000,473.25895316804406,28,363,280.02055049733855,9473.907580375671,4474.744563208139,267.74851512908936,363,2650.1533025812037,403275.0,166.76175570487976,200000.0,496.0,39360.7519493103,99200000.0,1199.315749313304,496000.0
2.522998e-08,3.265418e-10,851.54333,-0.00016173135,1.2759788e-10,0.015489509,9.138991,27.106594,27.099783,0.61341536,31.13636,0.9871216,31.630674,0.99999976,-0.6252428,-1.0,10000,0.6152532,0.032409852767174015,0.03148854585852241,0.030509310439389082,10,0.0006722124853977276,1000,1000.0,1000,10,0.0,9592.705618858337,9577.274526309968,9565.915656089783,10,6.298846919544129,-74.84267770663624,-78.4058780115706,-81.5428247811337,10,2.145193336943861,9978.39729548856,9967.313159430978,9957.703416861927,10,6.4754798255658015,-18.402152840333102,-19.725087168755323,-20.667748356756547,10,0.6498189086807438,-282.7806483333333,-290.09802533333334,-296.4678283333333,10,4.644367161625864,0.0,0.0,0.0,10,0.0,-1.7817107416017135,-1.809640462011119,-1.833165539579476,10,0.01595159732831107,0.0,0.0,0.0,10,0.0,4.055826,-0.5771213,-4.6575227,1000,0.8591208,0.11538904810926986,0.11540932366886031,9.670437021195955,2.0275559590445276e-05,0.9999986360790215,4043.1135428379616,1000,824.1850393700787,35,254,293.6075525157515,9539.73384475708,7832.619397906807,328.7703638076782,254,2793.0797757756777,403529.0,159.3317732810974,200000.0,497.0,39520.0837225914,99400000.0,1255.2424157556736,497000.0
2.522998e-08,3.251765e-10,854.26385,-0.0012304673,1.2896315e-10,0.016607216,9.030768,26.835464,26.827976,0.4931991,22.39052,0.71637255,23.181318,0.99999976,-0.61558926,-1.0,10000,0.59906423,0.031047420684684766,0.03009896452972171,0.02934631713338604,10,0.0004910410465654327,1000,1000.0,1000,10,0.0,9561.46025276184,9538.859852504731,9520.657274246216,10,11.99925904861551,-81.23723282548377,-86.42745187211167,-89.2093631360737,10,2.5895551081420822,9955.518407312235,9930.867528723284,9909.373198921927,10,12.475344838457255,-18.146229628055625,-19.477744034588444,-20.515148378348538,10,0.8352369823652059,-279.3588533333333,-284.2458785,-289.44876166666666,10,3.02768449549031,0.0,0.0,0.0,10,0.0,-1.8109615372897345,-1.8566004299169556,-1.8995096840325532,10,0.026359005446650374,0.0,0.0,0.0,10,0.0,4.460978,-0.57025665,-5.6458597,1000,0.8492584,0.11540932366886031,0.11542959922845075,9.51342652223877,2.0275559590445276e-05,0.9999989088632172,5134.312447009932,1000,617.4255319148937,33,282,313.3188898295279,9522.673747062683,5855.089150395905,315.704496383667,282,2975.96744776996,403811.0,163.8479244709015,200000.0,498.0,39683.9316470623,99600000.0,1220.64408594641,498000.0
2.522998e-08,3.2499603e-10,856.63934,-0.00027106432,1.2914358e-10,0.015690573,8.918105,26.575394,26.567781,0.40742072,20.05593,0.5390454,21.14371,0.9999991,-0.6131412,-1.0,10000,0.6171364,0.03305966822784103,0.03189544093897421,0.030959416106386924,10,0.000637839618708602,1000,1000.0,1000,10,0.0,9556.660109519958,9507.670397377015,9475.591125488281,10,21.649126607196816,-82.38032667652014,-87.51144726856822,-91.35497525551568,10,2.949681896492694,9961.330342870235,9914.69511440619,9886.410910905894,10,20.462862038279464,-20.290865600911367,-21.2989685115809,-22.85478288721626,10,0.7589780668757021,-291.2035283333333,-296.3537685,-299.1877166666666,10,2.613085610132562,0.0,0.0,0.0,10,0.0,-1.73897760886419,-1.860540761422805,-1.9668101416014756,10,0.05679641087230466,0.0,0.0,0.0,10,0.0,4.4585686,-0.578649,-4.508172,1000,0.8388519,0.11543973700824597,0.11546001256783642,9.266527225766387,2.0275559590445276e-05,0.9999992143815164,5073.169280723418,1000,714.4133663366337,21,404,291.70639131193565,9516.184061050415,6767.782818845003,190.57797479629517,404,2774.1381715013385,404215.0,163.0532946586609,200000.0,499.0,39846.98494172096,99800000.0,1226.592816898819,499000.0
2.5229996e-08,3.1838787e-10,855.5533,0.00058102014,1.357521e-10,0.0148189375,8.7708025,26.245523,26.237959,0.35111445,25.725079,0.43007633,27.10138,1.0,-0.6378484,-1.0,10000,0.63282055,0.034588385301802194,0.03301012372862751,0.03226908821838151,10,0.0006415049702247538,1000,1000.0,1000,10,0.0,9575.125183105469,9562.867906475067,9546.646591186523,10,8.767857267998542,-79.17331528494617,-81.92626481742239,-86.26088624964038,10,1.8597048284662816,9971.50563679506,9965.129343640321,9945.37599678347,10,7.356752989944436,-22.047354468460867,-22.66139165626641,-23.15144314808994,10,0.366471780542075,-288.8345933333333,-295.9501721666666,-303.83784833333334,10,4.212801551954808,0.0,0.0,0.0,10,0.0,-1.6549785461601312,-1.7236032644374035,-1.785281506595418,10,0.04088060374194389,0.0,0.0,0.0,10,0.0,4.8154325,-0.5909295,-4.895937,1000,0.84704673,0.11548028812742686,0.1155005636870173,8.953111774233845,2.0275559590445276e-05,0.9999994972041704,5267.24100791021,1000,530.6969696969697,20,429,186.81034226410284,9462.87874698639,5012.820969991751,185.33385276794434,429,1762.910687352894,404644.0,161.06771731376648,200000.0,500.0,40008.05265903473,100000000.0,1241.7137545346336,500000.0
2.5229982e-08,3.1581746e-10,849.5723,0.0014329669,1.3832226e-10,0.013859334,8.751583,26.191021,26.183308,0.36176008,36.148193,0.46360788,37.629,1.0,-0.653439,-1.0,10000,0.63486755,0.033895400222885654,0.03287421239107934,0.032391105839938976,10,0.00047922275820119634,1000,1000.0,1000,10,0.0,9579.657411575317,9573.01735315323,9561.872805595398,10,5.8679813753493715,-82.12448083269904,-85.1277714401384,-89.32381000120772,10,1.9683075379747954,9980.68210161721,9973.515427766306,9961.307023531022,10,5.126193977022192,-21.114806653293073,-21.761251745888693,-22.46534632326446,10,0.44945538172450106,-288.220425,-291.8878873333333,-296.9942583333333,10,2.5452586544289786,0.0,0.0,0.0,10,0.0,-1.6711716830747627,-1.7211647219069248,-1.8328160211655984,10,0.04440513398840414,0.0,0.0,0.0,10,0.0,4.297129,-0.6140015,-4.7193556,1000,0.8425813,0.11551070146681253,0.11553097702640297,8.748710873899276,2.0275559590445276e-05,0.9999996424562989,4349.412611220351,1000,223.80769230769232,21,234,296.7354886043101,9490.044211387634,2107.5679413110784,192.78158569335938,234,2810.2685579207086,404878.0,166.36049437522888,200000.0,501.0,40174.41315340996,100200000.0,1202.2084975829457,501000.0
2.522998e-08,3.148036e-10,839.46765,0.0021826818,1.393361e-10,0.012927737,8.770964,26.246084,26.238111,0.36458674,48.954094,0.5301797,50.451996,0.9999998,-0.65346795,-1.0,10000,0.6389377,0.033602329655361245,0.03295863768758136,0.032174972935798,10,0.0004459154636005361,1000,1000.0,1000,10,0.0,9585.699892044067,9576.08077402115,9565.331787109375,10,6.57957305472888,-82.64042497089635,-85.21895107415276,-90.69288914215866,10,2.4396305031675314,9982.068582528962,9976.020072981553,9963.74141925569,10,5.341070684399051,-21.903437086316877,-22.645048611769816,-23.030377382848634,10,0.3710950506953955,-285.9392283333333,-290.40510949999987,-294.18663166666664,10,2.6835454495276583,0.0,0.0,0.0,10,0.0,-1.6052534470250996,-1.670192071259039,-1.7595071528615682,10,0.03982954583205351,0.0,0.0,0.0,10,0.0,4.4819117,-0.61382204,-4.74922,1000,0.8554699,0.11556139036578864,0.11558166592537908,8.57707080322057,2.0275559590445276e-05,0.9999997889061989,4671.281800622037,1000,443.0066225165563,21,755,398.9130844717491,9519.973502159119,4191.763444148942,189.58418560028076,755,3787.610398680338,405633.0,162.76891446113586,200000.0,502.0,40337.182067871094,100400000.0,1228.7358471494492,502000.0
2.5229985e-08,3.1612502e-10,831.00867,0.001289641,1.3801477e-10,0.013668516,8.861456,26.454885,26.446915,0.40788946,60.30188,0.6661272,61.651756,1.0,-0.64854497,-1.0,10000,0.65680325,0.03544151375109504,0.03475734337347094,0.03393381742187194,10,0.0004245584666646124,1000,1000.0,1000,10,0.0,9580.349747657776,9567.95878238678,9548.091745376587,10,9.330476290873545,-85.49828429898022,-89.96565383539658,-99.59646112889828,10,3.729645345840565,9988.57609277504,9979.111181660293,9970.436605011759,10,5.850515963363813,-21.47771144900549,-22.140130251235593,-22.621165853438704,10,0.3115894437946346,-292.69507999999996,-297.42417616666665,-300.854745,10,2.6613655792815236,0.0,0.0,0.0,10,0.0,-1.5558569380409697,-1.6224425316999884,-1.6788084828507304,10,0.037502880086411776,0.0,0.0,0.0,10,0.0,4.5981727,-0.5992605,-5.41053,1000,0.87742877,0.11566276816374084,0.11568304372333131,8.551457529842047,2.0275559590445276e-05,0.9999999279607085,2984.117648130734,996,234.19477693144722,21,919,152.41316811171933,9365.988634109497,2206.500332810285,198.0099172592163,919,1444.871681364237,406552.0,159.6998109817505,200000.0,503.0,40496.881878852844,100600000.0,1252.349635046561,503000.0
2.522998e-08,3.2667744e-10,825.31,0.0013302282,1.2746222e-10,0.013525353,8.99678,26.742378,26.734053,0.46155867,65.87189,0.8493545,66.93253,1.0,-0.63904285,-1.0,10000,0.67031765,0.03698390902284882,0.03620271215512912,0.035464127943661876,10,0.0004213418774904342,1000,1000.0,1000,10,0.0,9580.315801620483,9573.802724266052,9560.473316192627,10,6.215241022282559,-84.05324055966196,-86.97324759992449,-90.73604612422912,10,1.9747232720120398,9992.167672961994,9986.932289607636,9976.940193381402,10,4.326481276435575,-19.92159905634668,-21.07238350643242,-21.985077696578884,10,0.6012633553148531,-300.0651,-303.5219903333333,-308.31250333333327,10,2.5876710544415924,0.0,0.0,0.0,10,0.0,-1.4918579546972657,-1.5619378362045417,-1.6494614773623626,10,0.04476066403836122,0.0,0.0,0.0,10,0.0,5.332303,-0.6010347,-4.6336336,1000,0.871606,0.11574387040210263,0.11576414596169307,8.705266348268779,2.0275559590445276e-05,0.9999999723585069,1904.2193028430897,1000,136.7591743119266,20,436,98.37591393910877,9464.487978935242,1280.556230139295,160.76864910125732,436,927.623450065896,406988.0,159.27879333496094,200000.0,504.0,40656.160672187805,100800000.0,1255.6599394836132,504000.0
2.5229982e-08,3.2745312e-10,814.731,0.00141187,1.2668662e-10,0.013253286,9.025135,26.796349,26.787735,0.45102608,66.69666,0.8802697,67.584404,1.0,-0.62981004,-1.0,10000,0.67895514,0.038471261274113204,0.03735658748449641,0.03676406668328855,10,0.0005030906999491928,1000,1000.0,1000,10,0.0,9574.443512916565,9566.316119384766,9560.692247390747,10,4.616761601955462,-81.71660574996265,-87.05582607449293,-93.70559516364388,10,3.2892102709778666,9992.510941923105,9987.113684455104,9976.718885983177,10,4.702536462188185,-19.71928389322823,-20.415488772251656,-21.25792200441972,10,0.524232074188148,-306.29452166666664,-311.7342983333333,-315.59478499999994,10,2.8441297974996678,0.0,0.0,0.0,10,0.0,-1.515001107486488,-1.591951251792914,-1.6740797281014372,10,0.04639427335554711,0.0,0.0,0.0,10,0.0,4.938343,-0.590214,-4.7699013,1000,0.8826408,0.11579455930107874,0.11581483486066918,8.861976416338647,2.0275559590445276e-05,0.9999999840129794,3112.869447154713,1000,538.8793706293707,31,572,335.1233534416566,9498.347054481506,5100.084410040528,292.65925121307373,572,3180.9929134835593,407560.0,159.35020804405212,200000.0,505.0,40815.51088023186,101000000.0,1255.097200404723,505000.0
2.522998e-08,3.2776915e-10,806.23254,0.0013348764,1.2637048e-10,0.01317731,9.052694,26.853828,26.845345,0.4313676,62.515957,0.8240457,63.24038,1.0,-0.627437,-1.0,10000,0.67451483,0.03882719211342919,0.03700732712216559,0.03619907575361139,10,0.0007435906120124762,1000,1000.0,1000,10,0.0,9580.040449142456,9566.980679512024,9552.89885520935,10,6.638957359362925,-78.32927995532378,-84.72202477891496,-94.43933773284924,10,4.153022124249675,9993.438907933258,9985.083400179221,9970.271045492806,10,5.811527996310589,-19.151785709158087,-19.82343205181602,-21.35334294490578,10,0.6854542410017654,-302.43403499999994,-311.92732266666667,-324.19314166666663,10,5.353735297639462,0.0,0.0,0.0,10,0.0,-1.544832220240706,-1.629946189833261,-1.708201325291085,10,0.04510977806293124,0.0,0.0,0.0,10,0.0,4.626543,-0.58404416,-5.6999865,1000,0.88852626,0.11585538597985007,0.11587566153944051,9.07214144246335,2.0275559590445276e-05,0.9999999918146454,3252.4111980351317,816,285.25165562913907,25,755,198.0401397049219,7673.28719329834,2689.3609632643643,238.3035535812378,755,1871.3731473573544,408315.0,167.60847187042236,200000.0,506.0,40983.11935210228,101200000.0,1193.2571054917762,506000.0
2.522998e-08,3.2592357e-10,798.7024,0.0007541189,1.2821608e-10,0.0136225205,9.123518,27.002531,26.994318,0.454238,52.404938,0.82132375,52.96479,1.0,-0.6303612,-1.0,10000,0.6643361,0.03660931946102937,0.03597154114270088,0.035309504198172366,10,0.0003585064815118503,1000,1000.0,1000,10,0.0,9595.754479408264,9579.685175132752,9570.559502601624,10,7.865087245092552,-70.90974045556493,-75.84406694033191,-80.5164157526198,10,3.431292051944521,9990.203076333117,9982.419135667678,9972.634087426737,10,6.062313248822111,-19.29319293055332,-20.431338491418444,-21.315724353428536,10,0.6324679166731937,-300.7670066666666,-304.8468391666666,-308.9266716666666,10,2.75678534585587,0.0,0.0,0.0,10,0.0,-1.5578775437029138,-1.6117151587097116,-1.65217181484028,10,0.027653270398960376,0.0,0.0,0.0,10,0.0,5.854558,-0.5865639,-5.241693,1000,0.87941635,0.11592635043841662,0.11594662599800706,9.341838342806797,2.0275559590445276e-05,0.9999999961972721,2983.2126831147957,1000,328.5318021201413,51,566,127.44278094967558,9333.582729816437,3102.1863500979257,476.7693204879761,566,1202.807325259041,408881.0,162.0460226535797,200000.0,507.0,41145.16537475586,101400000.0,1234.2172718892207,507000.0
2.522998e-08,3.235968e-10,793.63025,0.00072105334,1.305429e-10,0.013564291,9.105505,26.94453,26.936703,0.44850424,41.299084,0.70431006,41.931187,1.0,-0.6409499,-1.0,10000,0.6392409,0.03436929751692514,0.033403406899840046,0.03283369831330492,10,0.0004984564617816126,1000,1000.0,1000,10,0.0,9588.150681495667,9566.478187656403,9524.72361087799,10,15.647484511433065,-63.3464765077658,-68.83695548026934,-75.74311559755064,10,3.1701945455303573,9963.447636664732,9951.846105529143,9914.81170492996,10,13.489585273043115,-17.560903391747207,-18.684813430622278,-20.003474262824717,10,0.7517518506094397,-289.01007,-296.09932733333335,-301.81986666666666,10,3.9561719444604195,0.0,0.0,0.0,10,0.0,-1.6796535580136709,-1.746819496758587,-1.7935884628428245,10,0.033301901552548724,0.0,0.0,0.0,10,0.0,4.4667063,-0.59366703,-5.2516084,1000,0.86714524,0.11597703933739273,0.11599731489698317,9.444709532575493,2.0275559590445276e-05,0.9999999978894345,2592.0873387166744,981,331.43373493975906,29,415,126.98427876995217,9230.751080036163,3133.3675361294345,267.85342836380005,415,1196.9547157076765,409296.0,163.14928555488586,200000.0,508.0,41308.314660310745,101600000.0,1225.8711358727771,508000.0
2.522998e-08,3.1728298e-10,784.34546,0.0011739996,1.3685669e-10,0.012944219,8.983662,26.663292,26.655169,0.3695327,34.970543,0.54187614,35.873558,0.99999994,-0.6327735,-1.0,10000,0.6283184,0.03369231841736473,0.03265681360847666,0.03169671634325641,10,0.0005521280243590451,1000,1000.0,1000,10,0.0,9553.899920463562,9546.878422355652,9535.804955482483,10,5.912928580462001,-65.70603544718723,-67.50477579557517,-71.70270772051937,10,1.765415230497236,9944.720277564948,9933.374609537612,9920.599773339767,10,6.277059594094089,-17.273370395247028,-18.153712641440293,-19.233219675548295,10,0.5658320533657749,-292.6073416666666,-298.9595969999999,-302.87272666666667,10,3.13268856034555,0.0,0.0,0.0,10,0.0,-1.8337551002156067,-1.878100988613125,-1.9444483547323355,10,0.030056524408778696,0.0,0.0,0.0,10,0.0,4.382943,-0.59544265,-4.531557,1000,0.8532033,0.1160074526767784,0.11602772823636884,9.305423472331922,2.0275559590445276e-05,0.9999999984803929,4254.929737103621,1000,661.4422110552764,34,398,329.63005825266293,9537.806853294373,6282.239656184786,323.59566020965576,398,3139.340688641798,409694.0,160.96523928642273,200000.0,509.0,41469.27989959717,101800000.0,1242.504287799172,509000.0
2.522998e-08,3.234044e-10,773.32446,0.0018532758,1.3073526e-10,0.012066564,8.952244,26.595125,26.586605,0.34950835,32.71089,0.50667304,33.751842,1.0,-0.63427836,-1.0,10000,0.6231675,0.03253213045552548,0.03201481565863651,0.0314322879572137,10,0.00037171742368920246,1000,1000.0,1000,10,0.0,9557.785296440125,9527.365481758117,9507.091117858887,10,13.880645057497897,-64.5713279729916,-69.34220634840618,-71.22036165728888,10,1.8378043524708316,9939.655159396607,9914.421031969629,9898.333543369139,10,11.662193387791707,-18.25846038291636,-19.303942861078326,-19.928967982968825,10,0.4293801372915533,-291.2035283333332,-296.5292451666666,-299.80188499999997,10,2.2933296581918867,0.0,0.0,0.0,10,0.0,-1.8346816860266957,-1.8801549395198507,-1.91882653239899,10,0.024941058064049403,0.0,0.0,0.0,10,0.0,4.6381173,-0.59404176,-4.9027796,1000,0.85426843,0.11604800379595928,0.11606827935554972,9.199802122529064,2.0275559590445276e-05,0.9999999990274513,4862.500376423288,1000,506.7603686635945,23,434,278.59126808023854,9506.790123939514,4800.946068614309,220.85416221618652,434,2644.3858339363833,410128.0,159.02697658538818,200000.0,510.0,41628.306876182556,102000000.0,1257.6482575119053,510000.0
2.522998e-08,3.2235667e-10,761.4483,0.0013451471,1.3178296e-10,0.012360924,8.945247,26.58655,26.577923,0.35370016,33.992485,0.5296511,35.150158,0.99999994,-0.64210844,-1.0,10000,0.62786317,0.03378901947260601,0.03218744400943542,0.031243368267649202,10,0.0007218576644540226,1000,1000.0,1000,10,0.0,9585.887586593628,9569.592989730834,9553.68649673462,10,11.798075844211361,-61.18873719623661,-63.60840370072501,-66.58723763466352,10,1.5962156489574337,9959.31736759132,9948.233855970977,9935.221312578347,10,9.307890021632582,-19.060784866481377,-20.065746076135827,-21.39160687732631,10,0.600258354539011,-287.693995,-293.168867,-301.20569833333326,10,3.4959514800259086,0.0,0.0,0.0,10,0.0,-1.713032533676428,-1.7978453785776067,-1.8589934874607583,10,0.04568864073426401,0.0,0.0,0.0,10,0.0,5.314384,-0.5926084,-5.081256,1000,0.8700578,0.11611896825452583,0.11613924381411626,9.063787591733172,2.0275559590445276e-05,0.99999999953503,3491.9999403183756,957,173.91815856777492,21,1173,178.9100564704023,9021.454306602478,1636.051070392589,190.22728443145752,1173,1694.7724018151928,411301.0,165.77379369735718,200000.0,511.0,41794.08066987991,102200000.0,1206.46331087245,511000.0
2.522998e-08,3.2201797e-10,750.554,0.0019063972,1.321217e-10,0.011603572,8.932754,26.549,26.540304,0.3663015,38.057907,0.54535186,39.32004,1.0,-0.65040666,-1.0,10000,0.6292253,0.032922037412718055,0.032245154231185735,0.031537713197409174,10,0.0004269744152803057,1000,1000.0,1000,10,0.0,9588.961427688599,9574.38719367981,9546.421692848206,10,11.818933854207604,-62.6859076518771,-66.55344096336644,-70.00058794394769,10,2.215990566765695,9966.114951940443,9954.81487897837,9930.48216632837,10,9.299209470964254,-19.43028983686432,-20.2554495548881,-21.039476943344944,10,0.5132017007059009,-287.60625666666664,-291.83524433333326,-297.16973499999995,10,3.3588544271639686,0.0,0.0,0.0,10,0.0,-1.6767341742015796,-1.7835439737562726,-1.8475188171964871,10,0.044232716102118014,0.0,0.0,0.0,10,0.0,3.8903685,-0.61703146,-3.9411001,1000,0.8382882,0.11617979493329716,0.11620007049288761,8.905914960765605,2.0275559590445276e-05,0.9999999997733797,4009.2767920664037,1000,928.2657004830918,44,207,227.26317913744646,9525.51720905304,8813.9723464694,418.0648946762085,207,2158.470622238839,411508.0,157.5967698097229,200000.0,512.0,41951.677439689636,102400000.0,1269.0615438468274,512000.0
2.522998e-08,3.0841762e-10,737.1731,0.0018253382,1.4572205e-10,0.011443779,8.849362,26.373468,26.365177,0.35267463,46.91378,0.5182832,48.306313,0.9999998,-0.63917065,-1.0,10000,0.64167815,0.034018238872275106,0.03359917167281965,0.03295911236460961,10,0.00035282091998281806,1000,1000.0,1000,10,0.0,9572.593196868896,9560.790873908996,9550.06233215332,10,6.8642340539270785,-77.63458163074768,-80.62763784221609,-83.83000607600448,10,1.881274277974821,9966.221676345784,9958.112214178418,9948.565259840358,10,5.300638564525775,-17.864969104085656,-18.622500648726806,-19.340541089807715,10,0.4744855682314315,-290.50162166666667,-296.3713161666666,-302.34629666666666,10,3.4385032306807184,0.0,0.0,0.0,10,0.0,-1.5950780929185444,-1.6998847187497421,-1.7878901288814573,10,0.062153279475537455,0.0,0.0,0.0,10,0.0,3.987968,-0.61870474,-4.36121,1000,0.8414091,0.11620007049288761,0.11622034605247805,8.69002520097888,2.0275559590445276e-05,0.9999999998187038,5105.405159010178,1000,943.1127450980392,43,204,201.97202299540547,9516.199429512024,8942.127254993307,405.5893621444702,204,1915.3923275308764,411712.0,158.34351325035095,200000.0,513.0,42110.02095293999,102600000.0,1263.076686215668,513000.0
2.5229983e-08,3.0769248e-10,725.7343,0.0013718227,1.4644728e-10,0.011691396,8.902421,26.509151,26.500942,0.41555017,56.021084,0.62842035,57.27951,0.99999994,-0.63492334,-1.0,10000,0.6606611,0.03604817989123694,0.035423305546042685,0.034989168175685335,10,0.00028103124770038386,1000,1000.0,1000,10,0.0,9575.149411201477,9563.208319091797,9553.534646987915,10,5.756072862313166,-88.11158062163224,-91.679504839573,-98.18693164761578,10,2.5845880036502895,9980.114450014571,9973.263760460857,9964.376690410641,10,4.04620350647174,-18.91333345157915,-19.489618724613724,-20.174788444331476,10,0.36432594509043686,-293.8356783333333,-297.35398549999996,-300.9424833333333,10,2.1150034551845955,0.0,0.0,0.0,10,0.0,-1.479186818942194,-1.532333191843168,-1.6320550805417362,10,0.04473627310876708,0.0,0.0,0.0,10,0.0,4.4528093,-0.60001147,-5.244435,1000,0.8715,0.11625075939186372,0.11627103495145416,8.676229696803421,2.0275559590445276e-05,0.9999999998929627,3719.075621080415,1000,198.39455782312925,22,735,166.85573865289476,9496.794243812561,1861.0706184361256,187.0288667678833,735,1578.4903420882938,412447.0,161.74752521514893,200000.0,514.0,42271.768478155136,102800000.0,1236.4949617248822,514000.0
2.522998e-08,3.1359176e-10,715.2394,0.001836004,1.405479e-10,0.011038306,8.913556,26.537989,26.529423,0.4203921,61.899734,0.682609,63.0509,1.0,-0.63335353,-1.0,10000,0.6793838,0.037630065528370324,0.03726808440934983,0.036583292523093405,10,0.0003379888883017869,1000,1000.0,1000,10,0.0,9578.740195274353,9570.090168190003,9559.431859016418,10,6.019121795959056,-87.79533570409274,-89.49354499186417,-94.62941217532295,10,2.2269648367989703,9990.07204639603,9984.48568777365,9975.686888498112,10,4.141494210724017,-19.011522972983933,-19.710559978885858,-21.27319084535778,10,0.6197061660831971,-299.45093166666663,-303.75010999999995,-308.40024166666666,10,2.7822875517949806,0.0,0.0,0.0,10,0.0,-1.4096757363432872,-1.441302119827484,-1.4663376840186149,10,0.02106412371044597,0.0,0.0,0.0,10,0.0,4.3422155,-0.6068026,-3.7034836,1000,0.86005324,0.11630144829083983,0.11632172385043027,8.710824448897625,2.0275559590445276e-05,0.9999999999405927,4186.489943934814,1000,971.7365853658537,45,205,130.40102826935885,9517.350093841553,9213.027696521107,428.4242172241211,205,1236.9819405737785,412652.0,162.11010336875916,200000.0,515.0,42433.878581523895,103000000.0,1233.7293965265756,515000.0
2.522998e-08,3.154458e-10,701.3332,0.0020188382,1.3869386e-10,0.01060516,8.865458,26.40099,26.392021,0.3851622,65.96106,0.64492023,67.076996,1.0,-0.6358943,-1.0,10000,0.6839254,0.03812095934075478,0.037549353833783244,0.0370153043956816,10,0.0003546561083178255,1000,1000.0,1000,10,0.0,9572.370950698853,9566.151929187774,9556.422570228577,10,5.109305227880987,-83.26182822716325,-85.15776431528064,-86.96692745703925,10,1.3544065248070298,9988.010063557118,9979.78989904463,9969.055699435674,10,4.859036030626231,-19.42432947709537,-20.31706701206043,-21.67549137997873,10,0.6155136364836616,-302.8727266666666,-306.6893441666666,-311.90977499999997,10,2.9756750343933467,0.0,0.0,0.0,10,0.0,-1.4341020913225089,-1.4737937462092607,-1.5714717846637853,10,0.04038516645924039,0.0,0.0,0.0,10,0.0,4.5814004,-0.5904976,-5.0489464,1000,0.88611114,0.11634199941002071,0.11636227496961116,8.754776285403047,2.0275559590445276e-05,0.9999999999613457,4490.675268094735,1000,445.3510273972603,22,584,299.1420295354046,9517.800251960754,4210.391755240829,186.0685658454895,584,2839.3777509335023,413236.0,171.89679598808289,200000.0,516.0,42605.77537751198,103200000.0,1163.4888181037734,516000.0
2.522998e-08,3.1654795e-10,688.8458,0.0014317853,1.3759172e-10,0.01096744,8.911607,26.471872,26.462564,0.39559877,65.548035,0.75882226,66.465836,1.0,-0.6307095,-1.0,10000,0.6887783,0.03911525873436767,0.03814923194417643,0.037474775443944966,10,0.0005821177318447242,1000,1000.0,1000,10,0.0,9572.847106933594,9559.128395271302,9538.300554275513,10,9.555481231307828,-81.90126617362735,-88.2115040899786,-94.7911800254777,10,4.21744404971325,9988.04012771136,9981.07419358894,9971.336843674133,10,5.571340568274093,-19.40775093196052,-20.775707918499336,-22.072238397420122,10,0.8199135805251779,-305.94356833333325,-311.46230949999995,-318.05145833333324,10,3.7100867759028078,0.0,0.0,0.0,10,0.0,-1.4529663824057164,-1.496278213662237,-1.5623416103313108,10,0.03144524141314512,0.0,0.0,0.0,10,0.0,4.578709,-0.58630675,-4.882185,1000,0.89070255,0.11640282608879204,0.11642310164838249,8.956803556629508,2.0275559590445276e-05,0.999999999980209,3205.9437878372178,869,257.29532710280375,29,535,170.8318588462223,8134.8627734184265,2424.164905907952,272.5603828430176,535,1617.7780285662698,413771.0,156.2849886417389,200000.0,517.0,42762.06036615372,103400000.0,1279.7134372161074,517000.0
2.522998e-08,3.168152e-10,678.5626,0.0018394575,1.3732446e-10,0.010374669,8.948551,26.520403,26.511457,0.404484,58.29552,0.7264137,59.032906,1.0,-0.62913126,-1.0,10000,0.68698895,0.03910195807680429,0.0379060641609336,0.03691798336191277,10,0.0006972627608398012,1000,1000.0,1000,10,0.0,9587.388675689697,9572.087336540222,9554.60659980774,10,10.918692513305013,-74.20843162550757,-82.3829811886957,-91.68099425562201,10,6.405139313145628,9991.971894474349,9986.404184450083,9982.046628412198,10,3.010542648921838,-18.85409437191346,-20.276670577246037,-22.312563044867538,10,0.9536814833779319,-303.31141833333334,-310.1550083333333,-321.8242066666666,10,5.725085924816654,0.0,0.0,0.0,10,0.0,-1.4655681423595992,-1.5021859046983463,-1.578011112623361,10,0.03064485104293903,0.0,0.0,0.0,10,0.0,4.001179,-0.5918373,-4.066741,1000,0.8771333,0.11645351498776815,0.1164737905473586,9.218439439854677,2.0275559590445276e-05,0.9999999999887872,4098.887240238984,1000,879.2751091703057,47,229,269.8394449699104,9520.46785068512,8341.312920251788,443.47648429870605,229,2562.032464049046,414000.0,157.06290793418884,200000.0,518.0,42919.123274087906,103600000.0,1273.3751248499887,518000.0
2.522998e-08,3.1283304e-10,662.42316,0.0020904948,1.4130662e-10,0.009833121,8.894179,26.357208,26.348589,0.41054025,48.627205,0.67049766,49.355892,1.0,-0.626261,-1.0,10000,0.6860105,0.038834344538030564,0.03802773215748893,0.03684252835721418,10,0.000541025450737004,1000,1000.0,1000,10,0.0,9581.81749534607,9573.735792255402,9563.577522277832,10,5.9289151729829115,-69.85886663722971,-77.8068509024785,-83.55531429675604,10,3.992703655753848,9993.333769399875,9986.226510247563,9975.5361373528,10,5.560780552390696,-19.739590475234454,-21.023585138099982,-22.656951093247585,10,0.7114808799564087,-305.6803533333333,-312.1642161666666,-317.2618133333333,10,4.081002176772888,0.0,0.0,0.0,10,0.0,-1.440792635983797,-1.4960689345035973,-1.5631319340793364,10,0.03596194665957007,0.0,0.0,0.0,10,0.0,4.6065884,-0.58381313,-5.070243,1000,0.88807243,0.11649406610694904,0.11651434166653948,9.367065812607922,2.0275559590445276e-05,0.9999999999928239,4484.5976337960565,1000,426.53345070422534,33,568,396.67550989272837,9548.382504463196,4045.827976908692,304.0752811431885,568,3775.077818301716,414568.0,158.33177638053894,200000.0,519.0,43077.455050468445,103800000.0,1263.1703159782312,519000.0
2.522998e-08,3.118546e-10,648.5828,0.00063653046,1.4228506e-10,0.01103796,8.931551,26.405128,26.39638,0.4433149,37.246105,0.7546017,37.893764,1.0,-0.6311747,-1.0,10000,0.67233455,0.038272501316911074,0.036573319921236545,0.03464744830194104,10,0.0010516187644569108,1000,1000.0,1000,10,0.0,9589.961353302002,9583.293046760558,9571.56780719757,10,5.819748836009266,-69.19048074278552,-72.46810121145626,-75.3176494750023,10,2.2018795380684293,9993.034300127696,9980.76037245359,9963.947413778473,10,8.404630883190206,-17.996521063929325,-19.443548253562504,-20.796575336192525,10,0.7753923852236523,-296.8187816666666,-304.0396465,-312.34846666666664,10,4.544650876617204,0.0,0.0,0.0,10,0.0,-1.439286500543389,-1.5160280572552867,-1.6133241269911767,10,0.05643502884458302,0.0,0.0,0.0,10,0.0,4.6712723,-0.5848219,-4.922154,1000,0.8883315,0.11654475500592515,0.11656503056551559,9.567978387652746,2.0275559590445276e-05,0.9999999999958495,3787.56887172736,1000,346.65734265734267,32,572,189.6023020313727,9461.663742542267,3283.7123573174426,291.1593174934387,572,1797.362854736973,415140.0,155.72738456726074,200000.0,520.0,43233.182435035706,104000000.0,1284.2956333965612,520000.0
2.522998e-08,3.1236633e-10,644.1338,0.00063680543,1.4177332e-10,0.010957603,8.974091,26.48622,26.477594,0.45813966,24.642485,0.686104,25.300758,1.0,-0.61521244,-1.0,10000,0.66925645,0.03853780881215062,0.03687389606175566,0.0346697175878071,10,0.001035224638354316,1000,1000.0,1000,10,0.0,9590.102905273438,9580.231150150299,9571.199848175049,10,5.814685121174349,-74.38991100622667,-77.2358092283565,-80.7840727258816,10,1.9146092711908658,9991.966502029545,9984.803580400356,9976.068082902078,10,5.355302797997657,-18.05340659394004,-18.858851104738587,-19.847986083315263,10,0.5355684941533976,-297.08199666666667,-306.97010683333326,-317.7882433333333,10,5.810510456414948,0.0,0.0,0.0,10,0.0,-1.455965330025134,-1.507660972414833,-1.6323459942594725,10,0.05410349899412724,0.0,0.0,0.0,10,0.0,5.2782707,-0.579566,-5.850215,1000,0.88507134,0.1166157194644917,0.11663599502408215,9.687064375582443,2.0275559590445276e-05,0.9999999999980718,3246.0830405583524,1000,274.98806366047745,23,754,206.20072401500983,9504.828803062439,2599.375916916749,210.57481575012207,754,1953.9472580168683,415894.0,164.7908194065094,200000.0,521.0,43397.973254442215,104200000.0,1213.6598429469293,521000.0
