C:\Users\menth\Documents\Programmas\PredSimResults\H0918v3\H0918v3_v1.mot
version=1
nRows=200
nColumns=28
inDegrees=yes
endheader
                time	         pelvis_tilt	           pelvis_tx	           pelvis_ty	       hip_flexion_r	        knee_angle_r	       ankle_angle_r	       hip_flexion_l	        knee_angle_l	       ankle_angle_l	hamstrings_r/activation	bifemsh_r/activation	glut_max_r/activation	iliopsoas_r/activation	rect_fem_r/activation	  vasti_r/activation	gastroc_r/activation	 soleus_r/activation	tib_ant_r/activation	hamstrings_l/activation	bifemsh_l/activation	glut_max_l/activation	iliopsoas_l/activation	rect_fem_l/activation	  vasti_l/activation	gastroc_l/activation	 soleus_l/activation	tib_ant_l/activation	
          0.00000000	         -8.57807434	          0.00000000	          0.90748842	         30.73026607	        -14.22631301	         -3.70954619	        -12.10010708	         -9.42517852	         -4.72571387	          0.07807737	          0.04999999	          0.10137882	          0.04999999	          0.07096076	          0.06932065	          0.21893277	          0.13178479	          0.54681786	          0.04999999	          0.09260970	          0.04999999	          0.52233630	          0.05345813	          0.04999999	          0.56172407	          0.51085533	          0.04999999	
          0.01147850	         -8.44658636	          0.01551743	          0.90626149	         30.11827802	        -14.25803347	         -4.09189613	        -11.77922373	        -11.91121498	         -5.62846421	          0.07356057	          0.04999999	          0.13860913	          0.04999999	          0.05956541	          0.10045384	          0.19333418	          0.11062190	          0.67042092	          0.04999999	          0.07773781	          0.04999999	          0.43845601	          0.04999999	          0.04999999	          0.50076891	          0.47369910	          0.04999999	
          0.02295700	         -8.29039951	          0.03134763	          0.90498267	         29.47816784	        -15.06202571	         -3.98832863	        -11.21456900	        -14.85781620	         -6.78766459	          0.07192537	          0.04999999	          0.19453557	          0.04999999	          0.04999999	          0.08432228	          0.22488067	          0.15705865	          0.61025409	          0.04999999	          0.06525415	          0.04999999	          0.36804579	          0.04999999	          0.04999999	          0.42035206	          0.39762930	          0.04999999	
          0.03443550	         -8.12450363	          0.04730370	          0.90377515	         28.86218355	        -16.25648537	         -3.05648900	        -10.37523574	        -18.22680199	         -8.36513881	          0.08541503	          0.05344483	          0.26081027	          0.04999999	          0.04999999	          0.15556713	          0.23374739	          0.18740472	          0.51225537	          0.06762067	          0.05477520	          0.14568538	          0.30894251	          0.04999999	          0.04999999	          0.35284909	          0.33377531	          0.04999999	
          0.04591400	         -7.96925470	          0.06311849	          0.90294413	         28.32316643	        -17.59224759	         -1.58686299	         -9.25355316	        -21.90221597	        -10.53680632	          0.09944896	          0.04999999	          0.31699140	          0.04999999	          0.04999999	          0.26048630	          0.25438847	          0.23095289	          0.42999395	          0.08072284	          0.04999999	          0.12229024	          0.25933044	          0.04999999	          0.04999999	          0.29618620	          0.28017542	          0.25358268	
          0.05739250	         -7.84165282	          0.07857399	          0.90264088	         27.80144370	        -18.84141195	         -0.22113830	         -7.87910499	        -25.75696332	        -13.24889669	          0.10582284	          0.04999999	          0.34316792	          0.04999999	          0.04999999	          0.34647692	          0.27723962	          0.27834009	          0.36094262	          0.09041449	          0.04999999	          0.10265205	          0.21768541	          0.04999999	          0.04999999	          0.24862262	          0.23518296	          0.35793575	
          0.06887100	         -7.74660011	          0.09358360	          0.90281409	         27.18905006	        -19.79003923	          0.95291178	         -6.39814836	        -29.48582740	        -15.49566619	          0.10938710	          0.04999999	          0.33456133	          0.04999999	          0.04999999	          0.39546140	          0.30016270	          0.32250331	          0.30298002	          0.08779750	          0.07284511	          0.08616749	          0.18272802	          0.04999999	          0.04999999	          0.21285487	          0.19741569	          0.30045601	
          0.08034950	         -7.68198127	          0.10815127	          0.90349678	         26.44035268	        -20.36392423	          1.90914834	         -4.94445168	        -32.77120911	        -15.70396445	          0.11295816	          0.07096076	          0.30059188	          0.04999999	          0.04999999	          0.39627493	          0.32214375	          0.36118718	          0.25432544	          0.10584021	          0.12563644	          0.07233013	          0.15338432	          0.04999999	          0.04999999	          0.17867320	          0.16571335	          0.39246482	
          0.09182800	         -7.64407095	          0.12231048	          0.90476163	         25.57331691	        -20.60348296	          2.62176359	         -3.53472799	        -35.51855386	        -15.36408677	          0.11718683	          0.05956540	          0.26315126	          0.04999999	          0.04999999	          0.37633291	          0.34385456	          0.39509516	          0.21348415	          0.11797468	          0.18009197	          0.06071487	          0.12933168	          0.04999999	          0.04999999	          0.14998065	          0.13910198	          0.40007135	
          0.10330650	         -7.62944412	          0.13609405	          0.90655527	         24.61504168	        -20.56507855	          3.09251454	         -2.16527417	        -37.76392094	        -14.73312854	          0.12188778	          0.04999999	          0.23289226	          0.04999999	          0.04999999	          0.34154158	          0.36435451	          0.42248928	          0.17920142	          0.12019436	          0.22408400	          0.05096487	          0.11810593	          0.04999999	          0.04999999	          0.12589575	          0.11676405	          0.38288889	
          0.11478500	         -7.63454077	          0.14953753	          0.90876960	         23.58732548	        -20.29958986	          3.34649900	         -0.82805783	        -39.56649207	        -13.91502001	          0.12684676	          0.04999999	          0.21376526	          0.04999999	          0.04999999	          0.29947580	          0.38360537	          0.44363877	          0.15042405	          0.10089274	          0.27374529	          0.04999999	          0.11060008	          0.04999999	          0.04999999	          0.10567856	          0.09801329	          0.36149957	
          0.12626350	         -7.65659689	          0.16266992	          0.91127824	         22.51390949	        -19.86049436	          3.41724413	          0.48663870	        -40.98616377	        -12.97214796	          0.13139127	          0.04999999	          0.20389667	          0.04999999	          0.04999999	          0.25517967	          0.40164459	          0.45903408	          0.12626794	          0.08469070	          0.32291018	          0.04999999	          0.10524863	          0.04999999	          0.04999999	          0.08870798	          0.08227365	          0.33594565	
          0.13774200	         -7.69340229	          0.17551338	          0.91395803	         21.41777046	        -19.29868240	          3.34032556	          1.79041805	        -42.08305441	        -11.92966699	          0.13515128	          0.04999999	          0.19806321	          0.04999999	          0.04999999	          0.21420120	          0.41827700	          0.46941038	          0.10599098	          0.07109050	          0.37390290	          0.04999999	          0.10057033	          0.04999999	          0.04999999	          0.07446266	          0.06906159	          0.31347642	
          0.14922050	         -7.74303063	          0.18808519	          0.91670009	         20.31829046	        -18.65774020	          3.15037461	          3.09667237	        -42.91996382	        -10.81522367	          0.13788921	          0.04999999	          0.19246063	          0.04999999	          0.04999999	          0.17980332	          0.43318764	          0.47551157	          0.08897023	          0.05967431	          0.42386988	          0.04999999	          0.09618892	          0.04999999	          0.04999999	          0.06250494	          0.05797122	          0.28678380	
          0.16069900	         -7.80395851	          0.20039904	          0.91941458	         19.22962460	        -17.97076419	          2.87927112	          4.41915197	        -43.55716600	         -9.67509557	          0.13940263	          0.04999999	          0.18574000	          0.04999999	          0.04999999	          0.15092929	          0.44608942	          0.47800900	          0.07468279	          0.05009140	          0.47122670	          0.04999999	          0.09230727	          0.04999999	          0.04999999	          0.05278755	          0.04999999	          0.26399114	
          0.17217750	         -7.87500151	          0.21246637	          0.92203007	         18.16234942	        -17.26372270	          2.55604885	          5.77080135	        -44.04952355	         -8.58580689	          0.13966102	          0.04999999	          0.17769945	          0.04999999	          0.04999999	          0.12669205	          0.45686368	          0.47750625	          0.06268973	          0.04999999	          0.51703101	          0.04999999	          0.08898516	          0.04999999	          0.04999999	          0.04999999	          0.04999999	          0.27093385	
          0.18365600	         -7.95429376	          0.22430192	          0.92449075	         17.12366250	        -16.55841286	          2.20719306	          7.16186373	        -44.45245116	         -7.60931680	          0.13882147	          0.04999999	          0.17106431	          0.04999999	          0.04999999	          0.10634699	          0.46573720	          0.47475784	          0.05262259	          0.04999999	          0.55607566	          0.04999999	          0.08675188	          0.06007046	          0.04999999	          0.04999999	          0.04999999	          0.26960393	
          0.19513450	         -8.03980647	          0.23592289	          0.92675632	         16.11795092	        -15.87208025	          1.85567263	          8.59756582	        -44.81219546	         -6.70910105	          0.13668844	          0.04999999	          0.16484647	          0.04999999	          0.04999999	          0.09610512	          0.47326687	          0.47060116	          0.04999999	          0.04999999	          0.58750490	          0.04999999	          0.08660149	          0.07684887	          0.04999999	          0.04999999	          0.04999999	          0.27235610	
          0.20661300	         -8.12922450	          0.24735291	          0.92880603	         15.14063608	        -15.20648452	          1.51840539	         10.07672321	        -45.15468626	         -5.85422204	          0.13343232	          0.04999999	          0.15772188	          0.04999999	          0.04999999	          0.09089850	          0.48002419	          0.46576223	          0.04999999	          0.04999999	          0.60975763	          0.04999999	          0.08800713	          0.09086118	          0.04999999	          0.04999999	          0.04999999	          0.27616410	
          0.21809150	         -8.22021476	          0.25861933	          0.93063361	         14.18203658	        -14.55357748	          1.20334953	         11.59353515	        -45.49059205	         -5.02890999	          0.12920525	          0.04999999	          0.14913115	          0.04999999	          0.04999999	          0.08738549	          0.48644690	          0.46061615	          0.04999999	          0.04999999	          0.62256599	          0.04999999	          0.09008273	          0.10185829	          0.04999999	          0.04999999	          0.04999999	          0.28071010	
          0.22957000	         -8.31068431	          0.26975017	          0.93223855	         13.23141716	        -13.90227404	          0.91389090	         13.13924141	        -45.82047049	         -4.22976789	          0.12414334	          0.04999999	          0.13944472	          0.04999999	          0.04999999	          0.08428524	          0.49286199	          0.45534814	          0.04999999	          0.04999999	          0.62604500	          0.04999999	          0.09245847	          0.11007973	          0.04999999	          0.04999999	          0.04999999	          0.28492246	
          0.24104849	         -8.39887616	          0.28077252	          0.93362327	         12.27935288	        -13.24287305	          0.65101879	         14.70279861	        -46.13702591	         -3.45592592	          0.11835306	          0.04999999	          0.12911895	          0.04999999	          0.04999999	          0.08099152	          0.49957281	          0.45011980	          0.04999999	          0.04999999	          0.62072313	          0.04999999	          0.09506185	          0.11599000	          0.04999999	          0.04999999	          0.04999999	          0.28881346	
          0.25252699	         -8.48335765	          0.29171214	          0.93479286	         11.31855032	        -12.56846331	          0.41368267	         16.27145033	        -46.42669617	         -2.70912491	          0.11195868	          0.04999999	          0.11847179	          0.04999999	          0.04999999	          0.07706564	          0.50680190	          0.44508479	          0.04999999	          0.04999999	          0.60681476	          0.04999999	          0.09807130	          0.12002765	          0.04999999	          0.04999999	          0.04999999	          0.29212564	
          0.26400549	         -8.56297958	          0.30259338	          0.93575461	         10.34373106	        -11.87478465	          0.19921548	         17.83118671	        -46.67109079	         -1.99125645	          0.10509133	          0.04999999	          0.10771602	          0.04999999	          0.04999999	          0.07218345	          0.51469886	          0.44038078	          0.04999999	          0.04999999	          0.58348705	          0.04999999	          0.10177390	          0.12247684	          0.04999999	          0.04999999	          0.04999999	          0.29496923	
          0.27548399	         -8.63684244	          0.31343922	          0.93651755	          9.35137332	        -11.15986825	          0.00364309	         19.36695733	        -46.84754765	         -1.30486951	          0.09782573	          0.04999999	          0.09690407	          0.04999999	          0.04999999	          0.06610727	          0.52335388	          0.43614110	          0.04999999	          0.04999999	          0.54955823	          0.04999999	          0.10675779	          0.12348358	          0.04999999	          0.04999999	          0.04999999	          0.29742027	
          0.28696249	         -8.70429455	          0.32427132	          0.93709244	          8.33964125	        -10.42395997	         -0.17809242	         20.86228077	        -46.92785160	         -0.65236689	          0.09028061	          0.04999999	          0.08550703	          0.04999999	          0.04999999	          0.05846072	          0.53278149	          0.43252737	          0.04999999	          0.04999999	          0.49030974	          0.04999999	          0.11396455	          0.12293096	          0.04999999	          0.04999999	          0.04999999	          0.29980366	
          0.29844099	         -8.76484457	          0.33511114	          0.93749115	          7.30871726	         -9.67171339	         -0.34273491	         22.29626816	        -46.86997215	         -0.03643373	          0.08252222	          0.04999999	          0.07239591	          0.04999999	          0.04999999	          0.05148396	          0.54319268	          0.43007145	          0.07928933	          0.04999999	          0.41157250	          0.04999999	          0.12377321	          0.12077505	          0.04999999	          0.04999999	          0.04999999	          0.30194889	
          0.30991949	         -8.81828145	          0.34597886	          0.93771512	          6.26106412	         -8.91334454	         -0.47308076	         23.64564377	        -46.62337665	          0.54024245	          0.07480998	          0.04999999	          0.06077009	          0.04999999	          0.04999999	          0.04999999	          0.55472433	          0.42931336	          0.12070954	          0.04999999	          0.34547941	          0.04999999	          0.13598455	          0.11742151	          0.04999999	          0.04999999	          0.04999999	          0.30394417	
          0.32139799	         -8.86450253	          0.35689354	          0.93775496	          5.19375182	         -8.14624545	         -0.56930784	         24.89281289	        -46.15341970	          1.07451441	          0.06774239	          0.04999999	          0.05101122	          0.04999999	          0.04999999	          0.04999999	          0.56740321	          0.43053585	          0.15727007	          0.04999999	          0.28999999	          0.04999999	          0.14931488	          0.11330454	          0.04999999	          0.04999999	          0.04999999	          0.30554612	
          0.33287649	         -8.90360026	          0.36787095	          0.93759757	          4.10180056	         -7.36281798	         -0.63888462	         26.02853581	        -45.44807648	          1.56222627	          0.06204316	          0.09396040	          0.04999999	          0.04999999	          0.04999999	          0.04999999	          0.58125226	          0.43375986	          0.18985753	          0.04999999	          0.24342984	          0.04999999	          0.16255230	          0.10885029	          0.04999999	          0.04999999	          0.04999999	          0.30640390	
          0.34435499	         -8.93574801	          0.37892191	          0.93722942	          2.98784591	         -6.56978504	         -0.68410350	         27.04996033	        -44.51185567	          1.99828618	          0.05814251	          0.17826375	          0.04999999	          0.04999999	          0.04999999	          0.04999999	          0.59627383	          0.43897010	          0.21747317	          0.04999999	          0.20433823	          0.04999999	          0.17518219	          0.10447008	          0.04999999	          0.04999999	          0.04999999	          0.30610304	
          0.35583349	         -8.96165710	          0.39004982	          0.93663828	          1.86533834	         -5.79181066	         -0.70255415	         27.95986866	        -43.36096828	          2.37564989	          0.05523647	          0.26823734	          0.04999999	          0.04999999	          0.04999999	          0.04999999	          0.61226976	          0.44616612	          0.24021668	          0.04999999	          0.17152422	          0.04999999	          0.18811514	          0.10109972	          0.04999999	          0.04999999	          0.04999999	          0.30434144	
          0.36731199	         -8.98211177	          0.40125651	          0.93581670	          0.74984887	         -5.05646497	         -0.69141921	         28.76428179	        -42.01888529	          2.68602056	          0.05282513	          0.36126140	          0.04999999	          0.04999999	          0.04999999	          0.04999999	          0.62895436	          0.45549254	          0.25743299	          0.04999999	          0.14397970	          0.04999999	          0.20164620	          0.09888127	          0.04999999	          0.04999999	          0.04999999	          0.30040806	
          0.37879049	         -8.99778214	          0.41254487	          0.93476375	         -0.34500494	         -4.38779305	         -0.64870832	         29.47136898	        -40.51366358	          2.91691415	          0.05032049	          0.45250162	          0.04999999	          0.04999999	          0.04999999	          0.04999999	          0.64604277	          0.46701644	          0.26870203	          0.04999999	          0.12085847	          0.04999999	          0.21571021	          0.09807552	          0.04999999	          0.04999999	          0.04999999	          0.29429777	
          0.39026899	         -9.00903395	          0.42392092	          0.93348599	         -1.40973445	         -3.80264866	         -0.57568809	         30.09031246	        -38.87563517	          3.05386971	          0.04999999	          0.53333978	          0.04999999	          0.04999999	          0.04999999	          0.04999999	          0.66321249	          0.48081038	          0.27218154	          0.04999999	          0.10145020	          0.04999999	          0.22891648	          0.09807555	          0.04999999	          0.04999999	          0.04999999	          0.28429150	
          0.40174749	         -9.01547318	          0.43539727	          0.93199896	         -2.44153253	         -3.30700626	         -0.47964498	         30.62930574	        -37.13445864	          3.07002490	          0.04999999	          0.59022357	          0.04999999	          0.06121880	          0.04999999	          0.04999999	          0.68020306	          0.49688116	          0.26845538	          0.04999999	          0.08515864	          0.04999999	          0.23820665	          0.09671603	          0.04999999	          0.04999999	          0.04999999	          0.27163850	
          0.41322599	         -9.01726722	          0.44698559	          0.93032616	         -3.43793387	         -2.90389993	         -0.37352099	         31.09666160	        -35.31858815	          2.94083464	          0.04999999	          0.61708137	          0.04999999	          0.09366011	          0.04999999	          0.04999999	          0.69660706	          0.51454983	          0.24165040	          0.04999999	          0.07148329	          0.04999999	          0.24182480	          0.09356362	          0.04999999	          0.06514953	          0.04999999	          0.27281685	
          0.42470449	         -9.01608956	          0.45869166	          0.92850129	         -4.39375738	         -2.59570421	         -0.27995617	         31.50322949	        -33.46044886	          2.65264687	          0.04999999	          0.61979352	          0.04999999	          0.13921239	          0.04999999	          0.04999999	          0.71156132	          0.53255011	          0.20284455	          0.04999999	          0.06000402	          0.04999999	          0.24058258	          0.09164809	          0.04999999	          0.07955020	          0.04999999	          0.27055644	
          0.43618299	         -9.01361892	          0.47052566	          0.92657092	         -5.30800533	         -2.37778418	         -0.22129252	         31.85764322	        -31.59142310	          2.22094841	          0.05000001	          0.60263424	          0.04999999	          0.18913884	          0.04999999	          0.04999999	          0.72433906	          0.54992448	          0.17027040	          0.04999999	          0.05036817	          0.04999999	          0.23442206	          0.09184898	          0.04999999	          0.09156595	          0.05132779	          0.27044198	
          0.44766149	         -9.01065133	          0.48250582	          0.92458699	         -6.18399363	         -2.24255619	         -0.20914754	         32.16367450	        -29.73647039	          1.67172424	          0.05003018	          0.56764265	          0.04999999	          0.24154863	          0.04999999	          0.04999999	          0.73453576	          0.56598487	          0.14292723	          0.04999999	          0.04999999	          0.04999999	          0.22305101	          0.09462234	          0.04999999	          0.10221021	          0.05236094	          0.27103497	
          0.45913999	         -9.00728346	          0.49465474	          0.92259705	         -7.02533442	         -2.18431816	         -0.25239999	         32.42286424	        -27.91963969	          1.04936890	          0.04999999	          0.51788121	          0.04999999	          0.29560968	          0.04999999	          0.04999999	          0.74178981	          0.58005805	          0.11997501	          0.04999999	          0.04999999	          0.04999999	          0.20683948	          0.10014021	          0.04999999	          0.11294677	          0.05519757	          0.27781265	
          0.47061849	         -9.00290641	          0.50699888	          0.92064285	         -7.83452827	         -2.20069595	         -0.36128478	         32.63191859	        -26.15627113	          0.40771303	          0.04999999	          0.44758353	          0.04999999	          0.35030407	          0.04999999	          0.04999999	          0.74565340	          0.59144026	          0.10070862	          0.04999999	          0.04999999	          0.04999999	          0.18616087	          0.10836661	          0.04999999	          0.12384194	          0.06038420	          0.29212875	
          0.48209699	         -8.99603243	          0.51956925	          0.91876004	         -8.61385327	         -2.29141161	         -0.54724960	         32.78163373	        -24.45076279	         -0.20772736	          0.04999999	          0.37570755	          0.04999999	          0.40341227	          0.04999999	          0.04999999	          0.74568513	          0.59953756	          0.08453615	          0.04999999	          0.04999999	          0.04999999	          0.15626590	          0.11800048	          0.04999999	          0.13512407	          0.06794573	          0.31417971	
          0.49357549	         -8.98398971	          0.53240188	          0.91697820	         -9.36312448	         -2.46373903	         -0.81904868	         32.85598596	        -22.79646785	         -0.77398579	          0.04999999	          0.31537389	          0.04999999	          0.45141157	          0.04999999	          0.04999999	          0.74150132	          0.60392342	          0.07096076	          0.04999999	          0.04999999	          0.04999999	          0.13117167	          0.12582846	          0.04999999	          0.14608044	          0.07554811	          0.33967644	
          0.50505399	         -8.96459140	          0.54552572	          0.91531587	        -10.07290315	         -2.74079224	         -1.17761689	         32.84271480	        -21.19340500	         -1.28830135	          0.04999999	          0.26472903	          0.04999999	          0.49476726	          0.04999999	          0.04999999	          0.73262115	          0.60391167	          0.05956540	          0.04999999	          0.04999999	          0.05000000	          0.11010723	          0.13207045	          0.04999999	          0.15723331	          0.08336582	          0.36747442	
          0.51653249	         -8.93647337	          0.55896006	          0.91377944	        -10.72378962	         -3.16172993	         -1.61639423	         32.73619939	        -19.65419177	         -1.75470337	          0.04999999	          0.22221705	          0.04999999	          0.53319877	          0.04999999	          0.04999999	          0.71867729	          0.59942579	          0.04999999	          0.04999999	          0.04999999	          0.06588212	          0.09242547	          0.13555975	          0.04999999	          0.16893094	          0.09152356	          0.39689221	
          0.52801099	         -8.89698411	          0.57272727	          0.91236795	        -11.29126837	         -3.77844484	         -2.12342524	         32.52594132	        -18.18801598	         -2.18268767	          0.04999999	          0.18653194	          0.04999999	          0.56289401	          0.04999999	          0.04999999	          0.69953436	          0.59088628	          0.04999999	          0.04999999	          0.04999999	          0.08339475	          0.07758317	          0.13471450	          0.04999999	          0.17995879	          0.09960848	          0.42715710	
          0.53948949	         -8.84384570	          0.58684101	          0.91106542	        -11.74271047	         -4.65631497	         -2.68249790	         32.20734899	        -16.82132255	         -2.57911441	          0.04999999	          0.15657738	          0.04999999	          0.58165015	          0.07910994	          0.04999999	          0.67467124	          0.57824659	          0.04999999	          0.05795784	          0.04999999	          0.09437899	          0.06512434	          0.11997502	          0.04999999	          0.19155105	          0.10841498	          0.45872409	
          0.55096799	         -8.77479322	          0.60131013	          0.90984390	        -12.04976812	         -5.84898444	         -3.29540469	         31.78833736	        -15.62431270	         -2.95503237	          0.04999999	          0.13143313	          0.04999999	          0.58439103	          0.07586861	          0.04999999	          0.64379768	          0.56134793	          0.04999999	          0.07336156	          0.04999999	          0.09783354	          0.05466623	          0.10070862	          0.04999999	          0.20142219	          0.11630888	          0.49023710	
          0.56244649	         -8.68685511	          0.61613885	          0.90866687	        -12.18156268	         -7.41657050	         -3.96853308	         31.28851264	        -14.71622105	         -3.32265203	          0.04999999	          0.11032671	          0.04999999	          0.56696471	          0.06368512	          0.04999999	          0.60565754	          0.53953877	          0.04999999	          0.08159251	          0.04999999	          0.09923767	          0.04999999	          0.08453615	          0.05397512	          0.21087052	          0.12742306	          0.52649855	
          0.57392499	         -8.57807434	          0.63131749	          0.90748842	        -12.10010708	         -9.42517852	         -4.72571387	         30.73026607	        -14.22631301	         -3.70954619	          0.04999999	          0.09260970	          0.04999999	          0.52233630	          0.05345813	          0.04999999	          0.56172407	          0.51085533	          0.04999999	          0.07807737	          0.04999999	          0.10137882	          0.04999999	          0.07096076	          0.06932065	          0.21893277	          0.13178479	          0.54681786	
          0.58540349	         -8.44658636	          0.64683492	          0.90626149	        -11.77922373	        -11.91121498	         -5.62846421	         30.11827802	        -14.25803347	         -4.09189613	          0.04999999	          0.07773781	          0.04999999	          0.43845601	          0.04999999	          0.04999999	          0.50076891	          0.47369910	          0.04999999	          0.07356057	          0.04999999	          0.13860913	          0.04999999	          0.05956541	          0.10045384	          0.19333418	          0.11062190	          0.67042092	
          0.59688199	         -8.29039951	          0.66266512	          0.90498267	        -11.21456900	        -14.85781620	         -6.78766459	         29.47816784	        -15.06202571	         -3.98832863	          0.04999999	          0.06525415	          0.04999999	          0.36804579	          0.04999999	          0.04999999	          0.42035206	          0.39762930	          0.04999999	          0.07192537	          0.04999999	          0.19453557	          0.04999999	          0.04999999	          0.08432228	          0.22488067	          0.15705865	          0.61025409	
          0.60836049	         -8.12450363	          0.67862118	          0.90377515	        -10.37523574	        -18.22680199	         -8.36513881	         28.86218355	        -16.25648537	         -3.05648900	          0.06762067	          0.05477520	          0.14568538	          0.30894251	          0.04999999	          0.04999999	          0.35284909	          0.33377531	          0.04999999	          0.08541503	          0.05344483	          0.26081027	          0.04999999	          0.04999999	          0.15556713	          0.23374739	          0.18740472	          0.51225537	
          0.61983899	         -7.96925470	          0.69443598	          0.90294413	         -9.25355316	        -21.90221597	        -10.53680632	         28.32316643	        -17.59224759	         -1.58686299	          0.08072284	          0.04999999	          0.12229024	          0.25933044	          0.04999999	          0.04999999	          0.29618620	          0.28017542	          0.25358268	          0.09944896	          0.04999999	          0.31699140	          0.04999999	          0.04999999	          0.26048630	          0.25438847	          0.23095289	          0.42999395	
          0.63131749	         -7.84165282	          0.70989148	          0.90264088	         -7.87910499	        -25.75696332	        -13.24889669	         27.80144370	        -18.84141195	         -0.22113830	          0.09041449	          0.04999999	          0.10265205	          0.21768541	          0.04999999	          0.04999999	          0.24862262	          0.23518296	          0.35793575	          0.10582284	          0.04999999	          0.34316792	          0.04999999	          0.04999999	          0.34647692	          0.27723962	          0.27834009	          0.36094262	
          0.64279599	         -7.74660011	          0.72490108	          0.90281409	         -6.39814836	        -29.48582740	        -15.49566619	         27.18905006	        -19.79003923	          0.95291178	          0.08779750	          0.07284511	          0.08616749	          0.18272802	          0.04999999	          0.04999999	          0.21285487	          0.19741569	          0.30045601	          0.10938710	          0.04999999	          0.33456133	          0.04999999	          0.04999999	          0.39546140	          0.30016270	          0.32250331	          0.30298002	
          0.65427449	         -7.68198127	          0.73946876	          0.90349678	         -4.94445168	        -32.77120911	        -15.70396445	         26.44035268	        -20.36392423	          1.90914834	          0.10584021	          0.12563644	          0.07233013	          0.15338432	          0.04999999	          0.04999999	          0.17867320	          0.16571335	          0.39246482	          0.11295816	          0.07096076	          0.30059188	          0.04999999	          0.04999999	          0.39627493	          0.32214375	          0.36118718	          0.25432544	
          0.66575299	         -7.64407095	          0.75362796	          0.90476163	         -3.53472799	        -35.51855386	        -15.36408677	         25.57331691	        -20.60348296	          2.62176359	          0.11797468	          0.18009197	          0.06071487	          0.12933168	          0.04999999	          0.04999999	          0.14998065	          0.13910198	          0.40007135	          0.11718683	          0.05956540	          0.26315126	          0.04999999	          0.04999999	          0.37633291	          0.34385456	          0.39509516	          0.21348415	
          0.67723149	         -7.62944412	          0.76741154	          0.90655527	         -2.16527417	        -37.76392094	        -14.73312854	         24.61504168	        -20.56507855	          3.09251454	          0.12019436	          0.22408400	          0.05096487	          0.11810593	          0.04999999	          0.04999999	          0.12589575	          0.11676405	          0.38288889	          0.12188778	          0.04999999	          0.23289226	          0.04999999	          0.04999999	          0.34154158	          0.36435451	          0.42248928	          0.17920142	
          0.68870999	         -7.63454077	          0.78085502	          0.90876960	         -0.82805783	        -39.56649207	        -13.91502001	         23.58732548	        -20.29958986	          3.34649900	          0.10089274	          0.27374529	          0.04999999	          0.11060008	          0.04999999	          0.04999999	          0.10567856	          0.09801329	          0.36149957	          0.12684676	          0.04999999	          0.21376526	          0.04999999	          0.04999999	          0.29947580	          0.38360537	          0.44363877	          0.15042405	
          0.70018848	         -7.65659689	          0.79398741	          0.91127824	          0.48663870	        -40.98616377	        -12.97214796	         22.51390949	        -19.86049436	          3.41724413	          0.08469070	          0.32291018	          0.04999999	          0.10524863	          0.04999999	          0.04999999	          0.08870798	          0.08227365	          0.33594565	          0.13139127	          0.04999999	          0.20389667	          0.04999999	          0.04999999	          0.25517967	          0.40164459	          0.45903408	          0.12626794	
          0.71166698	         -7.69340229	          0.80683086	          0.91395803	          1.79041805	        -42.08305441	        -11.92966699	         21.41777046	        -19.29868240	          3.34032556	          0.07109050	          0.37390290	          0.04999999	          0.10057033	          0.04999999	          0.04999999	          0.07446266	          0.06906159	          0.31347642	          0.13515128	          0.04999999	          0.19806321	          0.04999999	          0.04999999	          0.21420120	          0.41827700	          0.46941038	          0.10599098	
          0.72314548	         -7.74303063	          0.81940267	          0.91670009	          3.09667237	        -42.91996382	        -10.81522367	         20.31829046	        -18.65774020	          3.15037461	          0.05967431	          0.42386988	          0.04999999	          0.09618892	          0.04999999	          0.04999999	          0.06250494	          0.05797122	          0.28678380	          0.13788921	          0.04999999	          0.19246063	          0.04999999	          0.04999999	          0.17980332	          0.43318764	          0.47551157	          0.08897023	
          0.73462398	         -7.80395851	          0.83171653	          0.91941458	          4.41915197	        -43.55716600	         -9.67509557	         19.22962460	        -17.97076419	          2.87927112	          0.05009140	          0.47122670	          0.04999999	          0.09230727	          0.04999999	          0.04999999	          0.05278755	          0.04999999	          0.26399114	          0.13940263	          0.04999999	          0.18574000	          0.04999999	          0.04999999	          0.15092929	          0.44608942	          0.47800900	          0.07468279	
          0.74610248	         -7.87500151	          0.84378386	          0.92203007	          5.77080135	        -44.04952355	         -8.58580689	         18.16234942	        -17.26372270	          2.55604885	          0.04999999	          0.51703101	          0.04999999	          0.08898516	          0.04999999	          0.04999999	          0.04999999	          0.04999999	          0.27093385	          0.13966102	          0.04999999	          0.17769945	          0.04999999	          0.04999999	          0.12669205	          0.45686368	          0.47750625	          0.06268973	
          0.75758098	         -7.95429376	          0.85561941	          0.92449075	          7.16186373	        -44.45245116	         -7.60931680	         17.12366250	        -16.55841286	          2.20719306	          0.04999999	          0.55607566	          0.04999999	          0.08675188	          0.06007046	          0.04999999	          0.04999999	          0.04999999	          0.26960393	          0.13882147	          0.04999999	          0.17106431	          0.04999999	          0.04999999	          0.10634699	          0.46573720	          0.47475784	          0.05262259	
          0.76905948	         -8.03980647	          0.86724038	          0.92675632	          8.59756582	        -44.81219546	         -6.70910105	         16.11795092	        -15.87208025	          1.85567263	          0.04999999	          0.58750490	          0.04999999	          0.08660149	          0.07684887	          0.04999999	          0.04999999	          0.04999999	          0.27235610	          0.13668844	          0.04999999	          0.16484647	          0.04999999	          0.04999999	          0.09610512	          0.47326687	          0.47060116	          0.04999999	
          0.78053798	         -8.12922450	          0.87867039	          0.92880603	         10.07672321	        -45.15468626	         -5.85422204	         15.14063608	        -15.20648452	          1.51840539	          0.04999999	          0.60975763	          0.04999999	          0.08800713	          0.09086118	          0.04999999	          0.04999999	          0.04999999	          0.27616410	          0.13343232	          0.04999999	          0.15772188	          0.04999999	          0.04999999	          0.09089850	          0.48002419	          0.46576223	          0.04999999	
          0.79201648	         -8.22021476	          0.88993682	          0.93063361	         11.59353515	        -45.49059205	         -5.02890999	         14.18203658	        -14.55357748	          1.20334953	          0.04999999	          0.62256599	          0.04999999	          0.09008273	          0.10185829	          0.04999999	          0.04999999	          0.04999999	          0.28071010	          0.12920525	          0.04999999	          0.14913115	          0.04999999	          0.04999999	          0.08738549	          0.48644690	          0.46061615	          0.04999999	
          0.80349498	         -8.31068431	          0.90106765	          0.93223855	         13.13924141	        -45.82047049	         -4.22976789	         13.23141716	        -13.90227404	          0.91389090	          0.04999999	          0.62604500	          0.04999999	          0.09245847	          0.11007973	          0.04999999	          0.04999999	          0.04999999	          0.28492246	          0.12414334	          0.04999999	          0.13944472	          0.04999999	          0.04999999	          0.08428524	          0.49286199	          0.45534814	          0.04999999	
          0.81497348	         -8.39887616	          0.91209000	          0.93362327	         14.70279861	        -46.13702591	         -3.45592592	         12.27935288	        -13.24287305	          0.65101879	          0.04999999	          0.62072313	          0.04999999	          0.09506185	          0.11599000	          0.04999999	          0.04999999	          0.04999999	          0.28881346	          0.11835306	          0.04999999	          0.12911895	          0.04999999	          0.04999999	          0.08099152	          0.49957281	          0.45011980	          0.04999999	
          0.82645198	         -8.48335765	          0.92302963	          0.93479286	         16.27145033	        -46.42669617	         -2.70912491	         11.31855032	        -12.56846331	          0.41368267	          0.04999999	          0.60681476	          0.04999999	          0.09807130	          0.12002765	          0.04999999	          0.04999999	          0.04999999	          0.29212564	          0.11195868	          0.04999999	          0.11847179	          0.04999999	          0.04999999	          0.07706564	          0.50680190	          0.44508479	          0.04999999	
          0.83793048	         -8.56297958	          0.93391087	          0.93575461	         17.83118671	        -46.67109079	         -1.99125645	         10.34373106	        -11.87478465	          0.19921548	          0.04999999	          0.58348705	          0.04999999	          0.10177390	          0.12247684	          0.04999999	          0.04999999	          0.04999999	          0.29496923	          0.10509133	          0.04999999	          0.10771602	          0.04999999	          0.04999999	          0.07218345	          0.51469886	          0.44038078	          0.04999999	
          0.84940898	         -8.63684244	          0.94475671	          0.93651755	         19.36695733	        -46.84754765	         -1.30486951	          9.35137332	        -11.15986825	          0.00364309	          0.04999999	          0.54955823	          0.04999999	          0.10675779	          0.12348358	          0.04999999	          0.04999999	          0.04999999	          0.29742027	          0.09782573	          0.04999999	          0.09690407	          0.04999999	          0.04999999	          0.06610727	          0.52335388	          0.43614110	          0.04999999	
          0.86088748	         -8.70429455	          0.95558881	          0.93709244	         20.86228077	        -46.92785160	         -0.65236689	          8.33964125	        -10.42395997	         -0.17809242	          0.04999999	          0.49030974	          0.04999999	          0.11396455	          0.12293096	          0.04999999	          0.04999999	          0.04999999	          0.29980366	          0.09028061	          0.04999999	          0.08550703	          0.04999999	          0.04999999	          0.05846072	          0.53278149	          0.43252737	          0.04999999	
          0.87236598	         -8.76484457	          0.96642863	          0.93749115	         22.29626816	        -46.86997215	         -0.03643373	          7.30871726	         -9.67171339	         -0.34273491	          0.04999999	          0.41157250	          0.04999999	          0.12377321	          0.12077505	          0.04999999	          0.04999999	          0.04999999	          0.30194889	          0.08252222	          0.04999999	          0.07239591	          0.04999999	          0.04999999	          0.05148396	          0.54319268	          0.43007145	          0.07928933	
          0.88384448	         -8.81828145	          0.97729634	          0.93771512	         23.64564377	        -46.62337665	          0.54024245	          6.26106412	         -8.91334454	         -0.47308076	          0.04999999	          0.34547941	          0.04999999	          0.13598455	          0.11742151	          0.04999999	          0.04999999	          0.04999999	          0.30394417	          0.07480998	          0.04999999	          0.06077009	          0.04999999	          0.04999999	          0.04999999	          0.55472433	          0.42931336	          0.12070954	
          0.89532298	         -8.86450253	          0.98821102	          0.93775496	         24.89281289	        -46.15341970	          1.07451441	          5.19375182	         -8.14624545	         -0.56930784	          0.04999999	          0.28999999	          0.04999999	          0.14931488	          0.11330454	          0.04999999	          0.04999999	          0.04999999	          0.30554612	          0.06774239	          0.04999999	          0.05101122	          0.04999999	          0.04999999	          0.04999999	          0.56740321	          0.43053585	          0.15727007	
          0.90680148	         -8.90360026	          0.99918844	          0.93759757	         26.02853581	        -45.44807648	          1.56222627	          4.10180056	         -7.36281798	         -0.63888462	          0.04999999	          0.24342984	          0.04999999	          0.16255230	          0.10885029	          0.04999999	          0.04999999	          0.04999999	          0.30640390	          0.06204316	          0.09396040	          0.04999999	          0.04999999	          0.04999999	          0.04999999	          0.58125226	          0.43375986	          0.18985753	
          0.91827998	         -8.93574801	          1.01023939	          0.93722942	         27.04996033	        -44.51185567	          1.99828618	          2.98784591	         -6.56978504	         -0.68410350	          0.04999999	          0.20433823	          0.04999999	          0.17518219	          0.10447008	          0.04999999	          0.04999999	          0.04999999	          0.30610304	          0.05814251	          0.17826375	          0.04999999	          0.04999999	          0.04999999	          0.04999999	          0.59627383	          0.43897010	          0.21747317	
          0.92975848	         -8.96165710	          1.02136731	          0.93663828	         27.95986866	        -43.36096828	          2.37564989	          1.86533834	         -5.79181066	         -0.70255415	          0.04999999	          0.17152422	          0.04999999	          0.18811514	          0.10109972	          0.04999999	          0.04999999	          0.04999999	          0.30434144	          0.05523647	          0.26823734	          0.04999999	          0.04999999	          0.04999999	          0.04999999	          0.61226976	          0.44616612	          0.24021668	
          0.94123698	         -8.98211177	          1.03257400	          0.93581670	         28.76428179	        -42.01888529	          2.68602056	          0.74984887	         -5.05646497	         -0.69141921	          0.04999999	          0.14397970	          0.04999999	          0.20164620	          0.09888127	          0.04999999	          0.04999999	          0.04999999	          0.30040806	          0.05282513	          0.36126140	          0.04999999	          0.04999999	          0.04999999	          0.04999999	          0.62895436	          0.45549254	          0.25743299	
          0.95271548	         -8.99778214	          1.04386236	          0.93476375	         29.47136898	        -40.51366358	          2.91691415	         -0.34500494	         -4.38779305	         -0.64870832	          0.04999999	          0.12085847	          0.04999999	          0.21571021	          0.09807552	          0.04999999	          0.04999999	          0.04999999	          0.29429777	          0.05032049	          0.45250162	          0.04999999	          0.04999999	          0.04999999	          0.04999999	          0.64604277	          0.46701644	          0.26870203	
          0.96419398	         -9.00903395	          1.05523840	          0.93348599	         30.09031246	        -38.87563517	          3.05386971	         -1.40973445	         -3.80264866	         -0.57568809	          0.04999999	          0.10145020	          0.04999999	          0.22891648	          0.09807555	          0.04999999	          0.04999999	          0.04999999	          0.28429150	          0.04999999	          0.53333978	          0.04999999	          0.04999999	          0.04999999	          0.04999999	          0.66321249	          0.48081038	          0.27218154	
          0.97567248	         -9.01547318	          1.06671476	          0.93199896	         30.62930574	        -37.13445864	          3.07002490	         -2.44153253	         -3.30700626	         -0.47964498	          0.04999999	          0.08515864	          0.04999999	          0.23820665	          0.09671603	          0.04999999	          0.04999999	          0.04999999	          0.27163850	          0.04999999	          0.59022357	          0.04999999	          0.06121880	          0.04999999	          0.04999999	          0.68020306	          0.49688116	          0.26845538	
          0.98715098	         -9.01726722	          1.07830308	          0.93032616	         31.09666160	        -35.31858815	          2.94083464	         -3.43793387	         -2.90389993	         -0.37352099	          0.04999999	          0.07148329	          0.04999999	          0.24182480	          0.09356362	          0.04999999	          0.06514953	          0.04999999	          0.27281685	          0.04999999	          0.61708137	          0.04999999	          0.09366011	          0.04999999	          0.04999999	          0.69660706	          0.51454983	          0.24165040	
          0.99862948	         -9.01608956	          1.09000915	          0.92850129	         31.50322949	        -33.46044886	          2.65264687	         -4.39375738	         -2.59570421	         -0.27995617	          0.04999999	          0.06000402	          0.04999999	          0.24058258	          0.09164809	          0.04999999	          0.07955020	          0.04999999	          0.27055644	          0.04999999	          0.61979352	          0.04999999	          0.13921239	          0.04999999	          0.04999999	          0.71156132	          0.53255011	          0.20284455	
          1.01010798	         -9.01361892	          1.10184315	          0.92657092	         31.85764322	        -31.59142310	          2.22094841	         -5.30800533	         -2.37778418	         -0.22129252	          0.04999999	          0.05036817	          0.04999999	          0.23442206	          0.09184898	          0.04999999	          0.09156595	          0.05132779	          0.27044198	          0.05000001	          0.60263424	          0.04999999	          0.18913884	          0.04999999	          0.04999999	          0.72433906	          0.54992448	          0.17027040	
          1.02158648	         -9.01065133	          1.11382330	          0.92458699	         32.16367450	        -29.73647039	          1.67172424	         -6.18399363	         -2.24255619	         -0.20914754	          0.04999999	          0.04999999	          0.04999999	          0.22305101	          0.09462234	          0.04999999	          0.10221021	          0.05236094	          0.27103497	          0.05003018	          0.56764265	          0.04999999	          0.24154863	          0.04999999	          0.04999999	          0.73453576	          0.56598487	          0.14292723	
          1.03306498	         -9.00728346	          1.12597223	          0.92259705	         32.42286424	        -27.91963969	          1.04936890	         -7.02533442	         -2.18431816	         -0.25239999	          0.04999999	          0.04999999	          0.04999999	          0.20683948	          0.10014021	          0.04999999	          0.11294677	          0.05519757	          0.27781265	          0.04999999	          0.51788121	          0.04999999	          0.29560968	          0.04999999	          0.04999999	          0.74178981	          0.58005805	          0.11997501	
          1.04454348	         -9.00290641	          1.13831637	          0.92064285	         32.63191859	        -26.15627113	          0.40771303	         -7.83452827	         -2.20069595	         -0.36128478	          0.04999999	          0.04999999	          0.04999999	          0.18616087	          0.10836661	          0.04999999	          0.12384194	          0.06038420	          0.29212875	          0.04999999	          0.44758353	          0.04999999	          0.35030407	          0.04999999	          0.04999999	          0.74565340	          0.59144026	          0.10070862	
          1.05602198	         -8.99603243	          1.15088674	          0.91876004	         32.78163373	        -24.45076279	         -0.20772736	         -8.61385327	         -2.29141161	         -0.54724960	          0.04999999	          0.04999999	          0.04999999	          0.15626590	          0.11800048	          0.04999999	          0.13512407	          0.06794573	          0.31417971	          0.04999999	          0.37570755	          0.04999999	          0.40341227	          0.04999999	          0.04999999	          0.74568513	          0.59953756	          0.08453615	
          1.06750048	         -8.98398971	          1.16371937	          0.91697820	         32.85598596	        -22.79646785	         -0.77398579	         -9.36312448	         -2.46373903	         -0.81904868	          0.04999999	          0.04999999	          0.04999999	          0.13117167	          0.12582846	          0.04999999	          0.14608044	          0.07554811	          0.33967644	          0.04999999	          0.31537389	          0.04999999	          0.45141157	          0.04999999	          0.04999999	          0.74150132	          0.60392342	          0.07096076	
          1.07897898	         -8.96459140	          1.17684321	          0.91531587	         32.84271480	        -21.19340500	         -1.28830135	        -10.07290315	         -2.74079224	         -1.17761689	          0.04999999	          0.04999999	          0.05000000	          0.11010723	          0.13207045	          0.04999999	          0.15723331	          0.08336582	          0.36747442	          0.04999999	          0.26472903	          0.04999999	          0.49476726	          0.04999999	          0.04999999	          0.73262115	          0.60391167	          0.05956540	
          1.09045748	         -8.93647337	          1.19027755	          0.91377944	         32.73619939	        -19.65419177	         -1.75470337	        -10.72378962	         -3.16172993	         -1.61639423	          0.04999999	          0.04999999	          0.06588212	          0.09242547	          0.13555975	          0.04999999	          0.16893094	          0.09152356	          0.39689221	          0.04999999	          0.22221705	          0.04999999	          0.53319877	          0.04999999	          0.04999999	          0.71867729	          0.59942579	          0.04999999	
          1.10193598	         -8.89698411	          1.20404475	          0.91236795	         32.52594132	        -18.18801598	         -2.18268767	        -11.29126837	         -3.77844484	         -2.12342524	          0.04999999	          0.04999999	          0.08339475	          0.07758317	          0.13471450	          0.04999999	          0.17995879	          0.09960848	          0.42715710	          0.04999999	          0.18653194	          0.04999999	          0.56289401	          0.04999999	          0.04999999	          0.69953436	          0.59088628	          0.04999999	
          1.11341448	         -8.84384570	          1.21815850	          0.91106542	         32.20734899	        -16.82132255	         -2.57911441	        -11.74271047	         -4.65631497	         -2.68249790	          0.05795784	          0.04999999	          0.09437899	          0.06512434	          0.11997502	          0.04999999	          0.19155105	          0.10841498	          0.45872409	          0.04999999	          0.15657738	          0.04999999	          0.58165015	          0.07910994	          0.04999999	          0.67467124	          0.57824659	          0.04999999	
          1.12489298	         -8.77479322	          1.23262761	          0.90984390	         31.78833736	        -15.62431270	         -2.95503237	        -12.04976812	         -5.84898444	         -3.29540469	          0.07336156	          0.04999999	          0.09783354	          0.05466623	          0.10070862	          0.04999999	          0.20142219	          0.11630888	          0.49023710	          0.04999999	          0.13143313	          0.04999999	          0.58439103	          0.07586861	          0.04999999	          0.64379768	          0.56134793	          0.04999999	
          1.13637148	         -8.68685511	          1.24745634	          0.90866687	         31.28851264	        -14.71622105	         -3.32265203	        -12.18156268	         -7.41657050	         -3.96853308	          0.08159251	          0.04999999	          0.09923767	          0.04999999	          0.08453615	          0.05397512	          0.21087052	          0.12742306	          0.52649855	          0.04999999	          0.11032671	          0.04999999	          0.56696471	          0.06368512	          0.04999999	          0.60565754	          0.53953877	          0.04999999	
          1.14784998	         -8.57807434	          1.26263497	          0.90748842	         30.73026607	        -14.22631301	         -3.70954619	        -12.10010708	         -9.42517852	         -4.72571387	          0.07807737	          0.04999999	          0.10137882	          0.04999999	          0.07096076	          0.06932065	          0.21893277	          0.13178479	          0.54681786	          0.04999999	          0.09260970	          0.04999999	          0.52233630	          0.05345813	          0.04999999	          0.56172407	          0.51085533	          0.04999999	
          1.15932847	         -8.44658636	          1.27815240	          0.90626149	         30.11827802	        -14.25803347	         -4.09189613	        -11.77922373	        -11.91121498	         -5.62846421	          0.07356057	          0.04999999	          0.13860913	          0.04999999	          0.05956541	          0.10045384	          0.19333418	          0.11062190	          0.67042092	          0.04999999	          0.07773781	          0.04999999	          0.43845601	          0.04999999	          0.04999999	          0.50076891	          0.47369910	          0.04999999	
          1.17080697	         -8.29039951	          1.29398260	          0.90498267	         29.47816784	        -15.06202571	         -3.98832863	        -11.21456900	        -14.85781620	         -6.78766459	          0.07192537	          0.04999999	          0.19453557	          0.04999999	          0.04999999	          0.08432228	          0.22488067	          0.15705865	          0.61025409	          0.04999999	          0.06525415	          0.04999999	          0.36804579	          0.04999999	          0.04999999	          0.42035206	          0.39762930	          0.04999999	
          1.18228547	         -8.12450363	          1.30993867	          0.90377515	         28.86218355	        -16.25648537	         -3.05648900	        -10.37523574	        -18.22680199	         -8.36513881	          0.08541503	          0.05344483	          0.26081027	          0.04999999	          0.04999999	          0.15556713	          0.23374739	          0.18740472	          0.51225537	          0.06762067	          0.05477520	          0.14568538	          0.30894251	          0.04999999	          0.04999999	          0.35284909	          0.33377531	          0.04999999	
          1.19376397	         -7.96925470	          1.32575346	          0.90294413	         28.32316643	        -17.59224759	         -1.58686299	         -9.25355316	        -21.90221597	        -10.53680632	          0.09944896	          0.04999999	          0.31699140	          0.04999999	          0.04999999	          0.26048630	          0.25438847	          0.23095289	          0.42999395	          0.08072284	          0.04999999	          0.12229024	          0.25933044	          0.04999999	          0.04999999	          0.29618620	          0.28017542	          0.25358268	
          1.20524247	         -7.84165282	          1.34120896	          0.90264088	         27.80144370	        -18.84141195	         -0.22113830	         -7.87910499	        -25.75696332	        -13.24889669	          0.10582284	          0.04999999	          0.34316792	          0.04999999	          0.04999999	          0.34647692	          0.27723962	          0.27834009	          0.36094262	          0.09041449	          0.04999999	          0.10265205	          0.21768541	          0.04999999	          0.04999999	          0.24862262	          0.23518296	          0.35793575	
          1.21672097	         -7.74660011	          1.35621857	          0.90281409	         27.18905006	        -19.79003923	          0.95291178	         -6.39814836	        -29.48582740	        -15.49566619	          0.10938710	          0.04999999	          0.33456133	          0.04999999	          0.04999999	          0.39546140	          0.30016270	          0.32250331	          0.30298002	          0.08779750	          0.07284511	          0.08616749	          0.18272802	          0.04999999	          0.04999999	          0.21285487	          0.19741569	          0.30045601	
          1.22819947	         -7.68198127	          1.37078624	          0.90349678	         26.44035268	        -20.36392423	          1.90914834	         -4.94445168	        -32.77120911	        -15.70396445	          0.11295816	          0.07096076	          0.30059188	          0.04999999	          0.04999999	          0.39627493	          0.32214375	          0.36118718	          0.25432544	          0.10584021	          0.12563644	          0.07233013	          0.15338432	          0.04999999	          0.04999999	          0.17867320	          0.16571335	          0.39246482	
          1.23967797	         -7.64407095	          1.38494545	          0.90476163	         25.57331691	        -20.60348296	          2.62176359	         -3.53472799	        -35.51855386	        -15.36408677	          0.11718683	          0.05956540	          0.26315126	          0.04999999	          0.04999999	          0.37633291	          0.34385456	          0.39509516	          0.21348415	          0.11797468	          0.18009197	          0.06071487	          0.12933168	          0.04999999	          0.04999999	          0.14998065	          0.13910198	          0.40007135	
          1.25115647	         -7.62944412	          1.39872902	          0.90655527	         24.61504168	        -20.56507855	          3.09251454	         -2.16527417	        -37.76392094	        -14.73312854	          0.12188778	          0.04999999	          0.23289226	          0.04999999	          0.04999999	          0.34154158	          0.36435451	          0.42248928	          0.17920142	          0.12019436	          0.22408400	          0.05096487	          0.11810593	          0.04999999	          0.04999999	          0.12589575	          0.11676405	          0.38288889	
          1.26263497	         -7.63454077	          1.41217251	          0.90876960	         23.58732548	        -20.29958986	          3.34649900	         -0.82805783	        -39.56649207	        -13.91502001	          0.12684676	          0.04999999	          0.21376526	          0.04999999	          0.04999999	          0.29947580	          0.38360537	          0.44363877	          0.15042405	          0.10089274	          0.27374529	          0.04999999	          0.11060008	          0.04999999	          0.04999999	          0.10567856	          0.09801329	          0.36149957	
          1.27411347	         -7.65659689	          1.42530489	          0.91127824	         22.51390949	        -19.86049436	          3.41724413	          0.48663870	        -40.98616377	        -12.97214796	          0.13139127	          0.04999999	          0.20389667	          0.04999999	          0.04999999	          0.25517967	          0.40164459	          0.45903408	          0.12626794	          0.08469070	          0.32291018	          0.04999999	          0.10524863	          0.04999999	          0.04999999	          0.08870798	          0.08227365	          0.33594565	
          1.28559197	         -7.69340229	          1.43814835	          0.91395803	         21.41777046	        -19.29868240	          3.34032556	          1.79041805	        -42.08305441	        -11.92966699	          0.13515128	          0.04999999	          0.19806321	          0.04999999	          0.04999999	          0.21420120	          0.41827700	          0.46941038	          0.10599098	          0.07109050	          0.37390290	          0.04999999	          0.10057033	          0.04999999	          0.04999999	          0.07446266	          0.06906159	          0.31347642	
          1.29707047	         -7.74303063	          1.45072016	          0.91670009	         20.31829046	        -18.65774020	          3.15037461	          3.09667237	        -42.91996382	        -10.81522367	          0.13788921	          0.04999999	          0.19246063	          0.04999999	          0.04999999	          0.17980332	          0.43318764	          0.47551157	          0.08897023	          0.05967431	          0.42386988	          0.04999999	          0.09618892	          0.04999999	          0.04999999	          0.06250494	          0.05797122	          0.28678380	
          1.30854897	         -7.80395851	          1.46303402	          0.91941458	         19.22962460	        -17.97076419	          2.87927112	          4.41915197	        -43.55716600	         -9.67509557	          0.13940263	          0.04999999	          0.18574000	          0.04999999	          0.04999999	          0.15092929	          0.44608942	          0.47800900	          0.07468279	          0.05009140	          0.47122670	          0.04999999	          0.09230727	          0.04999999	          0.04999999	          0.05278755	          0.04999999	          0.26399114	
          1.32002747	         -7.87500151	          1.47510134	          0.92203007	         18.16234942	        -17.26372270	          2.55604885	          5.77080135	        -44.04952355	         -8.58580689	          0.13966102	          0.04999999	          0.17769945	          0.04999999	          0.04999999	          0.12669205	          0.45686368	          0.47750625	          0.06268973	          0.04999999	          0.51703101	          0.04999999	          0.08898516	          0.04999999	          0.04999999	          0.04999999	          0.04999999	          0.27093385	
          1.33150597	         -7.95429376	          1.48693689	          0.92449075	         17.12366250	        -16.55841286	          2.20719306	          7.16186373	        -44.45245116	         -7.60931680	          0.13882147	          0.04999999	          0.17106431	          0.04999999	          0.04999999	          0.10634699	          0.46573720	          0.47475784	          0.05262259	          0.04999999	          0.55607566	          0.04999999	          0.08675188	          0.06007046	          0.04999999	          0.04999999	          0.04999999	          0.26960393	
          1.34298447	         -8.03980647	          1.49855787	          0.92675632	         16.11795092	        -15.87208025	          1.85567263	          8.59756582	        -44.81219546	         -6.70910105	          0.13668844	          0.04999999	          0.16484647	          0.04999999	          0.04999999	          0.09610512	          0.47326687	          0.47060116	          0.04999999	          0.04999999	          0.58750490	          0.04999999	          0.08660149	          0.07684887	          0.04999999	          0.04999999	          0.04999999	          0.27235610	
          1.35446297	         -8.12922450	          1.50998788	          0.92880603	         15.14063608	        -15.20648452	          1.51840539	         10.07672321	        -45.15468626	         -5.85422204	          0.13343232	          0.04999999	          0.15772188	          0.04999999	          0.04999999	          0.09089850	          0.48002419	          0.46576223	          0.04999999	          0.04999999	          0.60975763	          0.04999999	          0.08800713	          0.09086118	          0.04999999	          0.04999999	          0.04999999	          0.27616410	
          1.36594147	         -8.22021476	          1.52125431	          0.93063361	         14.18203658	        -14.55357748	          1.20334953	         11.59353515	        -45.49059205	         -5.02890999	          0.12920525	          0.04999999	          0.14913115	          0.04999999	          0.04999999	          0.08738549	          0.48644690	          0.46061615	          0.04999999	          0.04999999	          0.62256599	          0.04999999	          0.09008273	          0.10185829	          0.04999999	          0.04999999	          0.04999999	          0.28071010	
          1.37741997	         -8.31068431	          1.53238514	          0.93223855	         13.23141716	        -13.90227404	          0.91389090	         13.13924141	        -45.82047049	         -4.22976789	          0.12414334	          0.04999999	          0.13944472	          0.04999999	          0.04999999	          0.08428524	          0.49286199	          0.45534814	          0.04999999	          0.04999999	          0.62604500	          0.04999999	          0.09245847	          0.11007973	          0.04999999	          0.04999999	          0.04999999	          0.28492246	
          1.38889847	         -8.39887616	          1.54340749	          0.93362327	         12.27935288	        -13.24287305	          0.65101879	         14.70279861	        -46.13702591	         -3.45592592	          0.11835306	          0.04999999	          0.12911895	          0.04999999	          0.04999999	          0.08099152	          0.49957281	          0.45011980	          0.04999999	          0.04999999	          0.62072313	          0.04999999	          0.09506185	          0.11599000	          0.04999999	          0.04999999	          0.04999999	          0.28881346	
          1.40037697	         -8.48335765	          1.55434711	          0.93479286	         11.31855032	        -12.56846331	          0.41368267	         16.27145033	        -46.42669617	         -2.70912491	          0.11195868	          0.04999999	          0.11847179	          0.04999999	          0.04999999	          0.07706564	          0.50680190	          0.44508479	          0.04999999	          0.04999999	          0.60681476	          0.04999999	          0.09807130	          0.12002765	          0.04999999	          0.04999999	          0.04999999	          0.29212564	
          1.41185547	         -8.56297958	          1.56522835	          0.93575461	         10.34373106	        -11.87478465	          0.19921548	         17.83118671	        -46.67109079	         -1.99125645	          0.10509133	          0.04999999	          0.10771602	          0.04999999	          0.04999999	          0.07218345	          0.51469886	          0.44038078	          0.04999999	          0.04999999	          0.58348705	          0.04999999	          0.10177390	          0.12247684	          0.04999999	          0.04999999	          0.04999999	          0.29496923	
          1.42333397	         -8.63684244	          1.57607420	          0.93651755	          9.35137332	        -11.15986825	          0.00364309	         19.36695733	        -46.84754765	         -1.30486951	          0.09782573	          0.04999999	          0.09690407	          0.04999999	          0.04999999	          0.06610727	          0.52335388	          0.43614110	          0.04999999	          0.04999999	          0.54955823	          0.04999999	          0.10675779	          0.12348358	          0.04999999	          0.04999999	          0.04999999	          0.29742027	
          1.43481247	         -8.70429455	          1.58690630	          0.93709244	          8.33964125	        -10.42395997	         -0.17809242	         20.86228077	        -46.92785160	         -0.65236689	          0.09028061	          0.04999999	          0.08550703	          0.04999999	          0.04999999	          0.05846072	          0.53278149	          0.43252737	          0.04999999	          0.04999999	          0.49030974	          0.04999999	          0.11396455	          0.12293096	          0.04999999	          0.04999999	          0.04999999	          0.29980366	
          1.44629097	         -8.76484457	          1.59774612	          0.93749115	          7.30871726	         -9.67171339	         -0.34273491	         22.29626816	        -46.86997215	         -0.03643373	          0.08252222	          0.04999999	          0.07239591	          0.04999999	          0.04999999	          0.05148396	          0.54319268	          0.43007145	          0.07928933	          0.04999999	          0.41157250	          0.04999999	          0.12377321	          0.12077505	          0.04999999	          0.04999999	          0.04999999	          0.30194889	
          1.45776947	         -8.81828145	          1.60861383	          0.93771512	          6.26106412	         -8.91334454	         -0.47308076	         23.64564377	        -46.62337665	          0.54024245	          0.07480998	          0.04999999	          0.06077009	          0.04999999	          0.04999999	          0.04999999	          0.55472433	          0.42931336	          0.12070954	          0.04999999	          0.34547941	          0.04999999	          0.13598455	          0.11742151	          0.04999999	          0.04999999	          0.04999999	          0.30394417	
          1.46924797	         -8.86450253	          1.61952851	          0.93775496	          5.19375182	         -8.14624545	         -0.56930784	         24.89281289	        -46.15341970	          1.07451441	          0.06774239	          0.04999999	          0.05101122	          0.04999999	          0.04999999	          0.04999999	          0.56740321	          0.43053585	          0.15727007	          0.04999999	          0.28999999	          0.04999999	          0.14931488	          0.11330454	          0.04999999	          0.04999999	          0.04999999	          0.30554612	
          1.48072647	         -8.90360026	          1.63050593	          0.93759757	          4.10180056	         -7.36281798	         -0.63888462	         26.02853581	        -45.44807648	          1.56222627	          0.06204316	          0.09396040	          0.04999999	          0.04999999	          0.04999999	          0.04999999	          0.58125226	          0.43375986	          0.18985753	          0.04999999	          0.24342984	          0.04999999	          0.16255230	          0.10885029	          0.04999999	          0.04999999	          0.04999999	          0.30640390	
          1.49220497	         -8.93574801	          1.64155688	          0.93722942	          2.98784591	         -6.56978504	         -0.68410350	         27.04996033	        -44.51185567	          1.99828618	          0.05814251	          0.17826375	          0.04999999	          0.04999999	          0.04999999	          0.04999999	          0.59627383	          0.43897010	          0.21747317	          0.04999999	          0.20433823	          0.04999999	          0.17518219	          0.10447008	          0.04999999	          0.04999999	          0.04999999	          0.30610304	
          1.50368347	         -8.96165710	          1.65268480	          0.93663828	          1.86533834	         -5.79181066	         -0.70255415	         27.95986866	        -43.36096828	          2.37564989	          0.05523647	          0.26823734	          0.04999999	          0.04999999	          0.04999999	          0.04999999	          0.61226976	          0.44616612	          0.24021668	          0.04999999	          0.17152422	          0.04999999	          0.18811514	          0.10109972	          0.04999999	          0.04999999	          0.04999999	          0.30434144	
          1.51516197	         -8.98211177	          1.66389149	          0.93581670	          0.74984887	         -5.05646497	         -0.69141921	         28.76428179	        -42.01888529	          2.68602056	          0.05282513	          0.36126140	          0.04999999	          0.04999999	          0.04999999	          0.04999999	          0.62895436	          0.45549254	          0.25743299	          0.04999999	          0.14397970	          0.04999999	          0.20164620	          0.09888127	          0.04999999	          0.04999999	          0.04999999	          0.30040806	
          1.52664047	         -8.99778214	          1.67517984	          0.93476375	         -0.34500494	         -4.38779305	         -0.64870832	         29.47136898	        -40.51366358	          2.91691415	          0.05032049	          0.45250162	          0.04999999	          0.04999999	          0.04999999	          0.04999999	          0.64604277	          0.46701644	          0.26870203	          0.04999999	          0.12085847	          0.04999999	          0.21571021	          0.09807552	          0.04999999	          0.04999999	          0.04999999	          0.29429777	
          1.53811897	         -9.00903395	          1.68655589	          0.93348599	         -1.40973445	         -3.80264866	         -0.57568809	         30.09031246	        -38.87563517	          3.05386971	          0.04999999	          0.53333978	          0.04999999	          0.04999999	          0.04999999	          0.04999999	          0.66321249	          0.48081038	          0.27218154	          0.04999999	          0.10145020	          0.04999999	          0.22891648	          0.09807555	          0.04999999	          0.04999999	          0.04999999	          0.28429150	
          1.54959747	         -9.01547318	          1.69803225	          0.93199896	         -2.44153253	         -3.30700626	         -0.47964498	         30.62930574	        -37.13445864	          3.07002490	          0.04999999	          0.59022357	          0.04999999	          0.06121880	          0.04999999	          0.04999999	          0.68020306	          0.49688116	          0.26845538	          0.04999999	          0.08515864	          0.04999999	          0.23820665	          0.09671603	          0.04999999	          0.04999999	          0.04999999	          0.27163850	
          1.56107597	         -9.01726722	          1.70962057	          0.93032616	         -3.43793387	         -2.90389993	         -0.37352099	         31.09666160	        -35.31858815	          2.94083464	          0.04999999	          0.61708137	          0.04999999	          0.09366011	          0.04999999	          0.04999999	          0.69660706	          0.51454983	          0.24165040	          0.04999999	          0.07148329	          0.04999999	          0.24182480	          0.09356362	          0.04999999	          0.06514953	          0.04999999	          0.27281685	
          1.57255447	         -9.01608956	          1.72132664	          0.92850129	         -4.39375738	         -2.59570421	         -0.27995617	         31.50322949	        -33.46044886	          2.65264687	          0.04999999	          0.61979352	          0.04999999	          0.13921239	          0.04999999	          0.04999999	          0.71156132	          0.53255011	          0.20284455	          0.04999999	          0.06000402	          0.04999999	          0.24058258	          0.09164809	          0.04999999	          0.07955020	          0.04999999	          0.27055644	
          1.58403297	         -9.01361892	          1.73316063	          0.92657092	         -5.30800533	         -2.37778418	         -0.22129252	         31.85764322	        -31.59142310	          2.22094841	          0.05000001	          0.60263424	          0.04999999	          0.18913884	          0.04999999	          0.04999999	          0.72433906	          0.54992448	          0.17027040	          0.04999999	          0.05036817	          0.04999999	          0.23442206	          0.09184898	          0.04999999	          0.09156595	          0.05132779	          0.27044198	
          1.59551147	         -9.01065133	          1.74514079	          0.92458699	         -6.18399363	         -2.24255619	         -0.20914754	         32.16367450	        -29.73647039	          1.67172424	          0.05003018	          0.56764265	          0.04999999	          0.24154863	          0.04999999	          0.04999999	          0.73453576	          0.56598487	          0.14292723	          0.04999999	          0.04999999	          0.04999999	          0.22305101	          0.09462234	          0.04999999	          0.10221021	          0.05236094	          0.27103497	
          1.60698997	         -9.00728346	          1.75728972	          0.92259705	         -7.02533442	         -2.18431816	         -0.25239999	         32.42286424	        -27.91963969	          1.04936890	          0.04999999	          0.51788121	          0.04999999	          0.29560968	          0.04999999	          0.04999999	          0.74178981	          0.58005805	          0.11997501	          0.04999999	          0.04999999	          0.04999999	          0.20683948	          0.10014021	          0.04999999	          0.11294677	          0.05519757	          0.27781265	
          1.61846847	         -9.00290641	          1.76963385	          0.92064285	         -7.83452827	         -2.20069595	         -0.36128478	         32.63191859	        -26.15627113	          0.40771303	          0.04999999	          0.44758353	          0.04999999	          0.35030407	          0.04999999	          0.04999999	          0.74565340	          0.59144026	          0.10070862	          0.04999999	          0.04999999	          0.04999999	          0.18616087	          0.10836661	          0.04999999	          0.12384194	          0.06038420	          0.29212875	
          1.62994696	         -8.99603243	          1.78220423	          0.91876004	         -8.61385327	         -2.29141161	         -0.54724960	         32.78163373	        -24.45076279	         -0.20772736	          0.04999999	          0.37570755	          0.04999999	          0.40341227	          0.04999999	          0.04999999	          0.74568513	          0.59953756	          0.08453615	          0.04999999	          0.04999999	          0.04999999	          0.15626590	          0.11800048	          0.04999999	          0.13512407	          0.06794573	          0.31417971	
          1.64142546	         -8.98398971	          1.79503685	          0.91697820	         -9.36312448	         -2.46373903	         -0.81904868	         32.85598596	        -22.79646785	         -0.77398579	          0.04999999	          0.31537389	          0.04999999	          0.45141157	          0.04999999	          0.04999999	          0.74150132	          0.60392342	          0.07096076	          0.04999999	          0.04999999	          0.04999999	          0.13117167	          0.12582846	          0.04999999	          0.14608044	          0.07554811	          0.33967644	
          1.65290396	         -8.96459140	          1.80816069	          0.91531587	        -10.07290315	         -2.74079224	         -1.17761689	         32.84271480	        -21.19340500	         -1.28830135	          0.04999999	          0.26472903	          0.04999999	          0.49476726	          0.04999999	          0.04999999	          0.73262115	          0.60391167	          0.05956540	          0.04999999	          0.04999999	          0.05000000	          0.11010723	          0.13207045	          0.04999999	          0.15723331	          0.08336582	          0.36747442	
          1.66438246	         -8.93647337	          1.82159504	          0.91377944	        -10.72378962	         -3.16172993	         -1.61639423	         32.73619939	        -19.65419177	         -1.75470337	          0.04999999	          0.22221705	          0.04999999	          0.53319877	          0.04999999	          0.04999999	          0.71867729	          0.59942579	          0.04999999	          0.04999999	          0.04999999	          0.06588212	          0.09242547	          0.13555975	          0.04999999	          0.16893094	          0.09152356	          0.39689221	
          1.67586096	         -8.89698411	          1.83536224	          0.91236795	        -11.29126837	         -3.77844484	         -2.12342524	         32.52594132	        -18.18801598	         -2.18268767	          0.04999999	          0.18653194	          0.04999999	          0.56289401	          0.04999999	          0.04999999	          0.69953436	          0.59088628	          0.04999999	          0.04999999	          0.04999999	          0.08339475	          0.07758317	          0.13471450	          0.04999999	          0.17995879	          0.09960848	          0.42715710	
          1.68733946	         -8.84384570	          1.84947599	          0.91106542	        -11.74271047	         -4.65631497	         -2.68249790	         32.20734899	        -16.82132255	         -2.57911441	          0.04999999	          0.15657738	          0.04999999	          0.58165015	          0.07910994	          0.04999999	          0.67467124	          0.57824659	          0.04999999	          0.05795784	          0.04999999	          0.09437899	          0.06512434	          0.11997502	          0.04999999	          0.19155105	          0.10841498	          0.45872409	
          1.69881796	         -8.77479322	          1.86394510	          0.90984390	        -12.04976812	         -5.84898444	         -3.29540469	         31.78833736	        -15.62431270	         -2.95503237	          0.04999999	          0.13143313	          0.04999999	          0.58439103	          0.07586861	          0.04999999	          0.64379768	          0.56134793	          0.04999999	          0.07336156	          0.04999999	          0.09783354	          0.05466623	          0.10070862	          0.04999999	          0.20142219	          0.11630888	          0.49023710	
          1.71029646	         -8.68685511	          1.87877383	          0.90866687	        -12.18156268	         -7.41657050	         -3.96853308	         31.28851264	        -14.71622105	         -3.32265203	          0.04999999	          0.11032671	          0.04999999	          0.56696471	          0.06368512	          0.04999999	          0.60565754	          0.53953877	          0.04999999	          0.08159251	          0.04999999	          0.09923767	          0.04999999	          0.08453615	          0.05397512	          0.21087052	          0.12742306	          0.52649855	
          1.72177496	         -8.57807434	          1.89395246	          0.90748842	        -12.10010708	         -9.42517852	         -4.72571387	         30.73026607	        -14.22631301	         -3.70954619	          0.04999999	          0.09260970	          0.04999999	          0.52233630	          0.05345813	          0.04999999	          0.56172407	          0.51085533	          0.04999999	          0.07807737	          0.04999999	          0.10137882	          0.04999999	          0.07096076	          0.06932065	          0.21893277	          0.13178479	          0.54681786	
          1.73325346	         -8.44658636	          1.90946989	          0.90626149	        -11.77922373	        -11.91121498	         -5.62846421	         30.11827802	        -14.25803347	         -4.09189613	          0.04999999	          0.07773781	          0.04999999	          0.43845601	          0.04999999	          0.04999999	          0.50076891	          0.47369910	          0.04999999	          0.07356057	          0.04999999	          0.13860913	          0.04999999	          0.05956541	          0.10045384	          0.19333418	          0.11062190	          0.67042092	
          1.74473196	         -8.29039951	          1.92530009	          0.90498267	        -11.21456900	        -14.85781620	         -6.78766459	         29.47816784	        -15.06202571	         -3.98832863	          0.04999999	          0.06525415	          0.04999999	          0.36804579	          0.04999999	          0.04999999	          0.42035206	          0.39762930	          0.04999999	          0.07192537	          0.04999999	          0.19453557	          0.04999999	          0.04999999	          0.08432228	          0.22488067	          0.15705865	          0.61025409	
          1.75621046	         -8.12450363	          1.94125616	          0.90377515	        -10.37523574	        -18.22680199	         -8.36513881	         28.86218355	        -16.25648537	         -3.05648900	          0.06762067	          0.05477520	          0.14568538	          0.30894251	          0.04999999	          0.04999999	          0.35284909	          0.33377531	          0.04999999	          0.08541503	          0.05344483	          0.26081027	          0.04999999	          0.04999999	          0.15556713	          0.23374739	          0.18740472	          0.51225537	
          1.76768896	         -7.96925470	          1.95707095	          0.90294413	         -9.25355316	        -21.90221597	        -10.53680632	         28.32316643	        -17.59224759	         -1.58686299	          0.08072284	          0.04999999	          0.12229024	          0.25933044	          0.04999999	          0.04999999	          0.29618620	          0.28017542	          0.25358268	          0.09944896	          0.04999999	          0.31699140	          0.04999999	          0.04999999	          0.26048630	          0.25438847	          0.23095289	          0.42999395	
          1.77916746	         -7.84165282	          1.97252645	          0.90264088	         -7.87910499	        -25.75696332	        -13.24889669	         27.80144370	        -18.84141195	         -0.22113830	          0.09041449	          0.04999999	          0.10265205	          0.21768541	          0.04999999	          0.04999999	          0.24862262	          0.23518296	          0.35793575	          0.10582284	          0.04999999	          0.34316792	          0.04999999	          0.04999999	          0.34647692	          0.27723962	          0.27834009	          0.36094262	
          1.79064596	         -7.74660011	          1.98753606	          0.90281409	         -6.39814836	        -29.48582740	        -15.49566619	         27.18905006	        -19.79003923	          0.95291178	          0.08779750	          0.07284511	          0.08616749	          0.18272802	          0.04999999	          0.04999999	          0.21285487	          0.19741569	          0.30045601	          0.10938710	          0.04999999	          0.33456133	          0.04999999	          0.04999999	          0.39546140	          0.30016270	          0.32250331	          0.30298002	
          1.80212446	         -7.68198127	          2.00210373	          0.90349678	         -4.94445168	        -32.77120911	        -15.70396445	         26.44035268	        -20.36392423	          1.90914834	          0.10584021	          0.12563644	          0.07233013	          0.15338432	          0.04999999	          0.04999999	          0.17867320	          0.16571335	          0.39246482	          0.11295816	          0.07096076	          0.30059188	          0.04999999	          0.04999999	          0.39627493	          0.32214375	          0.36118718	          0.25432544	
          1.81360296	         -7.64407095	          2.01626294	          0.90476163	         -3.53472799	        -35.51855386	        -15.36408677	         25.57331691	        -20.60348296	          2.62176359	          0.11797468	          0.18009197	          0.06071487	          0.12933168	          0.04999999	          0.04999999	          0.14998065	          0.13910198	          0.40007135	          0.11718683	          0.05956540	          0.26315126	          0.04999999	          0.04999999	          0.37633291	          0.34385456	          0.39509516	          0.21348415	
          1.82508146	         -7.62944412	          2.03004651	          0.90655527	         -2.16527417	        -37.76392094	        -14.73312854	         24.61504168	        -20.56507855	          3.09251454	          0.12019436	          0.22408400	          0.05096487	          0.11810593	          0.04999999	          0.04999999	          0.12589575	          0.11676405	          0.38288889	          0.12188778	          0.04999999	          0.23289226	          0.04999999	          0.04999999	          0.34154158	          0.36435451	          0.42248928	          0.17920142	
          1.83655996	         -7.63454077	          2.04348999	          0.90876960	         -0.82805783	        -39.56649207	        -13.91502001	         23.58732548	        -20.29958986	          3.34649900	          0.10089274	          0.27374529	          0.04999999	          0.11060008	          0.04999999	          0.04999999	          0.10567856	          0.09801329	          0.36149957	          0.12684676	          0.04999999	          0.21376526	          0.04999999	          0.04999999	          0.29947580	          0.38360537	          0.44363877	          0.15042405	
          1.84803846	         -7.65659689	          2.05662238	          0.91127824	          0.48663870	        -40.98616377	        -12.97214796	         22.51390949	        -19.86049436	          3.41724413	          0.08469070	          0.32291018	          0.04999999	          0.10524863	          0.04999999	          0.04999999	          0.08870798	          0.08227365	          0.33594565	          0.13139127	          0.04999999	          0.20389667	          0.04999999	          0.04999999	          0.25517967	          0.40164459	          0.45903408	          0.12626794	
          1.85951696	         -7.69340229	          2.06946584	          0.91395803	          1.79041805	        -42.08305441	        -11.92966699	         21.41777046	        -19.29868240	          3.34032556	          0.07109050	          0.37390290	          0.04999999	          0.10057033	          0.04999999	          0.04999999	          0.07446266	          0.06906159	          0.31347642	          0.13515128	          0.04999999	          0.19806321	          0.04999999	          0.04999999	          0.21420120	          0.41827700	          0.46941038	          0.10599098	
          1.87099546	         -7.74303063	          2.08203765	          0.91670009	          3.09667237	        -42.91996382	        -10.81522367	         20.31829046	        -18.65774020	          3.15037461	          0.05967431	          0.42386988	          0.04999999	          0.09618892	          0.04999999	          0.04999999	          0.06250494	          0.05797122	          0.28678380	          0.13788921	          0.04999999	          0.19246063	          0.04999999	          0.04999999	          0.17980332	          0.43318764	          0.47551157	          0.08897023	
          1.88247396	         -7.80395851	          2.09435150	          0.91941458	          4.41915197	        -43.55716600	         -9.67509557	         19.22962460	        -17.97076419	          2.87927112	          0.05009140	          0.47122670	          0.04999999	          0.09230727	          0.04999999	          0.04999999	          0.05278755	          0.04999999	          0.26399114	          0.13940263	          0.04999999	          0.18574000	          0.04999999	          0.04999999	          0.15092929	          0.44608942	          0.47800900	          0.07468279	
          1.89395246	         -7.87500151	          2.10641883	          0.92203007	          5.77080135	        -44.04952355	         -8.58580689	         18.16234942	        -17.26372270	          2.55604885	          0.04999999	          0.51703101	          0.04999999	          0.08898516	          0.04999999	          0.04999999	          0.04999999	          0.04999999	          0.27093385	          0.13966102	          0.04999999	          0.17769945	          0.04999999	          0.04999999	          0.12669205	          0.45686368	          0.47750625	          0.06268973	
          1.90543096	         -7.95429376	          2.11825438	          0.92449075	          7.16186373	        -44.45245116	         -7.60931680	         17.12366250	        -16.55841286	          2.20719306	          0.04999999	          0.55607566	          0.04999999	          0.08675188	          0.06007046	          0.04999999	          0.04999999	          0.04999999	          0.26960393	          0.13882147	          0.04999999	          0.17106431	          0.04999999	          0.04999999	          0.10634699	          0.46573720	          0.47475784	          0.05262259	
          1.91690946	         -8.03980647	          2.12987535	          0.92675632	          8.59756582	        -44.81219546	         -6.70910105	         16.11795092	        -15.87208025	          1.85567263	          0.04999999	          0.58750490	          0.04999999	          0.08660149	          0.07684887	          0.04999999	          0.04999999	          0.04999999	          0.27235610	          0.13668844	          0.04999999	          0.16484647	          0.04999999	          0.04999999	          0.09610512	          0.47326687	          0.47060116	          0.04999999	
          1.92838796	         -8.12922450	          2.14130537	          0.92880603	         10.07672321	        -45.15468626	         -5.85422204	         15.14063608	        -15.20648452	          1.51840539	          0.04999999	          0.60975763	          0.04999999	          0.08800713	          0.09086118	          0.04999999	          0.04999999	          0.04999999	          0.27616410	          0.13343232	          0.04999999	          0.15772188	          0.04999999	          0.04999999	          0.09089850	          0.48002419	          0.46576223	          0.04999999	
          1.93986646	         -8.22021476	          2.15257179	          0.93063361	         11.59353515	        -45.49059205	         -5.02890999	         14.18203658	        -14.55357748	          1.20334953	          0.04999999	          0.62256599	          0.04999999	          0.09008273	          0.10185829	          0.04999999	          0.04999999	          0.04999999	          0.28071010	          0.12920525	          0.04999999	          0.14913115	          0.04999999	          0.04999999	          0.08738549	          0.48644690	          0.46061615	          0.04999999	
          1.95134496	         -8.31068431	          2.16370262	          0.93223855	         13.13924141	        -45.82047049	         -4.22976789	         13.23141716	        -13.90227404	          0.91389090	          0.04999999	          0.62604500	          0.04999999	          0.09245847	          0.11007973	          0.04999999	          0.04999999	          0.04999999	          0.28492246	          0.12414334	          0.04999999	          0.13944472	          0.04999999	          0.04999999	          0.08428524	          0.49286199	          0.45534814	          0.04999999	
          1.96282346	         -8.39887616	          2.17472498	          0.93362327	         14.70279861	        -46.13702591	         -3.45592592	         12.27935288	        -13.24287305	          0.65101879	          0.04999999	          0.62072313	          0.04999999	          0.09506185	          0.11599000	          0.04999999	          0.04999999	          0.04999999	          0.28881346	          0.11835306	          0.04999999	          0.12911895	          0.04999999	          0.04999999	          0.08099152	          0.49957281	          0.45011980	          0.04999999	
          1.97430196	         -8.48335765	          2.18566460	          0.93479286	         16.27145033	        -46.42669617	         -2.70912491	         11.31855032	        -12.56846331	          0.41368267	          0.04999999	          0.60681476	          0.04999999	          0.09807130	          0.12002765	          0.04999999	          0.04999999	          0.04999999	          0.29212564	          0.11195868	          0.04999999	          0.11847179	          0.04999999	          0.04999999	          0.07706564	          0.50680190	          0.44508479	          0.04999999	
          1.98578046	         -8.56297958	          2.19654584	          0.93575461	         17.83118671	        -46.67109079	         -1.99125645	         10.34373106	        -11.87478465	          0.19921548	          0.04999999	          0.58348705	          0.04999999	          0.10177390	          0.12247684	          0.04999999	          0.04999999	          0.04999999	          0.29496923	          0.10509133	          0.04999999	          0.10771602	          0.04999999	          0.04999999	          0.07218345	          0.51469886	          0.44038078	          0.04999999	
          1.99725896	         -8.63684244	          2.20739168	          0.93651755	         19.36695733	        -46.84754765	         -1.30486951	          9.35137332	        -11.15986825	          0.00364309	          0.04999999	          0.54955823	          0.04999999	          0.10675779	          0.12348358	          0.04999999	          0.04999999	          0.04999999	          0.29742027	          0.09782573	          0.04999999	          0.09690407	          0.04999999	          0.04999999	          0.06610727	          0.52335388	          0.43614110	          0.04999999	
          2.00873746	         -8.70429455	          2.21822378	          0.93709244	         20.86228077	        -46.92785160	         -0.65236689	          8.33964125	        -10.42395997	         -0.17809242	          0.04999999	          0.49030974	          0.04999999	          0.11396455	          0.12293096	          0.04999999	          0.04999999	          0.04999999	          0.29980366	          0.09028061	          0.04999999	          0.08550703	          0.04999999	          0.04999999	          0.05846072	          0.53278149	          0.43252737	          0.04999999	
          2.02021596	         -8.76484457	          2.22906360	          0.93749115	         22.29626816	        -46.86997215	         -0.03643373	          7.30871726	         -9.67171339	         -0.34273491	          0.04999999	          0.41157250	          0.04999999	          0.12377321	          0.12077505	          0.04999999	          0.04999999	          0.04999999	          0.30194889	          0.08252222	          0.04999999	          0.07239591	          0.04999999	          0.04999999	          0.05148396	          0.54319268	          0.43007145	          0.07928933	
          2.03169446	         -8.81828145	          2.23993131	          0.93771512	         23.64564377	        -46.62337665	          0.54024245	          6.26106412	         -8.91334454	         -0.47308076	          0.04999999	          0.34547941	          0.04999999	          0.13598455	          0.11742151	          0.04999999	          0.04999999	          0.04999999	          0.30394417	          0.07480998	          0.04999999	          0.06077009	          0.04999999	          0.04999999	          0.04999999	          0.55472433	          0.42931336	          0.12070954	
          2.04317296	         -8.86450253	          2.25084600	          0.93775496	         24.89281289	        -46.15341970	          1.07451441	          5.19375182	         -8.14624545	         -0.56930784	          0.04999999	          0.28999999	          0.04999999	          0.14931488	          0.11330454	          0.04999999	          0.04999999	          0.04999999	          0.30554612	          0.06774239	          0.04999999	          0.05101122	          0.04999999	          0.04999999	          0.04999999	          0.56740321	          0.43053585	          0.15727007	
          2.05465146	         -8.90360026	          2.26182341	          0.93759757	         26.02853581	        -45.44807648	          1.56222627	          4.10180056	         -7.36281798	         -0.63888462	          0.04999999	          0.24342984	          0.04999999	          0.16255230	          0.10885029	          0.04999999	          0.04999999	          0.04999999	          0.30640390	          0.06204316	          0.09396040	          0.04999999	          0.04999999	          0.04999999	          0.04999999	          0.58125226	          0.43375986	          0.18985753	
          2.06612996	         -8.93574801	          2.27287437	          0.93722942	         27.04996033	        -44.51185567	          1.99828618	          2.98784591	         -6.56978504	         -0.68410350	          0.04999999	          0.20433823	          0.04999999	          0.17518219	          0.10447008	          0.04999999	          0.04999999	          0.04999999	          0.30610304	          0.05814251	          0.17826375	          0.04999999	          0.04999999	          0.04999999	          0.04999999	          0.59627383	          0.43897010	          0.21747317	
          2.07760846	         -8.96165710	          2.28400228	          0.93663828	         27.95986866	        -43.36096828	          2.37564989	          1.86533834	         -5.79181066	         -0.70255415	          0.04999999	          0.17152422	          0.04999999	          0.18811514	          0.10109972	          0.04999999	          0.04999999	          0.04999999	          0.30434144	          0.05523647	          0.26823734	          0.04999999	          0.04999999	          0.04999999	          0.04999999	          0.61226976	          0.44616612	          0.24021668	
          2.08908695	         -8.98211177	          2.29520897	          0.93581670	         28.76428179	        -42.01888529	          2.68602056	          0.74984887	         -5.05646497	         -0.69141921	          0.04999999	          0.14397970	          0.04999999	          0.20164620	          0.09888127	          0.04999999	          0.04999999	          0.04999999	          0.30040806	          0.05282513	          0.36126140	          0.04999999	          0.04999999	          0.04999999	          0.04999999	          0.62895436	          0.45549254	          0.25743299	
          2.10056545	         -8.99778214	          2.30649733	          0.93476375	         29.47136898	        -40.51366358	          2.91691415	         -0.34500494	         -4.38779305	         -0.64870832	          0.04999999	          0.12085847	          0.04999999	          0.21571021	          0.09807552	          0.04999999	          0.04999999	          0.04999999	          0.29429777	          0.05032049	          0.45250162	          0.04999999	          0.04999999	          0.04999999	          0.04999999	          0.64604277	          0.46701644	          0.26870203	
          2.11204395	         -9.00903395	          2.31787337	          0.93348599	         30.09031246	        -38.87563517	          3.05386971	         -1.40973445	         -3.80264866	         -0.57568809	          0.04999999	          0.10145020	          0.04999999	          0.22891648	          0.09807555	          0.04999999	          0.04999999	          0.04999999	          0.28429150	          0.04999999	          0.53333978	          0.04999999	          0.04999999	          0.04999999	          0.04999999	          0.66321249	          0.48081038	          0.27218154	
          2.12352245	         -9.01547318	          2.32934973	          0.93199896	         30.62930574	        -37.13445864	          3.07002490	         -2.44153253	         -3.30700626	         -0.47964498	          0.04999999	          0.08515864	          0.04999999	          0.23820665	          0.09671603	          0.04999999	          0.04999999	          0.04999999	          0.27163850	          0.04999999	          0.59022357	          0.04999999	          0.06121880	          0.04999999	          0.04999999	          0.68020306	          0.49688116	          0.26845538	
          2.13500095	         -9.01726722	          2.34093805	          0.93032616	         31.09666160	        -35.31858815	          2.94083464	         -3.43793387	         -2.90389993	         -0.37352099	          0.04999999	          0.07148329	          0.04999999	          0.24182480	          0.09356362	          0.04999999	          0.06514953	          0.04999999	          0.27281685	          0.04999999	          0.61708137	          0.04999999	          0.09366011	          0.04999999	          0.04999999	          0.69660706	          0.51454983	          0.24165040	
          2.14647945	         -9.01608956	          2.35264412	          0.92850129	         31.50322949	        -33.46044886	          2.65264687	         -4.39375738	         -2.59570421	         -0.27995617	          0.04999999	          0.06000402	          0.04999999	          0.24058258	          0.09164809	          0.04999999	          0.07955020	          0.04999999	          0.27055644	          0.04999999	          0.61979352	          0.04999999	          0.13921239	          0.04999999	          0.04999999	          0.71156132	          0.53255011	          0.20284455	
          2.15795795	         -9.01361892	          2.36447812	          0.92657092	         31.85764322	        -31.59142310	          2.22094841	         -5.30800533	         -2.37778418	         -0.22129252	          0.04999999	          0.05036817	          0.04999999	          0.23442206	          0.09184898	          0.04999999	          0.09156595	          0.05132779	          0.27044198	          0.05000001	          0.60263424	          0.04999999	          0.18913884	          0.04999999	          0.04999999	          0.72433906	          0.54992448	          0.17027040	
          2.16943645	         -9.01065133	          2.37645828	          0.92458699	         32.16367450	        -29.73647039	          1.67172424	         -6.18399363	         -2.24255619	         -0.20914754	          0.04999999	          0.04999999	          0.04999999	          0.22305101	          0.09462234	          0.04999999	          0.10221021	          0.05236094	          0.27103497	          0.05003018	          0.56764265	          0.04999999	          0.24154863	          0.04999999	          0.04999999	          0.73453576	          0.56598487	          0.14292723	
          2.18091495	         -9.00728346	          2.38860720	          0.92259705	         32.42286424	        -27.91963969	          1.04936890	         -7.02533442	         -2.18431816	         -0.25239999	          0.04999999	          0.04999999	          0.04999999	          0.20683948	          0.10014021	          0.04999999	          0.11294677	          0.05519757	          0.27781265	          0.04999999	          0.51788121	          0.04999999	          0.29560968	          0.04999999	          0.04999999	          0.74178981	          0.58005805	          0.11997501	
          2.19239345	         -9.00290641	          2.40095134	          0.92064285	         32.63191859	        -26.15627113	          0.40771303	         -7.83452827	         -2.20069595	         -0.36128478	          0.04999999	          0.04999999	          0.04999999	          0.18616087	          0.10836661	          0.04999999	          0.12384194	          0.06038420	          0.29212875	          0.04999999	          0.44758353	          0.04999999	          0.35030407	          0.04999999	          0.04999999	          0.74565340	          0.59144026	          0.10070862	
          2.20387195	         -8.99603243	          2.41352171	          0.91876004	         32.78163373	        -24.45076279	         -0.20772736	         -8.61385327	         -2.29141161	         -0.54724960	          0.04999999	          0.04999999	          0.04999999	          0.15626590	          0.11800048	          0.04999999	          0.13512407	          0.06794573	          0.31417971	          0.04999999	          0.37570755	          0.04999999	          0.40341227	          0.04999999	          0.04999999	          0.74568513	          0.59953756	          0.08453615	
          2.21535045	         -8.98398971	          2.42635434	          0.91697820	         32.85598596	        -22.79646785	         -0.77398579	         -9.36312448	         -2.46373903	         -0.81904868	          0.04999999	          0.04999999	          0.04999999	          0.13117167	          0.12582846	          0.04999999	          0.14608044	          0.07554811	          0.33967644	          0.04999999	          0.31537389	          0.04999999	          0.45141157	          0.04999999	          0.04999999	          0.74150132	          0.60392342	          0.07096076	
          2.22682895	         -8.96459140	          2.43947818	          0.91531587	         32.84271480	        -21.19340500	         -1.28830135	        -10.07290315	         -2.74079224	         -1.17761689	          0.04999999	          0.04999999	          0.05000000	          0.11010723	          0.13207045	          0.04999999	          0.15723331	          0.08336582	          0.36747442	          0.04999999	          0.26472903	          0.04999999	          0.49476726	          0.04999999	          0.04999999	          0.73262115	          0.60391167	          0.05956540	
          2.23830745	         -8.93647337	          2.45291252	          0.91377944	         32.73619939	        -19.65419177	         -1.75470337	        -10.72378962	         -3.16172993	         -1.61639423	          0.04999999	          0.04999999	          0.06588212	          0.09242547	          0.13555975	          0.04999999	          0.16893094	          0.09152356	          0.39689221	          0.04999999	          0.22221705	          0.04999999	          0.53319877	          0.04999999	          0.04999999	          0.71867729	          0.59942579	          0.04999999	
          2.24978595	         -8.89698411	          2.46667973	          0.91236795	         32.52594132	        -18.18801598	         -2.18268767	        -11.29126837	         -3.77844484	         -2.12342524	          0.04999999	          0.04999999	          0.08339475	          0.07758317	          0.13471450	          0.04999999	          0.17995879	          0.09960848	          0.42715710	          0.04999999	          0.18653194	          0.04999999	          0.56289401	          0.04999999	          0.04999999	          0.69953436	          0.59088628	          0.04999999	
          2.26126445	         -8.84384570	          2.48079347	          0.91106542	         32.20734899	        -16.82132255	         -2.57911441	        -11.74271047	         -4.65631497	         -2.68249790	          0.05795784	          0.04999999	          0.09437899	          0.06512434	          0.11997502	          0.04999999	          0.19155105	          0.10841498	          0.45872409	          0.04999999	          0.15657738	          0.04999999	          0.58165015	          0.07910994	          0.04999999	          0.67467124	          0.57824659	          0.04999999	
          2.27274295	         -8.77479322	          2.49526259	          0.90984390	         31.78833736	        -15.62431270	         -2.95503237	        -12.04976812	         -5.84898444	         -3.29540469	          0.07336156	          0.04999999	          0.09783354	          0.05466623	          0.10070862	          0.04999999	          0.20142219	          0.11630888	          0.49023710	          0.04999999	          0.13143313	          0.04999999	          0.58439103	          0.07586861	          0.04999999	          0.64379768	          0.56134793	          0.04999999	
          2.28422145	         -8.68685511	          2.51009131	          0.90866687	         31.28851264	        -14.71622105	         -3.32265203	        -12.18156268	         -7.41657050	         -3.96853308	          0.08159251	          0.04999999	          0.09923767	          0.04999999	          0.08453615	          0.05397512	          0.21087052	          0.12742306	          0.52649855	          0.04999999	          0.11032671	          0.04999999	          0.56696471	          0.06368512	          0.04999999	          0.60565754	          0.53953877	          0.04999999	
