C:\Users\menth\Documents\Programmas\PredSimResults\gait9dof18musc\gait9dof18musc_v1.mot
version=1
nRows=200
nColumns=28
inDegrees=yes
endheader
                time	         pelvis_tilt	           pelvis_tx	           pelvis_ty	       hip_flexion_r	        knee_angle_r	       ankle_angle_r	       hip_flexion_l	        knee_angle_l	       ankle_angle_l	hamstrings_r/activation	bifemsh_r/activation	glut_max_r/activation	iliopsoas_r/activation	rect_fem_r/activation	  vasti_r/activation	gastroc_r/activation	 soleus_r/activation	tib_ant_r/activation	hamstrings_l/activation	bifemsh_l/activation	glut_max_l/activation	iliopsoas_l/activation	rect_fem_l/activation	  vasti_l/activation	gastroc_l/activation	 soleus_l/activation	tib_ant_l/activation	
          0.00000000	         -8.68877679	          0.00000000	          0.89693980	         34.32237047	         -8.98682745	          8.69187013	        -10.03678943	         -9.40071856	          7.62929603	          0.19649245	          0.25650919	          0.09645248	          0.07995052	          0.06038289	          0.04999999	          0.08965432	          0.04999999	          0.25041211	          0.04999999	          0.13047190	          0.04999999	          0.46307042	          0.04999999	          0.04999999	          0.44756657	          0.33287561	          0.04999999	
          0.01245949	         -8.63756066	          0.01650397	          0.89583163	         33.87995257	        -10.00276564	          8.34120019	         -9.57863590	        -12.22910574	          6.77103384	          0.17956836	          0.21240216	          0.21188487	          0.06620294	          0.04999999	          0.04999999	          0.07913044	          0.05358831	          0.23908314	          0.04999999	          0.10803711	          0.04999999	          0.38344496	          0.04999999	          0.04999999	          0.38206153	          0.29867545	          0.04999999	
          0.02491897	         -8.57330682	          0.03315853	          0.89511294	         33.44678267	        -11.27578570	          7.90877911	         -8.81171257	        -15.57611774	          5.45413984	          0.16737473	          0.17587938	          0.32981552	          0.05481927	          0.04999999	          0.04999999	          0.06552388	          0.04999999	          0.28786271	          0.08119651	          0.08946002	          0.10635207	          0.31751119	          0.04999999	          0.04999999	          0.31636564	          0.24731788	          0.04999999	
          0.03737846	         -8.53015255	          0.04956231	          0.89505523	         33.17946840	        -12.73900249	          7.35696273	         -7.64044446	        -19.43441312	          3.42970684	          0.15763394	          0.14563673	          0.41075168	          0.04999999	          0.04999999	          0.19562189	          0.05736304	          0.04999999	          0.31223966	          0.07901780	          0.07407727	          0.08806471	          0.26291480	          0.04999999	          0.04999999	          0.26196623	          0.20479131	          0.04999999	
          0.04983795	         -8.50338473	          0.06565428	          0.89569234	         32.92461666	        -14.15311798	          6.90935320	         -6.12423923	        -23.65838423	          0.69383540	          0.15430678	          0.12059434	          0.46997148	          0.04999999	          0.04999999	          0.32192428	          0.04999999	          0.04999999	          0.34038311	          0.07566876	          0.06133960	          0.07292189	          0.21770632	          0.04999999	          0.04999999	          0.21692085	          0.16957722	          0.29034888	
          0.06229743	         -8.49597506	          0.08133474	          0.89666623	         32.51820375	        -15.21893974	          6.58324263	         -4.43537144	        -27.95234524	         -1.45811227	          0.14929507	          0.09985801	          0.47879920	          0.04999999	          0.04999999	          0.37428033	          0.04999999	          0.04999999	          0.36285590	          0.07727829	          0.08544377	          0.06038289	          0.18027148	          0.04999999	          0.04999999	          0.17962108	          0.14041824	          0.24418140	
          0.07475692	         -8.50974172	          0.09655566	          0.89790108	         31.94720583	        -15.91207948	          6.36621859	         -2.75864986	        -31.83053710	         -1.80234562	          0.14527938	          0.08268732	          0.45336332	          0.04999999	          0.04999999	          0.38077318	          0.04999999	          0.04999999	          0.36674233	          0.07957103	          0.12804353	          0.04999999	          0.14927361	          0.04999999	          0.04999999	          0.14873504	          0.11627317	          0.28707731	
          0.08721641	         -8.54012005	          0.11135570	          0.89954169	         31.26175105	        -16.33885695	          6.28028804	         -1.14236183	        -35.12729456	         -1.48742405	          0.14220801	          0.06846914	          0.41604098	          0.04999999	          0.04999999	          0.37057044	          0.04999999	          0.04999999	          0.35721019	          0.08166529	          0.17574740	          0.04999999	          0.13454094	          0.04999999	          0.04999999	          0.12315989	          0.09627987	          0.28382803	
          0.09967589	         -8.58271359	          0.12578415	          0.90159513	         30.50406725	        -16.58471530	          6.31026751	          0.40329906	        -37.82647616	         -0.97263233	          0.14039490	          0.05669580	          0.37878112	          0.04999999	          0.04999999	          0.35104756	          0.04999999	          0.04999999	          0.33830918	          0.07250538	          0.22940168	          0.04999999	          0.13245459	          0.04999999	          0.04999999	          0.11248705	          0.07972444	          0.26271292	
          0.11213538	         -8.63337205	          0.13989799	          0.90398214	         29.68908762	        -16.68476209	          6.41819139	          1.88315375	        -39.97619621	         -0.32648859	          0.13972811	          0.04999999	          0.34611033	          0.04999999	          0.04999999	          0.32701959	          0.04999999	          0.04999999	          0.31893406	          0.06003800	          0.28722477	          0.04999999	          0.13352631	          0.04999999	          0.04999999	          0.10528846	          0.06601574	          0.24345588	
          0.12459487	         -8.68952562	          0.15374407	          0.90658758	         28.82594797	        -16.66130599	          6.57275875	          3.31395251	        -41.65106685	          0.39466961	          0.13947679	          0.04999999	          0.31975932	          0.04999999	          0.04999999	          0.30456796	          0.04999999	          0.04999999	          0.29520221	          0.04999999	          0.34849048	          0.04999999	          0.13544116	          0.04999999	          0.04999999	          0.09172753	          0.05466426	          0.22157397	
          0.13705435	         -8.74951936	          0.16735728	          0.90929502	         27.92383871	        -16.53569006	          6.75930690	          4.71680511	        -42.93534086	          1.14274744	          0.13910853	          0.04999999	          0.29867597	          0.04999999	          0.04999999	          0.28421719	          0.04999999	          0.04999999	          0.26847122	          0.04999999	          0.41654509	          0.04999999	          0.13784144	          0.04999999	          0.04999999	          0.07595488	          0.04999999	          0.20686857	
          0.14951384	         -8.81141731	          0.18076621	          0.91200683	         26.98918170	        -16.32282615	          6.95081694	          6.11179004	        -43.91529519	          1.87461264	          0.13857192	          0.04999999	          0.28214806	          0.04999999	          0.04999999	          0.26626297	          0.04999999	          0.04999999	          0.24096587	          0.04999999	          0.48783112	          0.04999999	          0.13969257	          0.04999999	          0.04999999	          0.06289436	          0.04999999	          0.19955999	
          0.16197333	         -8.87325546	          0.19399454	          0.91464426	         26.02703191	        -16.03390249	          7.11314494	          7.51594631	        -44.67302159	          2.58217108	          0.13783396	          0.04999999	          0.26936011	          0.04999999	          0.04999999	          0.25025107	          0.05551400	          0.05397421	          0.21870063	          0.04999999	          0.55682206	          0.04999999	          0.14063861	          0.04999999	          0.04999999	          0.05207960	          0.04999999	          0.19285834	
          0.17443281	         -8.93333299	          0.20706116	          0.91714737	         25.04326132	        -15.68148452	          7.21962681	          8.94291856	        -45.28019992	          3.26898128	          0.13672672	          0.04999999	          0.25966023	          0.04999999	          0.04999999	          0.23701799	          0.06823762	          0.05943461	          0.20034742	          0.04999999	          0.61898721	          0.04999999	          0.14045958	          0.04999999	          0.04999999	          0.04999999	          0.04999999	          0.19197751	
          0.18689230	         -8.99016311	          0.21998146	          0.91947546	         24.04392328	        -15.28125079	          7.27408198	         10.40352272	        -45.79786105	          3.92281697	          0.13505776	          0.04999999	          0.25172493	          0.04999999	          0.04999999	          0.22658941	          0.08114652	          0.06576553	          0.18321842	          0.04999999	          0.67066554	          0.04999999	          0.13976812	          0.05304806	          0.04999999	          0.04999999	          0.04999999	          0.19330979	
          0.19935179	         -9.04234474	          0.23277060	          0.92160705	         23.03204617	        -14.84490699	          7.29350303	         11.90283241	        -46.26994877	          4.54846103	          0.13279025	          0.04999999	          0.24424091	          0.04999999	          0.04999999	          0.21793086	          0.09512129	          0.07226654	          0.16630434	          0.04999999	          0.70978800	          0.04999999	          0.13905698	          0.06326124	          0.04999999	          0.04999999	          0.04999999	          0.19553735	
          0.21181127	         -9.08870738	          0.24544475	          0.92353801	         22.00732245	        -14.37762082	          7.29199039	         13.43824521	        -46.71531431	          5.15470164	          0.12992978	          0.04999999	          0.23635178	          0.04999999	          0.04999999	          0.20987201	          0.10954696	          0.07883024	          0.14941254	          0.04999999	          0.73662175	          0.04999999	          0.13869798	          0.07329412	          0.04999999	          0.04999999	          0.04999999	          0.19810602	
          0.22427076	         -9.12834031	          0.25802062	          0.92527598	         20.96786234	        -13.88099291	          7.28003661	         15.00167171	        -47.13455543	          5.74292256	          0.12653232	          0.04999999	          0.22773599	          0.04999999	          0.04999999	          0.20160459	          0.12442833	          0.08538086	          0.13321687	          0.04999999	          0.75251057	          0.04999999	          0.13893220	          0.08206054	          0.04999999	          0.04999999	          0.04999999	          0.20062660	
          0.23673025	         -9.16053553	          0.27051526	          0.92683414	         19.91140886	        -13.35555875	          7.26644716	         16.58191910	        -47.51861834	          6.31094258	          0.12265523	          0.04999999	          0.21842242	          0.04999999	          0.04999999	          0.19277466	          0.13974627	          0.09194307	          0.11894970	          0.04999999	          0.75884633	          0.04999999	          0.13992069	          0.08928495	          0.04999999	          0.04999999	          0.04999999	          0.20290663	
          0.24918973	         -9.18474081	          0.28294608	          0.92822623	         18.83583091	        -12.80187474	          7.25928158	         18.16621663	        -47.85371137	          6.85498074	          0.11835258	          0.04999999	          0.20858445	          0.04999999	          0.04999999	          0.18333688	          0.15555126	          0.09859908	          0.10793197	          0.04999999	          0.75645474	          0.04999999	          0.14180380	          0.09500664	          0.04999999	          0.04999999	          0.04999999	          0.20479591	
          0.26164922	         -9.20050088	          0.29533106	          0.92946275	         17.73928633	        -12.22087769	          7.26546609	         19.74117018	        -48.12407959	          7.37040322	          0.11368534	          0.04999999	          0.19844969	          0.04999999	          0.04999999	          0.17339700	          0.17189623	          0.10541540	          0.10107185	          0.04999999	          0.74512992	          0.04999999	          0.14475584	          0.09931628	          0.04999999	          0.04999999	          0.04999999	          0.20623190	
          0.27410871	         -9.20743280	          0.30768865	          0.93054895	         16.62037123	        -11.61403662	          7.28980372	         21.29319527	        -48.31284742	          7.85254778	          0.10871314	          0.04999999	          0.18823242	          0.04999999	          0.04999999	          0.16306346	          0.18882320	          0.11247291	          0.09863571	          0.04999999	          0.72323717	          0.04999999	          0.14907873	          0.10229347	          0.04999999	          0.04999999	          0.04999999	          0.20723456	
          0.28656819	         -9.20524970	          0.32003742	          0.93148452	         15.47831408	        -10.98350655	          7.33441888	         22.80841998	        -48.40104199	          8.29728065	          0.10350284	          0.04999999	          0.17801437	          0.04999999	          0.04999999	          0.15229657	          0.20635173	          0.11981651	          0.10029594	          0.04999999	          0.68711757	          0.04999999	          0.15531377	          0.10392628	          0.04999999	          0.04999999	          0.04999999	          0.20788387	
          0.29902768	         -9.19382752	          0.33239551	          0.93226488	         14.31334187	        -10.33265132	          7.39922368	         24.27180612	        -48.36425842	          8.70103405	          0.09810137	          0.04999999	          0.16723230	          0.04999999	          0.04999999	          0.14051321	          0.22447640	          0.12746539	          0.10535894	          0.04999999	          0.62654462	          0.04999999	          0.16435958	          0.10402056	          0.04999999	          0.04999999	          0.04999999	          0.20833531	
          0.31148717	         -9.17323991	          0.34478068	          0.93288367	         13.12748577	         -9.66763141	          7.48304922	         25.66395296	        -48.16305154	          9.06072636	          0.09274599	          0.04999999	          0.15477612	          0.04999999	          0.04999999	          0.12649743	          0.24311668	          0.13545468	          0.11302247	          0.04999999	          0.51880960	          0.04999999	          0.17657232	          0.10213727	          0.04999999	          0.04999999	          0.04999999	          0.20876965	
          0.32394665	         -9.14366585	          0.35721106	          0.93333506	         11.92471495	         -8.99784287	          7.58381210	         26.95775984	        -47.73428271	          9.37304966	          0.08800913	          0.04999999	          0.14446155	          0.04999999	          0.04999999	          0.11231391	          0.26215902	          0.14385652	          0.12226167	          0.04999999	          0.42959973	          0.04999999	          0.19077979	          0.09811610	          0.04999999	          0.04999999	          0.04999999	          0.20914777	
          0.33640614	         -9.10595618	          0.36969823	          0.93360722	         10.70981840	         -8.33203787	          7.69966671	         28.13425789	        -47.03495957	          9.63545457	          0.08400393	          0.04999999	          0.13756917	          0.04999999	          0.04999999	          0.09572583	          0.28155712	          0.15273970	          0.13202337	          0.04999999	          0.35572959	          0.04999999	          0.20660200	          0.09276376	          0.04999999	          0.04999999	          0.04999999	          0.20937884	
          0.34886563	         -9.06160489	          0.38224650	          0.93368294	          9.48863862	         -7.67908667	          7.83075330	         29.18684343	        -46.05396650	          9.84497588	          0.08060816	          0.04999999	          0.13175524	          0.04999999	          0.04999999	          0.07926567	          0.30122220	          0.16213396	          0.14180935	          0.04999999	          0.29456151	          0.04999999	          0.22394521	          0.08720600	          0.04999999	          0.04999999	          0.04999999	          0.20925300	
          0.36132511	         -9.01241778	          0.39485671	          0.93354437	          8.26517172	         -7.04314127	          7.97661320	         30.11761323	        -44.80222493	          9.99810457	          0.07769923	          0.04999999	          0.12350107	          0.04999999	          0.04999999	          0.06563585	          0.32106644	          0.17206423	          0.15134829	          0.04999999	          0.24391134	          0.04999999	          0.24258315	          0.08224202	          0.04999999	          0.04999999	          0.04999999	          0.20859280	
          0.37378460	         -8.96032242	          0.40752918	          0.93317628	          7.03879117	         -6.41917103	          8.13461210	         30.93462089	        -43.30500405	         10.09158658	          0.07540135	          0.04999999	          0.11202963	          0.04999999	          0.04999999	          0.05434970	          0.34103865	          0.18259414	          0.16031868	          0.04999999	          0.20197052	          0.04999999	          0.26175343	          0.07790311	          0.04999999	          0.04999999	          0.04999999	          0.20735329	
          0.38624409	         -8.90728681	          0.42026398	          0.93256725	          5.80723854	         -5.79975142	          8.30286254	         31.65019840	        -41.59692653	         10.12467216	          0.07366502	          0.11755687	          0.10943700	          0.04999999	          0.04999999	          0.04999999	          0.36129532	          0.19383691	          0.16760613	          0.04999999	          0.16724147	          0.04999999	          0.28066991	          0.07386605	          0.04999999	          0.04999999	          0.04999999	          0.20582149	
          0.39870357	         -8.85557207	          0.43305658	          0.93170902	          4.57797814	         -5.19524691	          8.48414791	         32.28070423	        -39.71948444	         10.10258817	          0.07185737	          0.20822333	          0.10757335	          0.04999999	          0.04999999	          0.04999999	          0.38176608	          0.20568006	          0.17338114	          0.04999999	          0.13848412	          0.04999999	          0.29894147	          0.07066453	          0.04999999	          0.04999999	          0.04999999	          0.20438602	
          0.41116306	         -8.80723301	          0.44590309	          0.93059899	          3.36083023	         -4.61996870	          8.67988270	         32.84396029	        -37.71762988	         10.03665417	          0.06962023	          0.30125348	          0.10357632	          0.04999999	          0.04999999	          0.04999999	          0.40231552	          0.21814797	          0.17782180	          0.04999999	          0.11467163	          0.04999999	          0.31549975	          0.06844816	          0.04999999	          0.04999999	          0.04999999	          0.20338573	
          0.42362255	         -8.76395868	          0.45880263	          0.92924093	          2.16420821	         -4.08647301	          8.89114277	         33.35762593	        -35.63756925	          9.94170752	          0.06651639	          0.39457811	          0.08576626	          0.04999999	          0.04999999	          0.04999999	          0.42279710	          0.23123385	          0.18119157	          0.04999999	          0.09495372	          0.04999999	          0.32911789	          0.06746634	          0.04999999	          0.04999999	          0.04999999	          0.20295503	
          0.43608203	         -8.72714040	          0.47175725	          0.92764457	          0.99520567	         -3.60562903	          9.11839603	         33.83793832	        -33.52414685	          9.83225729	          0.06195718	          0.48673780	          0.07101866	          0.04999999	          0.04999999	          0.04999999	          0.44300255	          0.24490247	          0.18401515	          0.04999999	          0.07862632	          0.04999999	          0.33844464	          0.06893897	          0.04999999	          0.04999999	          0.04999999	          0.20289339	
          0.44854152	         -8.69690312	          0.48477830	          0.92582607	         -0.14528452	         -3.17979294	          9.35776389	         34.29588076	        -31.41550209	          9.71735580	          0.05707225	          0.57091513	          0.05880693	          0.04999999	          0.04999999	          0.04999999	          0.46271563	          0.25930835	          0.18583864	          0.04999999	          0.06510644	          0.04999999	          0.34030184	          0.07244677	          0.04999999	          0.04999999	          0.04999999	          0.20292370	
          0.46100101	         -8.67188076	          0.49788770	          0.92380748	         -1.26288884	         -2.80253554	          9.59832630	         34.73459963	        -29.33875585	          9.59972966	          0.05494472	          0.63529371	          0.04999999	          0.06659031	          0.04999999	          0.04999999	          0.48186434	          0.27455798	          0.18432101	          0.04999999	          0.05391132	          0.04999999	          0.33058976	          0.07543373	          0.04999999	          0.04999999	          0.04999999	          0.20325163	
          0.47346049	         -8.65169988	          0.51110189	          0.92161432	         -2.35496641	         -2.47978734	          9.82863573	         35.15277864	        -27.31138766	          9.48243400	          0.05601067	          0.67288751	          0.04999999	          0.10364393	          0.04999999	          0.04999999	          0.50016481	          0.29025639	          0.17725901	          0.04999999	          0.04999999	          0.04999999	          0.30850011	          0.07811579	          0.04999999	          0.04999999	          0.04999999	          0.20401353	
          0.48591998	         -8.63736363	          0.52442979	          0.91927736	         -3.40909829	         -2.23155709	         10.03855684	         35.54531740	        -25.34362116	          9.37170532	          0.05798605	          0.68384139	          0.04999999	          0.15305776	          0.04999999	          0.04999999	          0.51709819	          0.30589857	          0.16429641	          0.04999999	          0.04999999	          0.04999999	          0.27709324	          0.08104246	          0.04999999	          0.04999999	          0.04999999	          0.20523607	
          0.49837947	         -8.62991923	          0.53788263	          0.91683681	         -4.41297254	         -2.07632526	         10.21014829	         35.89925693	        -23.43138206	          9.27440406	          0.05903952	          0.67225684	          0.04999999	          0.20788844	          0.04999999	          0.04999999	          0.53183527	          0.32083889	          0.13627922	          0.04999999	          0.04999999	          0.04999999	          0.24210204	          0.08383655	          0.04999999	          0.04999999	          0.04999999	          0.20678063	
          0.51083895	         -8.62921930	          0.55148405	          0.91434816	         -5.36566453	         -2.01339110	         10.31319017	         36.19169558	        -21.55237416	          9.19427614	          0.05936354	          0.63764409	          0.04999999	          0.26334922	          0.04999999	          0.04999999	          0.54360829	          0.33435030	          0.11284586	          0.04999999	          0.04999999	          0.04999999	          0.20658063	          0.08480958	          0.04999999	          0.04999999	          0.04999999	          0.20840404	
          0.52329844	         -8.63460610	          0.56526327	          0.91186906	         -6.26942776	         -2.04242280	         10.34238315	         36.39712035	        -19.67826410	          9.13223774	          0.05895116	          0.57960214	          0.04999999	          0.31865977	          0.04999999	          0.04999999	          0.55213427	          0.34598529	          0.09344189	          0.04999999	          0.04999999	          0.04999999	          0.17431414	          0.08367786	          0.04999999	          0.04999999	          0.04999999	          0.21013323	
          0.53575793	         -8.64557290	          0.57924955	          0.90945217	         -7.12369338	         -2.16780025	         10.28982971	         36.49386332	        -17.78725399	          9.08812329	          0.05761682	          0.48879302	          0.04999999	          0.37350544	          0.04999999	          0.04999999	          0.55706093	          0.35534008	          0.07737446	          0.04999999	          0.04999999	          0.04999999	          0.14559583	          0.08166353	          0.04999999	          0.04999999	          0.04999999	          0.21210311	
          0.54821741	         -8.66159773	          0.59347329	          0.90714594	         -7.92608106	         -2.39619418	         10.14241656	         36.46642531	        -15.87233155	          9.06385517	          0.05491353	          0.40474454	          0.04999999	          0.42820628	          0.04999999	          0.04999999	          0.55788134	          0.36173757	          0.06406984	          0.05928183	          0.04999999	          0.05068999	          0.12977539	          0.08303049	          0.04999999	          0.04999999	          0.04999999	          0.21389318	
          0.56067690	         -8.68182751	          0.60796111	          0.90498868	         -8.66245837	         -2.75702205	          9.89703994	         36.31328714	        -13.97018018	          9.06107356	          0.05000000	          0.33514828	          0.04999999	          0.48152270	          0.04999999	          0.04999999	          0.55404075	          0.36478402	          0.05305296	          0.10974610	          0.04999999	          0.04999999	          0.13621479	          0.09129838	          0.04999999	          0.04999999	          0.04999999	          0.21332314	
          0.57313639	         -8.70168293	          0.62274863	          0.90301138	         -9.30762524	         -3.31019961	          9.56557530	         36.04755178	        -12.19089824	          9.06552090	          0.04999999	          0.27751917	          0.04999999	          0.52576221	          0.04999999	          0.04999999	          0.54524471	          0.36482869	          0.04999999	          0.15111449	          0.04999999	          0.04999999	          0.14624431	          0.09639619	          0.04999999	          0.05046961	          0.04999999	          0.21149371	
          0.58559587	         -8.71660512	          0.63786074	          0.90122798	         -9.81783430	         -4.15071625	          9.17514151	         35.68989079	        -10.66354191	          9.04838739	          0.04999999	          0.22979945	          0.04999999	          0.55803463	          0.04999999	          0.04999999	          0.53077470	          0.36184741	          0.04999999	          0.18314016	          0.04999999	          0.04999999	          0.14081642	          0.09464349	          0.04999999	          0.06697050	          0.04999999	          0.21893428	
          0.59805536	         -8.72236781	          0.65331386	          0.89963519	        -10.14049352	         -5.38566217	          8.73809384	         35.26045292	         -9.50825352	          8.99353643	          0.04999999	          0.19028519	          0.04999999	          0.56803846	          0.04999999	          0.04999999	          0.51033409	          0.35622794	          0.04999999	          0.20215425	          0.10600717	          0.04999999	          0.11660288	          0.08806471	          0.04999999	          0.07827274	          0.04999999	          0.22478550	
          0.61051485	         -8.71409225	          0.66912049	          0.89821564	        -10.22730581	         -7.11146913	          8.23981266	         34.78826991	         -8.87616780	          8.88115588	          0.04999999	          0.15756545	          0.04999999	          0.55923075	          0.04999999	          0.04999999	          0.48074671	          0.34575536	          0.04999999	          0.20674525	          0.20197286	          0.04999999	          0.09655289	          0.07292189	          0.04999999	          0.08362994	          0.04999999	          0.23096403	
          0.62297433	         -8.68877679	          0.68527177	          0.89693980	        -10.03678943	         -9.40071856	          7.62929603	         34.32237047	         -8.98682745	          8.69187013	          0.04999999	          0.13047190	          0.04999999	          0.46307042	          0.04999999	          0.04999999	          0.44756657	          0.33287561	          0.04999999	          0.19649245	          0.25650919	          0.09645248	          0.07995052	          0.06038289	          0.04999999	          0.08965432	          0.04999999	          0.25041211	
          0.63543382	         -8.63756066	          0.70177574	          0.89583163	         -9.57863590	        -12.22910574	          6.77103384	         33.87995257	        -10.00276564	          8.34120019	          0.04999999	          0.10803711	          0.04999999	          0.38344496	          0.04999999	          0.04999999	          0.38206153	          0.29867545	          0.04999999	          0.17956836	          0.21240216	          0.21188487	          0.06620294	          0.04999999	          0.04999999	          0.07913044	          0.05358831	          0.23908314	
          0.64789331	         -8.57330682	          0.71843030	          0.89511294	         -8.81171257	        -15.57611774	          5.45413984	         33.44678267	        -11.27578570	          7.90877911	          0.08119651	          0.08946002	          0.10635207	          0.31751119	          0.04999999	          0.04999999	          0.31636564	          0.24731788	          0.04999999	          0.16737473	          0.17587938	          0.32981552	          0.05481927	          0.04999999	          0.04999999	          0.06552388	          0.04999999	          0.28786271	
          0.66035279	         -8.53015255	          0.73483408	          0.89505523	         -7.64044446	        -19.43441312	          3.42970684	         33.17946840	        -12.73900249	          7.35696273	          0.07901780	          0.07407727	          0.08806471	          0.26291480	          0.04999999	          0.04999999	          0.26196623	          0.20479131	          0.04999999	          0.15763394	          0.14563673	          0.41075168	          0.04999999	          0.04999999	          0.19562189	          0.05736304	          0.04999999	          0.31223966	
          0.67281228	         -8.50338473	          0.75092604	          0.89569234	         -6.12423923	        -23.65838423	          0.69383540	         32.92461666	        -14.15311798	          6.90935320	          0.07566876	          0.06133960	          0.07292189	          0.21770632	          0.04999999	          0.04999999	          0.21692085	          0.16957722	          0.29034888	          0.15430678	          0.12059434	          0.46997148	          0.04999999	          0.04999999	          0.32192428	          0.04999999	          0.04999999	          0.34038311	
          0.68527177	         -8.49597506	          0.76660651	          0.89666623	         -4.43537144	        -27.95234524	         -1.45811227	         32.51820375	        -15.21893974	          6.58324263	          0.07727829	          0.08544377	          0.06038289	          0.18027148	          0.04999999	          0.04999999	          0.17962108	          0.14041824	          0.24418140	          0.14929507	          0.09985801	          0.47879920	          0.04999999	          0.04999999	          0.37428033	          0.04999999	          0.04999999	          0.36285590	
          0.69773125	         -8.50974172	          0.78182742	          0.89790108	         -2.75864986	        -31.83053710	         -1.80234562	         31.94720583	        -15.91207948	          6.36621859	          0.07957103	          0.12804353	          0.04999999	          0.14927361	          0.04999999	          0.04999999	          0.14873504	          0.11627317	          0.28707731	          0.14527938	          0.08268732	          0.45336332	          0.04999999	          0.04999999	          0.38077318	          0.04999999	          0.04999999	          0.36674233	
          0.71019074	         -8.54012005	          0.79662747	          0.89954169	         -1.14236183	        -35.12729456	         -1.48742405	         31.26175105	        -16.33885695	          6.28028804	          0.08166529	          0.17574740	          0.04999999	          0.13454094	          0.04999999	          0.04999999	          0.12315989	          0.09627987	          0.28382803	          0.14220801	          0.06846914	          0.41604098	          0.04999999	          0.04999999	          0.37057044	          0.04999999	          0.04999999	          0.35721019	
          0.72265023	         -8.58271359	          0.81105592	          0.90159513	          0.40329906	        -37.82647616	         -0.97263233	         30.50406725	        -16.58471530	          6.31026751	          0.07250538	          0.22940168	          0.04999999	          0.13245459	          0.04999999	          0.04999999	          0.11248705	          0.07972444	          0.26271292	          0.14039490	          0.05669580	          0.37878112	          0.04999999	          0.04999999	          0.35104756	          0.04999999	          0.04999999	          0.33830918	
          0.73510971	         -8.63337205	          0.82516975	          0.90398214	          1.88315375	        -39.97619621	         -0.32648859	         29.68908762	        -16.68476209	          6.41819139	          0.06003800	          0.28722477	          0.04999999	          0.13352631	          0.04999999	          0.04999999	          0.10528846	          0.06601574	          0.24345588	          0.13972811	          0.04999999	          0.34611033	          0.04999999	          0.04999999	          0.32701959	          0.04999999	          0.04999999	          0.31893406	
          0.74756920	         -8.68952562	          0.83901583	          0.90658758	          3.31395251	        -41.65106685	          0.39466961	         28.82594797	        -16.66130599	          6.57275875	          0.04999999	          0.34849048	          0.04999999	          0.13544116	          0.04999999	          0.04999999	          0.09172753	          0.05466426	          0.22157397	          0.13947679	          0.04999999	          0.31975932	          0.04999999	          0.04999999	          0.30456796	          0.04999999	          0.04999999	          0.29520221	
          0.76002869	         -8.74951936	          0.85262905	          0.90929502	          4.71680511	        -42.93534086	          1.14274744	         27.92383871	        -16.53569006	          6.75930690	          0.04999999	          0.41654509	          0.04999999	          0.13784144	          0.04999999	          0.04999999	          0.07595488	          0.04999999	          0.20686857	          0.13910853	          0.04999999	          0.29867597	          0.04999999	          0.04999999	          0.28421719	          0.04999999	          0.04999999	          0.26847122	
          0.77248817	         -8.81141731	          0.86603798	          0.91200683	          6.11179004	        -43.91529519	          1.87461264	         26.98918170	        -16.32282615	          6.95081694	          0.04999999	          0.48783112	          0.04999999	          0.13969257	          0.04999999	          0.04999999	          0.06289436	          0.04999999	          0.19955999	          0.13857192	          0.04999999	          0.28214806	          0.04999999	          0.04999999	          0.26626297	          0.04999999	          0.04999999	          0.24096587	
          0.78494766	         -8.87325546	          0.87926630	          0.91464426	          7.51594631	        -44.67302159	          2.58217108	         26.02703191	        -16.03390249	          7.11314494	          0.04999999	          0.55682206	          0.04999999	          0.14063861	          0.04999999	          0.04999999	          0.05207960	          0.04999999	          0.19285834	          0.13783396	          0.04999999	          0.26936011	          0.04999999	          0.04999999	          0.25025107	          0.05551400	          0.05397421	          0.21870063	
          0.79740715	         -8.93333299	          0.89233292	          0.91714737	          8.94291856	        -45.28019992	          3.26898128	         25.04326132	        -15.68148452	          7.21962681	          0.04999999	          0.61898721	          0.04999999	          0.14045958	          0.04999999	          0.04999999	          0.04999999	          0.04999999	          0.19197751	          0.13672672	          0.04999999	          0.25966023	          0.04999999	          0.04999999	          0.23701799	          0.06823762	          0.05943461	          0.20034742	
          0.80986663	         -8.99016311	          0.90525322	          0.91947546	         10.40352272	        -45.79786105	          3.92281697	         24.04392328	        -15.28125079	          7.27408198	          0.04999999	          0.67066554	          0.04999999	          0.13976812	          0.05304806	          0.04999999	          0.04999999	          0.04999999	          0.19330979	          0.13505776	          0.04999999	          0.25172493	          0.04999999	          0.04999999	          0.22658941	          0.08114652	          0.06576553	          0.18321842	
          0.82232612	         -9.04234474	          0.91804236	          0.92160705	         11.90283241	        -46.26994877	          4.54846103	         23.03204617	        -14.84490699	          7.29350303	          0.04999999	          0.70978800	          0.04999999	          0.13905698	          0.06326124	          0.04999999	          0.04999999	          0.04999999	          0.19553735	          0.13279025	          0.04999999	          0.24424091	          0.04999999	          0.04999999	          0.21793086	          0.09512129	          0.07226654	          0.16630434	
          0.83478561	         -9.08870738	          0.93071651	          0.92353801	         13.43824521	        -46.71531431	          5.15470164	         22.00732245	        -14.37762082	          7.29199039	          0.04999999	          0.73662175	          0.04999999	          0.13869798	          0.07329412	          0.04999999	          0.04999999	          0.04999999	          0.19810602	          0.12992978	          0.04999999	          0.23635178	          0.04999999	          0.04999999	          0.20987201	          0.10954696	          0.07883024	          0.14941254	
          0.84724509	         -9.12834031	          0.94329239	          0.92527598	         15.00167171	        -47.13455543	          5.74292256	         20.96786234	        -13.88099291	          7.28003661	          0.04999999	          0.75251057	          0.04999999	          0.13893220	          0.08206054	          0.04999999	          0.04999999	          0.04999999	          0.20062660	          0.12653232	          0.04999999	          0.22773599	          0.04999999	          0.04999999	          0.20160459	          0.12442833	          0.08538086	          0.13321687	
          0.85970458	         -9.16053553	          0.95578703	          0.92683414	         16.58191910	        -47.51861834	          6.31094258	         19.91140886	        -13.35555875	          7.26644716	          0.04999999	          0.75884633	          0.04999999	          0.13992069	          0.08928495	          0.04999999	          0.04999999	          0.04999999	          0.20290663	          0.12265523	          0.04999999	          0.21842242	          0.04999999	          0.04999999	          0.19277466	          0.13974627	          0.09194307	          0.11894970	
          0.87216407	         -9.18474081	          0.96821785	          0.92822623	         18.16621663	        -47.85371137	          6.85498074	         18.83583091	        -12.80187474	          7.25928158	          0.04999999	          0.75645474	          0.04999999	          0.14180380	          0.09500664	          0.04999999	          0.04999999	          0.04999999	          0.20479591	          0.11835258	          0.04999999	          0.20858445	          0.04999999	          0.04999999	          0.18333688	          0.15555126	          0.09859908	          0.10793197	
          0.88462355	         -9.20050088	          0.98060283	          0.92946275	         19.74117018	        -48.12407959	          7.37040322	         17.73928633	        -12.22087769	          7.26546609	          0.04999999	          0.74512992	          0.04999999	          0.14475584	          0.09931628	          0.04999999	          0.04999999	          0.04999999	          0.20623190	          0.11368534	          0.04999999	          0.19844969	          0.04999999	          0.04999999	          0.17339700	          0.17189623	          0.10541540	          0.10107185	
          0.89708304	         -9.20743280	          0.99296042	          0.93054895	         21.29319527	        -48.31284742	          7.85254778	         16.62037123	        -11.61403662	          7.28980372	          0.04999999	          0.72323717	          0.04999999	          0.14907873	          0.10229347	          0.04999999	          0.04999999	          0.04999999	          0.20723456	          0.10871314	          0.04999999	          0.18823242	          0.04999999	          0.04999999	          0.16306346	          0.18882320	          0.11247291	          0.09863571	
          0.90954253	         -9.20524970	          1.00530919	          0.93148452	         22.80841998	        -48.40104199	          8.29728065	         15.47831408	        -10.98350655	          7.33441888	          0.04999999	          0.68711757	          0.04999999	          0.15531377	          0.10392628	          0.04999999	          0.04999999	          0.04999999	          0.20788387	          0.10350284	          0.04999999	          0.17801437	          0.04999999	          0.04999999	          0.15229657	          0.20635173	          0.11981651	          0.10029594	
          0.92200201	         -9.19382752	          1.01766728	          0.93226488	         24.27180612	        -48.36425842	          8.70103405	         14.31334187	        -10.33265132	          7.39922368	          0.04999999	          0.62654462	          0.04999999	          0.16435958	          0.10402056	          0.04999999	          0.04999999	          0.04999999	          0.20833531	          0.09810137	          0.04999999	          0.16723230	          0.04999999	          0.04999999	          0.14051321	          0.22447640	          0.12746539	          0.10535894	
          0.93446150	         -9.17323991	          1.03005245	          0.93288367	         25.66395296	        -48.16305154	          9.06072636	         13.12748577	         -9.66763141	          7.48304922	          0.04999999	          0.51880960	          0.04999999	          0.17657232	          0.10213727	          0.04999999	          0.04999999	          0.04999999	          0.20876965	          0.09274599	          0.04999999	          0.15477612	          0.04999999	          0.04999999	          0.12649743	          0.24311668	          0.13545468	          0.11302247	
          0.94692099	         -9.14366585	          1.04248283	          0.93333506	         26.95775984	        -47.73428271	          9.37304966	         11.92471495	         -8.99784287	          7.58381210	          0.04999999	          0.42959973	          0.04999999	          0.19077979	          0.09811610	          0.04999999	          0.04999999	          0.04999999	          0.20914777	          0.08800913	          0.04999999	          0.14446155	          0.04999999	          0.04999999	          0.11231391	          0.26215902	          0.14385652	          0.12226167	
          0.95938047	         -9.10595618	          1.05497000	          0.93360722	         28.13425789	        -47.03495957	          9.63545457	         10.70981840	         -8.33203787	          7.69966671	          0.04999999	          0.35572959	          0.04999999	          0.20660200	          0.09276376	          0.04999999	          0.04999999	          0.04999999	          0.20937884	          0.08400393	          0.04999999	          0.13756917	          0.04999999	          0.04999999	          0.09572583	          0.28155712	          0.15273970	          0.13202337	
          0.97183996	         -9.06160489	          1.06751827	          0.93368294	         29.18684343	        -46.05396650	          9.84497588	          9.48863862	         -7.67908667	          7.83075330	          0.04999999	          0.29456151	          0.04999999	          0.22394521	          0.08720600	          0.04999999	          0.04999999	          0.04999999	          0.20925300	          0.08060816	          0.04999999	          0.13175524	          0.04999999	          0.04999999	          0.07926567	          0.30122220	          0.16213396	          0.14180935	
          0.98429945	         -9.01241778	          1.08012848	          0.93354437	         30.11761323	        -44.80222493	          9.99810457	          8.26517172	         -7.04314127	          7.97661320	          0.04999999	          0.24391134	          0.04999999	          0.24258315	          0.08224202	          0.04999999	          0.04999999	          0.04999999	          0.20859280	          0.07769923	          0.04999999	          0.12350107	          0.04999999	          0.04999999	          0.06563585	          0.32106644	          0.17206423	          0.15134829	
          0.99675893	         -8.96032242	          1.09280095	          0.93317628	         30.93462089	        -43.30500405	         10.09158658	          7.03879117	         -6.41917103	          8.13461210	          0.04999999	          0.20197052	          0.04999999	          0.26175343	          0.07790311	          0.04999999	          0.04999999	          0.04999999	          0.20735329	          0.07540135	          0.04999999	          0.11202963	          0.04999999	          0.04999999	          0.05434970	          0.34103865	          0.18259414	          0.16031868	
          1.00921842	         -8.90728681	          1.10553575	          0.93256725	         31.65019840	        -41.59692653	         10.12467216	          5.80723854	         -5.79975142	          8.30286254	          0.04999999	          0.16724147	          0.04999999	          0.28066991	          0.07386605	          0.04999999	          0.04999999	          0.04999999	          0.20582149	          0.07366502	          0.11755687	          0.10943700	          0.04999999	          0.04999999	          0.04999999	          0.36129532	          0.19383691	          0.16760613	
          1.02167791	         -8.85557207	          1.11832835	          0.93170902	         32.28070423	        -39.71948444	         10.10258817	          4.57797814	         -5.19524691	          8.48414791	          0.04999999	          0.13848412	          0.04999999	          0.29894147	          0.07066453	          0.04999999	          0.04999999	          0.04999999	          0.20438602	          0.07185737	          0.20822333	          0.10757335	          0.04999999	          0.04999999	          0.04999999	          0.38176608	          0.20568006	          0.17338114	
          1.03413739	         -8.80723301	          1.13117486	          0.93059899	         32.84396029	        -37.71762988	         10.03665417	          3.36083023	         -4.61996870	          8.67988270	          0.04999999	          0.11467163	          0.04999999	          0.31549975	          0.06844816	          0.04999999	          0.04999999	          0.04999999	          0.20338573	          0.06962023	          0.30125348	          0.10357632	          0.04999999	          0.04999999	          0.04999999	          0.40231552	          0.21814797	          0.17782180	
          1.04659688	         -8.76395868	          1.14407440	          0.92924093	         33.35762593	        -35.63756925	          9.94170752	          2.16420821	         -4.08647301	          8.89114277	          0.04999999	          0.09495372	          0.04999999	          0.32911789	          0.06746634	          0.04999999	          0.04999999	          0.04999999	          0.20295503	          0.06651639	          0.39457811	          0.08576626	          0.04999999	          0.04999999	          0.04999999	          0.42279710	          0.23123385	          0.18119157	
          1.05905637	         -8.72714040	          1.15702902	          0.92764457	         33.83793832	        -33.52414685	          9.83225729	          0.99520567	         -3.60562903	          9.11839603	          0.04999999	          0.07862632	          0.04999999	          0.33844464	          0.06893897	          0.04999999	          0.04999999	          0.04999999	          0.20289339	          0.06195718	          0.48673780	          0.07101866	          0.04999999	          0.04999999	          0.04999999	          0.44300255	          0.24490247	          0.18401515	
          1.07151585	         -8.69690312	          1.17005006	          0.92582607	         34.29588076	        -31.41550209	          9.71735580	         -0.14528452	         -3.17979294	          9.35776389	          0.04999999	          0.06510644	          0.04999999	          0.34030184	          0.07244677	          0.04999999	          0.04999999	          0.04999999	          0.20292370	          0.05707225	          0.57091513	          0.05880693	          0.04999999	          0.04999999	          0.04999999	          0.46271563	          0.25930835	          0.18583864	
          1.08397534	         -8.67188076	          1.18315946	          0.92380748	         34.73459963	        -29.33875585	          9.59972966	         -1.26288884	         -2.80253554	          9.59832630	          0.04999999	          0.05391132	          0.04999999	          0.33058976	          0.07543373	          0.04999999	          0.04999999	          0.04999999	          0.20325163	          0.05494472	          0.63529371	          0.04999999	          0.06659031	          0.04999999	          0.04999999	          0.48186434	          0.27455798	          0.18432101	
          1.09643483	         -8.65169988	          1.19637366	          0.92161432	         35.15277864	        -27.31138766	          9.48243400	         -2.35496641	         -2.47978734	          9.82863573	          0.04999999	          0.04999999	          0.04999999	          0.30850011	          0.07811579	          0.04999999	          0.04999999	          0.04999999	          0.20401353	          0.05601067	          0.67288751	          0.04999999	          0.10364393	          0.04999999	          0.04999999	          0.50016481	          0.29025639	          0.17725901	
          1.10889431	         -8.63736363	          1.20970156	          0.91927736	         35.54531740	        -25.34362116	          9.37170532	         -3.40909829	         -2.23155709	         10.03855684	          0.04999999	          0.04999999	          0.04999999	          0.27709324	          0.08104246	          0.04999999	          0.04999999	          0.04999999	          0.20523607	          0.05798605	          0.68384139	          0.04999999	          0.15305776	          0.04999999	          0.04999999	          0.51709819	          0.30589857	          0.16429641	
          1.12135380	         -8.62991923	          1.22315439	          0.91683681	         35.89925693	        -23.43138206	          9.27440406	         -4.41297254	         -2.07632526	         10.21014829	          0.04999999	          0.04999999	          0.04999999	          0.24210204	          0.08383655	          0.04999999	          0.04999999	          0.04999999	          0.20678063	          0.05903952	          0.67225684	          0.04999999	          0.20788844	          0.04999999	          0.04999999	          0.53183527	          0.32083889	          0.13627922	
          1.13381329	         -8.62921930	          1.23675581	          0.91434816	         36.19169558	        -21.55237416	          9.19427614	         -5.36566453	         -2.01339110	         10.31319017	          0.04999999	          0.04999999	          0.04999999	          0.20658063	          0.08480958	          0.04999999	          0.04999999	          0.04999999	          0.20840404	          0.05936354	          0.63764409	          0.04999999	          0.26334922	          0.04999999	          0.04999999	          0.54360829	          0.33435030	          0.11284586	
          1.14627277	         -8.63460610	          1.25053504	          0.91186906	         36.39712035	        -19.67826410	          9.13223774	         -6.26942776	         -2.04242280	         10.34238315	          0.04999999	          0.04999999	          0.04999999	          0.17431414	          0.08367786	          0.04999999	          0.04999999	          0.04999999	          0.21013323	          0.05895116	          0.57960214	          0.04999999	          0.31865977	          0.04999999	          0.04999999	          0.55213427	          0.34598529	          0.09344189	
          1.15873226	         -8.64557290	          1.26452132	          0.90945217	         36.49386332	        -17.78725399	          9.08812329	         -7.12369338	         -2.16780025	         10.28982971	          0.04999999	          0.04999999	          0.04999999	          0.14559583	          0.08166353	          0.04999999	          0.04999999	          0.04999999	          0.21210311	          0.05761682	          0.48879302	          0.04999999	          0.37350544	          0.04999999	          0.04999999	          0.55706093	          0.35534008	          0.07737446	
          1.17119175	         -8.66159773	          1.27874506	          0.90714594	         36.46642531	        -15.87233155	          9.06385517	         -7.92608106	         -2.39619418	         10.14241656	          0.05928183	          0.04999999	          0.05068999	          0.12977539	          0.08303049	          0.04999999	          0.04999999	          0.04999999	          0.21389318	          0.05491353	          0.40474454	          0.04999999	          0.42820628	          0.04999999	          0.04999999	          0.55788134	          0.36173757	          0.06406984	
          1.18365123	         -8.68182751	          1.29323288	          0.90498868	         36.31328714	        -13.97018018	          9.06107356	         -8.66245837	         -2.75702205	          9.89703994	          0.10974610	          0.04999999	          0.04999999	          0.13621479	          0.09129838	          0.04999999	          0.04999999	          0.04999999	          0.21332314	          0.05000000	          0.33514828	          0.04999999	          0.48152270	          0.04999999	          0.04999999	          0.55404075	          0.36478402	          0.05305296	
          1.19611072	         -8.70168293	          1.30802040	          0.90301138	         36.04755178	        -12.19089824	          9.06552090	         -9.30762524	         -3.31019961	          9.56557530	          0.15111449	          0.04999999	          0.04999999	          0.14624431	          0.09639619	          0.04999999	          0.05046961	          0.04999999	          0.21149371	          0.04999999	          0.27751917	          0.04999999	          0.52576221	          0.04999999	          0.04999999	          0.54524471	          0.36482869	          0.04999999	
          1.20857021	         -8.71660512	          1.32313250	          0.90122798	         35.68989079	        -10.66354191	          9.04838739	         -9.81783430	         -4.15071625	          9.17514151	          0.18314016	          0.04999999	          0.04999999	          0.14081642	          0.09464349	          0.04999999	          0.06697050	          0.04999999	          0.21893428	          0.04999999	          0.22979945	          0.04999999	          0.55803463	          0.04999999	          0.04999999	          0.53077470	          0.36184741	          0.04999999	
          1.22102969	         -8.72236781	          1.33858563	          0.89963519	         35.26045292	         -9.50825352	          8.99353643	        -10.14049352	         -5.38566217	          8.73809384	          0.20215425	          0.10600717	          0.04999999	          0.11660288	          0.08806471	          0.04999999	          0.07827274	          0.04999999	          0.22478550	          0.04999999	          0.19028519	          0.04999999	          0.56803846	          0.04999999	          0.04999999	          0.51033409	          0.35622794	          0.04999999	
          1.23348918	         -8.71409225	          1.35439225	          0.89821564	         34.78826991	         -8.87616780	          8.88115588	        -10.22730581	         -7.11146913	          8.23981266	          0.20674525	          0.20197286	          0.04999999	          0.09655289	          0.07292189	          0.04999999	          0.08362994	          0.04999999	          0.23096403	          0.04999999	          0.15756545	          0.04999999	          0.55923075	          0.04999999	          0.04999999	          0.48074671	          0.34575536	          0.04999999	
          1.24594867	         -8.68877679	          1.37054354	          0.89693980	         34.32237047	         -8.98682745	          8.69187013	        -10.03678943	         -9.40071856	          7.62929603	          0.19649245	          0.25650919	          0.09645248	          0.07995052	          0.06038289	          0.04999999	          0.08965432	          0.04999999	          0.25041211	          0.04999999	          0.13047190	          0.04999999	          0.46307042	          0.04999999	          0.04999999	          0.44756657	          0.33287561	          0.04999999	
          1.25840815	         -8.63756066	          1.38704750	          0.89583163	         33.87995257	        -10.00276564	          8.34120019	         -9.57863590	        -12.22910574	          6.77103384	          0.17956836	          0.21240216	          0.21188487	          0.06620294	          0.04999999	          0.04999999	          0.07913044	          0.05358831	          0.23908314	          0.04999999	          0.10803711	          0.04999999	          0.38344496	          0.04999999	          0.04999999	          0.38206153	          0.29867545	          0.04999999	
          1.27086764	         -8.57330682	          1.40370207	          0.89511294	         33.44678267	        -11.27578570	          7.90877911	         -8.81171257	        -15.57611774	          5.45413984	          0.16737473	          0.17587938	          0.32981552	          0.05481927	          0.04999999	          0.04999999	          0.06552388	          0.04999999	          0.28786271	          0.08119651	          0.08946002	          0.10635207	          0.31751119	          0.04999999	          0.04999999	          0.31636564	          0.24731788	          0.04999999	
          1.28332713	         -8.53015255	          1.42010584	          0.89505523	         33.17946840	        -12.73900249	          7.35696273	         -7.64044446	        -19.43441312	          3.42970684	          0.15763394	          0.14563673	          0.41075168	          0.04999999	          0.04999999	          0.19562189	          0.05736304	          0.04999999	          0.31223966	          0.07901780	          0.07407727	          0.08806471	          0.26291480	          0.04999999	          0.04999999	          0.26196623	          0.20479131	          0.04999999	
          1.29578661	         -8.50338473	          1.43619781	          0.89569234	         32.92461666	        -14.15311798	          6.90935320	         -6.12423923	        -23.65838423	          0.69383540	          0.15430678	          0.12059434	          0.46997148	          0.04999999	          0.04999999	          0.32192428	          0.04999999	          0.04999999	          0.34038311	          0.07566876	          0.06133960	          0.07292189	          0.21770632	          0.04999999	          0.04999999	          0.21692085	          0.16957722	          0.29034888	
          1.30824610	         -8.49597506	          1.45187827	          0.89666623	         32.51820375	        -15.21893974	          6.58324263	         -4.43537144	        -27.95234524	         -1.45811227	          0.14929507	          0.09985801	          0.47879920	          0.04999999	          0.04999999	          0.37428033	          0.04999999	          0.04999999	          0.36285590	          0.07727829	          0.08544377	          0.06038289	          0.18027148	          0.04999999	          0.04999999	          0.17962108	          0.14041824	          0.24418140	
          1.32070559	         -8.50974172	          1.46709919	          0.89790108	         31.94720583	        -15.91207948	          6.36621859	         -2.75864986	        -31.83053710	         -1.80234562	          0.14527938	          0.08268732	          0.45336332	          0.04999999	          0.04999999	          0.38077318	          0.04999999	          0.04999999	          0.36674233	          0.07957103	          0.12804353	          0.04999999	          0.14927361	          0.04999999	          0.04999999	          0.14873504	          0.11627317	          0.28707731	
          1.33316507	         -8.54012005	          1.48189923	          0.89954169	         31.26175105	        -16.33885695	          6.28028804	         -1.14236183	        -35.12729456	         -1.48742405	          0.14220801	          0.06846914	          0.41604098	          0.04999999	          0.04999999	          0.37057044	          0.04999999	          0.04999999	          0.35721019	          0.08166529	          0.17574740	          0.04999999	          0.13454094	          0.04999999	          0.04999999	          0.12315989	          0.09627987	          0.28382803	
          1.34562456	         -8.58271359	          1.49632769	          0.90159513	         30.50406725	        -16.58471530	          6.31026751	          0.40329906	        -37.82647616	         -0.97263233	          0.14039490	          0.05669580	          0.37878112	          0.04999999	          0.04999999	          0.35104756	          0.04999999	          0.04999999	          0.33830918	          0.07250538	          0.22940168	          0.04999999	          0.13245459	          0.04999999	          0.04999999	          0.11248705	          0.07972444	          0.26271292	
          1.35808405	         -8.63337205	          1.51044152	          0.90398214	         29.68908762	        -16.68476209	          6.41819139	          1.88315375	        -39.97619621	         -0.32648859	          0.13972811	          0.04999999	          0.34611033	          0.04999999	          0.04999999	          0.32701959	          0.04999999	          0.04999999	          0.31893406	          0.06003800	          0.28722477	          0.04999999	          0.13352631	          0.04999999	          0.04999999	          0.10528846	          0.06601574	          0.24345588	
          1.37054354	         -8.68952562	          1.52428760	          0.90658758	         28.82594797	        -16.66130599	          6.57275875	          3.31395251	        -41.65106685	          0.39466961	          0.13947679	          0.04999999	          0.31975932	          0.04999999	          0.04999999	          0.30456796	          0.04999999	          0.04999999	          0.29520221	          0.04999999	          0.34849048	          0.04999999	          0.13544116	          0.04999999	          0.04999999	          0.09172753	          0.05466426	          0.22157397	
          1.38300302	         -8.74951936	          1.53790082	          0.90929502	         27.92383871	        -16.53569006	          6.75930690	          4.71680511	        -42.93534086	          1.14274744	          0.13910853	          0.04999999	          0.29867597	          0.04999999	          0.04999999	          0.28421719	          0.04999999	          0.04999999	          0.26847122	          0.04999999	          0.41654509	          0.04999999	          0.13784144	          0.04999999	          0.04999999	          0.07595488	          0.04999999	          0.20686857	
          1.39546251	         -8.81141731	          1.55130974	          0.91200683	         26.98918170	        -16.32282615	          6.95081694	          6.11179004	        -43.91529519	          1.87461264	          0.13857192	          0.04999999	          0.28214806	          0.04999999	          0.04999999	          0.26626297	          0.04999999	          0.04999999	          0.24096587	          0.04999999	          0.48783112	          0.04999999	          0.13969257	          0.04999999	          0.04999999	          0.06289436	          0.04999999	          0.19955999	
          1.40792200	         -8.87325546	          1.56453807	          0.91464426	         26.02703191	        -16.03390249	          7.11314494	          7.51594631	        -44.67302159	          2.58217108	          0.13783396	          0.04999999	          0.26936011	          0.04999999	          0.04999999	          0.25025107	          0.05551400	          0.05397421	          0.21870063	          0.04999999	          0.55682206	          0.04999999	          0.14063861	          0.04999999	          0.04999999	          0.05207960	          0.04999999	          0.19285834	
          1.42038148	         -8.93333299	          1.57760469	          0.91714737	         25.04326132	        -15.68148452	          7.21962681	          8.94291856	        -45.28019992	          3.26898128	          0.13672672	          0.04999999	          0.25966023	          0.04999999	          0.04999999	          0.23701799	          0.06823762	          0.05943461	          0.20034742	          0.04999999	          0.61898721	          0.04999999	          0.14045958	          0.04999999	          0.04999999	          0.04999999	          0.04999999	          0.19197751	
          1.43284097	         -8.99016311	          1.59052499	          0.91947546	         24.04392328	        -15.28125079	          7.27408198	         10.40352272	        -45.79786105	          3.92281697	          0.13505776	          0.04999999	          0.25172493	          0.04999999	          0.04999999	          0.22658941	          0.08114652	          0.06576553	          0.18321842	          0.04999999	          0.67066554	          0.04999999	          0.13976812	          0.05304806	          0.04999999	          0.04999999	          0.04999999	          0.19330979	
          1.44530046	         -9.04234474	          1.60331413	          0.92160705	         23.03204617	        -14.84490699	          7.29350303	         11.90283241	        -46.26994877	          4.54846103	          0.13279025	          0.04999999	          0.24424091	          0.04999999	          0.04999999	          0.21793086	          0.09512129	          0.07226654	          0.16630434	          0.04999999	          0.70978800	          0.04999999	          0.13905698	          0.06326124	          0.04999999	          0.04999999	          0.04999999	          0.19553735	
          1.45775994	         -9.08870738	          1.61598828	          0.92353801	         22.00732245	        -14.37762082	          7.29199039	         13.43824521	        -46.71531431	          5.15470164	          0.12992978	          0.04999999	          0.23635178	          0.04999999	          0.04999999	          0.20987201	          0.10954696	          0.07883024	          0.14941254	          0.04999999	          0.73662175	          0.04999999	          0.13869798	          0.07329412	          0.04999999	          0.04999999	          0.04999999	          0.19810602	
          1.47021943	         -9.12834031	          1.62856416	          0.92527598	         20.96786234	        -13.88099291	          7.28003661	         15.00167171	        -47.13455543	          5.74292256	          0.12653232	          0.04999999	          0.22773599	          0.04999999	          0.04999999	          0.20160459	          0.12442833	          0.08538086	          0.13321687	          0.04999999	          0.75251057	          0.04999999	          0.13893220	          0.08206054	          0.04999999	          0.04999999	          0.04999999	          0.20062660	
          1.48267892	         -9.16053553	          1.64105880	          0.92683414	         19.91140886	        -13.35555875	          7.26644716	         16.58191910	        -47.51861834	          6.31094258	          0.12265523	          0.04999999	          0.21842242	          0.04999999	          0.04999999	          0.19277466	          0.13974627	          0.09194307	          0.11894970	          0.04999999	          0.75884633	          0.04999999	          0.13992069	          0.08928495	          0.04999999	          0.04999999	          0.04999999	          0.20290663	
          1.49513840	         -9.18474081	          1.65348962	          0.92822623	         18.83583091	        -12.80187474	          7.25928158	         18.16621663	        -47.85371137	          6.85498074	          0.11835258	          0.04999999	          0.20858445	          0.04999999	          0.04999999	          0.18333688	          0.15555126	          0.09859908	          0.10793197	          0.04999999	          0.75645474	          0.04999999	          0.14180380	          0.09500664	          0.04999999	          0.04999999	          0.04999999	          0.20479591	
          1.50759789	         -9.20050088	          1.66587460	          0.92946275	         17.73928633	        -12.22087769	          7.26546609	         19.74117018	        -48.12407959	          7.37040322	          0.11368534	          0.04999999	          0.19844969	          0.04999999	          0.04999999	          0.17339700	          0.17189623	          0.10541540	          0.10107185	          0.04999999	          0.74512992	          0.04999999	          0.14475584	          0.09931628	          0.04999999	          0.04999999	          0.04999999	          0.20623190	
          1.52005738	         -9.20743280	          1.67823219	          0.93054895	         16.62037123	        -11.61403662	          7.28980372	         21.29319527	        -48.31284742	          7.85254778	          0.10871314	          0.04999999	          0.18823242	          0.04999999	          0.04999999	          0.16306346	          0.18882320	          0.11247291	          0.09863571	          0.04999999	          0.72323717	          0.04999999	          0.14907873	          0.10229347	          0.04999999	          0.04999999	          0.04999999	          0.20723456	
          1.53251686	         -9.20524970	          1.69058096	          0.93148452	         15.47831408	        -10.98350655	          7.33441888	         22.80841998	        -48.40104199	          8.29728065	          0.10350284	          0.04999999	          0.17801437	          0.04999999	          0.04999999	          0.15229657	          0.20635173	          0.11981651	          0.10029594	          0.04999999	          0.68711757	          0.04999999	          0.15531377	          0.10392628	          0.04999999	          0.04999999	          0.04999999	          0.20788387	
          1.54497635	         -9.19382752	          1.70293905	          0.93226488	         14.31334187	        -10.33265132	          7.39922368	         24.27180612	        -48.36425842	          8.70103405	          0.09810137	          0.04999999	          0.16723230	          0.04999999	          0.04999999	          0.14051321	          0.22447640	          0.12746539	          0.10535894	          0.04999999	          0.62654462	          0.04999999	          0.16435958	          0.10402056	          0.04999999	          0.04999999	          0.04999999	          0.20833531	
          1.55743584	         -9.17323991	          1.71532422	          0.93288367	         13.12748577	         -9.66763141	          7.48304922	         25.66395296	        -48.16305154	          9.06072636	          0.09274599	          0.04999999	          0.15477612	          0.04999999	          0.04999999	          0.12649743	          0.24311668	          0.13545468	          0.11302247	          0.04999999	          0.51880960	          0.04999999	          0.17657232	          0.10213727	          0.04999999	          0.04999999	          0.04999999	          0.20876965	
          1.56989532	         -9.14366585	          1.72775459	          0.93333506	         11.92471495	         -8.99784287	          7.58381210	         26.95775984	        -47.73428271	          9.37304966	          0.08800913	          0.04999999	          0.14446155	          0.04999999	          0.04999999	          0.11231391	          0.26215902	          0.14385652	          0.12226167	          0.04999999	          0.42959973	          0.04999999	          0.19077979	          0.09811610	          0.04999999	          0.04999999	          0.04999999	          0.20914777	
          1.58235481	         -9.10595618	          1.74024176	          0.93360722	         10.70981840	         -8.33203787	          7.69966671	         28.13425789	        -47.03495957	          9.63545457	          0.08400393	          0.04999999	          0.13756917	          0.04999999	          0.04999999	          0.09572583	          0.28155712	          0.15273970	          0.13202337	          0.04999999	          0.35572959	          0.04999999	          0.20660200	          0.09276376	          0.04999999	          0.04999999	          0.04999999	          0.20937884	
          1.59481430	         -9.06160489	          1.75279004	          0.93368294	          9.48863862	         -7.67908667	          7.83075330	         29.18684343	        -46.05396650	          9.84497588	          0.08060816	          0.04999999	          0.13175524	          0.04999999	          0.04999999	          0.07926567	          0.30122220	          0.16213396	          0.14180935	          0.04999999	          0.29456151	          0.04999999	          0.22394521	          0.08720600	          0.04999999	          0.04999999	          0.04999999	          0.20925300	
          1.60727378	         -9.01241778	          1.76540025	          0.93354437	          8.26517172	         -7.04314127	          7.97661320	         30.11761323	        -44.80222493	          9.99810457	          0.07769923	          0.04999999	          0.12350107	          0.04999999	          0.04999999	          0.06563585	          0.32106644	          0.17206423	          0.15134829	          0.04999999	          0.24391134	          0.04999999	          0.24258315	          0.08224202	          0.04999999	          0.04999999	          0.04999999	          0.20859280	
          1.61973327	         -8.96032242	          1.77807272	          0.93317628	          7.03879117	         -6.41917103	          8.13461210	         30.93462089	        -43.30500405	         10.09158658	          0.07540135	          0.04999999	          0.11202963	          0.04999999	          0.04999999	          0.05434970	          0.34103865	          0.18259414	          0.16031868	          0.04999999	          0.20197052	          0.04999999	          0.26175343	          0.07790311	          0.04999999	          0.04999999	          0.04999999	          0.20735329	
          1.63219276	         -8.90728681	          1.79080751	          0.93256725	          5.80723854	         -5.79975142	          8.30286254	         31.65019840	        -41.59692653	         10.12467216	          0.07366502	          0.11755687	          0.10943700	          0.04999999	          0.04999999	          0.04999999	          0.36129532	          0.19383691	          0.16760613	          0.04999999	          0.16724147	          0.04999999	          0.28066991	          0.07386605	          0.04999999	          0.04999999	          0.04999999	          0.20582149	
          1.64465224	         -8.85557207	          1.80360012	          0.93170902	          4.57797814	         -5.19524691	          8.48414791	         32.28070423	        -39.71948444	         10.10258817	          0.07185737	          0.20822333	          0.10757335	          0.04999999	          0.04999999	          0.04999999	          0.38176608	          0.20568006	          0.17338114	          0.04999999	          0.13848412	          0.04999999	          0.29894147	          0.07066453	          0.04999999	          0.04999999	          0.04999999	          0.20438602	
          1.65711173	         -8.80723301	          1.81644663	          0.93059899	          3.36083023	         -4.61996870	          8.67988270	         32.84396029	        -37.71762988	         10.03665417	          0.06962023	          0.30125348	          0.10357632	          0.04999999	          0.04999999	          0.04999999	          0.40231552	          0.21814797	          0.17782180	          0.04999999	          0.11467163	          0.04999999	          0.31549975	          0.06844816	          0.04999999	          0.04999999	          0.04999999	          0.20338573	
          1.66957122	         -8.76395868	          1.82934616	          0.92924093	          2.16420821	         -4.08647301	          8.89114277	         33.35762593	        -35.63756925	          9.94170752	          0.06651639	          0.39457811	          0.08576626	          0.04999999	          0.04999999	          0.04999999	          0.42279710	          0.23123385	          0.18119157	          0.04999999	          0.09495372	          0.04999999	          0.32911789	          0.06746634	          0.04999999	          0.04999999	          0.04999999	          0.20295503	
          1.68203070	         -8.72714040	          1.84230079	          0.92764457	          0.99520567	         -3.60562903	          9.11839603	         33.83793832	        -33.52414685	          9.83225729	          0.06195718	          0.48673780	          0.07101866	          0.04999999	          0.04999999	          0.04999999	          0.44300255	          0.24490247	          0.18401515	          0.04999999	          0.07862632	          0.04999999	          0.33844464	          0.06893897	          0.04999999	          0.04999999	          0.04999999	          0.20289339	
          1.69449019	         -8.69690312	          1.85532183	          0.92582607	         -0.14528452	         -3.17979294	          9.35776389	         34.29588076	        -31.41550209	          9.71735580	          0.05707225	          0.57091513	          0.05880693	          0.04999999	          0.04999999	          0.04999999	          0.46271563	          0.25930835	          0.18583864	          0.04999999	          0.06510644	          0.04999999	          0.34030184	          0.07244677	          0.04999999	          0.04999999	          0.04999999	          0.20292370	
          1.70694968	         -8.67188076	          1.86843123	          0.92380748	         -1.26288884	         -2.80253554	          9.59832630	         34.73459963	        -29.33875585	          9.59972966	          0.05494472	          0.63529371	          0.04999999	          0.06659031	          0.04999999	          0.04999999	          0.48186434	          0.27455798	          0.18432101	          0.04999999	          0.05391132	          0.04999999	          0.33058976	          0.07543373	          0.04999999	          0.04999999	          0.04999999	          0.20325163	
          1.71940916	         -8.65169988	          1.88164543	          0.92161432	         -2.35496641	         -2.47978734	          9.82863573	         35.15277864	        -27.31138766	          9.48243400	          0.05601067	          0.67288751	          0.04999999	          0.10364393	          0.04999999	          0.04999999	          0.50016481	          0.29025639	          0.17725901	          0.04999999	          0.04999999	          0.04999999	          0.30850011	          0.07811579	          0.04999999	          0.04999999	          0.04999999	          0.20401353	
          1.73186865	         -8.63736363	          1.89497333	          0.91927736	         -3.40909829	         -2.23155709	         10.03855684	         35.54531740	        -25.34362116	          9.37170532	          0.05798605	          0.68384139	          0.04999999	          0.15305776	          0.04999999	          0.04999999	          0.51709819	          0.30589857	          0.16429641	          0.04999999	          0.04999999	          0.04999999	          0.27709324	          0.08104246	          0.04999999	          0.04999999	          0.04999999	          0.20523607	
          1.74432814	         -8.62991923	          1.90842616	          0.91683681	         -4.41297254	         -2.07632526	         10.21014829	         35.89925693	        -23.43138206	          9.27440406	          0.05903952	          0.67225684	          0.04999999	          0.20788844	          0.04999999	          0.04999999	          0.53183527	          0.32083889	          0.13627922	          0.04999999	          0.04999999	          0.04999999	          0.24210204	          0.08383655	          0.04999999	          0.04999999	          0.04999999	          0.20678063	
          1.75678762	         -8.62921930	          1.92202758	          0.91434816	         -5.36566453	         -2.01339110	         10.31319017	         36.19169558	        -21.55237416	          9.19427614	          0.05936354	          0.63764409	          0.04999999	          0.26334922	          0.04999999	          0.04999999	          0.54360829	          0.33435030	          0.11284586	          0.04999999	          0.04999999	          0.04999999	          0.20658063	          0.08480958	          0.04999999	          0.04999999	          0.04999999	          0.20840404	
          1.76924711	         -8.63460610	          1.93580681	          0.91186906	         -6.26942776	         -2.04242280	         10.34238315	         36.39712035	        -19.67826410	          9.13223774	          0.05895116	          0.57960214	          0.04999999	          0.31865977	          0.04999999	          0.04999999	          0.55213427	          0.34598529	          0.09344189	          0.04999999	          0.04999999	          0.04999999	          0.17431414	          0.08367786	          0.04999999	          0.04999999	          0.04999999	          0.21013323	
          1.78170660	         -8.64557290	          1.94979309	          0.90945217	         -7.12369338	         -2.16780025	         10.28982971	         36.49386332	        -17.78725399	          9.08812329	          0.05761682	          0.48879302	          0.04999999	          0.37350544	          0.04999999	          0.04999999	          0.55706093	          0.35534008	          0.07737446	          0.04999999	          0.04999999	          0.04999999	          0.14559583	          0.08166353	          0.04999999	          0.04999999	          0.04999999	          0.21210311	
          1.79416608	         -8.66159773	          1.96401683	          0.90714594	         -7.92608106	         -2.39619418	         10.14241656	         36.46642531	        -15.87233155	          9.06385517	          0.05491353	          0.40474454	          0.04999999	          0.42820628	          0.04999999	          0.04999999	          0.55788134	          0.36173757	          0.06406984	          0.05928183	          0.04999999	          0.05068999	          0.12977539	          0.08303049	          0.04999999	          0.04999999	          0.04999999	          0.21389318	
          1.80662557	         -8.68182751	          1.97850465	          0.90498868	         -8.66245837	         -2.75702205	          9.89703994	         36.31328714	        -13.97018018	          9.06107356	          0.05000000	          0.33514828	          0.04999999	          0.48152270	          0.04999999	          0.04999999	          0.55404075	          0.36478402	          0.05305296	          0.10974610	          0.04999999	          0.04999999	          0.13621479	          0.09129838	          0.04999999	          0.04999999	          0.04999999	          0.21332314	
          1.81908506	         -8.70168293	          1.99329216	          0.90301138	         -9.30762524	         -3.31019961	          9.56557530	         36.04755178	        -12.19089824	          9.06552090	          0.04999999	          0.27751917	          0.04999999	          0.52576221	          0.04999999	          0.04999999	          0.54524471	          0.36482869	          0.04999999	          0.15111449	          0.04999999	          0.04999999	          0.14624431	          0.09639619	          0.04999999	          0.05046961	          0.04999999	          0.21149371	
          1.83154454	         -8.71660512	          2.00840427	          0.90122798	         -9.81783430	         -4.15071625	          9.17514151	         35.68989079	        -10.66354191	          9.04838739	          0.04999999	          0.22979945	          0.04999999	          0.55803463	          0.04999999	          0.04999999	          0.53077470	          0.36184741	          0.04999999	          0.18314016	          0.04999999	          0.04999999	          0.14081642	          0.09464349	          0.04999999	          0.06697050	          0.04999999	          0.21893428	
          1.84400403	         -8.72236781	          2.02385740	          0.89963519	        -10.14049352	         -5.38566217	          8.73809384	         35.26045292	         -9.50825352	          8.99353643	          0.04999999	          0.19028519	          0.04999999	          0.56803846	          0.04999999	          0.04999999	          0.51033409	          0.35622794	          0.04999999	          0.20215425	          0.10600717	          0.04999999	          0.11660288	          0.08806471	          0.04999999	          0.07827274	          0.04999999	          0.22478550	
          1.85646352	         -8.71409225	          2.03966402	          0.89821564	        -10.22730581	         -7.11146913	          8.23981266	         34.78826991	         -8.87616780	          8.88115588	          0.04999999	          0.15756545	          0.04999999	          0.55923075	          0.04999999	          0.04999999	          0.48074671	          0.34575536	          0.04999999	          0.20674525	          0.20197286	          0.04999999	          0.09655289	          0.07292189	          0.04999999	          0.08362994	          0.04999999	          0.23096403	
          1.86892300	         -8.68877679	          2.05581530	          0.89693980	        -10.03678943	         -9.40071856	          7.62929603	         34.32237047	         -8.98682745	          8.69187013	          0.04999999	          0.13047190	          0.04999999	          0.46307042	          0.04999999	          0.04999999	          0.44756657	          0.33287561	          0.04999999	          0.19649245	          0.25650919	          0.09645248	          0.07995052	          0.06038289	          0.04999999	          0.08965432	          0.04999999	          0.25041211	
          1.88138249	         -8.63756066	          2.07231927	          0.89583163	         -9.57863590	        -12.22910574	          6.77103384	         33.87995257	        -10.00276564	          8.34120019	          0.04999999	          0.10803711	          0.04999999	          0.38344496	          0.04999999	          0.04999999	          0.38206153	          0.29867545	          0.04999999	          0.17956836	          0.21240216	          0.21188487	          0.06620294	          0.04999999	          0.04999999	          0.07913044	          0.05358831	          0.23908314	
          1.89384198	         -8.57330682	          2.08897384	          0.89511294	         -8.81171257	        -15.57611774	          5.45413984	         33.44678267	        -11.27578570	          7.90877911	          0.08119651	          0.08946002	          0.10635207	          0.31751119	          0.04999999	          0.04999999	          0.31636564	          0.24731788	          0.04999999	          0.16737473	          0.17587938	          0.32981552	          0.05481927	          0.04999999	          0.04999999	          0.06552388	          0.04999999	          0.28786271	
          1.90630146	         -8.53015255	          2.10537761	          0.89505523	         -7.64044446	        -19.43441312	          3.42970684	         33.17946840	        -12.73900249	          7.35696273	          0.07901780	          0.07407727	          0.08806471	          0.26291480	          0.04999999	          0.04999999	          0.26196623	          0.20479131	          0.04999999	          0.15763394	          0.14563673	          0.41075168	          0.04999999	          0.04999999	          0.19562189	          0.05736304	          0.04999999	          0.31223966	
          1.91876095	         -8.50338473	          2.12146958	          0.89569234	         -6.12423923	        -23.65838423	          0.69383540	         32.92461666	        -14.15311798	          6.90935320	          0.07566876	          0.06133960	          0.07292189	          0.21770632	          0.04999999	          0.04999999	          0.21692085	          0.16957722	          0.29034888	          0.15430678	          0.12059434	          0.46997148	          0.04999999	          0.04999999	          0.32192428	          0.04999999	          0.04999999	          0.34038311	
          1.93122044	         -8.49597506	          2.13715004	          0.89666623	         -4.43537144	        -27.95234524	         -1.45811227	         32.51820375	        -15.21893974	          6.58324263	          0.07727829	          0.08544377	          0.06038289	          0.18027148	          0.04999999	          0.04999999	          0.17962108	          0.14041824	          0.24418140	          0.14929507	          0.09985801	          0.47879920	          0.04999999	          0.04999999	          0.37428033	          0.04999999	          0.04999999	          0.36285590	
          1.94367992	         -8.50974172	          2.15237096	          0.89790108	         -2.75864986	        -31.83053710	         -1.80234562	         31.94720583	        -15.91207948	          6.36621859	          0.07957103	          0.12804353	          0.04999999	          0.14927361	          0.04999999	          0.04999999	          0.14873504	          0.11627317	          0.28707731	          0.14527938	          0.08268732	          0.45336332	          0.04999999	          0.04999999	          0.38077318	          0.04999999	          0.04999999	          0.36674233	
          1.95613941	         -8.54012005	          2.16717100	          0.89954169	         -1.14236183	        -35.12729456	         -1.48742405	         31.26175105	        -16.33885695	          6.28028804	          0.08166529	          0.17574740	          0.04999999	          0.13454094	          0.04999999	          0.04999999	          0.12315989	          0.09627987	          0.28382803	          0.14220801	          0.06846914	          0.41604098	          0.04999999	          0.04999999	          0.37057044	          0.04999999	          0.04999999	          0.35721019	
          1.96859890	         -8.58271359	          2.18159946	          0.90159513	          0.40329906	        -37.82647616	         -0.97263233	         30.50406725	        -16.58471530	          6.31026751	          0.07250538	          0.22940168	          0.04999999	          0.13245459	          0.04999999	          0.04999999	          0.11248705	          0.07972444	          0.26271292	          0.14039490	          0.05669580	          0.37878112	          0.04999999	          0.04999999	          0.35104756	          0.04999999	          0.04999999	          0.33830918	
          1.98105838	         -8.63337205	          2.19571329	          0.90398214	          1.88315375	        -39.97619621	         -0.32648859	         29.68908762	        -16.68476209	          6.41819139	          0.06003800	          0.28722477	          0.04999999	          0.13352631	          0.04999999	          0.04999999	          0.10528846	          0.06601574	          0.24345588	          0.13972811	          0.04999999	          0.34611033	          0.04999999	          0.04999999	          0.32701959	          0.04999999	          0.04999999	          0.31893406	
          1.99351787	         -8.68952562	          2.20955937	          0.90658758	          3.31395251	        -41.65106685	          0.39466961	         28.82594797	        -16.66130599	          6.57275875	          0.04999999	          0.34849048	          0.04999999	          0.13544116	          0.04999999	          0.04999999	          0.09172753	          0.05466426	          0.22157397	          0.13947679	          0.04999999	          0.31975932	          0.04999999	          0.04999999	          0.30456796	          0.04999999	          0.04999999	          0.29520221	
          2.00597736	         -8.74951936	          2.22317258	          0.90929502	          4.71680511	        -42.93534086	          1.14274744	         27.92383871	        -16.53569006	          6.75930690	          0.04999999	          0.41654509	          0.04999999	          0.13784144	          0.04999999	          0.04999999	          0.07595488	          0.04999999	          0.20686857	          0.13910853	          0.04999999	          0.29867597	          0.04999999	          0.04999999	          0.28421719	          0.04999999	          0.04999999	          0.26847122	
          2.01843684	         -8.81141731	          2.23658151	          0.91200683	          6.11179004	        -43.91529519	          1.87461264	         26.98918170	        -16.32282615	          6.95081694	          0.04999999	          0.48783112	          0.04999999	          0.13969257	          0.04999999	          0.04999999	          0.06289436	          0.04999999	          0.19955999	          0.13857192	          0.04999999	          0.28214806	          0.04999999	          0.04999999	          0.26626297	          0.04999999	          0.04999999	          0.24096587	
          2.03089633	         -8.87325546	          2.24980984	          0.91464426	          7.51594631	        -44.67302159	          2.58217108	         26.02703191	        -16.03390249	          7.11314494	          0.04999999	          0.55682206	          0.04999999	          0.14063861	          0.04999999	          0.04999999	          0.05207960	          0.04999999	          0.19285834	          0.13783396	          0.04999999	          0.26936011	          0.04999999	          0.04999999	          0.25025107	          0.05551400	          0.05397421	          0.21870063	
          2.04335582	         -8.93333299	          2.26287646	          0.91714737	          8.94291856	        -45.28019992	          3.26898128	         25.04326132	        -15.68148452	          7.21962681	          0.04999999	          0.61898721	          0.04999999	          0.14045958	          0.04999999	          0.04999999	          0.04999999	          0.04999999	          0.19197751	          0.13672672	          0.04999999	          0.25966023	          0.04999999	          0.04999999	          0.23701799	          0.06823762	          0.05943461	          0.20034742	
          2.05581530	         -8.99016311	          2.27579676	          0.91947546	         10.40352272	        -45.79786105	          3.92281697	         24.04392328	        -15.28125079	          7.27408198	          0.04999999	          0.67066554	          0.04999999	          0.13976812	          0.05304806	          0.04999999	          0.04999999	          0.04999999	          0.19330979	          0.13505776	          0.04999999	          0.25172493	          0.04999999	          0.04999999	          0.22658941	          0.08114652	          0.06576553	          0.18321842	
          2.06827479	         -9.04234474	          2.28858590	          0.92160705	         11.90283241	        -46.26994877	          4.54846103	         23.03204617	        -14.84490699	          7.29350303	          0.04999999	          0.70978800	          0.04999999	          0.13905698	          0.06326124	          0.04999999	          0.04999999	          0.04999999	          0.19553735	          0.13279025	          0.04999999	          0.24424091	          0.04999999	          0.04999999	          0.21793086	          0.09512129	          0.07226654	          0.16630434	
          2.08073428	         -9.08870738	          2.30126005	          0.92353801	         13.43824521	        -46.71531431	          5.15470164	         22.00732245	        -14.37762082	          7.29199039	          0.04999999	          0.73662175	          0.04999999	          0.13869798	          0.07329412	          0.04999999	          0.04999999	          0.04999999	          0.19810602	          0.12992978	          0.04999999	          0.23635178	          0.04999999	          0.04999999	          0.20987201	          0.10954696	          0.07883024	          0.14941254	
          2.09319376	         -9.12834031	          2.31383593	          0.92527598	         15.00167171	        -47.13455543	          5.74292256	         20.96786234	        -13.88099291	          7.28003661	          0.04999999	          0.75251057	          0.04999999	          0.13893220	          0.08206054	          0.04999999	          0.04999999	          0.04999999	          0.20062660	          0.12653232	          0.04999999	          0.22773599	          0.04999999	          0.04999999	          0.20160459	          0.12442833	          0.08538086	          0.13321687	
          2.10565325	         -9.16053553	          2.32633057	          0.92683414	         16.58191910	        -47.51861834	          6.31094258	         19.91140886	        -13.35555875	          7.26644716	          0.04999999	          0.75884633	          0.04999999	          0.13992069	          0.08928495	          0.04999999	          0.04999999	          0.04999999	          0.20290663	          0.12265523	          0.04999999	          0.21842242	          0.04999999	          0.04999999	          0.19277466	          0.13974627	          0.09194307	          0.11894970	
          2.11811274	         -9.18474081	          2.33876139	          0.92822623	         18.16621663	        -47.85371137	          6.85498074	         18.83583091	        -12.80187474	          7.25928158	          0.04999999	          0.75645474	          0.04999999	          0.14180380	          0.09500664	          0.04999999	          0.04999999	          0.04999999	          0.20479591	          0.11835258	          0.04999999	          0.20858445	          0.04999999	          0.04999999	          0.18333688	          0.15555126	          0.09859908	          0.10793197	
          2.13057222	         -9.20050088	          2.35114636	          0.92946275	         19.74117018	        -48.12407959	          7.37040322	         17.73928633	        -12.22087769	          7.26546609	          0.04999999	          0.74512992	          0.04999999	          0.14475584	          0.09931628	          0.04999999	          0.04999999	          0.04999999	          0.20623190	          0.11368534	          0.04999999	          0.19844969	          0.04999999	          0.04999999	          0.17339700	          0.17189623	          0.10541540	          0.10107185	
          2.14303171	         -9.20743280	          2.36350396	          0.93054895	         21.29319527	        -48.31284742	          7.85254778	         16.62037123	        -11.61403662	          7.28980372	          0.04999999	          0.72323717	          0.04999999	          0.14907873	          0.10229347	          0.04999999	          0.04999999	          0.04999999	          0.20723456	          0.10871314	          0.04999999	          0.18823242	          0.04999999	          0.04999999	          0.16306346	          0.18882320	          0.11247291	          0.09863571	
          2.15549120	         -9.20524970	          2.37585273	          0.93148452	         22.80841998	        -48.40104199	          8.29728065	         15.47831408	        -10.98350655	          7.33441888	          0.04999999	          0.68711757	          0.04999999	          0.15531377	          0.10392628	          0.04999999	          0.04999999	          0.04999999	          0.20788387	          0.10350284	          0.04999999	          0.17801437	          0.04999999	          0.04999999	          0.15229657	          0.20635173	          0.11981651	          0.10029594	
          2.16795068	         -9.19382752	          2.38821082	          0.93226488	         24.27180612	        -48.36425842	          8.70103405	         14.31334187	        -10.33265132	          7.39922368	          0.04999999	          0.62654462	          0.04999999	          0.16435958	          0.10402056	          0.04999999	          0.04999999	          0.04999999	          0.20833531	          0.09810137	          0.04999999	          0.16723230	          0.04999999	          0.04999999	          0.14051321	          0.22447640	          0.12746539	          0.10535894	
          2.18041017	         -9.17323991	          2.40059599	          0.93288367	         25.66395296	        -48.16305154	          9.06072636	         13.12748577	         -9.66763141	          7.48304922	          0.04999999	          0.51880960	          0.04999999	          0.17657232	          0.10213727	          0.04999999	          0.04999999	          0.04999999	          0.20876965	          0.09274599	          0.04999999	          0.15477612	          0.04999999	          0.04999999	          0.12649743	          0.24311668	          0.13545468	          0.11302247	
          2.19286966	         -9.14366585	          2.41302636	          0.93333506	         26.95775984	        -47.73428271	          9.37304966	         11.92471495	         -8.99784287	          7.58381210	          0.04999999	          0.42959973	          0.04999999	          0.19077979	          0.09811610	          0.04999999	          0.04999999	          0.04999999	          0.20914777	          0.08800913	          0.04999999	          0.14446155	          0.04999999	          0.04999999	          0.11231391	          0.26215902	          0.14385652	          0.12226167	
          2.20532914	         -9.10595618	          2.42551353	          0.93360722	         28.13425789	        -47.03495957	          9.63545457	         10.70981840	         -8.33203787	          7.69966671	          0.04999999	          0.35572959	          0.04999999	          0.20660200	          0.09276376	          0.04999999	          0.04999999	          0.04999999	          0.20937884	          0.08400393	          0.04999999	          0.13756917	          0.04999999	          0.04999999	          0.09572583	          0.28155712	          0.15273970	          0.13202337	
          2.21778863	         -9.06160489	          2.43806180	          0.93368294	         29.18684343	        -46.05396650	          9.84497588	          9.48863862	         -7.67908667	          7.83075330	          0.04999999	          0.29456151	          0.04999999	          0.22394521	          0.08720600	          0.04999999	          0.04999999	          0.04999999	          0.20925300	          0.08060816	          0.04999999	          0.13175524	          0.04999999	          0.04999999	          0.07926567	          0.30122220	          0.16213396	          0.14180935	
          2.23024812	         -9.01241778	          2.45067202	          0.93354437	         30.11761323	        -44.80222493	          9.99810457	          8.26517172	         -7.04314127	          7.97661320	          0.04999999	          0.24391134	          0.04999999	          0.24258315	          0.08224202	          0.04999999	          0.04999999	          0.04999999	          0.20859280	          0.07769923	          0.04999999	          0.12350107	          0.04999999	          0.04999999	          0.06563585	          0.32106644	          0.17206423	          0.15134829	
          2.24270760	         -8.96032242	          2.46334449	          0.93317628	         30.93462089	        -43.30500405	         10.09158658	          7.03879117	         -6.41917103	          8.13461210	          0.04999999	          0.20197052	          0.04999999	          0.26175343	          0.07790311	          0.04999999	          0.04999999	          0.04999999	          0.20735329	          0.07540135	          0.04999999	          0.11202963	          0.04999999	          0.04999999	          0.05434970	          0.34103865	          0.18259414	          0.16031868	
          2.25516709	         -8.90728681	          2.47607928	          0.93256725	         31.65019840	        -41.59692653	         10.12467216	          5.80723854	         -5.79975142	          8.30286254	          0.04999999	          0.16724147	          0.04999999	          0.28066991	          0.07386605	          0.04999999	          0.04999999	          0.04999999	          0.20582149	          0.07366502	          0.11755687	          0.10943700	          0.04999999	          0.04999999	          0.04999999	          0.36129532	          0.19383691	          0.16760613	
          2.26762658	         -8.85557207	          2.48887188	          0.93170902	         32.28070423	        -39.71948444	         10.10258817	          4.57797814	         -5.19524691	          8.48414791	          0.04999999	          0.13848412	          0.04999999	          0.29894147	          0.07066453	          0.04999999	          0.04999999	          0.04999999	          0.20438602	          0.07185737	          0.20822333	          0.10757335	          0.04999999	          0.04999999	          0.04999999	          0.38176608	          0.20568006	          0.17338114	
          2.28008606	         -8.80723301	          2.50171840	          0.93059899	         32.84396029	        -37.71762988	         10.03665417	          3.36083023	         -4.61996870	          8.67988270	          0.04999999	          0.11467163	          0.04999999	          0.31549975	          0.06844816	          0.04999999	          0.04999999	          0.04999999	          0.20338573	          0.06962023	          0.30125348	          0.10357632	          0.04999999	          0.04999999	          0.04999999	          0.40231552	          0.21814797	          0.17782180	
          2.29254555	         -8.76395868	          2.51461793	          0.92924093	         33.35762593	        -35.63756925	          9.94170752	          2.16420821	         -4.08647301	          8.89114277	          0.04999999	          0.09495372	          0.04999999	          0.32911789	          0.06746634	          0.04999999	          0.04999999	          0.04999999	          0.20295503	          0.06651639	          0.39457811	          0.08576626	          0.04999999	          0.04999999	          0.04999999	          0.42279710	          0.23123385	          0.18119157	
          2.30500504	         -8.72714040	          2.52757255	          0.92764457	         33.83793832	        -33.52414685	          9.83225729	          0.99520567	         -3.60562903	          9.11839603	          0.04999999	          0.07862632	          0.04999999	          0.33844464	          0.06893897	          0.04999999	          0.04999999	          0.04999999	          0.20289339	          0.06195718	          0.48673780	          0.07101866	          0.04999999	          0.04999999	          0.04999999	          0.44300255	          0.24490247	          0.18401515	
          2.31746452	         -8.69690312	          2.54059360	          0.92582607	         34.29588076	        -31.41550209	          9.71735580	         -0.14528452	         -3.17979294	          9.35776389	          0.04999999	          0.06510644	          0.04999999	          0.34030184	          0.07244677	          0.04999999	          0.04999999	          0.04999999	          0.20292370	          0.05707225	          0.57091513	          0.05880693	          0.04999999	          0.04999999	          0.04999999	          0.46271563	          0.25930835	          0.18583864	
          2.32992401	         -8.67188076	          2.55370300	          0.92380748	         34.73459963	        -29.33875585	          9.59972966	         -1.26288884	         -2.80253554	          9.59832630	          0.04999999	          0.05391132	          0.04999999	          0.33058976	          0.07543373	          0.04999999	          0.04999999	          0.04999999	          0.20325163	          0.05494472	          0.63529371	          0.04999999	          0.06659031	          0.04999999	          0.04999999	          0.48186434	          0.27455798	          0.18432101	
          2.34238350	         -8.65169988	          2.56691720	          0.92161432	         35.15277864	        -27.31138766	          9.48243400	         -2.35496641	         -2.47978734	          9.82863573	          0.04999999	          0.04999999	          0.04999999	          0.30850011	          0.07811579	          0.04999999	          0.04999999	          0.04999999	          0.20401353	          0.05601067	          0.67288751	          0.04999999	          0.10364393	          0.04999999	          0.04999999	          0.50016481	          0.29025639	          0.17725901	
          2.35484298	         -8.63736363	          2.58024509	          0.91927736	         35.54531740	        -25.34362116	          9.37170532	         -3.40909829	         -2.23155709	         10.03855684	          0.04999999	          0.04999999	          0.04999999	          0.27709324	          0.08104246	          0.04999999	          0.04999999	          0.04999999	          0.20523607	          0.05798605	          0.68384139	          0.04999999	          0.15305776	          0.04999999	          0.04999999	          0.51709819	          0.30589857	          0.16429641	
          2.36730247	         -8.62991923	          2.59369793	          0.91683681	         35.89925693	        -23.43138206	          9.27440406	         -4.41297254	         -2.07632526	         10.21014829	          0.04999999	          0.04999999	          0.04999999	          0.24210204	          0.08383655	          0.04999999	          0.04999999	          0.04999999	          0.20678063	          0.05903952	          0.67225684	          0.04999999	          0.20788844	          0.04999999	          0.04999999	          0.53183527	          0.32083889	          0.13627922	
          2.37976196	         -8.62921930	          2.60729935	          0.91434816	         36.19169558	        -21.55237416	          9.19427614	         -5.36566453	         -2.01339110	         10.31319017	          0.04999999	          0.04999999	          0.04999999	          0.20658063	          0.08480958	          0.04999999	          0.04999999	          0.04999999	          0.20840404	          0.05936354	          0.63764409	          0.04999999	          0.26334922	          0.04999999	          0.04999999	          0.54360829	          0.33435030	          0.11284586	
          2.39222144	         -8.63460610	          2.62107857	          0.91186906	         36.39712035	        -19.67826410	          9.13223774	         -6.26942776	         -2.04242280	         10.34238315	          0.04999999	          0.04999999	          0.04999999	          0.17431414	          0.08367786	          0.04999999	          0.04999999	          0.04999999	          0.21013323	          0.05895116	          0.57960214	          0.04999999	          0.31865977	          0.04999999	          0.04999999	          0.55213427	          0.34598529	          0.09344189	
          2.40468093	         -8.64557290	          2.63506485	          0.90945217	         36.49386332	        -17.78725399	          9.08812329	         -7.12369338	         -2.16780025	         10.28982971	          0.04999999	          0.04999999	          0.04999999	          0.14559583	          0.08166353	          0.04999999	          0.04999999	          0.04999999	          0.21210311	          0.05761682	          0.48879302	          0.04999999	          0.37350544	          0.04999999	          0.04999999	          0.55706093	          0.35534008	          0.07737446	
          2.41714042	         -8.66159773	          2.64928860	          0.90714594	         36.46642531	        -15.87233155	          9.06385517	         -7.92608106	         -2.39619418	         10.14241656	          0.05928183	          0.04999999	          0.05068999	          0.12977539	          0.08303049	          0.04999999	          0.04999999	          0.04999999	          0.21389318	          0.05491353	          0.40474454	          0.04999999	          0.42820628	          0.04999999	          0.04999999	          0.55788134	          0.36173757	          0.06406984	
          2.42959990	         -8.68182751	          2.66377642	          0.90498868	         36.31328714	        -13.97018018	          9.06107356	         -8.66245837	         -2.75702205	          9.89703994	          0.10974610	          0.04999999	          0.04999999	          0.13621479	          0.09129838	          0.04999999	          0.04999999	          0.04999999	          0.21332314	          0.05000000	          0.33514828	          0.04999999	          0.48152270	          0.04999999	          0.04999999	          0.55404075	          0.36478402	          0.05305296	
          2.44205939	         -8.70168293	          2.67856393	          0.90301138	         36.04755178	        -12.19089824	          9.06552090	         -9.30762524	         -3.31019961	          9.56557530	          0.15111449	          0.04999999	          0.04999999	          0.14624431	          0.09639619	          0.04999999	          0.05046961	          0.04999999	          0.21149371	          0.04999999	          0.27751917	          0.04999999	          0.52576221	          0.04999999	          0.04999999	          0.54524471	          0.36482869	          0.04999999	
          2.45451888	         -8.71660512	          2.69367604	          0.90122798	         35.68989079	        -10.66354191	          9.04838739	         -9.81783430	         -4.15071625	          9.17514151	          0.18314016	          0.04999999	          0.04999999	          0.14081642	          0.09464349	          0.04999999	          0.06697050	          0.04999999	          0.21893428	          0.04999999	          0.22979945	          0.04999999	          0.55803463	          0.04999999	          0.04999999	          0.53077470	          0.36184741	          0.04999999	
          2.46697836	         -8.72236781	          2.70912917	          0.89963519	         35.26045292	         -9.50825352	          8.99353643	        -10.14049352	         -5.38566217	          8.73809384	          0.20215425	          0.10600717	          0.04999999	          0.11660288	          0.08806471	          0.04999999	          0.07827274	          0.04999999	          0.22478550	          0.04999999	          0.19028519	          0.04999999	          0.56803846	          0.04999999	          0.04999999	          0.51033409	          0.35622794	          0.04999999	
          2.47943785	         -8.71409225	          2.72493579	          0.89821564	         34.78826991	         -8.87616780	          8.88115588	        -10.22730581	         -7.11146913	          8.23981266	          0.20674525	          0.20197286	          0.04999999	          0.09655289	          0.07292189	          0.04999999	          0.08362994	          0.04999999	          0.23096403	          0.04999999	          0.15756545	          0.04999999	          0.55923075	          0.04999999	          0.04999999	          0.48074671	          0.34575536	          0.04999999	
