actor/alpha_mean,actor/alpha_mean_loss,actor/alpha_std,actor/alpha_std_loss,actor/kl_mean_loss,actor/kl_std_loss,actor/penalty_temperature,actor/policy_mean_loss,actor/policy_std_loss,actor/temperature,actor/temperature_loss,critic/loss,critic/q,test/action/max,test/action/mean,test/action/min,test/action/size,test/action/std,test/effort/max,test/effort/mean,test/effort/min,test/effort/size,test/effort/std,test/episode_length/max,test/episode_length/mean,test/episode_length/min,test/episode_length/size,test/episode_length/std,test/episode_score/max,test/episode_score/mean,test/episode_score/min,test/episode_score/size,test/episode_score/std,test/rwd_metrics/constr/max,test/rwd_metrics/constr/mean,test/rwd_metrics/constr/min,test/rwd_metrics/constr/size,test/rwd_metrics/constr/std,test/rwd_metrics/gaussian_vel/max,test/rwd_metrics/gaussian_vel/mean,test/rwd_metrics/gaussian_vel/min,test/rwd_metrics/gaussian_vel/size,test/rwd_metrics/gaussian_vel/std,test/rwd_metrics/grf/max,test/rwd_metrics/grf/mean,test/rwd_metrics/grf/min,test/rwd_metrics/grf/size,test/rwd_metrics/grf/std,test/rwd_metrics/number_muscles/max,test/rwd_metrics/number_muscles/mean,test/rwd_metrics/number_muscles/min,test/rwd_metrics/number_muscles/size,test/rwd_metrics/number_muscles/std,test/rwd_metrics/self_contact/max,test/rwd_metrics/self_contact/mean,test/rwd_metrics/self_contact/min,test/rwd_metrics/self_contact/size,test/rwd_metrics/self_contact/std,test/rwd_metrics/smooth/max,test/rwd_metrics/smooth/mean,test/rwd_metrics/smooth/min,test/rwd_metrics/smooth/size,test/rwd_metrics/smooth/std,test/terminated/max,test/terminated/mean,test/terminated/min,test/terminated/size,test/terminated/std,train/action/max,train/action/mean,train/action/min,train/action/size,train/action/std,train/action_cost_coeff,train/energy_buffer/action_cost_intern,train/energy_buffer/avg_relabel_action_cost,train/energy_buffer/lr,train/energy_buffer/prev_cdt,train/energy_buffer/self.score_avg,train/episode_length/max,train/episode_length/mean,train/episode_length/min,train/episode_length/size,train/episode_length/std,train/episode_score/max,train/episode_score/mean,train/episode_score/min,train/episode_score/size,train/episode_score/std,train/episodes,train/epoch_seconds,train/epoch_steps,train/epochs,train/seconds,train/steps,train/steps_per_second,train/worker_steps
,,,,,,,,,,,,,0.5109524,0.016118985,-0.34038284,202,0.094612025,0.0081823855020047,0.0053705979688837,0.0027255308040184,10,0.0020407256657458,25,20.2,17,10,2.35796522451032,242.90380859375,197.95017938613893,166.41365814208984,10,22.585759456106203,-0.81705361661911,-1.1775205175080403,-1.745069213354774,10,0.3191028228033163,244.7593413929387,201.43960322056216,169.95323093798197,10,22.55519236269151,0.0,-0.0896823109881355,-0.2268964675783245,10,0.078129935936505,-0.1754766666666666,-2.2197798333333334,-3.5972716666666664,10,1.275106966845538,0.0,0.0,0.0,10,0.0,-0.0005932719279317,-0.0024410580393449,-0.0045164279417949,10,0.0012517779875865,0.0588235294117647,0.0501308909528723,0.04,10,0.0054022440184853,1.0,-0.022053393,-1.0,1000,0.99326044,0.0,0.0,,0.0008999999999999,0.0,167.33048447593845,79,20.775561620827208,10,9526,5.716499785988342,489.1592335700989,178.27381051041934,78.79928441159427,9526,44.30388316014066,9526.0,37.28987741470337,200000.0,1.0,37.28987741470337,200000.0,5363.385826555175,1000.0
0.107692465,0.0006051544,30.529085,-0.006516539,0.0013333097,0.007066063,8.118352,39.757652,39.77367,2.0116866,68.20335,7.270383,72.08451,0.9997058,-0.17267083,-0.99576235,264,0.41012746,0.04661085928592,0.0322882865782611,0.0226725090621833,10,0.0067185104490528,32,26.4,22,10,3.4698703145794947,293.9770746231079,250.73438663482665,209.3740825653076,10,30.78145134171758,-1.5924337197993883,-2.573171708934944,-5.503361599719898,10,1.1325210429947523,313.0679644224808,262.75962769779505,219.94287021387004,10,33.111359246164554,0.0,-0.1443325426162003,-0.4087886398907109,10,0.1516390882656084,-5.615253333333333,-9.2914895,-15.968376666666668,10,2.679813676419817,0.0,0.0,0.0,10,0.0,-0.009035656236123,-0.0162475986331909,-0.0262090345617616,10,0.0045285527109373,0.0454545454545454,0.038525964626771,0.03125,10,0.0049498545968202,4.103765,-0.056022305,-4.2625937,1000,0.7799465,0.0,0.0,0.0,0.0009,0.0,241.0819218898246,85,26.92412952174502,14,7381,5.233000976357456,492.726523399353,235.1777293612599,69.48437955975533,7381,38.66315846523879,16907.0,239.08791422843933,200000.0,2.0,276.3777916431427,400000.0,836.5123793288341,2000.0
0.06816174,5.8267105e-05,73.00907,-0.0056283227,0.001168644,0.006942485,11.571556,39.914806,39.92028,4.2998347,134.72862,15.243831,132.5242,0.99999994,-0.066528775,-0.9999996,523,0.62646693,0.0865124420475269,0.0755252911106304,0.0630863025917615,10,0.0074630919519748,97,52.3,41,10,15.33003587732266,450.53138256073,374.95536218322815,227.3475183546543,10,68.21951270997698,-11.058373706674065,-18.70598606492471,-27.268596428807083,10,5.16061022299168,499.9750049054789,427.6572190655887,272.33684391289205,10,66.01949787489121,-0.0005153670861517,-0.4057047905089345,-0.949595697265077,10,0.3544065763888044,-27.023406666666663,-33.524817166666665,-64.48767500000001,10,10.654515625992165,0.0,0.0,0.0,10,0.0,-0.0301819007763006,-0.0653481227702551,-0.1390736984990726,10,0.0267930025192689,0.024390243902439,0.0201682360090432,0.0103092783505154,10,0.0036655248209984,4.799406,-0.0023323013,-5.0890846,1000,0.8998869,0.0,0.0,0.0,0.0009,0.0,300.31378540398686,216,39.21374652363925,16,5034,12.509305306737224,539.0609135627747,318.03548806975954,41.90477787330747,5034,67.99006904134585,21941.0,220.9097318649292,200000.0,3.0,497.2875235080719,600000.0,905.3471674226012,3000.0
0.00028754372,1.8944736e-06,118.96232,-0.005301958,3.2813134e-06,0.0074432795,12.198319,39.91766,39.911564,5.2125325,157.50981,22.279968,154.1109,1.0,-0.071363,-1.0,571,0.7544944,0.1095724058787335,0.092613124415245,0.0814962413111061,10,0.0075179465173467,68,57.1,45,10,7.395268757793729,552.085159778595,449.1367611357943,131.57285923697054,10,115.5152255166052,-11.995444734621422,-16.102353738136202,-20.88511360496544,10,3.0238287540785507,618.3187284620459,508.3874205701028,204.2173125073224,10,114.20308555451273,-0.1319914829700672,-0.3335580336399127,-0.7761517143794106,10,0.166702589877666,-32.638659999999994,-42.693473,-58.170515,10,8.127544266478955,0.0,0.0,0.0,10,0.0,-0.0847881804939463,-0.1212752157763026,-0.2166557887110975,10,0.0388258365289491,0.0222222222222222,0.0178122065648326,0.0147058823529411,10,0.0023287698974854,4.541898,-0.03428865,-4.4250126,1000,1.0146817,0.0,0.0,0.0,0.0009,0.0,396.5895658041716,328,59.48391899940441,20,3358,27.650851246127807,724.6941659450531,406.9892564973412,67.19898641854525,3358,96.8157595477965,25299.0,223.6059410572052,200000.0,4.0,720.8934645652771,800000.0,894.4306177841398,4000.0
1.1540896e-05,8.635359e-08,163.54501,-0.004930639,1.2138251e-07,0.00787445,12.341843,39.906326,39.896904,5.5351276,170.08855,29.77687,166.34322,1.0,-0.16728236,-1.0,553,0.7954241,0.0973563014900846,0.0826512825399164,0.0658908530708036,10,0.0095637826088702,65,55.3,44,10,7.349149610669251,564.8326082229614,480.8511012077332,400.6226282119751,10,58.36917996570878,-8.400782228282281,-16.49739306374915,-24.18062608398796,10,4.873220503155561,633.413085270804,534.3138849970617,439.02748349857336,10,67.97612234865355,-0.0960499966978899,-0.3362119322878457,-0.767958079878488,10,0.1884270491973547,-26.058285,-36.51669433333334,-45.36071833333334,10,6.769943470722108,0.0,0.0,0.0,10,0.0,-0.045958220382603,-0.112484743135278,-0.1844579329461558,10,0.0396394308805434,0.0227272727272727,0.0184156038418604,0.0153846153846153,10,0.0025144340956189,4.5377145,-0.084280886,-4.9536004,1000,1.06448,0.0,0.0,0.0,0.0009,0.0,448.6449077965839,427,62.16713527022805,23,3201,22.84281744554496,781.5232160463929,453.1444275598169,58.71513048559427,3201,104.95357460403858,28500.0,206.4764003753662,200000.0,5.0,927.3698649406432,1000000.0,968.6337016550444,5000.0
9.299849e-07,6.747339e-09,204.7167,-0.0039915964,9.992389e-09,0.007676497,12.369876,39.86764,39.857193,5.354974,182.87779,33.290974,180.12787,1.0,-0.1809909,-1.0,666,0.8474547,0.0972310908659023,0.0865418574518192,0.0718935339994707,10,0.0075506305895177,89,66.6,48,10,13.792751719653335,712.8111267089844,580.1957317113877,428.42036628723145,10,103.62124356329498,-14.612521267704668,-24.563130725495213,-34.68954944618946,10,7.814478686374266,796.9348229273016,649.530234015542,477.7227204557271,10,120.30222600599885,-0.0427482229035316,-0.5992304617089719,-1.0267921148171744,10,0.323511409736262,-31.49806166666667,-44.062191,-64.66315166666668,10,10.324218559292683,0.0,0.0,0.0,10,0.0,-0.0778428996496914,-0.1099501325054231,-0.1495830934322548,10,0.0223850490266833,0.0208333333333333,0.0157095964378354,0.0112359550561797,10,0.0033906934146948,4.719751,-0.12833023,-5.0550137,1000,1.0972732,0.0,0.0,0.0,0.0009,0.0,477.4490974186144,281,61.95874689826303,18,3224,17.42696131182172,1088.0538005828855,486.824080741418,67.52585006691515,3224,121.3799290396442,31724.0,210.70326614379883,200000.0,6.0,1138.073131084442,1200000.0,949.2021821033654,6000.0
2.5856966e-07,1.8252427e-09,239.38312,-0.0030628103,2.8290115e-09,0.007371706,12.384737,39.823772,39.813137,5.711707,207.3235,39.789833,205.7062,1.0,-0.18906176,-1.0,1045,0.8609203,0.0960495614414017,0.0872702291020371,0.0728879417884551,10,0.0072084281521242,124,104.5,60,10,18.101104938649463,1082.6961550712583,911.1372746944428,512.4168429374695,10,160.06947821837767,-12.850799958728114,-43.95182304972034,-59.76514678561986,10,13.292278964538884,1223.0876247415326,1024.9695919143828,565.5772557084335,10,184.10898203316768,-0.9158964796239436,-1.3779177264210396,-1.934542255211944,10,0.3202090858960966,-39.219035000000005,-68.33938783333335,-85.28165999999999,10,12.762863828368356,0.0,0.0,0.0,10,0.0,-0.127629241224623,-0.1631874457651369,-0.2046888909581248,10,0.0262015108649003,0.0166666666666666,0.0099777220956491,0.0080645161290322,10,0.0024164248879662,4.679625,-0.15292557,-4.8670626,1000,1.1202836,0.0,0.0,0.0,0.0008999999999999,0.0,574.5400749336083,193,76.45468689225982,20,2571,20.793903295067807,1364.6364030838013,617.0779525468998,76.65665538981557,2571,178.05972548821703,34295.0,204.4597973823548,200000.0,7.0,1342.5329284667969,1400000.0,978.1874117090384,7000.0
1.559542e-07,1.1437191e-09,270.22366,-0.0027788226,1.6634567e-09,0.0076428475,12.410701,39.803295,39.791588,6.816737,251.21208,57.486286,249.68929,1.0,-0.174891,-1.0,3266,0.86462265,0.0935146372089175,0.0905560015602832,0.0874228682643746,10,0.0020768512268538,488,326.6,202,10,94.2785235353206,4174.168055534363,2763.888831233978,1687.82603931427,10,811.5725262684961,-67.69492150197746,-134.01212646404775,-197.4799321324408,10,39.06113065254239,4714.837466259784,3123.7457896915885,1890.356412737444,10,916.8696918988333,-2.3566446064878748,-4.912635074805536,-8.034662450063617,10,1.7871676327168202,-132.13393000000002,-220.38114566666667,-334.37078833333334,10,65.40513245689613,0.0,0.0,0.0,10,0.0,-0.344876679072562,-0.5510498540006605,-0.7840297116762149,10,0.1439976412652171,0.0049504950495049,0.0033252522674146,0.0020491803278688,10,0.0009349564499458,4.768009,-0.13977689,-5.017434,1000,1.1386167,0.0,0.0,0.0,0.0009,0.0,785.4332120721405,335,114.33095662507428,20,1683,40.92192657203596,2689.5553588867188,942.1065361952076,82.40829512476921,1683,343.89453852002924,35978.0,207.2624869346619,200000.0,8.0,1549.7954154014587,1600000.0,964.9599546832064,8000.0
1.1292858e-07,9.0785945e-10,297.72095,-0.0023168118,1.124855e-09,0.007675789,12.432549,39.79175,39.779,8.304804,310.23065,84.64018,308.14337,1.0,-0.14850451,-1.0,10000,0.86189485,0.0934999762756488,0.093043302738454,0.0927220877075305,10,0.000290551026198,1000,1000.0,1000,10,0.0,8252.302453994751,8121.01967420578,7974.917634487152,10,85.63962169354174,-353.39117689746473,-359.0370861956095,-367.019144531414,10,3.964927521247045,9327.458431493764,9198.50925027529,9050.103562132488,10,84.91819862491123,-12.403338648147866,-13.600503669115772,-14.61500920266781,10,0.7982414128598632,-699.7132083333333,-702.9683004999999,-707.1709666666667,10,2.627305310084726,0.0,0.0,0.0,10,0.0,-1.7958619182715894,-1.8836860279390275,-1.9442046969302904,10,0.0398696575556568,0.0,0.0,0.0,10,0.0,4.4285965,-0.10584213,-4.577017,1000,1.1404426,0.001136025,0.0018324225,0.2749635202941781,0.0006963975,0.4095999999999999,1203.0954987069272,787,209.3879716981132,28,848,124.3873541191142,5516.149273492396,1641.183324165695,83.96465265378356,848,931.7042467244872,36826.0,199.7888355255127,200000.0,9.0,1749.5842509269714,1800000.0,1001.056938311552,9000.0
8.819413e-08,7.3480055e-10,320.78574,-0.0017736066,8.5269397e-10,0.0075477497,12.444375,39.790306,39.776634,9.477446,370.119,113.05438,367.56888,1.0,-0.14620256,-1.0,10000,0.86094403,0.0942818812599143,0.0936470375841221,0.0928854651694855,10,0.0004821049165175,1000,1000.0,1000,10,0.0,8055.217063903809,7894.879152584076,7673.431493759155,10,100.79586629899642,-344.3841541603275,-352.6881130903813,-361.02389315335904,10,5.0884953378775,9116.37409026235,8959.460482448036,8740.529792098207,10,98.46117187165412,-10.7048869792884,-11.860435377883972,-12.670893149049348,10,0.5657531347783888,-692.6064033333333,-698.2216566666667,-702.78405,10,2.7867109052266,0.0,0.0,0.0,10,0.0,-1.7492802340808389,-1.811126603073516,-1.8462584403568103,10,0.0297971426415475,0.0,0.0,0.0,10,0.0,4.923064,-0.08853582,-4.6610346,1000,1.1345274,0.003080835,0.003671325,0.6084058483708458,0.0005904899999999,0.7050879999999999,1688.8687754736984,1000,227.2079510703364,15,654,173.87506375586955,6924.393460988998,1528.551109162781,134.4457721710205,654,1152.3531765517996,37480.0,208.408509016037,200000.0,10.0,1957.9927599430084,2000000.0,959.6537154085682,10000.0
7.328514e-08,5.9984023e-10,339.16064,-0.0012884985,7.192924e-10,0.0073933895,12.446026,39.79101,39.776527,9.627462,434.64984,119.702385,432.2216,1.0,-0.11822657,-1.0,10000,0.8634952,0.0985975637679657,0.0976715098898595,0.0970301912521681,10,0.0004942848513166,1000,1000.0,1000,10,0.0,8429.472957134247,8416.407604455948,8385.974723815918,10,11.54292343045235,-317.4587671657198,-321.5312211055292,-326.4771864424438,10,2.6579113690282328,9502.033167253356,9486.659796000904,9455.045773306185,10,12.285798341560833,-14.229119345732444,-14.788476563586352,-15.38203508661005,10,0.3601221252441378,-726.9120916666667,-731.8868551666667,-736.3878316666667,10,3.1348625333355344,0.0,0.0,0.0,10,0.0,-2.01577334527905,-2.045639510997824,-2.0890138774046907,10,0.0216045045745799,0.0,0.0,0.0,10,0.0,4.3730736,-0.10378033,-5.0243254,1000,1.1397924,0.004852305,0.0054427949999999,0.9775039496478208,0.0005904899999999,0.8452301823999999,1843.6638771709536,1000,482.5425219941349,24,341,306.6912851379434,7503.874572753906,3344.870579988112,209.72074699401853,341,2045.3587752374845,37821.0,221.13636326789856,200000.0,11.0,2179.129123210907,2200000.0,904.4193231924836,11000.0
6.3507116e-08,5.062095e-10,351.29068,-0.0006572706,6.369187e-10,0.0069805025,12.438604,39.790104,39.77455,8.711689,504.3149,107.49296,502.65384,1.0,-0.085017726,-1.0,10000,0.86377364,0.1025252715294918,0.1017320585811248,0.1013584997376165,10,0.0003266336785293,1000,1000.0,1000,10,0.0,8769.333439350128,8709.228329896927,8634.762965679169,10,35.63132624691416,-279.2105727172308,-287.23047306262424,-296.26418418842405,10,4.7407091151526,9830.30385421653,9777.778854544624,9701.859471933683,10,35.04053159615173,-15.338164280788195,-16.27566150461841,-17.245320558075313,10,0.5444975386234231,-757.8837233333334,-762.9725466666667,-768.0613700000001,10,3.104995033243291,0.0,0.0,0.0,10,0.0,-2.0180396583890454,-2.0718501403982543,-2.115883988809334,10,0.030616819941739,0.0,0.0,0.0,10,0.0,4.4189296,-0.0899931,-4.7340016,1000,1.1424543,0.006623775,0.0072142649999999,1.2441658178323602,0.0005904899999999,0.922690588672,2725.6364144085446,1000,741.7095808383234,38,334,314.14051944330856,8372.348863601685,5941.983702475573,273.98380433768034,334,2500.542639954855,38155.0,200.24991750717163,200000.0,12.0,2379.379539966584,2400000.0,998.7519719843946,12000.0
5.6636008e-08,4.3786053e-10,356.32993,-0.00019188301,5.815878e-10,0.0066058217,12.433414,39.78019,39.763847,7.7306433,561.4856,95.026764,560.3258,1.0,-0.06659232,-1.0,10000,0.86256397,0.1053916630727908,0.1042858833176753,0.1027936536019406,10,0.0007935207406402,1000,1000.0,1000,10,0.0,8901.902276039124,8868.521788787843,8817.855787277222,10,21.605272466364102,-232.8255426332572,-245.7990262032858,-253.78750670089423,10,5.485873424842045,9957.384414850409,9929.93328167756,9866.48622648881,10,23.52107373891156,-15.9892664657393,-16.955805576439882,-17.698342504969936,10,0.4969139943798701,-786.5741583333333,-796.1815058333334,-803.2444416666667,10,4.338614008133901,0.0,0.0,0.0,10,0.0,-2.38885499042874,-2.47515376350812,-2.529841891873808,10,0.0363559915962021,0.0,0.0,0.0,10,0.0,4.74033,-0.077925295,-4.864745,1000,1.143428,0.00750951,0.0081,1.505298906030213,0.0005904899999999,0.9450244186112,2729.619763967627,1000,568.6363636363636,48,275,300.4119452676676,8670.724754333496,4741.590180695059,424.6612691879273,275,2499.1060913858964,38430.0,201.77156829833984,200000.0,13.0,2581.151108264923,2600000.0,991.2199309680718,13000.0
5.1535e-08,3.8713224e-10,357.93875,-0.00014952647,5.404977e-10,0.0065924237,12.431481,39.76389,39.747246,6.8493686,600.52155,81.49428,599.6053,1.0,-0.032703944,-1.0,10000,0.86175036,0.1090569906366727,0.1084933190995565,0.1075782308673224,10,0.0004089053067804,1000,1000.0,1000,10,0.0,8907.284231185913,8860.278410148621,8829.862425327301,10,23.5250125141994,-199.73569811829788,-213.5622093331273,-227.9253810136445,10,9.34058330246345,9959.7077937771,9922.903464765724,9893.065375806222,10,20.173985268306552,-18.7255902047286,-19.532618221055703,-20.364709905455893,10,0.4901885659327208,-820.17794,-826.9513393333333,-831.4084466666667,10,3.4041568802415805,0.0,0.0,0.0,10,0.0,-2.469419236896514,-2.578888465677038,-2.6563529195931,10,0.0480708064569784,0.0,0.0,0.0,10,0.0,4.7769995,-0.045295138,-4.977812,1000,1.1388913,0.0081,0.0086904899999999,1.6387028766828364,0.0005904899999999,0.95601953488896,3907.1823856331775,1000,505.88128772635815,22,497,354.48198949624367,8793.24189710617,4168.531776870836,192.038311958313,497,3130.973678420597,38927.0,203.9219949245453,200000.0,14.0,2785.0731031894684,2800000.0,980.7671804799844,14000.0
4.7581263e-08,3.5136585e-10,356.90466,0.00013360259,5.050969e-10,0.006290681,12.423901,39.723648,39.706326,6.3835196,625.08856,75.114815,624.37585,1.0,0.014721985,-1.0,10000,0.8580357,0.1143895553854963,0.1137704772554076,0.1129631212858221,10,0.0004180729060503,1000,1000.0,1000,10,0.0,8928.715664863586,8914.742103099823,8896.645072937012,10,10.662513561760012,-172.362425150802,-174.2578525891438,-177.0424565506741,10,1.644284293368056,9989.045807025475,9976.121715527286,9954.921336356698,10,10.12209867088254,-18.934842399960203,-19.767827132958587,-20.363953442560124,10,0.4069574427378011,-857.817685,-864.7051441666666,-870.18879,10,3.4263476156581536,0.0,0.0,0.0,10,0.0,-2.553379708177131,-2.648786934300509,-2.7624573732735365,10,0.0592960046521389,0.0,0.0,0.0,10,0.0,4.53974,-0.03066902,-4.549482,1000,1.1403702,0.0086904899999999,0.0092809799999999,1.771927424305716,0.0005904899999999,0.964815627911168,3862.962875401556,1000,597.9649681528663,24,314,323.4271623503785,8862.08358335495,4853.640093852655,215.0505781173706,314,2766.739556658472,39241.0,208.74624514579773,200000.0,15.0,2993.819348335266,3000000.0,958.1010660110846,15000.0
4.4329106e-08,3.218415e-10,353.2582,0.00010195271,4.7608245e-10,0.0062566954,12.419106,39.69806,39.68017,6.3001304,637.43756,74.773926,636.6555,1.0,0.02949906,-1.0,10000,0.85604095,0.1174220994842908,0.1162565363540983,0.1154365337809285,10,0.0005367870672794,1000,1000.0,1000,10,0.0,8900.17376422882,8880.206752157212,8843.704214572906,10,16.63710725321402,-187.92013997814763,-198.9320073231144,-209.37119259802472,10,6.087139924219668,9993.839550559336,9978.99527602624,9937.495819360593,10,17.01089834278059,-16.472150516997115,-17.37072788242842,-18.462697275223466,10,0.6589902253551355,-876.9446416666667,-879.8487805000001,-885.1043066666667,10,2.853978422372498,0.0,0.0,0.0,10,0.0,-2.569008558541052,-2.637008688738522,-2.7171108605642145,10,0.0405965954384999,0.0,0.0,0.0,10,0.0,4.896992,-0.023602478,-4.8015647,1000,1.1375512,0.0095762249999999,0.0101667149999999,1.9709503700100808,0.0005904899999999,0.9746672520960408,4718.656599985776,1000,489.7533936651584,30,442,298.5957940679831,8856.140703201294,3980.261911001084,272.704195022583,442,2522.6559997135355,39683.0,377.81786727905273,200000.0,16.0,3371.637215614319,3200000.0,529.35558987813,16000.0
4.1654953e-08,3.001952e-10,352.8012,-0.00016653945,4.4959397e-10,0.0065169614,12.417067,39.68985,39.671352,6.482591,632.88525,75.950424,631.7845,1.0,0.003283155,-1.0,10000,0.8611769,0.1141179230941197,0.1130805238399392,0.1122786142082623,10,0.0005031517688487,1000,1000.0,1000,10,0.0,8899.90309715271,8891.192210102081,8878.480224132538,10,5.759805625289041,-212.11521936806795,-219.0243853385861,-223.8309102801099,10,3.203632633799891,9997.842468438124,9992.291587020743,9981.483048736676,10,4.529569883988917,-15.51189423000099,-16.239350469765334,-16.88658421438203,10,0.421790819631046,-854.4836283333334,-863.1258541666668,-867.293425,10,3.74412479274061,0.0,0.0,0.0,10,0.0,-2.590241787411732,-2.709790889737103,-2.7858756573530186,10,0.05135481521049,0.0,0.0,0.0,10,0.0,4.7238584,-0.023080131,-4.591657,1000,1.1375446,0.0107572049999999,0.0113476949999999,2.1859958854940795,0.0005904899999999,0.9837870413414662,4823.789372593383,1000,459.04545454545456,31,396,288.46963489614745,8803.820548534393,3896.9018215315377,282.3439073562622,396,2488.4094076283955,40079.0,198.43940711021423,200000.0,17.0,3570.076622724533,3400000.0,1007.8643295326872,17000.0
3.93769e-08,2.7997218e-10,354.87115,-0.00031972627,4.2881212e-10,0.006707407,12.411672,39.696354,39.677475,6.4994817,623.78973,77.6997,622.3509,1.0,-0.003891394,-1.0,10000,0.8657797,0.1134264106584451,0.1125053286853915,0.1109588427005073,10,0.0007920439203092,1000,1000.0,1000,10,0.0,8883.947241783142,8876.443919324875,8871.98415184021,10,3.867920530509721,-240.1309235525804,-245.63084937662063,-249.82664850955425,10,3.025798884803562,9999.503507928592,9998.045727059143,9995.676153980115,10,1.1956704533413185,-14.292470110206828,-14.96768942132624,-15.687128877192798,10,0.4227031456108543,-847.7277766666667,-858.3265673333333,-863.7838916666667,10,4.717483846065792,0.0,0.0,0.0,10,0.0,-2.5873536777244794,-2.676702384971261,-2.7327176207792894,10,0.0388869622612694,0.0,0.0,0.0,10,0.0,4.526401,-0.03137801,-4.630336,1000,1.1382548,0.0122334299999999,0.0128239199999999,2.497350074574652,0.0005904899999999,0.990622905095864,4149.5641667545815,1000,368.609872611465,25,628,269.30764444174406,8828.170354366302,3063.7426701133395,221.43769359588623,628,2291.950879145092,40707.0,219.5674841403961,200000.0,18.0,3789.644106864929,3600000.0,910.8816853415132,18000.0
3.7460723e-08,2.6168898e-10,360.02988,-0.00043066638,4.12604e-10,0.006911204,12.407586,39.685978,39.66684,6.466952,609.6936,74.90969,608.00885,1.0,-0.0050063245,-1.0,10000,0.8646774,0.1139650165570637,0.112523135008823,0.110905618513163,10,0.0007570558912127,1000,1000.0,1000,10,0.0,8879.471727371216,8871.011757040023,8858.702341079712,10,6.465612116056428,-238.6979349675981,-242.2832262178602,-247.85296109513223,10,2.717248435051693,9999.889813713631,9994.705889889074,9973.754484295634,10,7.379228096299055,-15.192933248279854,-15.92488212497337,-16.72487235103401,10,0.498865069116898,-852.2024316666666,-862.7047101666667,-871.1539116666668,10,5.408988196183785,0.0,0.0,0.0,10,0.0,-2.729396837946588,-2.781316107916754,-2.8326162649511843,10,0.0290627199341321,0.0,0.0,0.0,10,0.0,4.4803,-0.033103663,-4.6977897,1000,1.1397717,0.0137096549999999,0.0143001449999999,2.8410567502840576,0.0005904899999999,0.9946873377067716,3564.8262456561515,1000,499.4240506329114,29,316,282.4047681829277,8853.884156227112,4197.344842790316,227.7294157464057,316,2399.5932118798864,41023.0,208.93022513389587,200000.0,19.0,3998.574331998825,3800000.0,957.2573804093074,19000.0
3.5815894e-08,2.5039737e-10,365.46762,-0.00045711378,3.9428877e-10,0.0070355306,12.398349,39.66929,39.650063,6.0838985,601.8798,67.63322,600.3492,1.0,-0.00056813285,-1.0,10000,0.86257756,0.1134473469258955,0.1126092279512173,0.1116397209150454,10,0.0005716240980256,1000,1000.0,1000,10,0.0,8888.231457710266,8876.022615480422,8847.973964691162,10,11.09276686451166,-228.4751306299601,-233.5969628225511,-238.78707703937903,10,2.92272982346096,10000.0,9994.630306311135,9965.498101531146,10,10.276040897347883,-14.870462790885288,-15.39345984740034,-16.04324320051023,10,0.3603529699611855,-858.6950683333334,-866.7845426666667,-874.2247533333334,10,4.223814858495293,0.0,0.0,0.0,10,0.0,-2.7430961502465148,-2.832722544843688,-2.913315288096346,10,0.0499844289590403,0.0,0.0,0.0,10,0.0,4.66163,-0.039256398,-4.6497035,1000,1.1382726,0.0148906349999999,0.0154811249999999,3.017748013343232,0.0005904899999999,0.996599896132334,4290.959548257535,1000,602.2892938496583,38,439,313.8733195545664,8906.545119285583,5248.561793028135,336.0865869522095,439,2746.856000882707,41462.0,205.2507140636444,200000.0,20.0,4203.8250460624695,4000000.0,974.4180472764824,20000.0
3.4378846e-08,2.409049e-10,371.6396,-0.0005100539,3.7791442e-10,0.0071995673,12.400472,39.659676,39.640514,5.875009,588.3571,64.937706,586.7397,1.0,-0.015309285,-1.0,10000,0.86921114,0.1123810681795439,0.111592987024199,0.1107284736839792,10,0.0005537271026396,1000,1000.0,1000,10,0.0,8898.398876190186,8892.451903295518,8884.340537071228,10,4.605121750329845,-225.49404173818456,-229.3430551481368,-234.44445498520912,10,3.007589982642799,10000.0,9999.398227248836,9995.074166701834,10,1.4489231804339933,-13.83566516141024,-14.764383511379709,-16.17790097424386,10,0.6074878142020894,-856.0629183333333,-859.9497265000002,-864.6612749999999,10,3.02106665360508,0.0,0.0,0.0,10,0.0,-2.841437269196307,-2.889161379584611,-2.9470053537887533,10,0.0303416044213454,0.0,0.0,0.0,10,0.0,4.5257807,-0.039606385,-4.756593,1000,1.135983,0.0163668599999999,0.0169573499999999,3.28341526282385,0.0005904899999999,0.99803348066676,3932.266761858198,1000,385.4570815450644,20,466,203.3659022995056,8881.120747566223,3253.779149751004,179.26947021484375,466,1677.878732176336,41928.0,211.58735346794128,200000.0,21.0,4415.412399530411,4200000.0,945.2360773079146,21000.0
3.3191792e-08,2.2898519e-10,377.18805,-0.0004761041,3.6846706e-10,0.0072654877,12.400357,39.64503,39.62561,5.603547,571.6408,60.193047,570.095,1.0,-0.027731603,-1.0,10000,0.87644064,0.1112113472206256,0.1104250307755282,0.1098221930211148,10,0.000406081319394,1000,1000.0,1000,10,0.0,8921.273157119751,8913.998737001419,8892.501471042633,10,8.166293859560543,-214.1436749615771,-218.99072478785064,-222.695677325472,10,2.739940331447252,10000.0,9997.856492872495,9982.693202713752,10,5.098001600303204,-15.230645080604637,-15.693145808562027,-16.090344456573433,10,0.307794525511103,-842.0247850000001,-846.3415110000002,-851.500525,10,2.848673311540453,0.0,0.0,0.0,10,0.0,-2.776293433899676,-2.832375641266317,-2.903873836762896,10,0.0350521300086013,0.0,0.0,0.0,10,0.0,4.862146,-0.049209185,-4.668392,1000,1.1384526,0.0175478399999999,0.0181383299999999,3.562146047719467,0.0005904899999999,0.9987620599607144,3943.8522082906447,1000,667.8122605363984,20,261,289.1526251237619,8889.548868179321,5686.862325707336,177.72449207305908,261,2489.0527696235204,42189.0,206.22783279418945,200000.0,22.0,4621.6402323246,4400000.0,969.801201371278,22000.0
3.216312e-08,2.2991552e-10,381.5089,-0.00030919988,3.490206e-10,0.007176361,12.389794,39.62336,39.604347,5.198435,558.3688,53.51809,557.1861,1.0,-0.04435898,-1.0,10000,0.8775918,0.1087960700152179,0.1081881458939722,0.107602815175589,10,0.0003019438161791,1000,1000.0,1000,10,0.0,8943.752027511597,8938.58679265976,8930.135462760925,10,4.3852358972508165,-207.4987649436208,-213.75644220275825,-218.0864122544224,10,2.843202719331845,10000.0,9998.45795542543,9992.04693013816,10,2.5278170993817164,-15.865711368502408,-16.295381052149988,-16.711970583925126,10,0.2321136202093023,-822.9855666666667,-827.0039823333333,-828.9517733333334,10,1.8268966698782585,0.0,0.0,0.0,10,0.0,-2.772934048242531,-2.8153555150317144,-2.8786592184223125,10,0.0314403665393947,0.0,0.0,0.0,10,0.0,4.5118585,-0.054432504,-4.545594,1000,1.1380585,0.0181383299999999,0.0187288199999999,3.656664312145221,0.0005904899999999,0.9990096479685716,4925.038088253457,1000,691.9176470588235,30,255,341.58714485723635,8916.485630512238,5999.828369570807,265.8045415878296,255,2953.499561782667,42444.0,207.0778810977936,200000.0,23.0,4828.718113422394,4600000.0,965.8201974046132,23000.0
3.1229185e-08,2.2279695e-10,382.91498,-0.00032433963,3.3932837e-10,0.007216809,12.387502,39.605255,39.586277,4.786167,547.4642,46.100563,546.6033,1.0,-0.04810828,-1.0,10000,0.8794306,0.1093674116490146,0.1079622608834615,0.1058780516816041,10,0.001055116631214,1000,1000.0,1000,10,0.0,8970.48114490509,8953.165368461609,8940.354736804962,10,8.950538037701449,-193.75234394154523,-199.7758988935701,-204.16026398926127,10,3.331670636942878,9999.999997136863,9997.776010008474,9993.034034984805,10,2.2676844618135323,-16.84415901937739,-17.62371844181548,-18.30705769090444,10,0.4688303624688697,-811.8427983333333,-824.4595706666667,-831.8471383333333,10,5.923188825601832,0.0,0.0,0.0,10,0.0,-2.678096191216098,-2.7514527201463994,-2.813371703157957,10,0.0409178523709441,0.0,0.0,0.0,10,0.0,4.7878704,-0.04976766,-4.670808,1000,1.1393023,0.0187288199999999,0.0193193099999999,3.7790758266415416,0.0005904899999999,0.9992077183748572,5305.8742238691,1000,585.3869209809264,23,367,356.7005057987914,8923.597770690918,5060.0591791077,186.9504119679332,367,3143.907972901213,42811.0,214.23780584335327,200000.0,24.0,5042.955919265747,4800000.0,933.5420478784978,24000.0
3.0430957e-08,2.1590726e-10,386.96188,-0.0005400194,3.3185002e-10,0.007505333,12.38932,39.601105,39.58191,4.822828,531.7966,46.276806,530.96185,1.0,-0.046000727,-1.0,9040,0.87897277,0.1096880109293124,0.1079424312291521,0.1032602861097984,10,0.0018286257677988,1000,904.0,40,10,288.0,8970.840188980103,8099.611504840851,351.9086322784424,10,2582.57617862912,-7.070167626253516,-165.83709603099024,-188.1951548436166,10,53.00304559277334,9994.829565436155,9032.55540005018,390.7658988267234,10,2880.596830936375,-0.1109354656206432,-16.466512387966542,-19.13117454394509,10,5.48399185774635,-31.585800000000003,-748.1535421666666,-835.44441,10,238.9266137139168,0.0,0.0,0.0,10,0.0,-0.0903639544924467,-2.486745020477461,-2.7886427532133578,10,0.7992381874815737,0.025,0.0025,0.0,10,0.0075,5.250139,-0.051981,-4.6581135,1000,1.1399002,0.0193193099999999,0.0199097999999999,3.8886250692185,0.0005904899999999,0.999366174699886,5873.366309603894,1000,603.5305466237942,23,311,271.6391441409075,8920.858758926392,5158.793085458758,201.17679119110107,311,2282.855904990909,43122.0,216.16764736175537,200000.0,25.0,5259.123566627502,5000000.0,925.207830315612,25000.0
2.9779617e-08,2.1586781e-10,391.30362,-0.00038906824,3.201654e-10,0.0074325334,12.381935,39.581814,39.562763,4.614689,521.3953,43.236588,520.70355,1.0,-0.063055694,-1.0,10000,0.8776848,0.1072122996171674,0.1062068103955796,0.1042542672736308,10,0.0008988868406267,1000,1000.0,1000,10,0.0,9013.613466262816,8993.090970945359,8979.757820129395,10,11.20889145698822,-164.5292655941529,-172.84879623187493,-182.16249895384613,10,5.568832511469121,9998.769221992245,9996.840842235211,9994.214602658049,10,1.357958635609774,-16.528563209521604,-17.534726696251735,-18.36471911288545,10,0.5835927445151102,-797.4537116666667,-810.7022,-818.9496033333334,10,5.834434242656546,0.0,0.0,0.0,10,0.0,-2.6068233950864146,-2.664144667097964,-2.718735610875453,10,0.0360200872259073,0.0,0.0,0.0,10,0.0,4.7793093,-0.049652588,-4.7569227,1000,1.1384919,0.0205002899999999,0.0210907799999999,4.05829596761833,0.0005904899999999,0.9995875910047256,5703.772277239604,1000,594.2347188264059,29,409,310.179447498297,8934.421376228333,5134.3764974951,257.0569314956665,409,2702.1904103636484,43531.0,211.08192110061648,200000.0,26.0,5470.205487728119,5200000.0,947.499430349916,26000.0
2.9185978e-08,2.1184592e-10,395.41156,-0.0004975631,3.1350172e-10,0.007614971,12.376754,39.568863,39.549763,4.6715083,501.11066,42.947365,500.1105,1.0,-0.09624968,-1.0,10000,0.87073946,0.102514027396377,0.1017166620308271,0.1007390731109044,10,0.0005700902094615,1000,1000.0,1000,10,0.0,9044.500673294067,9028.364698457715,8970.801407337189,10,20.85514691633604,-152.6650563090086,-159.5439532565358,-165.17470118411157,10,3.654774731752165,9999.994681427284,9991.369760564869,9938.075563596623,10,18.49389840882851,-15.668445879508132,-16.47980542341991,-17.40334615127241,10,0.4731537691391272,-778.9409233333334,-784.2754140000001,-790.0836916666667,10,3.4675627927984314,0.0,0.0,0.0,10,0.0,-2.6127142546774853,-2.705885648584472,-2.7765701948440644,10,0.0530880784120869,0.0,0.0,0.0,10,0.0,5.049822,-0.050816186,-4.7038493,1000,1.1377251,0.0222717599999999,0.0228622499999999,4.494232801005909,0.0005904899999999,0.9997888465944196,3974.361488935416,1000,355.3791821561338,26,538,260.3354164983051,8904.127274990082,3000.5500827888154,185.8064485490322,538,2162.720602191996,44069.0,202.229101896286,200000.0,27.0,5672.434589624405,5400000.0,988.977343639546,27000.0
2.8666872e-08,2.075113e-10,402.12762,-0.00074844743,3.0849243e-10,0.007986745,12.373729,39.567608,39.54844,4.710615,474.26074,43.203453,473.13345,1.0,-0.10710781,-1.0,10000,0.8693253,0.1014013096822163,0.1005224227426311,0.0995199479741713,10,0.0006290549301313,1000,1000.0,1000,10,0.0,9059.266452789308,9049.570629405976,9041.577167510986,10,6.581123866205553,-145.00979152451868,-151.2173669490214,-158.11135311970577,10,4.390176074771648,10000.0,9999.027336436982,9994.75895483576,10,1.497854264635146,-15.204369895494713,-15.427408495877398,-15.656437282415585,10,0.1469701096039924,-774.37853,-780.0288786666666,-786.1354666666666,10,3.547103587304068,0.0,0.0,0.0,10,0.0,-2.724658640184313,-2.7830547744690177,-2.8456584724211327,10,0.0382429943364572,0.0,0.0,0.0,10,0.0,5.051012,-0.051055364,-4.920175,1000,1.1373358,0.0240432299999999,0.0246337199999999,4.763675542452878,0.0005904899999999,0.9998918894563428,3786.2137232019086,1000,442.8517786561265,24,506,266.95966403214646,8938.713875770569,3759.2426622470302,212.99237632751465,506,2261.409926803185,44575.0,201.8349051475525,200000.0,28.0,5874.269494771957,5600000.0,990.9088809677836,28000.0
2.8231272e-08,2.0429146e-10,411.97522,-0.0008404347,3.0387146e-10,0.008255989,12.3732,39.56824,39.549023,4.768826,445.32938,41.99986,444.01733,1.0,-0.10166626,-1.0,10000,0.86762357,0.1026951086019835,0.101215459382694,0.1000776743611058,10,0.0006463775195518,1000,1000.0,1000,10,0.0,9061.090976715088,9050.200485897063,9031.650825500488,10,7.545349611969116,-134.8065732354821,-141.06593493793392,-143.90155903936244,10,2.459310688445197,9999.99953344614,9998.478178058887,9988.44277226681,10,3.383518126265402,-14.080233532551016,-14.798975546214214,-15.63269225325227,10,0.4947296047410296,-783.5033166666667,-789.5309401666667,-797.8924033333333,10,3.929080876503868,0.0,0.0,0.0,10,0.0,-2.8173273040254667,-2.8818413880972296,-2.9293934180253656,10,0.0327655848309105,0.0,0.0,0.0,10,0.0,4.7157545,-0.066303395,-4.5898213,1000,1.1365713,0.0258146999999999,0.0264051899999999,5.136366187412144,0.0005904899999999,0.9999446474016476,3186.7743285799825,1000,515.6519337016574,19,362,252.4876898899916,8923.919546604156,4436.015605618393,170.0520715713501,362,2152.1263030391865,44937.0,204.6012282371521,200000.0,29.0,6078.8707230091095,5800000.0,977.5112384378316,29000.0
2.785773e-08,2.004673e-10,422.07245,-0.0009440183,3.0097191e-10,0.008541322,12.35838,39.55117,39.531837,4.4124513,423.3045,35.890114,422.22296,1.0,-0.10892752,-1.0,10000,0.8642709,0.1006315894184372,0.0997105639373621,0.0989230698330066,10,0.0005354945657951,1000,1000.0,1000,10,0.0,9085.305576324465,9078.99043712616,9065.676658630371,10,5.408468860642508,-122.08340897213344,-124.84113842412332,-129.2033515379866,10,2.083319415842797,9999.918694698104,9998.764362293276,9996.44698210523,10,1.2155440673561202,-14.96724209860086,-15.95075152399068,-16.76079776354974,10,0.4677038677762542,-769.4651833333335,-776.1771658333334,-783.7665316666667,10,4.209474568287237,0.0,0.0,0.0,10,0.0,-2.7629992186401635,-2.804871342737305,-2.833193412874349,10,0.0177467991554097,0.0,0.0,0.0,10,0.0,4.6555305,-0.07625449,-4.485427,1000,1.1335481,0.0269956799999999,0.0275861699999999,5.317458111797024,0.0005904899999999,0.9999651550856272,4063.6175194758935,1000,684.9965635738831,35,291,326.35499717429,8961.918206214905,6026.30595256097,315.94415283203125,291,2883.0526736384672,45228.0,213.7735385894776,200000.0,30.0,6292.644261598587,6000000.0,935.5694877843245,30000.0
2.7512556e-08,2.0085844e-10,431.47006,-0.0008920921,2.9436759e-10,0.008658553,12.343792,39.53482,39.515537,4.150351,403.26947,31.726469,402.39386,1.0,-0.112126864,-1.0,10000,0.85969037,0.0995821696744969,0.0988485769809893,0.0979783918207249,10,0.0005819164587588,1000,1000.0,1000,10,0.0,9097.236430168152,9086.607206058505,9076.309914588928,10,6.058103700965911,-113.04397611938836,-118.82702121173315,-123.693885404206,10,2.9704887932601665,9999.889888724712,9998.709940705556,9997.71593737256,10,0.6910341628014162,-14.944234511119603,-15.59821751535788,-16.31908721959491,10,0.5050053903828997,-767.9736316666667,-774.7996740000001,-783.85427,10,3.977131325600857,0.0,0.0,0.0,10,0.0,-2.7807090597728985,-2.8778204340654554,-2.95722834702142,10,0.0503124366395599,0.0,0.0,0.0,10,0.0,4.5013056,-0.07482371,-4.598353,1000,1.1317878,0.0278814149999999,0.0284719049999999,5.423168062817025,0.0005904899999999,0.9999749116616516,4569.994419053466,1000,471.9528907922912,24,467,234.0905357699013,8948.909745693207,4123.200281175863,211.2115354537964,467,2035.9661096010773,45695.0,218.93452143669128,200000.0,31.0,6511.578783035278,6200000.0,913.5151399951034,31000.0
2.7187674e-08,1.9860324e-10,442.1554,-0.0010174908,2.907749e-10,0.008976287,12.3380575,39.520718,39.501472,4.0164165,384.1918,29.775612,383.34833,1.0,-0.12526706,-1.0,10000,0.8568878,0.0980165913386008,0.0967906004117539,0.0955510635805985,10,0.0006726200853882,1000,1000.0,1000,10,0.0,9105.77775478363,9097.406383323669,9090.178623199465,10,5.12948493376015,-112.2653725571112,-117.15150612291372,-121.1505839932208,10,2.925323233995792,9999.99994339183,9998.72719642956,9993.899620014336,10,1.7387407001913062,-13.676288220318442,-14.551992279126148,-15.127300718848335,10,0.4580189940994615,-758.1469383333333,-766.6312351666668,-776.8352033333334,10,5.101974653151236,0.0,0.0,0.0,10,0.0,-2.9309359337725818,-2.9860812520557536,-3.051410017987993,10,0.0380175441948394,0.0,0.0,0.0,10,0.0,4.966171,-0.07705537,-4.6769557,1000,1.129705,0.0290623949999999,0.0296528849999999,5.654567729227988,0.0005904899999999,0.999983943463457,4179.509851625735,1000,370.8203309692672,24,423,232.7501747410103,8923.65249633789,3168.627277743674,211.61512851715088,423,1975.4600245192305,46118.0,210.4331111907959,200000.0,32.0,6722.011894226074,6400000.0,950.4207720365052,32000.0
2.6900265e-08,1.9561207e-10,451.80988,-0.0009255351,2.885927e-10,0.009058114,12.3302,39.49778,39.478535,3.7269855,365.62543,25.303568,364.92838,1.0,-0.1327671,-1.0,10000,0.8566941,0.096944179462429,0.0957456307023501,0.0945428364129475,10,0.000739498419284,1000,1000.0,1000,10,0.0,9107.814477920532,9096.31394929886,9081.52460193634,10,7.912730664176232,-118.87208779988788,-124.45930507114268,-130.2584546134349,10,3.5880178313428472,9999.95195317537,9998.3612785244,9995.366703386178,10,1.3197913097592762,-13.374472441726692,-14.165817169636227,-15.204731333218543,10,0.447525915015272,-750.2504883333334,-760.4105873333333,-769.8161366666667,10,5.623856067470146,0.0,0.0,0.0,10,0.0,-2.910147225015871,-3.011624504995168,-3.095908046914433,10,0.0565724960097057,0.0,0.0,0.0,10,0.0,4.548506,-0.08695667,-4.754493,1000,1.1281166,0.0302433749999999,0.0308338649999999,5.856568180744295,0.0005904899999999,0.9999897238166124,4089.2279960313954,1000,453.1910828025478,17,471,292.64083767994646,8951.676325798035,3956.904285155733,149.76936054229736,471,2548.970357466212,46589.0,204.05989837646484,200000.0,33.0,6926.071792602539,6600000.0,980.1043791123778,33000.0
2.6654035e-08,1.9725045e-10,459.47485,-0.000829571,2.8252226e-10,0.009100118,12.32337,39.473766,39.454636,3.4680657,347.06104,21.880344,346.48993,1.0,-0.12421907,-1.0,10000,0.86291075,0.097835844045665,0.0971992640845215,0.0965520890487096,10,0.0004307921952098,1000,1000.0,1000,10,0.0,9102.212266921995,9091.919234085082,9076.577480316162,10,8.268023647411464,-117.27310119338496,-126.13207451642532,-136.91224471259576,10,6.026110518357347,9999.97235770204,9998.592794020507,9996.523316396546,10,1.1180969620663743,-13.09490820581975,-13.601857760055614,-14.151926599149398,10,0.3022890723490928,-759.7262283333332,-764.007859,-769.0264916666667,10,2.712462893108336,0.0,0.0,0.0,10,0.0,-2.850060137226287,-2.931769850144531,-3.002032712509508,10,0.0507837829496589,0.0,0.0,0.0,10,0.0,4.6381164,-0.09015494,-4.7569494,1000,1.1286771,0.0314243549999999,0.0320148449999999,6.058372062094453,0.0005904899999999,0.999993423242632,3953.7459109804727,1000,502.4117647058824,38,340,245.1028976773368,8957.174746513367,4393.4782027364245,309.01687383651733,340,2112.622277582098,46929.0,219.0214805603028,200000.0,34.0,7145.093273162842,6800000.0,913.152442803136,34000.0
2.6457268e-08,1.9625207e-10,466.20764,-0.00073359045,2.7997876e-10,0.009125328,12.318544,39.458553,39.439304,3.2632618,328.92862,19.750376,328.5525,1.0,-0.12059895,-1.0,10000,0.8618662,0.0984553278313687,0.0975050976803264,0.0966294766982755,10,0.0006471103225815,1000,1000.0,1000,10,0.0,9093.64394044876,9083.439005327224,9075.228697776794,10,5.008008406812054,-127.94571892645048,-133.00517743295467,-137.57930312034716,10,3.080531611704691,9999.830011432256,9998.786511393042,9996.238277768203,10,1.2087425489850965,-13.334414825959364,-14.30998550738342,-15.408202572980372,10,0.6345361190870449,-758.322415,-765.1484573333333,-771.9218566666666,10,4.932080687651577,0.0,0.0,0.0,10,0.0,-2.8131129651267788,-2.883881067943844,-2.94315857610031,10,0.0442359753598159,0.0,0.0,0.0,10,0.0,4.603789,-0.089924425,-4.5463505,1000,1.1289691,0.0323100899999999,0.0329005799999999,6.1632935014615216,0.0005904899999999,0.9999953231947606,4707.131024988965,1000,725.5847750865051,22,289,355.0687548459537,8984.20844745636,6419.477645707976,195.7473945617676,289,3160.379428506082,47218.0,210.0294208526612,200000.0,35.0,7355.122694015503,7000000.0,952.2475431682644,35000.0
2.6275348e-08,1.9769754e-10,472.85925,-0.0007897852,2.7525873e-10,0.009301252,12.322943,39.45027,39.431103,3.170403,312.2125,18.343826,311.9028,1.0,-0.12874608,-1.0,10000,0.86004215,0.0973642083575687,0.0966327580187207,0.0955104734526685,10,0.0006279816415771,1000,1000.0,1000,10,0.0,9099.794367790222,9085.60157365799,9073.44589996338,10,8.648695430863496,-128.753629321384,-134.9164915775766,-139.99842035162547,10,3.176146096017059,9999.999954006988,9998.614408806385,9992.228491984148,10,2.2441510135383846,-12.975762646286576,-14.196240141832146,-14.849347035769524,10,0.512633246522427,-752.26847,-760.9633388333334,-770.0793516666668,10,5.115144833333341,0.0,0.0,0.0,10,0.0,-2.851682885657862,-2.936764203517789,-3.0434402644512417,10,0.0547163442519548,0.0,0.0,0.0,10,0.0,4.4083395,-0.08896215,-4.871533,1000,1.1302224,0.0331958249999999,0.0337863149999999,6.311969089954904,0.0005904899999999,0.9999966327002277,5028.336089248043,1000,532.5150753768844,29,398,258.7943315726603,8995.067625045776,4712.293139825791,253.7397499084473,398,2284.7004976188264,47616.0,229.32203459739685,200000.0,36.0,7584.4447286129,7200000.0,872.1359914284935,36000.0
2.6102173e-08,1.9585043e-10,478.498,-0.0007070797,2.7398867e-10,0.009320044,12.314887,39.418854,39.39969,2.9345713,298.16354,16.922792,297.9913,1.0,-0.13994484,-1.0,10000,0.8641107,0.097006661048319,0.0957319866798556,0.0945341059474012,10,0.000805796428899,1000,1000.0,1000,10,0.0,9111.24921989441,9100.925835227968,9089.948236465454,10,5.5187109527382185,-123.94223891927707,-127.82582727192236,-134.47754939347732,10,2.7585797398369274,9999.987882197136,9998.753562679132,9997.398078023709,10,1.0764391332302412,-13.20980874481686,-13.665226177999022,-14.175946108022444,10,0.3037194861859391,-744.5474966666667,-753.426616,-760.3403966666667,10,4.979457684608689,0.0,0.0,0.0,10,0.0,-2.8006737867590363,-2.910059509978526,-2.989874660458636,10,0.0587194663960654,0.0,0.0,0.0,10,0.0,4.6767898,-0.09890636,-4.5012984,1000,1.129046,0.0346720499999999,0.0352625399999999,6.510797435518022,0.0005904899999999,0.9999980524535834,4558.260233891659,1000,515.6904231625836,29,449,291.48216572757485,9006.383561134338,4545.911486155028,255.4754858016968,449,2584.4316125351943,48065.0,213.8457477092743,200000.0,37.0,7798.290476322174,7400000.0,935.2535747958956,37000.0
2.5939181e-08,1.951514e-10,484.59415,-0.0006713071,2.717539e-10,0.009394001,12.3069725,39.396328,39.377388,2.7843838,280.37582,15.490555,280.23965,1.0,-0.14984314,-1.0,10000,0.866191,0.0959843128921202,0.0951991593114769,0.0947020849661639,10,0.0003933714240579,1000,1000.0,1000,10,0.0,9117.173429489136,9112.237489032745,9107.9160490036,10,3.155381684996806,-117.0980570882405,-121.60256859027922,-123.9199539192707,10,2.120069045438246,9999.998061778688,9998.972272017116,9997.555611694828,10,0.8945609840148716,-13.303901008807754,-14.156206468374164,-14.852850783774292,10,0.4623835118826577,-743.9333283333333,-748.0921253333333,-754.0232366666667,10,2.878619706233412,0.0,0.0,0.0,10,0.0,-2.840435109007516,-2.883879591649455,-2.939893645683407,10,0.0336271823952935,0.0,0.0,0.0,10,0.0,4.5628843,-0.123280235,-4.653598,1000,1.1257101,0.0358530299999999,0.0364435199999999,6.748295533858754,0.0005904899999999,0.9999987740035672,4086.2771207536807,1000,576.292576419214,31,229,310.45929770971605,9029.09227657318,5117.06387543056,108.35378205031157,229,2762.396879086245,48294.0,212.9324357509613,200000.0,38.0,8011.222912073135,7600000.0,939.2650738937366,38000.0
2.5784903e-08,1.9629427e-10,488.81516,-0.00069932983,2.6783398e-10,0.009498002,12.289367,39.35193,39.333202,2.466713,267.1316,12.233752,267.31845,1.0,-0.1661393,-1.0,10000,0.8688813,0.0944788660762569,0.0940916785638517,0.0929566587285808,10,0.0004116816991373,1000,1000.0,1000,10,0.0,9139.33953666687,9125.948863887788,9117.321285247805,10,6.466421660601056,-113.2655542703996,-119.32732483529776,-128.55943625149797,10,4.466885964365357,9999.51933231292,9997.256621331971,9991.95664797876,10,2.3211346567270814,-14.476501225974369,-14.946607439703744,-15.892562198958316,10,0.3741040157639631,-726.99983,-734.2821116666667,-735.685925,10,2.4585527215975,0.0,0.0,0.0,10,0.0,-2.715116898340129,-2.751714659549962,-2.7822855968605547,10,0.0238957247447358,0.0,0.0,0.0,10,0.0,4.6982965,-0.13424857,-4.439205,1000,1.1250371,0.0367387649999999,0.0373292549999999,6.782117721398931,0.0005904899999999,0.9999991172825684,5135.837743237891,1000,553.1468085106383,24,470,356.9437313967447,9041.579573631288,4941.515927054464,84.9537812024355,470,3226.021461612391,48764.0,208.8520646095276,200000.0,39.0,8220.074976682663,7800000.0,957.615623163326,39000.0
2.5662697e-08,1.9780078e-10,493.1087,-0.0005145037,2.641278e-10,0.00939046,12.288875,39.341125,39.322308,2.4883676,251.65546,12.493996,251.80565,1.0,-0.18464626,-1.0,10000,0.86234486,0.0926215871369204,0.0917526473629957,0.0910917781853786,10,0.0004801200686657,1000,1000.0,1000,10,0.0,9138.719658851624,9133.32253627777,9124.195991516111,10,4.580089230868118,-122.40540511073502,-127.84746184029083,-132.5586726293891,10,2.635031703483126,9999.883398446816,9998.445013929664,9995.38008006108,10,1.4571958886811447,-13.094210094681234,-13.62620624020894,-14.237922838170396,10,0.3183353718333995,-717.6995666666667,-720.9020158333335,-725.0695866666667,10,2.8355232160769326,0.0,0.0,0.0,10,0.0,-2.697260650970703,-2.746791838846835,-2.853949178786156,10,0.0389541931420938,0.0,0.0,0.0,10,0.0,4.528606,-0.15676928,-4.708025,1000,1.1223799,0.0376244999999999,0.0382149899999999,6.933668817918961,0.0005904899999999,0.9999993722898264,4611.957976966631,1000,376.0326086956522,16,276,284.60354262184586,9000.290437698364,3317.925338157358,116.42901759967208,276,2512.277651886906,49040.0,203.5338695049286,200000.0,40.0,8423.608846187592,8000000.0,982.6374376238988,40000.0
2.5551982e-08,1.9602239e-10,496.99136,-0.00064697146,2.6391334e-10,0.009592816,12.272386,39.299973,39.281116,2.2163227,240.94966,10.025445,241.35365,1.0,-0.20982951,-1.0,10000,0.8483441,0.0876456999668589,0.087365167555373,0.0868355505468062,10,0.0002412827580639,1000,1000.0,1000,10,0.0,9155.460362434387,9149.365659618376,9143.975790023804,10,3.910105740607809,-127.06817949444682,-133.69207874939997,-137.79487912123,10,3.060596375425846,10000.0,9999.272601031333,9997.423276372712,10,0.8314468898589542,-13.882974899538551,-14.597134125532005,-15.4931203930636,10,0.4217482250261887,-692.518665,-698.7831820000001,-702.1698816666667,10,2.633670358689848,0.0,0.0,0.0,10,0.0,-2.775428299772771,-2.8345482261504573,-2.8951639331875567,10,0.03085773696118,0.0,0.0,0.0,10,0.0,4.8369784,-0.1705822,-4.4570875,1000,1.1201096,0.0385102349999999,0.0391007249999999,6.949384874691605,0.0005904899999999,0.999999548048675,5280.047208034656,1000,668.1536458333334,38,384,334.7021294456578,9060.012447357178,6006.10157495023,336.0676317214966,384,3012.8516026514544,49424.0,212.53042316436768,200000.0,41.0,8636.13926935196,8200000.0,941.0417436816712,41000.0
2.5452902e-08,1.9430614e-10,501.37234,-0.00052486797,2.6384617e-10,0.00954957,12.265272,39.272564,39.253696,2.1153326,230.30669,9.082244,230.76456,1.0,-0.22342905,-1.0,10000,0.8355421,0.0852282858324906,0.0841145509377791,0.0822758744714519,10,0.0008364869912588,1000,1000.0,1000,10,0.0,9186.985097885132,9174.927561855317,9164.611298561096,10,7.0219217989582114,-118.12449745577192,-124.4031821754602,-128.28473780263974,10,3.202386904637914,9999.988232169231,9999.509225318929,9998.177136620356,10,0.5832737967446296,-15.6755672784979,-16.236020171583682,-16.787628559709198,10,0.3518074429013039,-666.3726416666666,-681.1302293333333,-689.09687,10,7.0421477682060845,0.0,0.0,0.0,10,0.0,-2.7705448713427194,-2.812233557655825,-2.865650337148625,10,0.0367948639156859,0.0,0.0,0.0,10,0.0,5.4326534,-0.16797905,-4.626814,1000,1.1199763,0.0396912149999999,0.0402817049999999,7.028015342724872,0.0005904899999999,0.999999710751152,5061.482838564658,1000,399.4055793991416,26,466,251.28027691292613,9046.836743354796,3572.032844285156,189.75311040878296,466,2250.21984683877,49890.0,201.7706401348114,200000.0,42.0,8837.90990948677,8400000.0,991.2244906710492,42000.0
2.538247e-08,1.9253167e-10,503.86197,-0.00040587518,2.643528e-10,0.00947539,12.264828,39.251827,39.233025,2.0172892,221.09666,8.240802,221.57689,1.0,-0.22824474,-1.0,9026,0.8320148,0.1096941936965987,0.0856634881537912,0.0816441409514955,10,0.0080518618935596,1000,902.6,26,10,292.2,9183.474391937256,8283.440616035461,232.81169509887687,10,2683.544377437649,-4.994081214989908,-116.43337029365787,-132.46073724510083,10,37.27927912174569,10000.0,9025.637670896407,259.4199730002176,10,2922.072614151279,-0.0692459755338988,-14.85076906713831,-16.956052780737004,10,4.939202061606552,-21.495891666666672,-608.3512818333334,-682.8674483333334,10,195.68935313562548,0.0,0.0,0.0,10,0.0,-0.0490600719724971,-2.5616363838116243,-2.9007016518622883,10,0.8381680440088567,0.0384615384615384,0.0038461538461538,0.0,10,0.0115384615384615,4.5641193,-0.17022179,-4.9365306,1000,1.1200256,0.0411674399999999,0.0417579299999999,7.134290495331047,0.0005904899999999,0.9999998327070366,4609.849624943591,1000,334.2832298136646,31,805,249.5088477839765,9060.03618144989,3000.9044798935024,121.12117413198575,805,2240.6210747095342,50695.0,210.8375747203827,200000.0,43.0,9048.747484207152,8600000.0,948.597517616318,43000.0
2.5331728e-08,1.9268478e-10,506.93753,-0.0003913693,2.6328625e-10,0.009516246,12.258326,39.239178,39.2201,1.9591719,209.47638,7.507026,209.92888,1.0,-0.26404774,-1.0,10000,0.82355696,0.0794544631374738,0.0786671100399195,0.0776810146981588,10,0.000625023747883,1000,1000.0,1000,10,0.0,9222.296426773071,9215.12061071396,9209.773365020752,10,4.36014465899218,-118.74899431297553,-123.1895066235949,-126.8851044523413,10,2.227753514178051,9999.995878864574,9999.39327731898,9998.162466159009,10,0.5707745539219967,-15.890526121595371,-16.11921517241739,-16.379505401141287,10,0.1693714976566969,-633.4707666666667,-642.2182785,-648.2108066666667,10,5.111622047368089,0.0,0.0,0.0,10,0.0,-2.668777995657908,-2.7456635227657538,-2.821341321830217,10,0.0384620154380595,0.0,0.0,0.0,10,0.0,5.422966,-0.19155693,-4.6413364,1000,1.1165246,0.0423484199999999,0.0429389099999999,7.257842512029534,0.0005904899999999,0.9999998946877084,4834.678907892731,1000,692.9561752988047,43,251,281.15295151063344,9085.585136413574,6251.412658274559,380.918719291687,251,2535.26227780711,50946.0,207.74649930000305,200000.0,44.0,9256.493983507156,8800000.0,962.7117697477228,44000.0
2.5298744e-08,1.9437152e-10,509.10208,-0.0003406241,2.6100586e-10,0.009504462,12.246828,39.18508,39.16637,1.8012086,201.32367,6.5829334,201.92975,1.0,-0.2978987,-1.0,10000,0.8177475,0.0753340962921938,0.0744292963174841,0.0735960797287261,10,0.0005669903898538,1000,1000.0,1000,10,0.0,9266.817406654358,9260.592330551148,9254.05294418335,10,3.892299273152074,-106.49782111730052,-112.59510103898258,-119.86102642293316,10,4.43629790179765,9999.968100412572,9999.094269446046,9997.261637517018,10,0.7950708255257461,-14.173512215605172,-15.047375374328846,-15.876217147457542,10,0.4758014283923547,-594.6026850000001,-608.2723173333334,-616.712745,10,6.691254569514129,0.0,0.0,0.0,10,0.0,-2.4656330385765832,-2.587145803777544,-2.6473168849068447,10,0.0515497393518065,0.0,0.0,0.0,10,0.0,4.6939163,-0.21227856,-4.4870815,1000,1.1147702,0.0429389099999999,0.0435293999999999,7.307657173547669,0.0005904899999999,0.9999999157501668,4550.389005678198,1000,545.6782608695652,32,230,315.9688495330454,9106.549842834473,4920.23662646815,96.11544113140552,230,2850.9602152538414,51176.0,210.49037766456604,200000.0,45.0,9466.984361171722,9000000.0,950.162198476914,45000.0
2.5267715e-08,1.9514983e-10,511.64285,-0.00035428596,2.5966904e-10,0.009563858,12.2395,39.156555,39.137775,1.7507415,194.85187,6.3127084,195.58046,1.0,-0.33292496,-1.0,10000,0.81230336,0.0712194581242947,0.0707744565882923,0.0703592252285889,10,0.0003091524958488,1000,1000.0,1000,10,0.0,9298.577036857603,9292.108930301669,9286.654868125916,10,3.944131665729397,-105.02615952681316,-108.44281235469434,-110.80589111090885,10,1.83064825397272,9999.92722515548,9999.14613398976,9997.1495694088,10,0.8891788578812919,-14.006700438782705,-14.431577410321308,-14.941129802754176,10,0.3250485892446139,-577.6691866666667,-581.5823163333333,-586.2675433333334,10,2.590347064244456,0.0,0.0,0.0,10,0.0,-2.5238895283882528,-2.5804977264875872,-2.6303758842370604,10,0.0361281248918388,0.0,0.0,0.0,10,0.0,4.6095896,-0.23178124,-4.434682,1000,1.1136843,0.0438246449999999,0.0444151349999999,7.303391935068364,0.0005904899999999,0.99999993934012,5635.51689687059,1000,648.3882618510158,25,443,382.7448248451405,9140.029361724854,5877.122313441929,142.16552544152364,443,3490.4743192816045,51619.0,214.7725954055786,200000.0,46.0,9681.7569565773,9200000.0,931.2175029701444,46000.0
2.524852e-08,1.973223e-10,513.3054,-0.00021125587,2.57151e-10,0.009450753,12.236614,39.130733,39.112083,1.7377089,190.63165,6.219065,191.47035,1.0,-0.34428567,-1.0,10000,0.81378937,0.0708472379950544,0.0698960129550862,0.0688202230894676,10,0.0006786601197579,1000,1000.0,1000,10,0.0,9314.404344558716,9308.083812236786,9300.557307243347,10,4.434428594370479,-101.64904326638838,-106.62612646743013,-111.56023845328548,10,2.428815327465199,9999.812265088434,9999.11732916076,9995.8188837497,10,1.1583286282906022,-14.124996543252005,-14.521774017846502,-14.80441380807668,10,0.2619264372373744,-560.2092583333333,-567.4476708333334,-576.3531116666667,10,5.083261011066371,0.0,0.0,0.0,10,0.0,-2.372488813414938,-2.437943899491316,-2.523985878349831,10,0.0420399543192312,0.0,0.0,0.0,10,0.0,4.7491446,-0.23846002,-4.553334,1000,1.1143252,0.0447103799999999,0.0453008699999999,7.289501109189393,0.0005904899999999,0.9999999568640854,6342.97116179774,1000,442.97,22,500,394.4320183504377,9109.148953437803,3976.726246933183,135.06020229682326,500,3571.139032737144,52119.0,206.16667652130127,200000.0,47.0,9887.923633098602,9400000.0,970.0888784484812,47000.0
2.5232183e-08,2.0212769e-10,514.9554,-0.00014302452,2.520516e-10,0.009412222,12.239854,39.11314,39.094807,1.8488457,185.9863,6.951931,186.78581,1.0,-0.36157137,-1.0,10000,0.8094138,0.0693848876479751,0.068112057975374,0.0666995475619769,10,0.0007061260106644,1000,1000.0,1000,10,0.0,9330.559220314026,9323.587857151031,9313.038610458374,10,5.035057274440725,-97.78935892388152,-102.65922096520264,-107.57391964573225,10,2.857711428989349,9999.989869601852,9998.71089869941,9996.377760858826,10,0.9982078146247052,-14.433170001949732,-14.777980799336373,-15.38595461361236,10,0.304334527992933,-546.697555,-555.2695901666666,-565.3858200000001,10,5.054984512632923,0.0,0.0,0.0,10,0.0,-2.3521974594226736,-2.416247582173386,-2.477619410379501,10,0.0472041801444128,0.0,0.0,0.0,10,0.0,4.2640276,-0.25969478,-4.4570246,1000,1.1098309,0.0453008699999999,0.0458913599999999,7.328401077642484,0.0005904899999999,0.9999999654912683,5812.605377161582,1000,283.7154255319149,23,376,188.9522239973436,9097.737843513489,2538.2421028747403,201.8626708984375,376,1683.4063032799363,52495.0,210.9320423603058,200000.0,48.0,10098.855675458908,9600000.0,948.1726804615485,48000.0
2.522998e-08,2.0754976e-10,516.733,-0.0003871249,2.465899e-10,0.009688318,12.237117,39.09309,39.075138,1.8427559,183.22491,6.8047123,184.02162,1.0,-0.36700225,-1.0,10000,0.8050042,0.0677611403392366,0.0671266349426208,0.0667141166703513,10,0.0002987152927602,1000,1000.0,1000,10,0.0,9333.009705543518,9324.544023752213,9307.100097179413,10,8.633367097411023,-101.09015930363148,-106.64989746527712,-112.62335894243074,10,3.082372465534318,10000.0,9995.599908050895,9979.47337429763,10,8.021431388751731,-14.247806453558669,-14.589469048882162,-14.9981653353066,10,0.24336746593182,-542.8370683333333,-547.4521046666666,-551.961855,10,2.707463376153132,0.0,0.0,0.0,10,0.0,-2.310841846423936,-2.364415880173313,-2.430092705614249,10,0.0382918462953884,0.0,0.0,0.0,10,0.0,4.9053535,-0.26200244,-4.7932744,1000,1.1091839,0.0467770949999999,0.0473675849999999,7.386011912212372,0.0005904899999999,0.9999999796260448,5242.808626003942,1000,431.84094488188975,17,635,299.9259460711364,9089.400906562803,3907.073679790609,151.3250436782837,635,2716.364417261104,53130.0,209.6159040927887,200000.0,49.0,10308.471579551697,9800000.0,954.1260758127776,49000.0
2.522998e-08,2.1143112e-10,521.07526,-0.0003829883,2.4270855e-10,0.009762342,12.232312,39.073044,39.05524,1.8202868,178.19998,6.4030814,179.00877,1.0,-0.3684322,-1.0,10000,0.80532205,0.06763283651245,0.0668762553574255,0.066120074050661,10,0.0004975079437999,1000,1000.0,1000,10,0.0,9334.80854511261,9327.115376853944,9315.929657936096,10,5.349421638127603,-108.87820847587712,-112.42119795227369,-118.24574366432148,10,2.847574386759266,9999.99998255512,9998.391008675511,9993.125788593014,10,1.9478543129711945,-14.72387354209915,-15.237066635653296,-15.96584580237313,10,0.4157077799785685,-535.4670483333334,-541.3191951666668,-548.9787516666668,10,3.565254489219261,0.0,0.0,0.0,10,0.0,-2.246095992136308,-2.29817672680328,-2.357924435715378,10,0.0318107450604343,0.0,0.0,0.0,10,0.0,4.5049615,-0.29452017,-4.9020586,1000,1.1040826,0.0482533199999999,0.0488438099999999,7.4406328437337725,0.0005904899999999,0.9999999886921788,5205.439673341273,1000,698.8691275167786,29,298,373.4915787303112,9173.63171195984,6373.736755944863,259.6386995315552,298,3414.64802580044,53428.0,207.2810230255127,200000.0,50.0,10515.75260257721,10000000.0,964.8736632073814,50000.0
2.522998e-08,2.1682492e-10,527.54333,-0.00052936055,2.3731472e-10,0.01002514,12.243981,39.0708,39.05326,1.9264394,172.09573,6.7947655,172.75743,1.0,-0.37094945,-1.0,10000,0.80244946,0.0674304910303763,0.0662125636569893,0.0655170944586134,10,0.0005279143379313,1000,1000.0,1000,10,0.0,9324.984884262083,9312.452793216706,9298.660361289978,10,8.159476364058609,-117.46576668713882,-125.17750772579696,-130.44111620394895,10,4.457543849428185,10000.0,9997.070671220185,9976.025544956969,10,7.087184377429915,-16.431330435506798,-17.39128525670835,-18.32590064471835,10,0.5683115096418402,-535.4670483333333,-539.7135836666666,-551.8741166666666,10,4.759624655700623,0.0,0.0,0.0,10,0.0,-2.284456726098142,-2.3355010178363846,-2.388189466767358,10,0.0327024573228399,0.0,0.0,0.0,10,0.0,4.655596,-0.29002678,-4.7606554,1000,1.1057464,0.0491390549999999,0.0497295449999999,7.566105788395862,0.0005904899999999,0.9999999918583689,4432.528171022148,1000,277.8075949367089,19,395,122.55926365181008,9093.230731010435,2513.949023321804,172.23048973083496,395,1094.517322689,53823.0,219.87178921699524,200000.0,51.0,10735.624391794205,10200000.0,909.6210146478436,51000.0
2.522998e-08,2.2148786e-10,533.0711,-0.00031172668,2.3265181e-10,0.009907006,12.225109,39.02253,39.0054,1.7532504,168.93288,5.819423,169.77588,1.0,-0.38033172,-1.0,10000,0.80097675,0.0659714787371194,0.0653795810946001,0.0646630855977273,10,0.000474197628775,1000,1000.0,1000,10,0.0,9334.96992969513,9322.0005089283,9309.513708114624,10,7.621425224534708,-110.6409740231633,-116.7036412500424,-126.49998792295968,10,5.118437885509135,9999.976792023232,9994.509213404806,9980.857421027882,10,6.185112863018421,-16.674268812576678,-17.514754948475204,-18.380807164872387,10,0.5152773958584433,-530.9923933333333,-535.90574,-541.17004,10,3.327122745816231,0.0,0.0,0.0,10,0.0,-2.3260022152700213,-2.3845643469329416,-2.4435294663352582,10,0.0394664352740547,0.0,0.0,0.0,10,0.0,4.408045,-0.3073902,-4.4560537,1000,1.100709,0.0503200349999999,0.0509105249999999,7.5311416624028675,0.0005904899999999,0.999999994789356,5032.747108929578,1000,672.8962025316456,28,395,338.3830977925097,9207.025961875916,6154.768227454379,255.79539108276367,395,3098.253936292059,54218.0,208.3608241081237,200000.0,52.0,10943.985215902328,10400000.0,959.8733392233796,52000.0
2.522998e-08,2.2368708e-10,536.9153,-0.0003894315,2.3045257e-10,0.010053906,12.212108,38.97121,38.95422,1.6141274,164.90804,5.0144663,165.71468,1.0,-0.39658853,-1.0,10000,0.7991762,0.0655360488977021,0.0643650949616887,0.0628320615498087,10,0.0007996635626761,1000,1000.0,1000,10,0.0,9356.96963596344,9343.218509483337,9328.220267295836,10,8.067971421964407,-104.29605393737351,-108.98461693093866,-116.81026811281114,10,3.415938162884308,9999.860485361032,9999.396748252202,9998.37535425774,10,0.4267416341446732,-16.573049971759986,-17.11695842280772,-17.624027769928944,10,0.3753398555256347,-514.84854,-527.693432,-538.3624133333333,10,6.077955491427651,0.0,0.0,0.0,10,0.0,-2.312747328205379,-2.3832295056680524,-2.42732939257198,10,0.0382508679711506,0.0,0.0,0.0,10,0.0,5.0594316,-0.31101227,-4.84324,1000,1.100942,0.0517962599999999,0.0523867499999999,7.685023611836698,0.0005904899999999,0.999999996986318,3977.873228487431,1000,287.7684021543986,24,557,126.60478039903762,8953.608671665192,2622.0000994515804,217.6455202102661,557,1141.460789221611,54775.0,208.12833309173584,200000.0,53.0,11152.113548994064,10600000.0,960.9455715567896,53000.0
2.522998e-08,2.2571604e-10,542.89056,-0.0005265329,2.2842359e-10,0.010298564,12.206478,38.94508,38.928238,1.530915,158.44322,4.556089,159.2373,1.0,-0.4093664,-1.0,10000,0.7930986,0.0642425156749523,0.0631157659862627,0.0623313788447267,10,0.0006175438589425,1000,1000.0,1000,10,0.0,9367.941703796389,9355.6362909317,9348.366716384888,10,5.870827448431206,-97.15499968928675,-103.7942837522646,-109.36696442424709,10,3.371488745485815,9999.499601600746,9997.953594596253,9994.385044364632,10,1.7662915187007646,-16.17665043174022,-16.619090971671646,-17.54351868224169,10,0.5156225139468655,-513.26925,-519.5513146666667,-526.0790466666667,10,4.258374381759871,0.0,0.0,0.0,10,0.0,-2.2772390390099493,-2.352613931243204,-2.424359716142221,10,0.0415111985865446,0.0,0.0,0.0,10,0.0,4.7225723,-0.3196419,-4.4577565,1000,1.0983347,0.0535677299999999,0.0541582199999999,7.779255910158284,0.0005904899999999,0.9999999984569948,3803.845965555602,1000,305.7660485021398,22,701,254.03829345034688,9175.532280921936,2785.270889039893,202.93071842193604,701,2319.1171386634155,55476.0,206.9884171485901,200000.0,54.0,11359.101966142654,10800000.0,966.2376414832268,54000.0
2.522998e-08,2.2773308e-10,548.20776,-0.00048915675,2.2640657e-10,0.010356896,12.194168,38.904922,38.888374,1.4537457,151.77264,4.1813064,152.64839,1.0,-0.42381555,-1.0,10000,0.7838403,0.0616363166255614,0.0607118457678909,0.0600079063588491,10,0.0004305665870505,1000,1000.0,1000,10,0.0,9386.7878074646,9376.450232315065,9361.822450637816,10,6.181537313078556,-91.60068840375068,-95.666570944011,-104.36647572048774,10,3.4661044899541102,9999.598374443343,9997.871312376838,9996.184542726449,10,1.0384223254373472,-15.5906854446087,-16.047475720102174,-16.59193296730099,10,0.3168402891694403,-501.07362166666667,-507.320591,-513.7956800000001,10,3.4646755811542143,0.0,0.0,0.0,10,0.0,-2.3366236613002496,-2.386443514339729,-2.4514744996152467,10,0.0352618613107042,0.0,0.0,0.0,10,0.0,4.607051,-0.35573497,-5.2443924,1000,1.0896724,0.0547487099999999,0.0553391999999999,7.8108539465530145,0.0005904899999999,0.9999999990286657,4171.549671728912,1000,726.6437246963562,34,247,266.84979359025755,9231.748113632202,6665.793746086268,304.0177764892578,247,2448.379069065145,55723.0,208.0279715061188,200000.0,55.0,11567.129937648771,11000000.0,961.4091727761588,55000.0
2.522998e-08,2.3423571e-10,551.83984,-0.0002332983,2.1990396e-10,0.010166415,12.186615,38.862816,38.846676,1.4084784,148.41643,4.0803475,149.45325,1.0,-0.44046047,-1.0,10000,0.77864826,0.0600797282226121,0.0589568106463382,0.0577842750811687,10,0.0007042829129854,1000,1000.0,1000,10,0.0,9407.62825012207,9391.47545452118,9378.777791023254,10,7.331812984228847,-87.5578370105465,-94.14681706405864,-102.23379640204176,10,4.561648046075689,9996.140315856908,9993.74934215331,9989.76446647894,10,1.9796052419814711,-13.364934886131076,-14.65281183160823,-15.634465331372912,10,0.6120156623015874,-482.6485716666666,-491.1855115,-499.49433166666665,10,5.120649972100527,0.0,0.0,0.0,10,0.0,-2.218496647002886,-2.2887501975740734,-2.3491165723889127,10,0.0388585956292306,0.0,0.0,0.0,10,0.0,4.5149193,-0.35584518,-4.759527,1000,1.0905788,0.0556344449999999,0.0562249349999999,7.742764482569059,0.0005904899999999,0.9999999993006392,4861.991778659465,1000,516.5216637781629,31,577,327.36978698961667,9238.795632362366,4730.942324581654,281.5313167572021,577,2997.6577036245053,56300.0,214.517991065979,200000.0,56.0,11781.647928714752,11200000.0,932.322734359778,56000.0
2.522998e-08,2.3511795e-10,554.57495,-0.00034530298,2.1902169e-10,0.010327652,12.19301,38.856236,38.840096,1.4139603,146.11766,3.6865072,147.18517,1.0,-0.44599777,-1.0,10000,0.77414495,0.0591847611113189,0.0577088317840563,0.0567513305630272,10,0.0006270449153452,1000,1000.0,1000,10,0.0,9413.16610622406,9400.670988559725,9388.161494255066,10,6.413998394820632,-89.27660688124594,-94.36511883864624,-99.53916117147486,10,2.9094923127762304,9997.65056361499,9995.842251176877,9993.394423836557,10,1.3848280641919508,-14.13854295198628,-14.77547338152317,-15.760274358901318,10,0.4075908098679027,-476.155935,-483.7277531666667,-494.054555,10,4.271883853970793,0.0,0.0,0.0,10,0.0,-2.2520979534480308,-2.302917906460576,-2.3339735366388297,10,0.0292604678228855,0.0,0.0,0.0,10,0.0,4.728817,-0.37729403,-4.7086806,1000,1.0842987,0.0565201799999999,0.0571106699999999,7.718353199258289,0.0005904899999999,0.9999999995026768,5692.002852770234,1000,735.1222707423581,21,229,276.3212213426179,9246.236491203308,6746.762461285143,189.2243270874024,229,2538.2758532416783,56529.0,226.78778171539307,200000.0,57.0,12008.435710430143,11400000.0,881.8817243469917,57000.0
2.522998e-08,2.386868e-10,555.6088,-0.00028296304,2.1545285e-10,0.010283922,12.184249,38.817657,38.801872,1.3589998,146.65425,3.5281332,147.80904,1.0,-0.44955236,-1.0,10000,0.77446926,0.0581181521669932,0.0573391318443318,0.0564628622421732,10,0.0004878483503495,1000,1000.0,1000,10,0.0,9409.544323921204,9402.537910175324,9395.668663978577,10,4.236348013858499,-98.43974811494915,-102.9016586077782,-106.99695949643127,10,2.90451771037792,9999.832530345826,9998.948817642458,9997.135851797522,10,0.8374964423828625,-15.604345535986774,-16.736490147604176,-18.176916229473875,10,0.8133731301148833,-470.89163500000006,-474.5503235,-480.63059,10,2.964478210332436,0.0,0.0,0.0,10,0.0,-2.176281865572048,-2.22243729944797,-2.28182614943634,10,0.0333900293962342,0.0,0.0,0.0,10,0.0,4.9611464,-0.37180862,-4.602876,1000,1.0850137,0.0571106699999999,0.0577011599999999,7.678132667631964,0.0005904899999999,0.9999999996021414,5325.815046765443,1000,376.0422885572139,24,402,159.3620231754837,9209.74472141266,3439.590676933629,218.13545608520508,402,1448.1504684371475,56931.0,219.94319820404053,200000.0,58.0,12228.378908634186,11600000.0,909.3256878735604,58000.0
2.522998e-08,2.4121258e-10,557.45605,-9.476302e-05,2.1292708e-10,0.010128972,12.168825,38.77015,38.754536,1.2771821,148.755,3.2516491,150.00656,1.0,-0.45343792,-1.0,10000,0.7738994,0.057654803914178,0.0569218264295399,0.0562990635434835,10,0.0004755273237765,1000,1000.0,1000,10,0.0,9406.645577430723,9398.0533162117,9385.845067024233,10,5.855116943229144,-101.6224858872514,-111.54223132175905,-118.49064475354504,10,4.922276300315049,9999.748912918078,9997.878538243658,9988.795328752118,10,3.16117455151248,-15.629784417302991,-16.388572123933802,-16.903439962913364,10,0.4004998463000981,-462.5564933333333,-469.68961983333327,-476.41915,10,4.555309712967107,0.0,0.0,0.0,10,0.0,-2.1235655952805024,-2.204794217064153,-2.2894260860087035,10,0.0481738220593073,0.0,0.0,0.0,10,0.0,4.598926,-0.38725734,-4.618401,1000,1.082703,0.0579964049999999,0.0585868949999999,7.640008609460832,0.0005904899999999,0.9999999997135418,5595.835818732765,1000,638.5294117647059,26,238,214.8636981875105,9237.348692893982,5872.877114507456,233.73397064208984,238,1970.3180357861368,57169.0,207.69543719291687,200000.0,59.0,12436.074345827104,11800000.0,962.9484532885092,59000.0
2.522998e-08,2.4473232e-10,553.82935,7.594224e-05,2.0940735e-10,0.009892986,12.160695,38.72412,38.70874,1.2221177,151.73291,3.0757163,153.05733,1.0,-0.45151874,-1.0,10000,0.78024167,0.0582922586413769,0.0577080829261016,0.0571453125944099,10,0.000357069591144,1000,1000.0,1000,10,0.0,9393.998205184937,9383.602169132231,9376.343461990356,10,4.959356663404691,-116.00742744486946,-123.65030177134496,-130.85684366632802,10,3.884878738547505,9999.937263031905,9999.640073342694,9999.29964073364,10,0.2236175674397922,-16.093881321353464,-17.00683940776054,-17.928472505861578,10,0.6148052262225804,-470.62842,-473.1903793333333,-478.1739166666666,10,2.1165861401349098,0.0,0.0,0.0,10,0.0,-2.1349419732640578,-2.1903838023651043,-2.261781979914768,10,0.0376522204692936,0.0,0.0,0.0,10,0.0,4.396383,-0.3860349,-5.1446905,1000,1.0851405,0.0588821399999999,0.0594726299999999,7.601259127279542,0.0005904899999999,0.9999999997962964,5936.8206138575415,1000,717.0,34,398,298.32241167323093,9268.946467399595,6613.653931330796,310.5345115661621,398,2760.990636179235,57567.0,207.28971886634827,200000.0,60.0,12643.364064693453,12000000.0,964.8331865843844,60000.0
2.522998e-08,2.444703e-10,552.2189,4.2795986e-05,2.0966934e-10,0.0098971445,12.157693,38.6958,38.68048,1.2271991,153.2033,3.1960826,154.48396,1.0,-0.45481303,-1.0,10000,0.7786091,0.0579875847363582,0.0572932292183599,0.0567762669129733,10,0.000391175688257,1000,1000.0,1000,10,0.0,9405.06432723999,9396.723432540894,9386.843210220335,10,4.602037010097563,-107.0946916917998,-112.705392587258,-116.55555443989398,10,2.5756232994546235,9999.87255125092,9999.11010463123,9995.638362229503,10,1.2017088706236534,-15.10045293382266,-15.713196398247684,-16.2606984985633,10,0.3504522650080962,-467.99627,-471.7514706666667,-477.9107016666667,10,2.779187015472057,0.0,0.0,0.0,10,0.0,-2.153358770078738,-2.2166110254090112,-2.279620729777828,10,0.0370939485775567,0.0,0.0,0.0,10,0.0,4.902234,-0.38225433,-4.477502,1000,1.0867329,0.0594726299999999,0.0600631199999999,7.635953086890074,0.0005904899999999,0.9999999998370372,6483.948154255894,1000,516.2164179104477,27,268,272.96719123668737,9258.709938049316,4743.707622502499,245.5046548843384,268,2511.9717888458754,57835.0,218.3209719657898,200000.0,61.0,12861.68503665924,12200000.0,916.0824001431222,61000.0
2.522998e-08,2.4557292e-10,552.93756,-0.00023033579,2.0856675e-10,0.010183212,12.152893,38.66962,38.654266,1.252667,152.21162,3.4469237,153.36552,1.0,-0.46797532,-1.0,10000,0.77041763,0.0558658939776214,0.0555932294741243,0.0549196222183964,10,0.0002925578654602,1000,1000.0,1000,10,0.0,9423.632409095764,9417.583603954316,9408.901903152466,10,4.798823691696398,-99.90000187255436,-104.04997264717122,-112.7039205765206,10,3.666396774084384,9999.86862224441,9999.00406155033,9995.858082066705,10,1.15893202824649,-14.91904795990464,-15.5054330223419,-16.125533136112082,10,0.401859639263552,-456.32707166666665,-459.678676,-462.468755,10,1.882104844325342,0.0,0.0,0.0,10,0.0,-2.1508177192826485,-2.186369964000942,-2.223408169473575,10,0.0197260096447081,0.0,0.0,0.0,10,0.0,4.79384,-0.3849327,-4.8273687,1000,1.0871328,0.0603583649999999,0.0609488549999999,7.759979177480037,0.0005904899999999,0.9999999998826667,6087.416586774693,1000,484.1818181818182,21,550,275.4007322172276,9252.749136924744,4455.646164808707,190.47547340393064,550,2536.77320496715,58385.0,206.98089933395383,200000.0,62.0,13068.665935993196,12400000.0,966.272736487194,62000.0
2.522998e-08,2.4802788e-10,554.92035,-4.30187e-05,2.0611181e-10,0.010031586,12.140294,38.640636,38.625557,1.2304251,149.41302,3.366781,150.56604,1.0,-0.47765845,-1.0,10000,0.76262623,0.0545879200041963,0.0540328758107352,0.0537340998672152,10,0.0002765485919845,1000,1000.0,1000,10,0.0,9447.217471122742,9441.244413375854,9437.52098751068,10,3.2556455440768843,-89.49296349298965,-92.68925660952432,-95.35903741859286,10,1.856467447193908,9999.6244548643,9999.026703376448,9998.273574584382,10,0.452963581369324,-13.861897369943495,-15.051489174693582,-15.67061621842684,10,0.5737963477729998,-444.30692,-447.9041916666667,-451.15051,10,2.326968810865454,0.0,0.0,0.0,10,0.0,-2.088226658567241,-2.137351330192477,-2.1924196263064384,10,0.0361340947490121,0.0,0.0,0.0,10,0.0,4.4932723,-0.40105912,-4.5059924,1000,1.0774217,0.0612440999999999,0.0618345899999999,7.799415321501763,0.0005904899999999,0.999999999916563,6218.604589920118,1000,362.9308943089431,15,246,210.1742775215857,9269.514092445374,3342.823042405088,137.42084121704102,246,1937.147480435936,58631.0,206.9659645557404,200000.0,63.0,13275.631900548937,12600000.0,966.3424632610823,63000.0
2.522998e-08,2.4749355e-10,553.7678,-0.00010893723,2.066461e-10,0.010076758,12.132854,38.620533,38.605335,1.2395185,144.97646,3.4329355,145.96608,1.0,-0.49732336,-1.0,10000,0.7514103,0.0526581362820434,0.0517783241450321,0.0508345663149812,10,0.0005196777255147,1000,1000.0,1000,10,0.0,9471.578527450562,9460.146664333344,9445.968326568604,10,7.520817494286343,-84.51443420176773,-87.8095528437145,-92.0462085590922,10,1.967912504429962,9999.016451490268,9994.880869294866,9974.064115643778,10,7.149772147225915,-13.667906612665284,-14.308625773862312,-15.442217295366513,10,0.466784346239143,-425.092225,-430.5495493333333,-439.56905,10,4.868615849141087,0.0,0.0,0.0,10,0.0,-2.0175875100452325,-2.066481011834975,-2.1504826848778165,10,0.0402352914030129,0.0,0.0,0.0,10,0.0,4.8876934,-0.39334923,-4.79925,1000,1.0808812,0.0627203249999999,0.0633108149999999,7.992102061935451,0.0005904899999999,0.9999999999507388,5199.849050214232,1000,461.5969696969697,28,660,364.8801812341744,9280.967940330504,4260.00697070288,254.89344882965088,660,3379.296059450789,59291.0,206.95226216316223,200000.0,64.0,13482.584162712095,12800000.0,966.4064451845372,64000.0
2.522998e-08,2.49747e-10,556.3987,-0.00022726163,2.0439264e-10,0.010242437,12.134081,38.622734,38.60768,1.2582392,136.83475,3.316839,137.79942,0.99999994,-0.49532795,-1.0,10000,0.7507839,0.0528600364978628,0.0520091954006144,0.051337494241292,10,0.0004430559149714,1000,1000.0,1000,10,0.0,9465.69118118286,9460.261227893829,9450.996796607971,10,4.651533224625646,-81.56609199835168,-84.07610596284212,-89.33173001375192,10,2.018116235071417,9998.563911314375,9996.47311217893,9991.507748985156,10,1.8527299523972376,-13.3845910268017,-14.051188910645982,-14.561138386344838,10,0.3250898879889076,-432.5499833333333,-435.9630045,-442.990845,10,3.1041147797268964,0.0,0.0,0.0,10,0.0,-2.069134280694458,-2.121581680847916,-2.1674659613319944,10,0.0319929656128578,0.0,0.0,0.0,10,0.0,4.382705,-0.42114237,-4.6864557,1000,1.0703509,0.0644917949999999,0.0650822849999999,8.075054440147115,0.0005904899999999,0.9999999999753936,4793.04393051901,1000,692.9134948096886,26,289,232.9551899926973,9293.731716156006,6393.629892401629,234.765380859375,289,2148.820194221154,59580.0,206.9085807800293,200000.0,65.0,13689.492743492126,13000000.0,966.610467511862,65000.0
2.522998e-08,2.5295066e-10,556.8088,-1.8024171e-05,2.0118898e-10,0.010040582,12.123813,38.578976,38.564,1.1857167,131.34932,2.897114,132.42003,1.0,-0.5015711,-1.0,10000,0.74565333,0.0517134127873141,0.0511040084140942,0.0500575693255959,10,0.0004204060864693,1000,1000.0,1000,10,0.0,9472.562780380247,9463.94742126465,9455.935355186462,10,5.07568532378396,-77.51540640530318,-82.95231140680677,-88.66493587085623,10,2.9822254820615828,9997.382508247989,9995.053694572422,9992.245980905183,10,1.447910540821608,-13.556082827920452,-14.30248020163629,-15.75917145124988,10,0.6074075828980913,-428.51402,-431.7076953333333,-435.2698716666666,10,2.343188493416571,0.0,0.0,0.0,10,0.0,-2.112642977134788,-2.1437869628244,-2.215467153376827,10,0.035913781582211,0.0,0.0,0.0,10,0.0,4.3851185,-0.41758728,-4.43428,1000,1.0696472,0.0662632649999999,0.0668537549999999,8.074855216311786,0.0005904899999999,0.9999999999870864,4264.281564689112,1000,443.0681818181818,20,528,417.4154004865667,9309.452527999878,4095.647532568849,179.55112552642822,528,3869.029932364642,60108.0,219.53322076797485,200000.0,66.0,13909.0259642601,13200000.0,911.023850059488,66000.0
2.522998e-08,2.5456814e-10,555.4347,0.0001090502,1.995715e-10,0.009888775,12.116255,38.54957,38.534817,1.1460729,123.00217,2.7685728,123.88444,1.0,-0.5107785,-1.0,10000,0.7405647,0.0516249995671241,0.0500282650471839,0.0488519929197354,10,0.0006879652171991,1000,1000.0,1000,10,0.0,9483.58235836029,9473.800832271576,9463.621706008911,10,5.822228434991697,-74.92425493066138,-81.13871751886863,-88.33999781858321,10,3.543851871620151,9997.798800680415,9996.536268191649,9994.404695563073,10,1.0411295426257543,-13.05246622801945,-13.623904232275104,-14.693132496958736,10,0.4875173544571874,-418.68732666666665,-425.81167933333336,-434.041535,10,4.021211592829884,0.0,0.0,0.0,10,0.0,-2.094188886280602,-2.1611334414386585,-2.2173080057550827,10,0.038480278426114,0.0,0.0,0.0,10,0.0,4.6196437,-0.42927685,-4.451431,1000,1.0668072,0.0686252249999999,0.0692157149999999,8.367297831272937,0.0005904899999999,0.9999999999947108,2640.8001953387693,1000,337.4864376130199,33,553,289.59609631747185,9052.784343719482,3110.099820453336,189.46314224600792,553,2681.570535135447,60661.0,209.92917323112488,200000.0,67.0,14118.955137491226,13400000.0,952.702270588218,67000.0
2.522998e-08,2.5635077e-10,551.56616,0.00019056372,1.9778891e-10,0.0097376285,12.10669,38.514347,38.499866,1.0770615,113.48635,2.3685372,114.53433,1.0,-0.5262656,-1.0,10000,0.7323842,0.0492694082279194,0.0484256307035393,0.047485892685494,10,0.0005637158518001,1000,1000.0,1000,10,0.0,9495.461928367617,9486.049614334106,9479.049514770508,10,5.137720400499751,-75.41650757946249,-77.53588627550279,-81.1566347639793,10,1.8420400729397173,9998.006702897412,9995.974778831956,9987.732409839376,10,2.901936995741162,-12.066348201688015,-12.455842301077642,-12.933689744060178,10,0.3253000683961911,-407.5445583333333,-417.7309788333333,-424.3903183333333,10,4.845897047250959,0.0,0.0,0.0,10,0.0,-2.1117606725736446,-2.202460157762653,-2.2593484405887003,10,0.0424963402933885,0.0,0.0,0.0,10,0.0,4.378594,-0.45571494,-4.7136607,1000,1.0568696,0.0701014499999999,0.0706919399999999,8.355768241250198,0.0005904899999999,0.9999999999970643,3865.123907627636,1000,929.2367149758454,52,207,205.2083823772905,9329.50803756714,8619.459087189845,473.28639793396,207,1908.169232497053,60868.0,206.0338978767395,200000.0,68.0,14324.989035367966,13600000.0,970.714052692682,68000.0
2.522998e-08,2.5991717e-10,544.9004,0.00034587522,1.9422249e-10,0.009462331,12.093717,38.46164,38.44739,1.0070263,108.89011,2.0565114,110.1152,1.0,-0.542732,-1.0,10000,0.72649485,0.0473822901712701,0.0467321027241618,0.0458773012331657,10,0.0004374236111403,1000,1000.0,1000,10,0.0,9505.762913703918,9500.90305700302,9496.357434272766,10,2.894490848169384,-76.40896636566428,-79.72804668886165,-84.55565816435586,10,2.4171865259631486,9999.125289344012,9996.956325519212,9994.068317979149,10,1.611633560781976,-12.164519538481091,-12.830057817276202,-13.69944227498875,10,0.3542729250720857,-395.4366683333333,-401.402875,-406.4916983333333,10,2.837897714048118,0.0,0.0,0.0,10,0.0,-2.04316905186956,-2.092283682675718,-2.160781904568944,10,0.0316682248517776,0.0,0.0,0.0,10,0.0,4.5373616,-0.43997222,-4.773449,1000,1.0647221,0.0709871849999999,0.0715776749999999,8.29321183857467,0.0005904899999999,0.9999999999978864,4127.526876207809,1000,419.0129390018485,17,541,299.6381024483817,9324.114191055298,3872.247971810621,148.75216388702393,541,2776.625136616988,61409.0,212.86353087425232,200000.0,69.0,14537.852566242218,13800000.0,939.5691181978402,69000.0
2.522998e-08,2.607352e-10,538.74774,0.0002969093,1.9340445e-10,0.009400549,12.088187,38.440308,38.426235,0.99985135,105.71702,2.0947266,107.00303,1.0,-0.55306983,-1.0,10000,0.7241214,0.0466693873876793,0.0460221406004769,0.0455183277787145,10,0.0002962728388712,1000,1000.0,1000,10,0.0,9511.29727935791,9506.682312107088,9500.58536529541,10,2.98859973996147,-79.26878082515668,-82.21660130589223,-85.58844397743061,10,2.052462003994463,9999.893164369989,9998.29495366185,9991.24914702868,10,2.482044402295244,-12.161080534006942,-12.690021640804506,-13.041788120199318,10,0.2401131441648755,-392.27808833333336,-394.6382495,-400.78870666666666,10,2.536366351514844,0.0,0.0,0.0,10,0.0,-2.0072716991216693,-2.06776772843135,-2.1315629262427165,10,0.036656250868861,0.0,0.0,0.0,10,0.0,4.864403,-0.45879504,-4.5250874,1000,1.0591248,0.0718729199999999,0.0724634099999999,8.281188001062787,0.0005904899999999,0.999999999998497,5210.673716023495,1000,700.2380952380952,21,273,397.0252643431836,9344.730394363403,6507.289558664783,192.96862173080444,273,3695.359705136335,61682.0,211.20156145095825,200000.0,70.0,14749.054127693176,14000000.0,946.9626958531776,70000.0
2.522998e-08,2.637429e-10,532.4549,0.0002460646,1.9039677e-10,0.009338124,12.091419,38.424885,38.41097,1.0028142,102.99346,2.0630248,104.245926,1.0,-0.55096805,-1.0,10000,0.7303511,0.0474714364941901,0.0467232507287408,0.0463280788421834,10,0.0003519059009834,1000,1000.0,1000,10,0.0,9509.246311187744,9503.222329616548,9493.648547172546,10,4.530834907527462,-87.39187566190681,-89.51112727829751,-93.59115321242224,10,1.8469999595279607,9999.979712970497,9998.96922055266,9992.976372817102,10,2.057772401028255,-12.420873368975036,-12.809636423155927,-13.150580342854544,10,0.2045093412221605,-385.1712833333333,-391.4884433333333,-397.80560333333335,10,3.55789489583675,0.0,0.0,0.0,10,0.0,-1.8658077330876868,-1.937681216414958,-2.0025630901349687,10,0.042666253834479,0.0,0.0,0.0,10,0.0,4.283429,-0.46069604,-4.410958,1000,1.0607344,0.0727586549999999,0.0733491449999999,8.349591311084158,0.0005904899999999,0.999999999998918,4568.940665937613,1000,446.2271386430679,24,339,302.9759451413437,9325.978954315186,4134.497202761546,217.40529441833496,339,2812.71460732174,62021.0,215.0811550617218,200000.0,71.0,14964.135282754898,14200000.0,929.8815600214068,71000.0
2.522998e-08,2.6699223e-10,525.52234,0.00045709874,1.8714745e-10,0.009002304,12.079263,38.370163,38.356457,0.96043134,101.648445,1.8767972,103.03978,1.0,-0.55049074,-1.0,10000,0.7335435,0.0474793761264736,0.0469512451206886,0.0462819646235293,10,0.0003457227093948,1000,1000.0,1000,10,0.0,9509.49140739441,9495.877158308029,9459.890241146088,10,12.828270235014736,-89.40698633671663,-92.96204406532262,-96.43867487854112,10,2.385987275604581,9999.99813526222,9994.756694319172,9966.15042265525,10,10.073913324791794,-12.97593568978581,-13.484716303559736,-14.133263092233983,10,0.3219975602963475,-383.6797316666666,-390.5496431666666,-394.99797666666666,10,3.45739134080953,0.0,0.0,0.0,10,0.0,-1.8180172945690736,-1.88313525472063,-1.93273203556702,10,0.0319399413869828,0.0,0.0,0.0,10,0.0,4.422387,-0.46599296,-4.723374,1000,1.0592815,0.0736443899999999,0.0742348799999999,8.285659918957462,0.0005904899999999,0.9999999999992304,5658.295665809595,1000,633.942084942085,29,259,285.7535464520759,9344.493612289429,5885.624997005277,265.2604007720947,259,2658.6340986776013,62280.0,208.91291165351868,200000.0,72.0,15173.048194408417,14400000.0,957.3367123028725,72000.0
2.522998e-08,2.691431e-10,516.885,0.00039547705,1.8499655e-10,0.008908453,12.073063,38.337257,38.323814,0.97806853,101.0944,1.9301776,102.467316,1.0,-0.55642086,-1.0,10000,0.73170215,0.0469342802863538,0.0464037131362565,0.0457882388915604,10,0.000399709258993,1000,1000.0,1000,10,0.0,9514.405982017515,9506.99007205963,9497.620703697205,10,4.284314754465316,-85.77218955403406,-90.59530429250349,-97.06634246397776,10,3.0018201989686264,9999.941932868833,9998.90219939693,9996.854859874313,10,1.0891326685320075,-13.475259622207169,-14.087553059834915,-14.58988989941897,10,0.3406929694475548,-379.3805533333333,-385.3730815,-390.347845,10,3.675189020713359,0.0,0.0,0.0,10,0.0,-1.8107607525002607,-1.856186612801484,-1.9118340810077337,10,0.0353343271048309,0.0,0.0,0.0,10,0.0,4.349042,-0.46846735,-4.6997056,1000,1.0568076,0.0745301249999999,0.0751206149999999,8.31828996718977,0.0005904899999999,0.999999999999446,5703.00787785703,1000,635.5045248868778,24,442,257.6077663653458,9330.728805541992,5908.22900027571,222.3214015960693,442,2396.6572228196683,62722.0,208.34698629379272,200000.0,73.0,15381.39518070221,14600000.0,959.9370912808764,73000.0
2.522998e-08,2.7138503e-10,511.9494,0.0004091235,1.8275462e-10,0.008805966,12.061348,38.308884,38.29546,0.99364716,99.08936,1.8982735,100.43856,1.0,-0.56156343,-1.0,10000,0.72638077,0.0462575097245717,0.0456037138448242,0.0451077009615692,10,0.0003166903152361,1000,1000.0,1000,10,0.0,9519.346333503723,9511.051398277285,9507.176531791689,10,3.538131642205991,-86.1832746709002,-89.42421488107846,-95.42702556689748,10,2.918311678045232,9999.076426380829,9997.808453214391,9996.64622560285,10,0.9424075866477958,-12.420575924004975,-12.997618266361885,-13.5951471003648,10,0.3239274439418921,-377.2748333333333,-382.4250735,-387.189265,10,2.7187701472991948,0.0,0.0,0.0,10,0.0,-1.8508673349980047,-1.910148403661043,-1.991999257470485,10,0.0411892500849578,0.0,0.0,0.0,10,0.0,4.5267096,-0.48033822,-4.715914,1000,1.0502841,0.0754158599999999,0.0760063499999999,8.350687086949383,0.0005904899999999,0.999999999999606,6325.768149418682,1000,800.8530612244898,33,245,268.4453709500435,9339.38262462616,7448.039038202562,300.1463088989258,245,2500.199926002098,62967.0,206.3668510913849,200000.0,74.0,15587.762031793594,14800000.0,969.1478982321368,74000.0
2.522998e-08,2.740694e-10,505.24185,0.00034627304,1.8007026e-10,0.00874808,12.044021,38.254074,38.24091,0.9578037,97.88276,1.8376709,99.25155,1.0,-0.56602424,-1.0,10000,0.72159225,0.0455624762234947,0.0448357665202202,0.0441967614283057,10,0.0003795566174499,1000,1000.0,1000,10,0.0,9523.010504722595,9516.389848423005,9502.966661453249,10,5.603222208544501,-82.9615940173729,-88.01852184034126,-93.95993242225948,10,2.786452631876581,9999.532921714435,9995.976530215892,9976.638097340165,10,6.523271942840102,-11.629299581262618,-12.17343629189933,-12.583941858615477,10,0.4023236036480723,-369.9048133333333,-377.4854053333333,-385.34676,10,4.233172280269823,0.0,0.0,0.0,10,0.0,-1.841295411063396,-1.9093156997702097,-1.965471369646069,10,0.0457066886678911,0.0,0.0,0.0,10,0.0,4.7072535,-0.48861715,-5.007403,1000,1.0451716,0.0760063499999999,0.0765968399999999,8.361651162654903,0.0005904899999999,0.9999999999996848,5637.044425998569,1000,364.9570815450644,31,233,213.21038362589948,9328.090631484984,3384.249066842362,284.7868700027466,233,1978.037279355684,63200.0,209.2275578975677,200000.0,75.0,15796.989589691162,15000000.0,955.897024319878,75000.0
2.522998e-08,2.7487362e-10,500.67978,0.0001500384,1.7926603e-10,0.008862198,12.031952,38.226337,38.21313,0.960875,95.8379,1.7821121,97.12087,1.0,-0.5690224,-1.0,10000,0.71718645,0.0448224534963228,0.0441422563847823,0.0434434546860138,10,0.0003898001465347,1000,1000.0,1000,10,0.0,9531.592628479004,9523.034248542786,9502.033610343931,10,7.578266320919121,-81.47397304615231,-86.43796440357686,-91.08476502605843,10,3.198312873593685,9998.822185517229,9993.8950777994,9978.370168330071,10,5.584507515825441,-10.668082002330552,-11.17458160921372,-11.734948814295542,10,0.4010103963747508,-367.6236166666666,-371.3612696666666,-375.87102,10,2.7676403272528147,0.0,0.0,0.0,10,0.0,-1.8371576538689804,-1.8870149931142723,-1.9646626095702373,10,0.0373052055490112,0.0,0.0,0.0,10,0.0,4.7377357,-0.4826562,-4.672283,1000,1.0460554,0.0774825749999999,0.0780730649999999,8.457340259691732,0.0005904899999999,0.9999999999998138,4968.762263751011,1000,377.56410256410254,23,663,368.0761016826903,9357.963632583618,3503.5270916969707,214.1119699478149,663,3437.58519966703,63863.0,215.0626385211945,200000.0,76.0,16012.052228212357,15200000.0,929.96162129895,76000.0
2.522998e-08,2.7572422e-10,499.84204,-2.1457789e-05,1.7841545e-10,0.009018613,12.023998,38.20725,38.194088,0.9883084,90.952126,1.8533732,92.17606,1.0,-0.5709775,-1.0,10000,0.71380043,0.0444098669045342,0.0436729801319859,0.0432693247263523,10,0.0003503976288433,1000,1000.0,1000,10,0.0,9528.420497894287,9521.605348205569,9513.998465538025,10,4.10113039132626,-89.2954965036333,-93.051313107872,-97.06398726029154,10,2.59565484262673,9999.903716581155,9996.874616381132,9992.334973233466,10,2.3941116274285417,-11.278186299328237,-11.73522736055464,-12.080110939346849,10,0.2785481933871818,-361.0432416666666,-368.606286,-373.6775616666666,10,3.568222122363226,0.0,0.0,0.0,10,0.0,-1.8097988994210783,-1.8764459987857656,-1.9191391951135128,10,0.0321672183102992,0.0,0.0,0.0,10,0.0,4.4688535,-0.48041528,-4.762428,1000,1.0446264,0.0792540449999999,0.0798445349999999,8.543896919657701,0.0005904899999999,0.9999999999999072,4287.738488897176,1000,468.6473317865429,24,431,349.99754853112813,9299.021949768066,4334.297967982541,221.07939910888672,431,3251.768634798123,64294.0,211.0062365531921,200000.0,77.0,16223.058464765549,15400000.0,947.8392831748478,77000.0
2.522998e-08,2.7557318e-10,503.389,-0.00020153349,1.7856648e-10,0.009262535,12.017528,38.19115,38.178143,0.9935111,85.12642,1.7361438,86.33222,1.0,-0.5751732,-1.0,10000,0.703219,0.0430596629765786,0.0424985657914337,0.0419152443168422,10,0.0003669831962977,1000,1000.0,1000,10,0.0,9532.59909439087,9525.748898792266,9520.79681301117,10,4.052310482956004,-88.95845497961415,-92.114838836362,-95.69295496108298,10,2.403875664898273,9999.749056777146,9997.6482394065,9992.533542807583,10,1.9632469217079656,-11.558804939863222,-12.226628045540036,-13.08560139016877,10,0.5049351881803985,-360.6922883333333,-365.61440883333336,-370.25576666666666,10,3.030835607843163,0.0,0.0,0.0,10,0.0,-1.8596796300898373,-1.9434722141954024,-1.9879037519572176,10,0.0364728842987409,0.0,0.0,0.0,10,0.0,4.4994087,-0.4937405,-4.5672083,1000,1.0391915,0.0801397799999999,0.0807302699999999,8.59627477295344,0.0005904899999999,0.999999999999934,4156.895095305613,1000,416.3375634517767,27,394,186.12589282485663,9269.93303823471,3867.288755241989,241.4341716766357,394,1720.411446850596,64688.0,216.8517799377441,200000.0,78.0,16439.910244703293,15600000.0,922.2889480428424,78000.0
2.522998e-08,2.7814165e-10,505.3804,1.1517122e-05,1.75998e-10,0.009085331,12.004046,38.138653,38.125637,0.9184737,82.290726,1.469002,83.626015,1.0,-0.5740967,-1.0,10000,0.70748585,0.0431317142661864,0.042783123446381,0.0421577404204726,10,0.0002896815700878,1000,1000.0,1000,10,0.0,9525.745800971985,9522.395400905609,9518.368406295776,10,2.530661671037832,-89.96759424736541,-93.8909593720198,-99.4100698661888,10,2.892671810666096,9999.939180166435,9997.814439156284,9992.282254535465,10,2.6644659727120703,-12.736025346727716,-13.254331202168125,-13.961958673564247,10,0.413109051678896,-362.71027,-366.3601846666666,-368.6764766666666,10,1.833374301399343,0.0,0.0,0.0,10,0.0,-1.868342844913244,-1.9135596439075844,-1.9458460345613275,10,0.0263074076612345,0.0,0.0,0.0,10,0.0,4.8344097,-0.5043494,-4.593586,1000,1.034032,0.0807302699999999,0.0813207599999999,8.543389524033486,0.0005904899999999,0.9999999999999472,5192.127085651533,1000,883.5443037974684,25,237,261.47027313516173,9375.59776210785,8247.725532700744,227.7682008743286,237,2444.451643942701,64925.0,208.4371995925904,200000.0,79.0,16648.347444295883,15800000.0,959.521622776157,79000.0
2.522998e-08,2.7944194e-10,504.7171,-2.4454795e-05,1.7469771e-10,0.009109361,11.989675,38.0954,38.082417,0.8792333,80.708176,1.3735934,82.053276,1.0,-0.57290643,-1.0,10000,0.70911795,0.0438321135017758,0.0432379676420037,0.0425275698798213,10,0.0003856053720975,1000,1000.0,1000,10,0.0,9526.032325744629,9519.279895973206,9510.079168319702,10,5.429581891394786,-92.44773871389148,-95.9466784475059,-99.38355831607008,10,2.204354812993551,9999.83445947726,9999.214992114845,9997.806220881115,10,0.6088595770118244,-13.847028148553097,-14.224521997381746,-14.997294017577962,10,0.3741258192062737,-362.3593166666667,-367.8956055,-374.11625333333336,10,3.911486687037236,0.0,0.0,0.0,10,0.0,-1.7919405888255593,-1.8682895749561976,-1.922244355854388,10,0.0325576428368112,0.0,0.0,0.0,10,0.0,4.2968073,-0.49216303,-4.57758,1000,1.0401288,0.0819112499999999,0.0825017399999998,8.585049040401508,0.0005904899999999,0.9999999999999656,5518.335161606473,1000,663.2598039215686,24,408,277.0214760414738,9369.06013393402,6185.974003611242,223.94866752624512,408,2588.621822264397,65333.0,209.4934687614441,200000.0,80.0,16857.840913057327,16000000.0,954.6837005584428,80000.0
2.522998e-08,2.812577e-10,506.09235,-6.101014e-05,1.7288194e-10,0.009170671,11.988681,38.07867,38.065872,0.9100213,76.34688,1.5010598,77.55287,1.0,-0.57056797,-1.0,10000,0.712093,0.0447111068803787,0.0437131546779681,0.0432281131177878,10,0.0004191850493525,1000,1000.0,1000,10,0.0,9525.659859657288,9521.08248729706,9508.985403060911,10,4.626408443572873,-89.78339675424797,-93.45595997520869,-97.6292729721004,10,2.736638351454597,9999.980549731572,9999.777099431753,9999.340861862644,10,0.1868442676624573,-13.234781595850407,-14.12486006238846,-14.74178666359964,10,0.5042046788515969,-366.7462333333333,-369.3081926666666,-376.4851883333333,10,2.6579936740551853,0.0,0.0,0.0,10,0.0,-1.7646043583799444,-1.8055985951743616,-1.8405877141806144,10,0.0231652682813048,0.0,0.0,0.0,10,0.0,5.402379,-0.48455223,-4.7481136,1000,1.0442911,0.0836827199999998,0.0842732099999998,8.767039291459543,0.0005904899999999,0.9999999999999823,4311.944336385092,1000,293.765625,25,512,274.19329787507456,9374.251114845276,2726.555680448655,228.88393878936768,512,2554.786633726208,65845.0,220.0075826644897,200000.0,81.0,17077.848495721817,16200000.0,909.059576846489,81000.0
2.522998e-08,2.8550726e-10,506.22388,7.750771e-05,1.686324e-10,0.009034523,11.980387,38.038116,38.025703,0.905159,68.00628,1.4594975,69.14947,1.0,-0.5794395,-1.0,10000,0.70700645,0.0430947316140373,0.0427615584428393,0.0425212181114329,10,0.0001807522143823,1000,1000.0,1000,10,0.0,9545.17450428009,9537.97814092636,9534.040383338928,10,3.337417984704318,-81.37906609132281,-86.39002739018336,-89.77442612646749,10,2.603491487762252,9999.99941674558,9999.218133286457,9996.454071021177,10,1.1200787184284977,-12.02258162324168,-12.79567670962827,-13.88447976695846,10,0.5511840900016229,-355.9544183333333,-360.2974658333333,-362.62253166666665,10,1.811005065906811,0.0,0.0,0.0,10,0.0,-1.7269949118929484,-1.7568228419824583,-1.8146269508714985,10,0.0251479599219812,0.0,0.0,0.0,10,0.0,4.5227537,-0.4945396,-4.4800696,1000,1.0387847,0.0851589449999998,0.0857494349999998,8.931615870698158,0.0005904899999999,0.99999999999999,3670.201875205747,1000,401.755,15,400,303.56398827100685,9347.178599357603,3743.2237281119824,138.86858654022217,400,2831.1745972423964,66245.0,211.1869113445282,200000.0,82.0,17289.035407066345,16400000.0,947.0283869710184,82000.0
2.522998e-08,2.885763e-10,502.37677,0.0001979271,1.6556337e-10,0.008844854,11.960594,37.97197,37.959785,0.8097536,61.383823,1.1825544,62.63285,1.0,-0.5901466,-1.0,10000,0.7034393,0.0425903029334003,0.0419308764671179,0.041261667228231,10,0.0004416913214357,1000,1000.0,1000,10,0.0,9555.23511314392,9547.525238513948,9539.489126205444,10,4.9598373099589415,-80.47113609692383,-84.01119056150819,-89.19807526971991,10,2.836815189189113,9999.626978819591,9998.79800040945,9996.581605731568,10,0.8959333951966784,-11.330803816491802,-12.264366468165646,-13.294738604341411,10,0.6374334032964856,-346.8296316666666,-353.2433038333333,-357.5337083333333,10,3.86177261669259,0.0,0.0,0.0,10,0.0,-1.7025941683922157,-1.753900271177983,-1.803574522515548,10,0.0362222672081196,0.0,0.0,0.0,10,0.0,4.6693673,-0.50318825,-4.570653,1000,1.0347236,0.0866351699999998,0.0872256599999998,8.960394663273814,0.0005904899999999,0.9999999999999942,4246.179461562175,1000,462.9412751677853,25,596,368.39764349490906,9394.907190322876,4328.685039763583,208.2477717995644,596,3450.978448302818,66841.0,211.61647725105288,200000.0,83.0,17500.651884317398,16600000.0,945.1059889005166,83000.0
2.522998e-08,2.9040298e-10,503.3386,-0.00027566607,1.6373668e-10,0.009335761,11.973187,37.996357,37.984344,0.8344881,51.849365,1.15443,52.948704,1.0,-0.602338,-1.0,10000,0.6922199,0.0408243221972807,0.0404902291057835,0.0400644303397712,10,0.0002320068050151,1000,1000.0,1000,10,0.0,9571.56897354126,9562.822017478942,9545.700756072998,10,6.592979930752674,-73.61288103711766,-78.17924273843227,-81.66553635408931,10,2.483519377929668,9999.74169260904,9997.207450747495,9983.541908126606,10,4.59579282963474,-10.817975321523129,-11.61851868910698,-12.60060597851366,10,0.5179377476847429,-338.14353666666665,-342.87263283333334,-346.03998666666666,10,2.433200867382642,0.0,0.0,0.0,10,0.0,-1.6597335765939407,-1.7150330272820724,-1.7576244607812157,10,0.0289204278906636,0.0,0.0,0.0,10,0.0,4.581975,-0.5076536,-4.7438207,1000,1.0319325,0.0884066399999998,0.0889971299999998,9.19288262926806,0.0005904899999999,0.999999999999997,3493.727384569061,1000,303.03484320557493,24,574,197.1719712393144,9343.738111495972,2826.282008259865,219.62973594665527,574,1843.0905101647247,67415.0,216.73392009735107,200000.0,84.0,17717.38580441475,16800000.0,922.7904884946728,84000.0
2.522998e-08,2.9293162e-10,508.40173,-0.00030335443,1.6120803e-10,0.009454586,11.967363,37.9785,37.966793,0.78355336,41.466255,0.9994656,42.66401,1.0,-0.6156645,-1.0,10000,0.67958647,0.0392393720973486,0.0386987511617568,0.0378537164046865,10,0.0004044049277482,1000,1000.0,1000,10,0.0,9578.116290092468,9572.958680343629,9567.362550735474,10,3.661146376315374,-73.16518440243082,-76.47549592528001,-78.91743114500716,10,1.8604685344010208,9998.22069188466,9994.113126507722,9986.230653177052,10,4.104266555503319,-10.42402943827316,-11.39150302502519,-12.244425996479716,10,0.5035914068840296,-323.66671166666663,-331.5807093333333,-337.0906766666667,10,3.4777598337510893,0.0,0.0,0.0,10,0.0,-1.6352866861153892,-1.7067373740487273,-1.7448391835435897,10,0.0322028944961809,0.0,0.0,0.0,10,0.0,4.6912823,-0.52807486,-4.740224,1000,1.0209347,0.0898828649999998,0.0904733549999998,9.232287952139776,0.0005904899999999,0.9999999999999982,4049.455170888201,1000,589.787012987013,28,385,371.02545344499583,9412.371779441832,5521.0349889213385,259.1866283416748,385,3479.1994238921425,67800.0,225.154810667038,200000.0,85.0,17942.540615081787,17000000.0,888.2777117108226,85000.0
2.522998e-08,2.9770192e-10,511.33496,-0.00016882677,1.5643777e-10,0.0093728565,11.951383,37.93,37.91867,0.7044253,34.113564,0.79863167,35.417274,1.0,-0.61976296,-1.0,10000,0.67451596,0.0383856324364169,0.0378470758979878,0.0371358133398898,10,0.0004101491224084,1000,1000.0,1000,10,0.0,9598.486313819883,9584.74305152893,9574.970437049866,10,6.79185063258479,-69.2668897119377,-73.97313401940724,-77.56198933206383,10,2.524978652176285,9998.140350447684,9994.630151801584,9988.475159977555,10,2.819958693410091,-10.230348766294886,-11.043005753645389,-11.969219476320395,10,0.5356755136316154,-316.7353833333333,-323.22802,-328.4045816666667,10,3.7629415410504072,0.0,0.0,0.0,10,0.0,-1.536648296930324,-1.6429432485316358,-1.7330575061150402,10,0.0541269633328522,0.0,0.0,0.0,10,0.0,4.6423864,-0.52677506,-4.6629815,1000,1.0206513,0.0916543349999998,0.0922448249999998,9.25439994470714,0.0005904899999999,0.9999999999999992,3341.692434809218,1000,377.7384341637011,22,562,273.8156136931831,9411.665143013,3530.424813044347,202.1038646697998,562,2562.216438471371,68362.0,242.41443920135487,200000.0,86.0,18184.955054283146,17200000.0,825.0333629420293,86000.0
2.522998e-08,3.0052183e-10,511.38348,4.3144406e-05,1.5361781e-10,0.009161757,11.938855,37.87826,37.867134,0.649901,29.003963,0.66123515,30.482841,1.0,-0.6369842,-1.0,10000,0.6595813,0.0361529129770788,0.0359024877880146,0.0355704612861009,10,0.0002117541097749,1000,1000.0,1000,10,0.0,9606.448607444763,9599.937490463257,9590.23635482788,10,5.044474091213461,-72.1579445258628,-74.24328253553183,-78.59791593137908,10,1.839238536932796,9997.74666981956,9994.759388409537,9984.417977594245,10,3.6752915776846864,-9.868124776535636,-10.452166151195884,-11.109754807587317,10,0.3926096503995228,-303.83784833333334,-308.53184916666663,-314.89287833333333,10,2.675443771472858,0.0,0.0,0.0,10,0.0,-1.528352362770269,-1.5945967793952676,-1.662235211475056,10,0.0400945649689153,0.0,0.0,0.0,10,0.0,4.5545945,-0.55329174,-4.366067,1000,1.0081632,0.0931305599999998,0.0937210499999998,9.168593793419426,0.0005904899999999,0.9999999999999994,4210.506306326254,1000,712.3466135458167,25,251,329.96318063714523,9420.049918174744,6679.597584200095,235.13897514343265,251,3097.137540881,68613.0,213.79999136924744,200000.0,87.0,18398.75504565239,17400000.0,935.4537328048162,87000.0
2.522998e-08,3.0137773e-10,510.12582,-2.9551282e-05,1.5276193e-10,0.009211817,11.926659,37.837723,37.826595,0.6294056,28.417807,0.6000249,30.046062,0.99999994,-0.6452701,-1.0,10000,0.6559073,0.0359283204196108,0.0350249043330666,0.0341997479288111,10,0.000453378457453,1000,1000.0,1000,10,0.0,9611.440881729126,9600.927429008483,9560.756468772888,10,13.612638142983448,-72.77966898936745,-78.71421966655205,-85.81598525209563,10,3.694502005705812,9997.054484106804,9990.79121895233,9962.466686378124,10,9.776587338874508,-9.75476257366563,-10.196690332370917,-11.266183289983523,10,0.4406117249198836,-292.87055666666663,-299.40706249999994,-308.4002416666666,10,4.065277825064369,0.0,0.0,0.0,10,0.0,-1.4735773943042942,-1.5458137739897826,-1.6193438193671144,10,0.0376762348930252,0.0,0.0,0.0,10,0.0,4.456694,-0.5598346,-4.5583725,1000,1.0053346,0.0937210499999998,0.0943115399999998,9.040978965635974,0.0005904899999999,0.9999999999999996,4099.554437379729,1000,455.3883495145631,23,309,262.9005090592617,9398.581416130066,4268.359664173188,216.31093788146973,309,2466.7754068993327,68922.0,209.9111292362213,200000.0,88.0,18608.66617488861,17600000.0,952.784165030774,88000.0
2.522998e-08,3.0647665e-10,502.2578,0.00070195564,1.47663e-10,0.008338684,11.900568,37.751442,37.74064,0.60997444,32.89251,0.5389297,34.735058,1.0,-0.6483627,-1.0,10000,0.66492534,0.0363552115482016,0.035713366464441,0.0351441719247231,10,0.0003933776631956,1000,1000.0,1000,10,0.0,9607.838280677795,9600.490287208557,9589.141882896423,10,5.393805161313611,-82.93819952156534,-87.55793245463221,-100.34948652621114,10,5.101437286785604,9998.533463910982,9996.390417262775,9994.020717803978,10,1.543356980107048,-9.733337710929757,-10.267666376383549,-11.339146487676388,10,0.4357713235021248,-289.0978083333333,-296.6696265,-302.2585583333333,10,3.605405017330036,0.0,0.0,0.0,10,0.0,-1.3103964767745668,-1.404905499118573,-1.4559823362772872,10,0.0463931095022774,0.0,0.0,0.0,10,0.0,4.52858,-0.57513165,-4.5418916,1000,1.0000926,0.0943115399999998,0.0949020299999998,8.804289509961572,0.0005904899999999,0.9999999999999996,5162.937888130102,1000,801.7392996108949,23,257,317.7632646272869,9429.197132110596,7530.561314009506,216.4546432495117,257,2986.410883995662,69179.0,310.2012069225311,200000.0,89.0,18918.867381811146,17800000.0,644.7428170385795,89000.0
2.522998e-08,3.0782216e-10,490.52948,0.00042260223,1.4631751e-10,0.008406929,11.894719,37.70938,37.698704,0.6573536,40.71223,0.5869497,42.547306,1.0,-0.64982563,-1.0,10000,0.6725714,0.0372947674174647,0.0363734374670457,0.0357243947481474,10,0.0005140848810141,1000,1000.0,1000,10,0.0,9602.494081497192,9583.767871189117,9561.909497261047,10,14.945630944842282,-92.50480922133384,-105.48236344360734,-118.64325705823332,10,10.439947782959232,9999.60375727231,9998.070973565798,9993.62832703774,10,1.7208981261109828,-10.067458661206508,-11.15715430782118,-12.733661781655504,10,0.8306808973449741,-289.36102333333326,-296.3098993333333,-304.1010633333333,10,4.579369488607401,0.0,0.0,0.0,10,0.0,-1.2769450284495771,-1.3536803958525303,-1.431433891695688,10,0.0412791004881786,0.0,0.0,0.0,10,0.0,4.3448477,-0.56204623,-4.859474,1000,1.0107878,0.0954925199999998,0.0960830099999998,8.72424646159365,0.0005904899999999,0.9999999999999996,5454.542121840347,1000,612.8867924528302,21,424,326.9689795670923,9417.597601890564,5746.052483654177,181.17488050460813,424,3068.56935132788,69603.0,208.79428672790527,200000.0,90.0,19127.661668539047,18000000.0,957.8806160564836,90000.0
2.522998e-08,3.1129252e-10,480.51526,0.0008232678,1.4284714e-10,0.007826007,11.881406,37.65336,37.64278,0.72457814,47.347202,0.726264,49.165657,1.0,-0.6373623,-1.0,10000,0.685087,0.038669605640156,0.03783756236599,0.0370332162660051,10,0.0005767163448995,1000,1000.0,1000,10,0.0,9598.857996940613,9585.934322738647,9566.178373336792,10,9.842734475526337,-82.17512213123472,-92.62368595359337,-107.56885763431,10,7.460201285705351,9999.61961328188,9998.113922719058,9995.328898334315,10,1.4501128152956164,-9.575583659295436,-10.25039417630468,-12.035717566945644,10,0.7840506504863287,-300.7670066666666,-307.9176808333333,-314.4541866666666,10,4.850946048846684,0.0,0.0,0.0,10,0.0,-1.349558802512843,-1.387841280832112,-1.4223371679705743,10,0.0269129027635105,0.0,0.0,0.0,10,0.0,4.3738074,-0.57575893,-5.044784,1000,1.0079291,0.0969687449999998,0.0975592349999998,8.664630749963283,0.0005904899999999,0.9999999999999998,5456.62453476424,1000,799.7261410788382,44,241,304.15668001400513,9447.416854858398,7501.178466449634,414.6027431488037,241,2856.2365677023804,69844.0,216.10420560836792,200000.0,91.0,19343.76587414741,18200000.0,925.4794437570891,91000.0
2.522998e-08,3.1032305e-10,464.95218,0.00060449436,1.4381663e-10,0.0077646445,11.860607,37.59278,37.582214,0.7727626,53.451843,0.8375492,55.11686,1.0,-0.6213846,-1.0,10000,0.6975858,0.040061338878746,0.0396990240223851,0.0392786778154986,10,0.0002585446669684,1000,1000.0,1000,10,0.0,9582.021656036375,9576.58851594925,9559.791803359984,10,6.464210196604831,-80.98935592925312,-83.88680009671388,-91.67825089975668,10,3.1679641831384644,9999.78450280128,9996.33891062328,9979.460351000149,10,5.896316305005759,-8.743851198668029,-9.455036082980609,-10.15946700308337,10,0.4900281424180664,-321.47325333333333,-324.91259599999995,-328.3168433333333,10,2.329547756615623,0.0,0.0,0.0,10,0.0,-1.4412783239820297,-1.4959644123009226,-1.5501160873887925,10,0.0338197412702045,0.0,0.0,0.0,10,0.0,4.215862,-0.5517849,-4.730593,1000,1.0198694,0.0984449699999998,0.0990354599999998,8.747661298211254,0.0005904899999999,0.9999999999999996,4310.032149692387,1000,446.6532846715328,21,548,270.16891892292983,9429.56761455536,4178.470825970717,198.3252439498901,548,2532.725908668971,70392.0,211.1054344177246,200000.0,92.0,19554.87130856514,18400000.0,947.3938960957786,92000.0
2.522998e-08,3.061827e-10,464.464,-0.00026580712,1.4795698e-10,0.008626158,11.861056,37.603252,37.59232,0.82820624,51.89402,0.9800177,53.248764,1.0,-0.6171148,-1.0,10000,0.6985585,0.0405343968874512,0.0400831858877994,0.039656200315032,10,0.0003211034378254,1000,1000.0,1000,10,0.0,9591.35613822937,9580.516767406463,9573.679167747498,10,5.096260791238064,-73.7857275045083,-78.13001531134867,-82.13240914530253,10,2.827683159205568,9999.85573717304,9998.231945592934,9990.93756829152,10,2.691203948623444,-8.744196148016648,-9.176990641012502,-9.715893650422856,10,0.3118927213862766,-324.19314166666663,-328.8783686666666,-333.58114333333333,10,3.107027341574069,0.0,0.0,0.0,10,0.0,-1.4756016651712622,-1.5298070963522874,-1.5961831007614038,10,0.0362264927380155,0.0,0.0,0.0,10,0.0,4.979407,-0.53964883,-4.9743557,1000,1.0217321,0.1002164399999998,0.1008069299999998,9.027812273020697,0.0005904899999999,0.9999999999999996,3686.9124791183526,1000,258.6765498652291,16,742,181.6875386131034,9297.075961589811,2413.5766834074434,149.7678108215332,742,1699.110159303797,71134.0,212.21285796165463,200000.0,93.0,19767.084166526794,18600000.0,942.4499623681548,93000.0
2.522998e-08,3.053468e-10,470.97726,-0.00035134304,1.4879285e-10,0.008828933,11.864774,37.60149,37.590557,0.7976909,43.033,0.94709,44.16725,1.0,-0.6292051,-1.0,10000,0.68638873,0.0394445893814991,0.0385699285684881,0.0381263973167369,10,0.0003263810306336,1000,1000.0,1000,10,0.0,9598.406908035278,9592.416380977633,9587.955550193788,10,2.97220168079918,-72.09965584768423,-77.69367672067133,-82.23878707658119,10,2.675951024632822,9999.893083983185,9999.641958632576,9998.96034557286,10,0.2880234481680677,-8.952136652362636,-9.733970036218446,-10.21724603750734,10,0.3886994634029866,-314.3664483333333,-318.32344716666665,-324.28088,10,2.622319572618231,0.0,0.0,0.0,10,0.0,-1.3990188694547547,-1.4744850452372875,-1.503009284694098,10,0.0284206536258174,0.0,0.0,0.0,10,0.0,4.7585874,-0.5532847,-4.7951703,1000,1.0132116,0.1016926649999998,0.1022831549999998,9.330192295724942,0.0005904899999999,0.9999999999999998,3790.018482009551,1000,494.3396739130435,43,368,276.9430002410286,9388.539534568788,4639.967595596676,401.5305395126343,368,2601.6801797162484,71502.0,328.6202301979065,200000.0,94.0,20095.7043967247,18800000.0,608.6052580498562,94000.0
2.522998e-08,3.0468675e-10,476.7353,-0.00025638207,1.4945291e-10,0.008837617,11.854343,37.561924,37.551323,0.6983169,31.15315,0.73337287,32.297825,0.99999994,-0.6448503,-1.0,10000,0.66565543,0.0368023742803343,0.0357906525157828,0.0353140335976349,10,0.0004075608940497,1000,1000.0,1000,10,0.0,9615.235474586489,9606.337810611723,9599.402587890623,10,4.352672553733766,-70.02390851586719,-76.83044434515361,-80.44022026712298,10,3.0252838544357226,9999.991621245916,9996.78478637758,9993.671767440655,10,2.2106474225936004,-9.267175071483608,-9.7955316282044,-11.013378759287209,10,0.5016997570945932,-298.31033333333335,-302.328749,-307.698335,10,2.55672574457646,0.0,0.0,0.0,10,0.0,-1.4326553827488535,-1.4922465636641389,-1.5568085090928934,10,0.0364777296375714,0.0,0.0,0.0,10,0.0,4.3898087,-0.55924594,-4.707763,1000,1.00695,0.1025783999999998,0.1031688899999998,9.486090205880297,0.0005904899999999,0.9999999999999998,4352.24707667738,1000,698.5410958904109,17,292,392.7777200303292,9443.621920585632,6570.701510006435,158.32110118865967,292,3701.5491140000254,71794.0,209.3905317783356,200000.0,95.0,20305.09492850304,19000000.0,955.1530257906954,95000.0
2.522998e-08,3.0201144e-10,482.5116,-0.0005458989,1.5212821e-10,0.009231107,11.854643,37.57037,37.56013,0.65352124,19.473652,0.6791246,20.612345,1.0,-0.66192806,-1.0,9023,0.64513814,0.0363434413894023,0.0335535575634948,0.0327744566983164,10,0.0009600388133868,1000,902.3,23,10,293.1,9622.671236991882,8668.80519990921,220.4592695236206,10,2816.1262749713883,-2.588746605049073,-67.55403011441476,-76.66287107668293,10,21.692696675893128,9988.531399583597,9003.141694048594,229.99908538975225,10,2924.3887010797057,-0.0731025617082796,-7.809467259622954,-8.96757211422829,10,2.5869995496284783,-6.843590000000001,-257.61729433333323,-291.11578999999995,10,83.63534197719873,0.0,0.0,0.0,10,0.0,-0.0343780243446235,-1.355702243561351,-1.550760794186866,10,0.441471599659021,0.0434782608695652,0.0043478260869565,0.0,10,0.0130434782608695,4.4167185,-0.5581965,-4.7012224,1000,1.0042933,0.1037593799999998,0.1043498699999998,9.645794669935295,0.0005904899999999,0.9999999999999996,4451.504332406287,1000,292.41241379310344,17,725,163.0016699228013,9354.380702972412,2741.8261278653968,158.0237216949463,725,1528.1797518498763,72519.0,218.67016077041623,200000.0,96.0,20523.765089273453,19200000.0,914.619531514324,96000.0
2.522998e-08,3.0546987e-10,490.31802,-0.000394396,1.4866978e-10,0.0092201205,11.861297,37.568733,37.559048,0.62084043,6.8197513,0.59499127,7.9801655,0.9999991,-0.67451566,-1.0,10000,0.6190481,0.0312992222786851,0.0309846157901702,0.0304750006454123,10,0.0002615889214047,1000,1000.0,1000,10,0.0,9523.286913871763,9494.102650547027,9424.463448524475,10,29.708206742217826,-80.15718263523968,-82.36249282935792,-84.43420754244342,10,1.3560306896391143,9893.662786122675,9866.036190294744,9796.451395995284,10,29.73816942079035,-8.274315064377623,-8.650040459923808,-8.960588283158192,10,0.2510961784261613,-275.4106283333333,-279.3325318333333,-281.64005,10,1.75566575425114,0.0,0.0,0.0,10,0.0,-1.5552865068361748,-1.5884726929016446,-1.652430517484452,10,0.0265032140027027,0.0,0.0,0.0,10,0.0,4.8707666,-0.5702713,-4.6564846,1000,0.997403,0.1055308499999998,0.1061213399999998,9.79477897699536,0.0005904899999999,0.9999999999999996,3770.683895968356,1000,347.5702199661591,20,591,233.8653886894236,9409.723853111269,3255.624731804312,190.2191343307495,591,2191.3982370465083,73110.0,212.3940451145172,200000.0,97.0,20736.15913438797,19400000.0,941.6459858475096,97000.0
2.522998e-08,3.007909e-10,492.76614,-0.00022636015,1.5334875e-10,0.00909615,11.852008,37.54864,37.539345,0.5808557,-3.8084655,0.5592242,-2.5310154,1.0,-0.6874039,-1.0,10000,0.60502297,0.0297194159603823,0.0291917533908883,0.0286249558611161,10,0.0003438461227472,1000,1000.0,1000,10,0.0,9557.480315208437,9532.582079458236,9476.59130525589,10,24.33126174503668,-87.10588607072913,-88.9249565520948,-90.97171370572204,10,1.1331486608895005,9927.216161707403,9900.653391634543,9848.867116454245,10,23.15237379253256,-9.349115716609813,-10.028339306852905,-10.936162477613712,10,0.5443585804706518,-262.60083166666664,-267.5404998333333,-271.7256183333333,10,2.661539123965821,0.0,0.0,0.0,10,0.0,-1.5552289802923744,-1.5775179551468204,-1.6006339758435653,10,0.0166582617665699,0.0,0.0,0.0,10,0.0,4.3616347,-0.58700794,-4.705658,1000,0.9876715,0.1075975649999998,0.1081880549999998,9.825781041853062,0.0005904899999999,0.9999999999999998,2819.0878107791264,1000,181.4902807775378,14,926,180.4210560464936,9394.507985591888,1694.5794712735046,129.5149440765381,926,1691.9886680652792,74036.0,210.28875589370728,200000.0,98.0,20946.44789028168,19600000.0,951.0732000387704,98000.0
2.5229983e-08,2.6635094e-10,495.6572,-0.00047452934,1.8778878e-10,0.009396358,11.850832,37.67522,37.66831,0.5976625,-10.611519,0.5744509,-9.201042,0.9999987,-0.6859165,-1.0,1919,0.6063093,0.0358936114653775,0.0266120812730068,0.0106368862201028,10,0.0071817776937357,865,191.9,24,10,276.78130355932643,8306.891657829285,1845.142831325531,235.52873611450195,10,2657.615094959576,-1.5545327199609953,-18.06918546047826,-84.9413276463602,10,27.4488811162003,8639.906821832057,1917.2389896334475,240.0,10,2764.6124724360657,0.0,-1.797209809046994,-8.839725668543258,10,2.8680491169857336,-2.895365,-51.93231949999999,-237.85862166666664,10,76.26907603450512,0.0,0.0,0.0,10,0.0,-0.0213692328637998,-0.2974444132598789,-1.3754948889808931,10,0.4421867437901152,0.0416666666666666,0.0187283185046015,0.0011560693641618,10,0.0137298724204851,4.41712,-0.6194936,-5.3117223,1000,0.9738771,0.1117082838461537,0.1118445507692306,9.7889062684709,0.0005904899999999,0.8222523076923074,1564.3854266375954,957,93.23649635036496,15,2740,123.32396175897374,9002.155015468597,877.1376919236932,139.0268201828003,2740,1158.8010807631929,76776.0,205.15239357948303,200000.0,99.0,21151.60028386116,19800000.0,974.8850428231206,99000.0
2.5241567e-08,2.1285351e-10,503.55762,-0.0006039238,2.414947e-10,0.009667961,11.8981495,37.982178,37.97886,0.7723778,1.3952992,0.7135829,3.8295374,0.99999833,-0.7594897,-1.0,256,0.5473986,0.0290411088607206,0.0222587920359245,0.0187382808664032,10,0.0036339309627154,31,25.6,16,10,4.565084884205331,301.39277362823486,248.23644046783448,155.1352767944336,10,44.30853506281259,-1.0648474558697207,-1.726836581488628,-2.281442980162055,10,0.3373152441027199,309.97577168758335,255.53117327740225,159.99858450616233,10,45.71924105085892,-0.0200821932767867,-0.1827664957978228,-0.4079362522106241,10,0.130859336097268,-2.983103333333333,-5.352038333333334,-8.159665,10,1.4212526769422655,0.0,0.0,0.0,10,0.0,-0.0210811609919328,-0.0330912912556084,-0.0445348476597164,10,0.0081438987397116,0.0625,0.0406574854906773,0.032258064516129,10,0.0091062602223673,4.517379,-0.73227763,-4.9097023,1000,0.91726816,0.1013974199999998,0.1008069299999998,8.533797423244264,0.0005904899999999,0.0396936131061404,338.3119543398416,136,29.98154709182167,15,6774,9.883322069047994,1271.3207397460938,285.9606470721712,139.59056568145752,6774,93.2159782145233,83550.0,207.01875686645508,200000.0,100.0,21358.61904072761,20000000.0,966.0960341338404,100000.0
2.5276229e-08,2.0584362e-10,508.56674,-0.00043489237,2.4912844e-10,0.009589094,11.991604,38.104797,38.10425,1.4140062,46.47826,1.86624,49.889324,1.0,-0.6832153,-1.0,619,0.63297594,0.0352982005848995,0.0320171346395061,0.0277620017490475,10,0.00275431556943,76,61.9,48,10,7.542545989253231,730.4543647766113,595.3142638206482,459.1823348999024,10,73.36943982752256,-5.221605294442176,-5.909476955909817,-7.174617429009638,10,0.5402425807128154,759.9375814763775,618.7327934623777,479.9053698031482,10,75.381700160812,-0.4364592546398388,-0.5710932642941083,-0.695689947390201,10,0.0843495902131565,-14.476825,-16.854533833333335,-21.58363,10,2.156810971457764,0.0,0.0,0.0,10,0.0,-0.0726818482521921,-0.0834257468830002,-0.1010270483904605,10,0.0100848710748613,0.0208333333333333,0.016404720045458,0.0131578947368421,10,0.0020730547191793,4.6895385,-0.728769,-4.883106,1000,0.9266894,0.0827969849999999,0.0822064949999999,6.193596973912783,0.0005904899999999,2.765796856724161e-05,295.34887389907425,106,31.53028846153846,15,6240,9.54842814524962,1008.2823677062988,300.47415528950785,138.9276361465454,6240,89.975738190878,89790.0,218.25683546066284,200000.0,101.0,21576.87587618828,20200000.0,916.3515982345792,101000.0
2.5327273e-08,2.6098818e-10,513.5971,-0.00053964095,1.9490279e-10,0.009784388,12.054147,38.160744,38.15783,3.5460267,102.715576,9.635792,104.716,0.9999998,-0.62553483,-1.0,10000,0.6866527,0.0401480027075595,0.0389368009439756,0.0383025720770092,10,0.0005973007194009,1000,1000.0,1000,10,0.0,9497.537809371948,9485.691238975523,9457.245980262756,10,12.72145395671406,-169.9661793807764,-176.84417674624257,-186.60766785324148,10,6.351984877609648,10000.0,9998.110674917378,9987.063595766424,10,3.908702881262392,-15.937525333843157,-16.523071571174377,-17.557349949625394,10,0.5379474256962421,-312.52394333333325,-317.6566358333333,-324.28088,10,4.06338378259893,0.0,0.0,0.0,10,0.0,-1.3642476435481887,-1.395554742586907,-1.4508801437758705,10,0.025530352074459,0.0,0.0,0.0,10,0.0,4.860169,-0.6223378,-4.585182,1000,0.98492557,0.0695109599999999,0.0689204699999999,4.933135152878059,0.00059049,6.615035469593972e-08,534.5722651284557,348,64.19136641740313,18,2942,33.36571582871267,3220.111512184143,604.8121376181037,173.01550388336182,2942,311.79354375150314,92732.0,211.3276391029358,200000.0,102.0,21788.20351529121,20400000.0,946.3977397797069,102000.0
2.5274012e-08,2.9710961e-10,519.57086,-0.00020903372,1.5782257e-10,0.00956131,12.052177,38.178158,38.17227,5.5689855,165.80023,24.357552,165.2451,0.99999994,-0.63360304,-1.0,10000,0.6700034,0.0371460375188471,0.0364905904411687,0.0358852628982713,10,0.0003672245207431,1000,1000.0,1000,10,0.0,9595.0815076828,9583.849343013764,9570.515809059145,10,6.949623922953479,-81.65007882498028,-85.71721151168381,-90.1620894203002,10,2.3365259598318056,9999.331204733851,9995.42418482544,9989.269285501954,10,3.327261236836069,-12.274620275738666,-13.44697001748876,-14.34160665350718,10,0.656651969758814,-306.38226,-310.8130458333334,-315.33157,10,2.6143226156303454,0.0,0.0,0.0,10,0.0,-1.5452347362508292,-1.5976140820126503,-1.651728459525757,10,0.0365878815170876,0.0,0.0,0.0,10,0.0,4.391991,-0.57956475,-4.6902275,1000,0.99865806,0.0644917949999999,0.0644622704999999,4.613055509907957,0.0005609655,0.100000006513305,942.0630363454318,1000,257.19463087248323,24,447,219.239125918684,9422.705426216124,2412.440175012721,231.59853649139404,447,2056.315170062181,93179.0,210.366688489914,200000.0,103.0,21998.570203781128,20600000.0,950.7208647703224,103000.0
2.523583e-08,3.1696032e-10,520.18823,-9.469051e-05,1.3728464e-10,0.009458079,12.01853,38.104324,38.096203,6.7520533,223.6165,37.581493,220.82835,0.99999994,-0.6234197,-1.0,10000,0.6700306,0.0375072005334514,0.0370480816614886,0.0367576118422875,10,0.0002072753309219,1000,1000.0,1000,10,0.0,9583.082677841188,9574.947432136536,9561.43922805786,10,6.6393116108506645,-81.50043869695915,-85.52466385553765,-90.09225451467556,10,2.696016629005478,9999.739613503289,9996.981656130742,9992.022891002684,10,2.404081782520638,-13.047389918944482,-13.960353541139742,-14.671316170146124,10,0.4963906791536348,-317.7882433333333,-320.8152158333333,-324.544095,10,2.2414525599670574,0.0,0.0,0.0,10,0.0,-1.7024200513356271,-1.7339958360875791,-1.7597811999832995,10,0.0187615776203157,0.0,0.0,0.0,10,0.0,4.9566145,-0.557107,-4.700955,1000,1.0022743,0.0651903446699999,0.0656224062029999,4.767237567705006,0.000432061533,0.4794666704337691,2379.717244625725,1000,396.14161849710985,23,692,279.31837481747465,9400.3099527359,3701.8333470256334,214.0030946731568,692,2616.297498719251,93871.0,211.9683048725128,200000.0,104.0,22210.53850865364,20800000.0,943.537290258036,104000.0
2.522998e-08,3.1596706e-10,517.48157,0.00017868385,1.381726e-10,0.009135985,11.938583,37.915394,37.906296,6.6968966,276.59372,42.273678,273.49097,0.9999997,-0.60851765,-1.0,10000,0.6728066,0.0382484949912613,0.037986587391296,0.0373349041539913,10,0.000255261701243,1000,1000.0,1000,10,0.0,9570.255743980408,9565.837090301511,9552.40235710144,10,5.118807859445305,-82.64604053636369,-85.33528944990599,-87.98595187689855,10,1.46199673216958,9999.99956790335,9998.289459876742,9989.147843687151,10,3.2676569731788594,-13.849216594928809,-14.611049521098446,-15.439263990028552,10,0.4828185270250989,-328.0536283333333,-330.6945521666666,-332.3528066666666,10,1.467330178732421,0.0,0.0,0.0,10,0.0,-1.7632267392148773,-1.8114796246723128,-1.8553551605662808,10,0.0272474904850978,0.0,0.0,0.0,10,0.0,5.004487,-0.54445565,-4.952953,1000,1.0003183,0.0662178858434999,0.0666053063324999,5.125797165272379,0.000387420489,0.7050880021342796,3419.345780434577,1000,526.0032786885246,27,305,277.5711812220208,9392.705520629885,4909.59692779369,250.866644859314,305,2594.948858890309,94176.0,213.55909085273743,200000.0,105.0,22424.09759950637,21000000.0,936.5089502928852,105000.0
2.522998e-08,3.0536806e-10,510.9737,0.0005107246,1.4877158e-10,0.008686802,11.832586,37.68977,37.68012,5.3511863,322.20145,35.745182,320.43576,1.0,-0.58956313,-1.0,10000,0.6762447,0.0395870745529391,0.0392461225323233,0.0389761992345302,10,0.0001716224723867,1000,1000.0,1000,10,0.0,9555.2266664505,9550.128648471831,9543.525583267212,10,3.606871810365735,-85.78062304190112,-89.1495491259237,-94.34962927184132,10,2.8307680248616296,10000.0,9999.727843404686,9998.610735928669,10,0.4329036226576314,-14.2553818965627,-14.857675356755298,-15.6048120201451,10,0.3970618158472665,-339.3718733333333,-343.706147,-347.0051083333333,10,1.9752625120693523,0.0,0.0,0.0,10,0.0,-1.820759420653054,-1.8858259068378456,-1.9527659751728983,10,0.0348681203525155,0.0,0.0,0.0,10,0.0,4.5080547,-0.5221579,-4.7329197,1000,1.0030146,0.0667990165769999,0.0671864370659999,5.728767095241384,0.000387420489,0.7902848015177099,3367.673671660507,1000,507.3095890410959,27,365,259.13766382399893,9368.738401412964,4716.084188864819,254.16169357299805,365,2413.92405699064,94541.0,221.9803121089936,200000.0,106.0,22646.07791161537,21200000.0,900.980803657033,106000.0
2.522998e-08,2.9223388e-10,502.66345,0.0003297035,1.6190578e-10,0.008718237,11.757118,37.56504,37.554756,4.204194,341.81287,25.742235,340.89597,1.0,-0.5672328,-1.0,10000,0.6848585,0.0412924444821401,0.0409507260979124,0.0405238000570534,10,0.0002641988446062,1000,1000.0,1000,10,0.0,9543.33518218994,9540.246616840364,9534.0859041214,10,2.408071028069344,-81.87772580088183,-84.43885547100629,-86.3376654311008,10,1.2343236500495125,10000.0,9999.37659372757,9995.708056052974,10,1.2583230840666642,-12.65889942712651,-13.031982572531891,-13.692554833456374,10,0.3246197390979754,-356.39311,-359.6745236666667,-361.13098,10,1.3491177483014969,0.0,0.0,0.0,10,0.0,-1.9590050465132884,-1.9846123544514007,-2.020788276584353,10,0.0217010566369404,0.0,0.0,0.0,10,0.0,5.2143173,-0.48880243,-5.1488633,1000,1.015575,0.0677675677994999,0.0681549882884999,6.249698194212553,0.000387420489,0.876184146816056,3631.6505835275416,1000,247.25211097708083,19,829,170.61891278591668,9389.5543050766,2279.05149906016,137.02221665345132,829,1587.2264616661782,95370.0,215.1784224510193,200000.0,107.0,22861.25633406639,21400000.0,929.4612244195891,107000.0
2.522998e-08,2.7508826e-10,495.34177,0.0002116701,1.7905141e-10,0.008704482,11.710898,37.530155,37.519035,3.360995,337.8488,17.493492,337.1954,1.0,-0.5452699,-1.0,10000,0.6899543,0.0429729192066442,0.0423933877003466,0.0418654353932215,10,0.0003621339186375,1000,1000.0,1000,10,0.0,9532.36990261078,9525.722339344024,9519.620623588562,10,3.8356994412956,-82.37765749797151,-85.92264594100503,-88.51875235317428,10,1.962429313011042,9999.988227803176,9999.027390783856,9992.497144890503,10,2.1924936927864014,-12.30695457164061,-13.232425671579986,-13.767329157344475,10,0.4397062495144865,-368.501,-372.1245931666666,-377.0993566666666,10,2.662695799468967,0.0,0.0,0.0,10,0.0,-1.9661858098683536,-2.0253853318300328,-2.072838246856753,10,0.0315232124574094,0.0,0.0,0.0,10,0.0,4.608945,-0.46234012,-4.3745623,1000,1.0112114,0.0689298292664999,0.0693172497554999,6.5559602809692645,0.000387420489,0.9381524713851908,3595.479139405938,1000,517.7813267813268,26,407,151.7724076699549,9332.617666244509,4810.894978195071,167.23559154215036,407,1405.5155923699506,95777.0,215.85422229766849,200000.0,108.0,23077.11055636406,21600000.0,926.5512523734416,108000.0
2.522998e-08,2.6445868e-10,488.04422,0.00043663447,1.89681e-10,0.008348162,11.689383,37.513832,37.50181,2.7615297,322.17398,12.18203,321.50558,1.0,-0.5559147,-1.0,10000,0.6871947,0.0418215772245748,0.0415431840086326,0.0412413036992511,10,0.0001728104289697,1000,1000.0,1000,10,0.0,9539.416425704956,9536.070700740816,9531.831332206726,10,2.621863777189754,-80.75715451314282,-84.75260039125419,-87.61671620177802,10,2.372194600839794,10000.0,9999.618881167413,9998.14312086008,10,0.5756877155593274,-12.3987019592663,-12.96637501248092,-13.707211473198916,10,0.42756803000079,-360.60455,-363.8333206666667,-366.8339716666666,10,1.9766650101837,0.0,0.0,0.0,10,0.0,-1.922416085107128,-1.9958853340560536,-2.067092675541992,10,0.0485881769097728,0.0,0.0,0.0,10,0.0,5.1030755,-0.42767638,-4.5469,1000,1.0197715,0.0697046702444999,0.0700920907334999,6.896520158485109,0.000387420489,0.960417581686522,3819.984260990431,844,422.43131868131866,37,364,155.10090018733104,7744.611912250519,3909.000038653641,326.2608332633972,364,1436.2711360413418,96141.0,213.7214913368225,200000.0,109.0,23290.83204770088,21800000.0,935.7973255240036,109000.0
2.522998e-08,2.580525e-10,478.60696,0.0003868411,1.9608717e-10,0.008228084,11.673842,37.4669,37.454014,2.3971663,299.30328,9.981809,298.60953,1.0,-0.5612413,-1.0,10000,0.6953757,0.0430507858855853,0.0422265887485904,0.0407285672800353,10,0.0005949728158693,1000,1000.0,1000,10,0.0,9531.085161209106,9521.603853034972,9503.321106910706,10,7.165332276017184,-91.4850516905087,-93.8535033997188,-99.62117112097307,10,2.1742985757966924,9999.600839346498,9996.135244697993,9979.379867721187,10,5.719855796023449,-13.32480302879215,-13.761905693352384,-14.094324362421943,10,0.2506209284464549,-356.04215666666664,-364.9651451666667,-369.4661216666666,10,3.517869541777174,0.0,0.0,0.0,10,0.0,-1.8806059933242243,-1.950835146180972,-2.023358009202771,10,0.0374148989429675,0.0,0.0,0.0,10,0.0,4.6597595,-0.41589475,-4.70632,1000,1.0250354,0.0704795112224999,0.0708669317114999,7.275588303968266,0.000387420489,0.974667252279374,4196.23484784076,1000,503.7020202020202,25,396,422.6704092367996,9295.135071754456,4646.268279365438,232.12153148651123,396,3910.280850778628,96537.0,210.94309782981875,200000.0,110.0,23501.7751455307,22000000.0,948.122986993169,110000.0
2.522998e-08,2.587059e-10,468.62158,0.0005564601,1.9543378e-10,0.007878729,11.665116,37.397087,37.38413,1.9929619,272.5649,7.402278,272.07834,1.0,-0.5569391,-1.0,10000,0.71713454,0.0471244623784878,0.0446408272649132,0.0431147490503935,10,0.00125017277197,1000,1000.0,1000,10,0.0,9494.44502544403,9473.749650287627,9427.381246566772,10,21.11837880091944,-109.7386815587317,-113.88991442430942,-123.17311337143391,10,3.844456362168143,9993.002085181648,9980.226684431796,9960.117104358746,10,10.468139895451255,-13.462085361882552,-14.536691426728698,-15.013928172959606,10,0.4208129818801229,-366.8339716666666,-376.1781041666666,-392.979995,10,8.26979754105069,0.0,0.0,0.0,10,0.0,-1.830209930806422,-1.8723255589354573,-1.9037446442725632,10,0.0218387635902282,0.0,0.0,0.0,10,0.0,4.4992847,-0.43700233,-4.5568085,1000,1.0246246,0.071060641956,0.071448062445,7.562685994573901,0.000387420489,0.9819856016208884,4887.7309467719,1000,988.990099009901,38,202,93.65456806687104,9319.115087509155,9155.209208840191,353.5412654876709,202,870.2259613452678,96739.0,225.95019721984863,200000.0,111.0,23727.72534275055,22200000.0,885.1508096069542,111000.0
2.522998e-08,2.5783586e-10,456.10037,0.0005916166,1.9630378e-10,0.0076181907,11.66551,37.340725,37.327873,1.6554,246.17403,6.060912,245.91121,1.0,-0.5539265,-1.0,10000,0.7217811,0.0464489453147834,0.0453377003988222,0.0435290723621583,10,0.0008076184370444,1000,1000.0,1000,10,0.0,9495.63902759552,9445.998048734666,9421.025282859802,10,19.74750242539169,-109.11241952228792,-120.81546143305508,-126.44209528773732,10,4.647979302714667,9991.796610922953,9965.663704822466,9952.307536112514,10,10.90711357622367,-13.872638646359292,-14.581588936517054,-15.387122368013571,10,0.4049773471283073,-369.9925516666666,-382.36365666666666,-389.73367666666667,10,5.458706530750577,0.0,0.0,0.0,10,0.0,-1.861756189428125,-1.904948138110175,-1.955805936961572,10,0.0276059538882573,0.0,0.0,0.0,10,0.0,5.101259,-0.43246514,-4.452248,1000,1.0472349,0.071835482934,0.072222903423,7.838630241667408,0.000387420489,0.988278631454658,4643.572321831052,1000,361.15625,22,800,234.46455347437384,9286.6594581604,3307.9386561752112,202.5035514831543,800,2176.807278679715,97539.0,213.82500314712524,200000.0,112.0,23941.550345897675,22400000.0,935.3443098625246,112000.0
2.522998e-08,2.605391e-10,449.95953,0.0001893932,1.9360058e-10,0.007909878,11.688367,37.363815,37.351074,1.6580622,215.6196,6.176332,215.32614,1.0,-0.56513125,-1.0,10000,0.7159797,0.0452353697956277,0.0441709001557173,0.0437201718517317,10,0.0004535496061874,1000,1000.0,1000,10,0.0,9496.242021560667,9487.334108543397,9472.846698760986,10,7.36038908848252,-111.3249863114466,-114.76808544444484,-125.34283409658266,10,3.901640375609608,9996.61478879598,9993.519044563507,9990.52385031822,10,2.2823532918547698,-15.160842126159654,-15.742866135975683,-16.91197961259489,10,0.4960838118314225,-367.6236166666666,-373.7653,-380.4334133333333,10,3.449355330257128,0.0,0.0,0.0,10,0.0,-1.862339450567247,-1.9086865603091008,-1.9779808294959684,10,0.0321010446646364,0.0,0.0,0.0,10,0.0,4.5415564,-0.45111698,-5.069751,1000,1.0400903,0.0731914546455,0.0735788751345,8.147503651219916,0.000387420489,0.99455452118885,3708.726355193565,838,248.1318681318681,19,819,128.49189936716397,7684.5923800468445,2285.0235925857364,178.864408493042,819,1176.3124011730422,98358.0,215.39734840393064,200000.0,113.0,24156.947694301605,22600000.0,928.51653691179,113000.0
2.522998e-08,2.6635713e-10,448.40604,3.1827247e-05,1.8778254e-10,0.008039482,11.695315,37.35471,37.34205,1.5642318,187.85234,5.541994,187.76881,1.0,-0.55944633,-1.0,10000,0.7116089,0.0452589503574854,0.0440388273523625,0.0434488494509569,10,0.0005439408027706,1000,1000.0,1000,10,0.0,9505.635293006895,9498.612445545195,9490.718390464785,10,5.133192635199372,-100.7633224166187,-104.77505504927343,-109.54391381716576,10,2.885694501074095,9999.999579740585,9997.598080763197,9990.31970353824,10,3.470209743215564,-15.703401773092834,-16.61394908813889,-18.000006769898953,10,0.7022685485330719,-368.9396916666666,-375.6341265,-384.9080683333333,10,4.967578313471184,0.0,0.0,0.0,10,0.0,-1.8900915478364149,-1.9625070009729124,-2.01537264616735,10,0.0403030625364974,0.0,0.0,0.0,10,0.0,4.701807,-0.4647596,-4.747013,1000,1.0339117,0.0743537161125,0.0747411366015,8.279860535151457,0.000387420489,0.9972799169255524,3911.228990650135,1000,533.0189701897019,25,369,314.79622551226925,9339.16524887085,4941.949704263915,226.9723892211914,369,2924.4750059025514,98727.0,229.19404530525208,200000.0,114.0,24386.141739606857,22800000.0,872.6230200860149,114000.0
2.522998e-08,2.723343e-10,449.60193,-0.0001681026,1.8180538e-10,0.0082609365,11.7014885,37.355736,37.342976,1.5344437,164.69806,5.4464073,164.8023,1.0,-0.55843765,-1.0,10000,0.7063203,0.0447687023553735,0.0436880153910577,0.0431968961816019,10,0.0004537862059759,1000,1000.0,1000,10,0.0,9512.488192558289,9503.461612129213,9487.990518569946,10,6.293147392863292,-95.42626798385164,-101.27464197510798,-111.6188428867944,10,5.114147761344233,9999.999977590458,9999.057160307802,9996.665177389885,10,1.0194842303060905,-16.61392504777142,-17.3190343774202,-18.722862809862683,10,0.6778315699678695,-367.711355,-375.0462796666666,-380.60889,10,3.8651101011151865,0.0,0.0,0.0,10,0.0,-1.855609072719351,-1.9555964293631696,-2.053491510033594,10,0.0563562763075236,0.0,0.0,0.0,10,0.0,4.492042,-0.46174544,-4.631911,1000,1.0337422,0.0751285570905,0.0755159775795,8.358902946069868,0.000387420489,0.9982591468323534,3692.769989332173,1000,388.178391959799,38,398,197.94344869135293,9314.68399810791,3597.5586394244706,351.9309968948364,398,1838.921710232657,99125.0,220.15049982070923,200000.0,115.0,24606.292239427567,23000000.0,908.4694341501844,115000.0
2.522998e-08,2.791989e-10,456.8889,-0.0005512329,1.7494077e-10,0.008775233,11.729844,37.39424,37.38187,1.6014401,143.49805,5.2365675,143.63408,1.0,-0.5704948,-1.0,10000,0.6950984,0.0430941972461732,0.04212496101211,0.0411428137107723,10,0.000528752212471,1000,1000.0,1000,10,0.0,9533.211743354796,9525.002583503723,9504.6479845047,10,8.804636845868078,-82.5492144076674,-88.22092161448917,-95.55366208032817,10,3.623147915282561,9999.999983469776,9997.913737948318,9980.878459951027,10,5.685664283150989,-17.11116482030417,-17.915708096424783,-18.444537884210305,10,0.4720309418961654,-358.0601383333333,-364.82476383333335,-370.25576666666666,10,3.3012123603368977,0.0,0.0,0.0,10,0.0,-1.8830545626375668,-1.9497631896190624,-1.991455317698389,10,0.0327968933840556,0.0,0.0,0.0,10,0.0,4.6470437,-0.44370684,-4.9818897,1000,1.0422097,0.076097108313,0.076484528802,8.5049733874624,0.000387420489,0.998993142108668,3403.57002455066,1000,263.5508658008658,18,924,183.13856027924635,9251.568183898926,2438.3366839323207,165.8194398880005,924,1700.7749089641172,100049.0,220.9523379802704,200000.0,116.0,24827.24457740784,23200000.0,905.1725898363596,116000.0
2.522998e-08,2.8753905e-10,469.43427,-0.00052371883,1.666006e-10,0.008973536,11.73086,37.36734,37.355526,1.5821983,125.36413,4.8906126,125.682274,1.0,-0.57534677,-1.0,10000,0.69161737,0.0422444883964344,0.0416211721376719,0.0408852833863784,10,0.0004429723616561,1000,1000.0,1000,10,0.0,9548.36317062378,9539.525035762788,9530.077891349792,10,5.811001942737271,-79.76143237619675,-84.4872912238811,-89.1229173018065,10,2.8299157853820933,9999.96558103617,9999.23325410663,9996.933860380746,10,0.8360655524552655,-16.129743136983414,-17.342798971507317,-18.238265453425274,10,0.5810141739686436,-350.339165,-356.05093049999994,-361.13098,10,3.525825812934412,0.0,0.0,0.0,10,0.0,-1.7622073861228416,-1.8271947348123387,-1.8925537150926075,10,0.0380261311458484,0.0,0.0,0.0,10,0.0,5.5038905,-0.46802577,-4.791612,1000,1.0288228,0.0772593697800001,0.0776467902690001,8.554732226220564,0.000387420489,0.999484488759638,3792.921616376599,1000,385.1528545119705,23,543,270.23484879775054,9350.317257881165,3577.069684695144,209.1668920516968,543,2512.146105817553,100592.0,213.65187644958496,200000.0,117.0,25040.896453857426,23400000.0,936.1022394165288,117000.0
2.522998e-08,2.9135508e-10,476.25983,-0.00029615872,1.6278458e-10,0.008868835,11.703987,37.281033,37.269485,1.3661045,112.88842,3.8646157,113.428925,1.0,-0.57388514,-1.0,10000,0.6949964,0.0426794047760049,0.0419053273305326,0.0413936761920776,10,0.0003991451029324,1000,1000.0,1000,10,0.0,9552.842617034912,9538.79622964859,9524.376685142515,10,9.261457414281164,-73.13930065209027,-81.03013976710494,-90.89748644567908,10,4.447103262413885,9998.703182988216,9992.82132006428,9987.578009215174,10,3.4539588431221704,-14.356525612572582,-15.048936707668332,-16.407031884935243,10,0.6268872115625371,-350.6901183333333,-356.1649903333333,-363.1489616666666,10,4.249688392096771,0.0,0.0,0.0,10,0.0,-1.7282318187235406,-1.7810263563609403,-1.8420689052862025,10,0.0362413405266317,0.0,0.0,0.0,10,0.0,4.5488195,-0.4784346,-4.5897737,1000,1.0215744,0.0784216312470001,0.0788090517360001,8.59698589812209,0.000387420489,0.9997360582449346,3128.091433805421,922,276.6984732824428,22,524,137.0857281699964,8580.077054977417,2572.5652200252043,202.45573806762687,524,1274.2178640495415,101116.0,288.0496737957001,200000.0,118.0,25328.94612765312,23600000.0,694.3246883933307,118000.0
2.522998e-08,2.956374e-10,479.89337,-0.00012818242,1.5850225e-10,0.008766264,11.681141,37.216053,37.204964,1.1707824,103.41512,2.8969288,104.22298,1.0,-0.5814033,-1.0,10000,0.6896844,0.0418634135167085,0.0409791035397764,0.0399988270194007,10,0.00052342810855,1000,1000.0,1000,10,0.0,9555.6708650589,9543.863572597504,9532.272582054138,10,7.725222893748461,-74.72908321479059,-78.71156331803813,-82.8973666168708,10,2.379612859609084,9994.354177565358,9987.881488298592,9981.23405303237,10,3.848634058543791,-12.327321105236646,-13.400355858290816,-14.879513816832045,10,0.6446906442768704,-341.916285,-350.1461406666666,-357.5337083333333,10,4.20426859690634,0.0,0.0,0.0,10,0.0,-1.7147386926909625,-1.7598513624213918,-1.817268813968567,10,0.0337692119616127,0.0,0.0,0.0,10,0.0,4.707821,-0.49446365,-5.1708727,1000,1.0110886,0.0793901824695001,0.0797776029585001,8.548171018160279,0.000387420489,0.9998504618515563,3938.0220420565215,1000,665.8930481283422,26,374,355.3767215642385,9398.11991596222,6217.009055196283,244.1906175613404,374,3325.275741718552,101490.0,209.6660931110382,200000.0,119.0,25538.61222076416,23800000.0,953.8976809859328,119000.0
2.522998e-08,2.9975078e-10,482.8906,-0.00036822542,1.5438888e-10,0.009060255,11.6757765,37.181152,37.17025,1.078307,96.50895,2.4954956,97.38529,1.0,-0.5905087,-1.0,10000,0.68699604,0.0413701409787609,0.0404024461805092,0.0396121909077483,10,0.000576825903396,1000,1000.0,1000,10,0.0,9571.513648986816,9550.84105014801,9523.904980659485,10,13.570077345013791,-71.375169608243,-80.3117313077513,-88.89877571294308,10,4.536496212268057,9995.563111251193,9988.87099614313,9975.068773740515,10,5.740445978222987,-12.55589477718728,-13.204469100305028,-13.888231917420825,10,0.4639241801607778,-335.5113866666667,-342.8463113333333,-350.60238,10,4.986162613091344,0.0,0.0,0.0,10,0.0,-1.6164262879218243,-1.667431679977282,-1.7188375351400076,10,0.0324767078951665,0.0,0.0,0.0,10,0.0,4.653943,-0.48383337,-4.7993145,1000,1.0187204,0.0803587336920001,0.0807461541810001,8.60220803396345,0.000387420489,0.9999135115657002,3249.625444439751,1000,295.56913827655313,21,499,235.8462542436076,9312.427639961244,2731.5306030774987,196.6171188354492,499,2190.309058690184,101989.0,210.7028980255127,200000.0,120.0,25749.31511878968,24000000.0,949.2038404511326,120000.0
2.522998e-08,3.0432476e-10,484.33115,0.00015406495,1.4981487e-10,0.008563896,11.651991,37.104744,37.094017,0.9514843,92.21964,1.957563,93.364136,0.99999994,-0.60842294,-1.0,10000,0.67861634,0.0388484039354807,0.0382665062721323,0.0377151820549479,10,0.0003663486130198,1000,1000.0,1000,10,0.0,9581.719489097595,9573.718943691254,9563.45830821991,10,5.349435073798469,-84.6513723841596,-88.75083914856228,-94.86017408579389,10,3.21661591439848,9999.982726630476,9999.284701882254,9996.911235868916,10,0.90438136719441,-13.896616555573626,-14.758149418609964,-15.853441521264834,10,0.5989121898010933,-317.700505,-320.54322699999994,-325.1582633333333,10,2.5134237886393604,0.0,0.0,0.0,10,0.0,-1.4632029576113994,-1.5135409468733276,-1.5485392905745203,10,0.0276652562464785,0.0,0.0,0.0,10,0.0,4.225415,-0.50812393,-4.429792,1000,1.0092206,0.0811335746700001,0.0815209951590001,8.48272234794824,0.000387420489,0.9999455548216868,4001.9102737725066,1000,807.2900432900433,33,231,232.0768044152995,9386.72402858734,7545.321890406794,307.60635566711426,231,2167.595404709894,102220.0,214.17983961105347,200000.0,121.0,25963.494958400726,24200000.0,933.7947043157574,121000.0
2.522998e-08,3.0842595e-10,478.24734,0.00034999,1.457137e-10,0.008258462,11.640119,37.029343,37.01886,0.8922993,93.035034,1.7022291,94.34578,1.0,-0.60193765,-1.0,10000,0.6955044,0.0403075153186655,0.0398388719374052,0.0389405349583103,10,0.0003881830073123,1000,1000.0,1000,10,0.0,9556.971742630005,9539.141527748108,9523.117727279665,10,10.163391756242056,-107.43132129676133,-118.85100533519694,-130.5501090052894,10,7.371859085710272,10000.0,9999.160677296162,9996.152443082718,10,1.3340474990302742,-13.812725032206153,-14.331937479120356,-14.853489370258425,10,0.3012136240011586,-319.19205666666664,-325.40393066666667,-330.4225633333333,10,3.1948803029030604,0.0,0.0,0.0,10,0.0,-1.383842847993382,-1.43227531126789,-1.455539897989459,10,0.0244620339168407,0.0,0.0,0.0,10,0.0,4.4423156,-0.50232613,-5.2826695,1000,1.0163031,0.0817147054035001,0.0821021258925001,8.370222439541479,0.000387420489,0.9999607994716144,4458.370608192941,1000,506.4240837696335,17,382,369.5658954002773,9398.16024684906,4732.505630268164,157.28757762908936,382,3461.670298638343,102602.0,205.68567657470703,200000.0,122.0,26169.18063497544,24400000.0,972.357450118108,122000.0
2.522998e-08,3.089291e-10,471.6905,0.00034167257,1.4521055e-10,0.008148757,11.624958,36.95508,36.9447,0.8546118,95.51614,1.5661461,96.93504,1.0,-0.5920087,-1.0,10000,0.70697105,0.0421360589598043,0.0415182832794467,0.0410208324013947,10,0.0003654447192268,1000,1000.0,1000,10,0.0,9523.796551704409,9511.218561267851,9500.799851417542,10,7.363683643270042,-131.25817506427984,-138.2799697136822,-145.1635277164665,10,4.111395438433406,9999.999933060692,9998.470175514334,9986.447677318882,10,4.016955375149339,-12.49376756745129,-13.056005005789922,-13.869258185084892,10,0.3927536342024945,-329.808395,-334.5199435,-338.8454433333333,10,3.178029710170931,0.0,0.0,0.0,10,0.0,-1.3223429513896732,-1.3956975278487804,-1.441662477381421,10,0.0295380794786194,0.0,0.0,0.0,10,0.0,4.5759735,-0.51340765,-4.868249,1000,1.0172987,0.0822958361370001,0.0826832566260001,8.292084944289476,0.000387420489,0.9999721240687036,4879.668860952773,1000,629.0471698113207,33,424,277.0203276403237,9399.893330574036,5889.142676196008,304.0038957595825,424,2596.215201770382,103026.0,208.18453764915463,200000.0,123.0,26377.365172624588,24600000.0,960.6861405675202,123000.0
2.522998e-08,3.0958952e-10,466.81345,0.00023957145,1.4455014e-10,0.008163071,11.626251,36.932163,36.921875,0.9031865,97.55357,1.7501081,98.88674,1.0,-0.5919472,-1.0,9036,0.7086739,0.0471181439232976,0.0421922087026055,0.0410437599627039,10,0.0016969148710863,1000,903.6,36,10,289.2,9524.373517036438,8595.865394210816,343.31285572052,10,2750.863136624154,-2.929723486342281,-121.97855409843471,-144.46610440570004,10,40.11846572102121,9999.996418518997,9035.766927057562,360.0,10,2891.922335955553,-0.1862521966939285,-11.830306268289648,-13.73137996917682,10,3.899065901344125,-13.511703333333331,-304.78542233333326,-343.23236,10,97.14675599119494,0.0,0.0,0.0,10,0.0,-0.0594690579987655,-1.307256261104743,-1.4928994173437613,10,0.4166468337095091,0.0277777777777777,0.0027777777777777,0.0,10,0.0083333333333333,4.6893106,-0.5159191,-4.524164,1000,1.0197487,0.0826832566260001,0.0830706771150002,8.33216351523214,0.000387420489,0.9999776992549628,5069.935081895763,1000,396.9803921568628,24,255,406.29371633001904,9396.940274238586,3699.689168627122,216.0466728210449,255,3799.035417229485,103281.0,205.95735931396484,200000.0,124.0,26583.32253193856,24800000.0,971.0747926958836,124000.0
2.522998e-08,3.109069e-10,459.80258,0.00052726915,1.4323276e-10,0.007749178,11.601615,36.843307,36.833023,0.8724987,98.837105,1.6434178,100.16752,1.0,-0.6007573,-1.0,9033,0.7026686,0.048393647374751,0.0416013471516873,0.0398606517529551,10,0.0023003737096428,1000,903.3,33,10,290.1,9550.380743980408,8613.203698682784,276.8976445198059,10,2778.77659507453,-3.361444885943737,-98.86464837540572,-118.90770098150956,10,32.20732513922523,10000.0,9028.559563032695,292.6969419709286,10,2911.9545795040776,-0.0218655325349794,-11.60655158255111,-13.6545712051494,10,3.884775316359365,-12.371105,-303.4956688333333,-341.47759333333335,10,97.1134979621756,0.0,0.0,0.0,10,0.0,-0.0448844259438065,-1.388993701335549,-1.5884241155342975,10,0.4492697632927655,0.0303030303030303,0.003030303030303,0.0,10,0.009090909090909,4.7168207,-0.50336516,-4.6812644,1000,1.0220257,0.0834580976040002,0.0838455180930002,8.360041829123043,0.000387420489,0.9999854896485626,5067.994858850808,1000,512.0623781676413,20,513,327.2906083403473,9428.438738822935,4785.822639529468,180.9784383773804,513,3069.937288489257,103794.0,205.9569866657257,200000.0,125.0,26789.27951860428,25000000.0,971.076549709896,125000.0
2.522998e-08,3.0920774e-10,453.61594,0.00016311125,1.4493193e-10,0.008001976,11.594522,36.82249,36.81201,0.8994784,97.25423,1.7518963,98.460915,1.0,-0.60446566,-1.0,10000,0.6970367,0.0409991950208059,0.0401173731243441,0.0396081079059949,10,0.0004286651581978,1000,1000.0,1000,10,0.0,9573.585879325869,9566.397582244874,9557.609665870668,10,4.444172241942295,-79.54843208316946,-84.59070237437143,-87.38562777890493,10,2.0495420104313973,9999.949767598167,9998.873777825862,9996.494688417788,10,1.177669172303955,-11.243237184057415,-11.596200611951437,-12.30032637208765,10,0.3547980265550708,-331.5631616666666,-334.6866463333333,-339.98604166666667,10,2.8568765405439724,0.0,0.0,0.0,10,0.0,-1.5714851540317083,-1.6026466172977665,-1.642850345715686,10,0.0269169107916187,0.0,0.0,0.0,10,0.0,4.7240243,-0.50833786,-4.9803443,1000,1.0191036,0.0846203590710002,0.0850077795600002,8.489163250442822,0.000387420489,0.999992570700064,4339.407038050217,1000,430.6945244956772,28,347,327.8410893764897,9399.365091323853,4015.87407510631,261.99697399139404,347,3060.698005688416,104141.0,218.5565104484558,200000.0,126.0,27007.83602905273,25200000.0,915.0951375899087,126000.0
2.522998e-08,3.1023337e-10,452.6903,8.7914545e-05,1.4390629e-10,0.00806051,11.582815,36.783337,36.77288,0.8660887,93.083885,1.6483258,94.24768,1.0,-0.61295116,-1.0,10000,0.69042826,0.039690016819557,0.0392587411101412,0.0387890036782919,10,0.0002781153414963,1000,1000.0,1000,10,0.0,9582.660251617432,9574.07217283249,9566.864861488342,10,4.967773438670827,-77.24362484000471,-80.64200384208753,-84.5331028081921,10,2.35052725784345,9999.283506549036,9997.102624117291,9994.088399122817,10,1.90684400215976,-10.515171267078696,-11.443787138455978,-12.007797802824832,10,0.3815375046505729,-325.8601699999999,-329.33460799999995,-330.9489933333333,10,1.5090993333333431,0.0,0.0,0.0,10,0.0,-1.5236629025003108,-1.6100552488053104,-1.668156625648495,10,0.0418642912181017,0.0,0.0,0.0,10,0.0,5.332639,-0.5083308,-5.0060925,1000,1.0169795,0.0855889102935002,0.0859763307825002,8.586039582277863,0.000387420489,0.999995790875315,4389.020171539488,1000,634.624633431085,36,341,301.36349945984466,9409.894996643066,5941.965523287698,334.99708461761475,341,2827.77013466043,104482.0,206.9978289604187,200000.0,127.0,27214.83385801316,25400000.0,966.1937084289092,127000.0
2.522998e-08,3.1046116e-10,450.05136,0.00010387026,1.436785e-10,0.007997054,11.58038,36.772213,36.761913,0.8662967,87.7746,1.6854957,88.90092,1.0,-0.61468184,-1.0,10000,0.68830556,0.0398234252495894,0.0390112911566713,0.0385131822979747,10,0.0003947321878075,1000,1000.0,1000,10,0.0,9582.528904914856,9571.58664932251,9560.987555503843,10,6.484795710058781,-80.3517127982906,-84.48478344872194,-87.81805246719485,10,2.4562136283143787,9999.528367213634,9997.492040154271,9994.38834123492,10,1.7964067908215122,-10.744534738602471,-11.150282232999198,-12.244824408980056,10,0.424030321357864,-322.8770666666666,-328.650249,-336.9152,10,3.969187556283983,0.0,0.0,0.0,10,0.0,-1.563817134456497,-1.6200802997343289,-1.6675583868717192,10,0.0343249912371877,0.0,0.0,0.0,10,0.0,5.2441864,-0.5068332,-4.9056225,1000,1.0186046,0.0861700410270002,0.0865574615160002,8.67846336086992,0.000387420489,0.9999970068446684,5072.946087001166,1000,335.7048387096774,17,620,359.9976724509969,9410.862753868105,3128.9400639516693,154.06704998016355,620,3379.559862464383,105102.0,207.50681018829343,200000.0,128.0,27422.340668201447,25600000.0,963.8237888121276,128000.0
2.522998e-08,3.150104e-10,449.0427,0.00011837858,1.3912925e-10,0.007964391,11.571614,36.753723,36.74366,0.84967196,82.130394,1.5762334,83.31602,1.0,-0.6216183,-1.0,10000,0.6842327,0.0397189352375426,0.0383792374944634,0.0375764729787333,10,0.0005632627598514,1000,1000.0,1000,10,0.0,9581.434638023376,9569.046676826478,9535.100079536438,10,12.13391817144549,-85.10425809453963,-88.6630044311161,-93.35518273983652,10,2.239502964855004,9999.930414008542,9994.812644760888,9974.831298622395,10,7.015104904535111,-10.31581451577514,-11.23526309145879,-11.853266145411212,10,0.3874703042352113,-318.0514583333333,-324.2457846666666,-333.49340499999994,10,4.197011574329385,0.0,0.0,0.0,10,0.0,-1.5798785738881742,-1.6219090072459637,-1.647807824482143,10,0.0261496536652989,0.0,0.0,0.0,10,0.0,4.8667855,-0.5342444,-4.410721,1000,1.0065511,0.0865574615160002,0.0869448820050002,8.690915026680482,0.000387420489,0.9999976054757348,5025.6659810053525,1000,669.9159292035398,36,226,278.8008567254811,9418.284974098206,6269.106714146327,323.98108768463135,226,2614.1517386869427,105328.0,204.14167952537537,200000.0,129.0,27626.482347726826,25800000.0,979.7117397338716,129000.0
2.522998e-08,3.154323e-10,444.709,0.00034847183,1.3870739e-10,0.00765629,11.555059,36.701096,36.69113,0.77785695,79.95742,1.3673137,81.29687,0.99999994,-0.62331545,-1.0,10000,0.6863797,0.038812495384991,0.0384733035114797,0.0376428695860522,10,0.0003090782268602,1000,1000.0,1000,10,0.0,9575.82700920105,9563.938646030429,9551.56909275055,10,6.666306222549802,-88.44745071224386,-96.34397761258144,-102.6915998417121,10,3.936489106852737,10000.0,9998.16418794042,9991.698941941944,10,2.7626814220802536,-10.06180770784124,-11.185700583231526,-11.980834487493754,10,0.4880482048642421,-318.5778883333333,-325.070525,-329.808395,10,2.6948668760083963,0.0,0.0,0.0,10,0.0,-1.570866592623387,-1.6253408721533884,-1.6917130954068047,10,0.0311413295185777,0.0,0.0,0.0,10,0.0,4.9767923,-0.5388968,-4.357087,1000,1.0043397,0.0873323024940002,0.0877197229830002,8.611584795278668,0.000387420489,0.999998441962878,5547.2998183885575,1000,697.7505720823799,31,437,342.2412326934146,9454.399145126345,6557.058564148451,203.96912705898285,437,3225.030833471208,105765.0,207.47121334075928,200000.0,130.0,27833.95356106758,26000000.0,963.9891567583968,130000.0
0.013044562,0.00015290827,38.653103,-0.0014309505,8.189389e-05,0.0021267063,9.922203,36.369244,36.3564,0.7272751,80.46384,1.2492908,81.90269,1.0,-0.61606514,-1.0,10000,0.6930372,0.040036008418232,0.0394747860331059,0.0391386798195744,10,0.0002632052929878,1000,1000.0,1000,10,0.0,9550.932642936708,9534.353005504609,9517.89069366455,10,8.274355794736493,-105.08087071114478,-117.82603176057523,-134.99365372329316,10,8.223033241707904,10000.0,9998.174407958222,9992.162310424355,10,2.742945238000237,-11.80969579822754,-13.479036218642468,-14.589995790598197,10,0.7878814135193858,-328.1413666666666,-330.8963503333333,-333.49340499999994,10,1.92112893290823,0.0,0.0,0.0,10,0.0,-1.5558222045226704,-1.6199865824860762,-1.6756933141284471,10,0.0402628383718298,0.0,0.0,0.0,10,0.0,4.555479,-0.5553892,-4.702815,1000,0.99496436,0.0881071434720002,0.0884945639610002,8.525272915935929,0.000387420489,0.9999990192028608,5643.875476397489,1000,733.2422907488987,34,227,244.52928505833435,9445.546236991882,6895.823590215608,314.3982648849488,227,2300.1968176536,105992.0,251.06781721115112,200000.0,131.0,251.06781721115112,26200000.0,796.5975178403592,131000.0
0.000111778754,1.2367319e-06,85.256744,-0.00183498,7.752855e-07,0.0033696017,11.396359,36.176723,36.164387,0.7293937,82.62984,1.3253273,84.06888,1.0,-0.618734,-1.0,10000,0.69296825,0.0400872661309986,0.039158436146166,0.0381503342061041,10,0.0005365231436479,1000,1000.0,1000,10,0.0,9556.30456161499,9542.51412334442,9524.842324256895,10,11.033343849211146,-102.3000473590858,-113.38777674351266,-129.22030708268716,10,9.616255045159974,10000.0,9998.737380333449,9990.172279685696,10,2.898250325634383,-12.446973456571218,-13.073524021712595,-13.53082565028069,10,0.3191505290794365,-319.8062249999999,-328.1413666666666,-333.8443583333333,10,3.5141365769345785,0.0,0.0,0.0,10,0.0,-1.5886231277444482,-1.6205872216294963,-1.6513335753797105,10,0.0182272750052212,0.0,0.0,0.0,10,0.0,4.9293003,-0.54371756,-4.466999,1000,1.0011982,0.0886882742055003,0.0890756946945003,8.486833477173217,0.000387420489,0.99999929382606,5134.879952734052,1000,369.5840707964602,28,452,196.1342201468988,9406.78201198578,3461.169313243137,260.0078935623169,452,1835.352209434071,106444.0,211.1006097793579,200000.0,132.0,462.168426990509,26400000.0,947.4155484867606,132000.0
5.7706166e-06,6.4735794e-08,128.95425,-0.0017426036,3.9135305e-08,0.0040637804,11.348355,36.014633,36.00302,0.7151589,86.32571,1.2724621,87.850784,0.99999994,-0.6263787,-1.0,10000,0.6900133,0.0394164223090483,0.0386998437356174,0.0376898887138086,10,0.0004919548648261,1000,1000.0,1000,10,0.0,9574.016898155212,9555.542713260653,9535.308287620544,10,13.2393494774003,-98.70102691209722,-107.10221931448356,-123.94271165932965,10,7.538700779135966,10000.0,9996.531475071091,9971.44897112898,10,8.411293020990934,-9.909536012665928,-10.94128725738098,-12.258052833571154,10,0.8156809117642024,-312.61168166666664,-321.41183649999994,-326.649815,10,4.170119083746457,0.0,0.0,0.0,10,0.0,-1.4916049003872285,-1.533416722614357,-1.5692671853388065,10,0.0248095070885302,0.0,0.0,0.0,10,0.0,4.406138,-0.5461495,-4.738385,1000,0.9997427,0.0894631151835003,0.0898505356725003,8.38257085820431,0.000387420489,0.9999995480486784,5471.500767739828,1000,595.0111731843575,31,358,418.4732223977859,9452.812773704529,5589.528657556246,287.64496898651123,358,3945.1511990860536,106802.0,287.2482931613922,200000.0,133.0,749.4167201519012,26600000.0,696.2617525028382,133000.0
5.658585e-07,6.456825e-09,168.133,-0.0016565971,3.7286307e-09,0.004682991,11.315019,35.898212,35.887077,0.72766453,91.37224,1.3060797,92.894226,1.0,-0.6302486,-1.0,10000,0.68848556,0.0394805122440884,0.0382700414816819,0.037719865641251,10,0.0005998841074696,1000,1000.0,1000,10,0.0,9599.140452384949,9585.943439102171,9562.4654378891,10,10.694388476187664,-77.81828677084636,-86.39419455300913,-100.05559180021471,10,6.524006366363523,9999.995676205755,9998.936694355083,9994.028357144374,10,1.840759342249214,-8.36466562779028,-8.959464664800908,-10.47951573745431,10,0.6278242321283689,-311.12013,-316.1299888333333,-325.15826333333325,10,4.768713614113808,0.0,0.0,0.0,10,0.0,-1.4794187839522683,-1.5096075181898296,-1.5550467147805804,10,0.0213759396546622,0.0,0.0,0.0,10,0.0,4.943062,-0.55509603,-4.8775177,1000,0.99241203,0.0900442459170003,0.0904316664060003,8.34021562645412,0.000387420489,0.9999996786123936,5661.7662896066,1000,827.2663755458515,27,229,255.7226488773962,9443.229684829712,7779.9094131086595,250.2722625732422,229,2406.029182319237,107031.0,208.7091624736786,200000.0,134.0,958.1258826255798,26800000.0,958.271297865148,134000.0
1.9463761e-07,2.245359e-09,205.10162,-0.0018402581,1.2581182e-09,0.0055320878,11.31159,35.870728,35.859818,0.7671273,94.08334,1.4056518,95.47014,1.0,-0.6247222,-1.0,10000,0.69014084,0.039090543500075,0.0386274899930082,0.0381139244370133,10,0.0003592833064644,1000,1000.0,1000,10,0.0,9603.044890403748,9597.27019920349,9587.880417823792,10,4.650664214379371,-68.12969915603189,-70.73752272802156,-72.77367167404803,10,1.455522655473913,9999.9822647006,9997.862175037408,9993.0691331752,10,2.261558881434261,-7.7027095908373076,-8.054709906721339,-8.507497263027405,10,0.3159266122536096,-314.89287833333333,-320.25369049999995,-323.92992666666663,10,2.6573129857439373,0.0,0.0,0.0,10,0.0,-1.499806117009716,-1.5460509993465112,-1.5828406656208147,10,0.0233819264100397,0.0,0.0,0.0,10,0.0,5.1318827,-0.5425518,-4.502286,1000,0.997658,0.0904316664060003,0.0908190868950003,8.399020541617508,0.000387420489,0.9999997428899148,6405.170410549567,1000,468.0989010989011,28,364,163.92961535366695,9416.32919883728,4398.0616933657575,259.5177230834961,364,1539.526107973726,107395.0,224.85722875595093,200000.0,135.0,1182.9831113815308,27000000.0,889.4532815623653,135000.0
1.1760018e-07,1.3675611e-09,238.75311,-0.0018310507,7.492423e-10,0.0061286073,11.296737,35.819103,35.808228,0.7548462,95.0111,1.3723857,96.33549,1.0,-0.62716347,-1.0,10000,0.6863083,0.0387584148575988,0.0383695349483139,0.0380649612268171,10,0.0002495632141005,1000,1000.0,1000,10,0.0,9607.819025993347,9603.267553806303,9593.689526557922,10,3.517335329072312,-60.72062793714475,-64.8753737407848,-68.66467132511028,10,2.6045115132905923,9999.564497721063,9997.7041093533,9990.579976362864,10,2.458045605789217,-7.171700548259277,-7.668513722915257,-7.991165128589019,10,0.2351552314776214,-317.2618133333333,-320.3151073333333,-323.491235,10,2.097221478091541,0.0,0.0,0.0,10,0.0,-1.5502152774731095,-1.5775626800205371,-1.6215556807493068,10,0.0197178310249044,0.0,0.0,0.0,10,0.0,4.611414,-0.5284949,-4.6889067,1000,1.0024694,0.0910127971395003,0.0914002176285003,8.452047532168967,0.000387420489,0.9999998148807387,6232.56517517752,1000,428.9772382397572,19,659,340.46751455199114,9443.71061706543,4028.3252556530224,174.0807466506958,659,3208.5178781929594,108054.0,275.26698327064514,200000.0,136.0,1458.250094652176,27200000.0,726.5673406365561,136000.0
8.573334e-08,1.0130529e-09,270.44504,-0.0019342618,5.301474e-10,0.006802273,11.300677,35.828926,35.818348,0.78923935,91.97081,1.5892848,93.13068,1.0,-0.6281699,-1.0,10000,0.6825458,0.0388181195006909,0.0379154064037808,0.0373429573207831,10,0.0004032960187837,1000,1000.0,1000,10,0.0,9606.036570549011,9600.797555446625,9594.1360912323,10,4.063125797379596,-59.63114927077992,-67.12048727111083,-71.6359823570545,10,3.3898618566351497,9999.647591208335,9996.62538124847,9989.689868910187,10,2.865359540562317,-7.778637335200431,-8.642579508298013,-9.43828011203836,10,0.5404342480306614,-313.66454166666665,-318.4813761666667,-325.77243166666665,10,3.204900094536751,0.0,0.0,0.0,10,0.0,-1.5406752167741755,-1.5833841804260147,-1.636183764553726,10,0.0252606044220556,0.0,0.0,0.0,10,0.0,4.5304956,-0.5494208,-4.4115653,1000,0.9905962,0.0915939278730003,0.0919813483620003,8.60132677124446,0.000387420489,0.9999998683596364,5493.473633460199,1000,177.3090909090909,26,330,177.23928759976025,9433.812517166138,1646.820789625428,235.518518447876,330,1664.1675857285284,108384.0,226.61545205116272,200000.0,137.0,1684.8655467033386,27400000.0,882.5523510852482,137000.0
6.8297524e-08,8.1709034e-10,299.23257,-0.0019945041,4.1226517e-10,0.0073806904,11.287427,35.793915,35.7837,0.7375949,88.217476,1.4638872,89.37905,1.0,-0.6305047,-1.0,10000,0.68231404,0.0384710034135932,0.0379255535435833,0.0374206404117139,10,0.0003251767758284,1000,1000.0,1000,10,0.0,9600.74338722229,9595.14052696228,9588.914324760435,10,3.4534372616648947,-66.23518315765216,-72.36480909025478,-76.24908398285666,10,2.6618789168590014,9999.863870409092,9997.792315592793,9993.080326672443,10,1.8681124285980544,-9.119488564202069,-9.53920275328294,-10.055120186801588,10,0.23629220674819,-315.15609333333333,-319.14818749999995,-323.3157583333333,10,2.791471981146945,0.0,0.0,0.0,10,0.0,-1.5133674430659667,-1.5995901382816438,-1.6383926324245186,10,0.0354843835496085,0.0,0.0,0.0,10,0.0,5.086484,-0.54999256,-4.64673,1000,0.9893357,0.0921750586065003,0.0925624790955003,8.654448629080372,0.000387420489,0.9999999052189382,5811.954728297229,1000,630.7115384615385,26,364,314.8436848831813,9440.783752441406,5928.81641262737,239.7345142364502,364,2965.0093187541643,108748.0,211.6050353050232,200000.0,138.0,1896.4705820083616,27600000.0,945.1570928437744,138000.0
5.7256894e-08,6.9235934e-10,326.2171,-0.0022059132,3.3826478e-10,0.008077821,11.294841,35.8141,35.804134,0.71753865,82.96144,1.3816986,84.032425,1.0,-0.6382094,-1.0,10000,0.6753774,0.0378034255094098,0.0369775515571091,0.0364356533057725,10,0.000431875062402,1000,1000.0,1000,10,0.0,9606.924288749697,9600.176279354097,9587.17516040802,10,6.934970886302625,-67.96290730676132,-73.08714414843452,-78.4999688396633,10,2.72565064588866,9999.039756094864,9996.786401735942,9985.313949754976,10,3.896472660489085,-9.235246571612894,-9.93263923469638,-11.057830341632895,10,0.5492176952384941,-307.87381166666665,-312.0326086666666,-318.31467333333325,10,3.696731582118144,0.0,0.0,0.0,10,0.0,-1.5170372844031483,-1.557731087982516,-1.5842112628966298,10,0.0199641920921051,0.0,0.0,0.0,10,0.0,4.653873,-0.535786,-4.969798,1000,0.9983424,0.0933373200735003,0.0937247405625003,8.791909093339692,0.000387420489,0.9999999502588988,4629.174792686974,1000,382.25442176870746,24,735,256.3249251289322,9427.0939245224,3588.017652340973,223.8233003616333,735,2411.104357958005,109483.0,229.9477801322937,200000.0,139.0,2126.4183621406555,27800000.0,869.7626908376149,139000.0
4.965818e-08,6.111529e-10,354.11874,-0.0020612185,2.8269437e-10,0.008435356,11.286531,35.796616,35.78697,0.6792081,76.74307,1.2203579,77.87781,1.0,-0.6411165,-1.0,10000,0.6726153,0.0372115633300709,0.0367470337585982,0.0363336413483339,10,0.0002643554627582,1000,1000.0,1000,10,0.0,9608.936265945436,9597.861503505706,9588.493284225464,10,5.707983406609777,-70.15999054318725,-76.75841479016921,-81.37733245478412,10,3.524131257501654,9999.74931495812,9997.2594560355,9992.491892455995,10,2.3154652838104446,-9.902934624933684,-10.492408720187896,-10.84004246754133,10,0.3034301167155394,-306.4699983333333,-310.5761523333333,-317.43729,10,2.8481327970845034,0.0,0.0,0.0,10,0.0,-1.5249389922353769,-1.5709767948398208,-1.656768274019842,10,0.0354865997218463,0.0,0.0,0.0,10,0.0,5.108352,-0.5574656,-4.708737,1000,0.98428524,0.0943058712960003,0.0946932917850004,8.81369679324164,0.000387420489,0.9999999723930147,5113.969210470676,1000,491.6625310173697,20,403,375.4421053267132,9456.96025466919,4619.879032235963,178.44811248779297,403,3545.562914635026,109886.0,235.7244679927826,200000.0,140.0,2362.142830133438,28000000.0,848.4481976055349,140000.0
4.4100066e-08,5.484235e-10,379.52222,-0.0022331912,2.4537772e-10,0.0090645915,11.287615,35.793533,35.784016,0.68972915,72.11953,1.2144367,73.29696,1.0,-0.6420824,-1.0,10000,0.6697357,0.0373602572031522,0.036640194891041,0.0359366747922467,10,0.0003794298958463,1000,1000.0,1000,10,0.0,9592.601599693298,9585.308609771728,9571.683747291563,10,5.982132797813592,-85.24775747191951,-89.44192818951821,-93.05735640818293,10,2.271425683295133,9999.999939257435,9998.203853402243,9991.061113267826,10,2.658908704720533,-11.191370810072824,-11.78553476696516,-12.484550587117148,10,0.3626435259358053,-306.46999833333325,-310.11113916666665,-314.8928783333333,10,2.670836147328649,0.0,0.0,0.0,10,0.0,-1.526314342387491,-1.5566431962138514,-1.5814790904498928,10,0.0221382577471461,0.0,0.0,0.0,10,0.0,4.645518,-0.565577,-4.3202777,1000,0.97902036,0.0946932917850004,0.0950807122740004,8.813235390889124,0.000387420489,0.999999977914412,5978.037188216019,1000,512.4012738853503,34,314,285.1999155776716,9471.083883285522,4827.445864057086,303.2488784790039,314,2692.572418549394,110200.0,232.59936928749084,200000.0,141.0,2594.742199420929,28200000.0,859.8475594007381,141000.0
3.98695e-08,5.0163274e-10,400.8807,-0.002156731,2.1601829e-10,0.009372583,11.26118,35.70533,35.696053,0.6461945,70.94566,1.145062,72.23931,0.9999998,-0.63826644,-1.0,10000,0.6783589,0.0388731997303402,0.0377074376799369,0.0367116326332761,10,0.0006448725798059,1000,1000.0,1000,10,0.0,9572.556260108948,9558.310362911225,9545.16679573059,10,8.93627638353779,-100.48192347423034,-110.06919354841143,-119.39340813138767,10,5.848274304498078,9999.999906419442,9999.298735607032,9994.5309129322,10,1.6004299967591151,-12.59923250419575,-13.769360285745105,-14.514716511948514,10,0.5755059092088767,-310.856915,-315.61233266666665,-321.38551499999994,10,3.931578114791271,0.0,0.0,0.0,10,0.0,-1.4992327410018635,-1.537485138180599,-1.589956031480403,10,0.0300840690307209,0.0,0.0,0.0,10,0.0,4.600257,-0.5532314,-4.797214,1000,0.98711,0.0956618430075004,0.0960492634965004,8.754556678180828,0.000387420489,0.9999999869606688,4600.214872357406,1000,349.65072463768115,16,690,291.8290268380992,9468.884873390198,3286.865563636975,146.30070686340332,690,2752.932638104652,110890.0,227.11816382408145,200000.0,142.0,2821.8603632450104,28400000.0,880.5988769569029,142000.0
3.653427e-08,4.6398557e-10,423.0881,-0.0023729668,1.936313e-10,0.009988553,11.266662,35.705265,35.696037,0.66792554,67.68842,1.1935266,68.924904,0.9999999,-0.62616396,-1.0,10000,0.6927322,0.0407367225770576,0.0393517637123091,0.0383552733745164,10,0.0007051185044374,1000,1000.0,1000,10,0.0,9534.218457221985,9521.530904579162,9497.905351638794,10,10.487004088297564,-128.1173686948138,-139.0831513081472,-155.61005640355867,10,7.380921775950587,10000.0,9999.426898576645,9997.685368286471,10,0.8794934196163567,-13.19106080633587,-13.85249738941794,-14.59132099641998,10,0.3725329214509513,-315.4193083333333,-323.4736873333333,-331.82637666666665,10,4.287308318910675,0.0,0.0,0.0,10,0.0,-1.4122640873701475,-1.4866589477581666,-1.542507115271264,10,0.0344120159282987,0.0,0.0,0.0,10,0.0,4.783923,-0.57477933,-4.4601293,1000,0.9762776,0.0966303942300004,0.0970178147190004,8.834391184580971,0.000387420489,0.9999999927629946,3458.87655738736,1000,435.1590909090909,27,264,350.8688637348254,9470.0778093338,4091.688342163057,247.02227115631104,264,3306.9423190585826,111154.0,216.53825402259827,200000.0,143.0,3038.3986172676086,28600000.0,923.6243309652236,143000.0
3.3841612e-08,4.3626586e-10,441.9854,-0.00200067,1.7288324e-10,0.009956408,11.22826,35.58674,35.57784,0.6411423,67.32577,1.0829507,68.72433,0.99999946,-0.6340594,-1.0,10000,0.6852661,0.039147827407738,0.0382771495406719,0.0375255171455646,10,0.0004805763878942,1000,1000.0,1000,10,0.0,9556.452962875366,9538.817630290983,9525.419607162476,10,9.347843810598924,-118.32487315830672,-129.76162681361433,-142.01512150080475,10,6.818739972580867,10000.0,9999.648387809466,9997.99024075775,10,0.6071602179607742,-13.666268546446698,-14.246534871433548,-14.95243170381094,10,0.4236703949850066,-309.89179333333334,-315.36666533333334,-321.21003833333333,10,3.147397940800182,0.0,0.0,0.0,10,0.0,-1.4219938523939963,-1.4559348921101114,-1.4974762311653598,10,0.0240004439178794,0.0,0.0,0.0,10,0.0,4.533877,-0.5695407,-5.0188394,1000,0.9794198,0.0972115249635004,0.0975989454525004,8.716678945913115,0.000387420489,0.999999994789356,4981.170089843832,1000,640.4320712694878,27,449,314.4807158858616,9488.25570011139,6041.730946685795,144.34937119483948,449,2975.603659569574,111603.0,224.4782691001892,200000.0,144.0,3262.876886367798,28800000.0,890.954838531546,144000.0
3.1627483e-08,4.089004e-10,457.6677,-0.0020512934,1.6039438e-10,0.010289311,11.21187,35.534912,35.526134,0.6613858,68.18878,1.1048204,69.57106,0.99999845,-0.64698845,-1.0,10000,0.6674335,0.037085398916548,0.0362753389177698,0.0351428115982998,10,0.0004720181579588,1000,1000.0,1000,10,0.0,9596.80071258545,9581.001860809329,9560.38128376007,10,9.374260322878628,-84.78785059237629,-97.51756498845172,-115.07307396919288,10,7.574801542173533,10000.0,9999.684026346617,9998.17214941134,10,0.541117368527785,-12.198030950652647,-12.974061484912855,-13.677891268959764,10,0.4513300402671237,-298.48581,-306.645475,-309.80405499999995,10,3.2119900195075544,0.0,0.0,0.0,10,0.0,-1.502390185496582,-1.545066960018566,-1.5981493799308923,10,0.0282703340178724,0.0,0.0,0.0,10,0.0,5.1138234,-0.5690319,-4.7203646,1000,0.9782357,0.0977926556970004,0.0981800761860004,8.720988294018044,0.000387420489,0.9999999962946532,4887.528971843693,1000,496.7321937321937,22,351,302.7418523007742,9470.07339000702,4676.551914966005,202.49701309204104,351,2856.413256159567,111954.0,215.8982071876526,200000.0,145.0,3478.7750935554504,29000000.0,926.362486308956,145000.0
2.978784e-08,3.8530273e-10,473.18008,-0.0025337136,1.5087837e-10,0.011050954,11.2175,35.552696,35.543964,0.73205143,66.98534,1.3172398,68.153984,0.99999934,-0.650346,-1.0,10000,0.6569533,0.0356983629668102,0.0353297719637019,0.03504834583115,10,0.0002195467455746,1000,1000.0,1000,10,0.0,9609.987978935242,9602.562246513367,9589.319650650024,10,6.846569618217802,-71.3763008748069,-76.17699922511544,-84.59147751390617,10,3.740144931259573,9998.857686856987,9995.876669792906,9988.448511414372,10,3.1578098960927874,-10.12499773146616,-11.338626942267478,-12.138130764444528,10,0.602825383404874,-302.34629666666666,-304.223897,-305.76809166666663,10,0.9278717652901428,0.0,0.0,0.0,10,0.0,-1.5206949099930436,-1.5749007748584876,-1.6110890008897392,10,0.029365502179147,0.0,0.0,0.0,10,0.0,4.644524,-0.5309172,-4.857317,1000,0.9972328,0.0989549171640004,0.0993423376530004,8.898775068389746,0.000387420489,0.999999998007057,4141.497202293152,1000,227.1788617886179,20,984,217.7154771348843,9468.608939170836,2122.8682352851743,183.81000804901123,984,2047.222356462704,112938.0,225.50514912605288,200000.0,146.0,3704.2802426815033,29200000.0,886.8977084341609,146000.0
2.8331364e-08,3.714537e-10,494.7575,-0.0026585034,1.3851083e-10,0.011564137,11.218275,35.55305,35.544563,0.73359734,59.94288,1.2592762,61.03657,1.0,-0.6513421,-1.0,10000,0.646006,0.0345714505964861,0.0341559560040506,0.0334966184914374,10,0.0003429750477302,1000,1000.0,1000,10,0.0,9605.896098136902,9597.668816566467,9586.896836280825,10,6.157373038876927,-69.20638453327965,-73.79130073568508,-78.44006385751396,10,2.71618963038778,9994.488793630571,9983.525104937607,9972.292744299792,10,7.560704547738168,-9.04887780298656,-10.305690313029174,-11.636629322178695,10,0.6620064705614975,-294.27437,-300.1791598333333,-304.80297,10,2.9420613860344123,0.0,0.0,0.0,10,0.0,-1.5388724767709498,-1.580138829379795,-1.6702625254317214,10,0.0383954978103817,0.0,0.0,0.0,10,0.0,4.1916738,-0.5701654,-4.4282804,1000,0.970405,0.1003108888755004,0.1006983093645005,9.047461200385088,0.000387420489,0.9999999991257992,3455.7954884214514,1000,779.2699115044247,53,226,246.3196403068117,9457.514265060425,7335.650105930536,488.9902658462525,226,2316.847340067793,113164.0,229.41506123542783,200000.0,147.0,3933.695303916931,29400000.0,871.7823447291377,147000.0
2.7269461e-08,3.6112388e-10,510.52338,-0.0021881682,1.2972638e-10,0.011377589,11.182917,35.463364,35.45515,0.6594104,55.699417,1.0480118,56.953293,0.99999994,-0.655437,-1.0,10000,0.636035,0.0334649110187165,0.0331006649458606,0.0326019815460458,10,0.0002878781923443,1000,1000.0,1000,10,0.0,9587.449520111084,9580.355133533478,9569.89299106598,10,6.405776391460367,-74.84222568927214,-77.42926049005962,-84.06033550393147,10,2.815450188294653,9978.937755817307,9966.747806079124,9953.171561040916,10,7.163026991936712,-11.34351234067852,-11.676341359742224,-12.338752789743708,10,0.3158277848367342,-293.22151,-295.695731,-299.01224,10,1.6880454030573078,0.0,0.0,0.0,10,0.0,-1.5409851369335503,-1.5913385515196596,-1.6240874863373818,10,0.0234451971289722,0.0,0.0,0.0,10,0.0,4.1515403,-0.57662714,-4.9038296,1000,0.9656034,0.1010857298535005,0.1014731503425005,8.977722853574189,0.000387420489,0.9999999994405112,4464.611558230293,1000,649.1690544412608,32,349,369.3142216910039,9474.441487312317,6121.838549611562,295.722243309021,349,3492.730295999584,113513.0,228.1807141304016,200000.0,148.0,4161.876018047333,29600000.0,876.498264816996,148000.0
2.651214e-08,3.5308442e-10,526.04315,-0.0023527525,1.2413416e-10,0.01182153,11.181607,35.464314,35.45613,0.67748207,52.016155,1.0049087,53.249214,0.9999995,-0.659893,-1.0,10000,0.6336811,0.0334561290553974,0.0329552560908705,0.0322158125207497,10,0.0003699430564124,1000,1000.0,1000,10,0.0,9596.07269859314,9586.459236621857,9568.839247703552,10,7.663850139492598,-76.16365637308365,-81.40887310648947,-85.80795998731617,10,2.6141182372555085,9989.6734611007,9978.038773680702,9964.957502670986,10,7.262163413495444,-11.77182448698679,-12.719012553402884,-13.62159314982634,10,0.6067809874695513,-292.2563883333333,-295.80101699999994,-299.0122399999999,10,2.434070740417486,0.0,0.0,0.0,10,0.0,-1.6159418385221174,-1.6506348851510566,-1.7092140646038168,10,0.0309686333532077,0.0,0.0,0.0,10,0.0,4.6544285,-0.5787976,-4.617116,1000,0.9636037,0.1018605708315005,0.1022479913205005,9.030077730429072,0.000387420489,0.9999999996419272,4353.208446541832,1000,496.3722222222222,21,360,313.60274819082736,9460.524101257324,4673.433255132702,198.7769680023193,360,2954.9627776099333,113873.0,206.00916934013367,200000.0,149.0,4367.885187387466,29800000.0,970.8305734187386,149000.0
2.605544e-08,3.503481e-10,539.5812,-0.002054022,1.186498e-10,0.011766482,11.170896,35.407093,35.399025,0.66092366,49.52949,0.89825636,50.865063,0.9999963,-0.6584798,-1.0,10000,0.64056003,0.0344411799376102,0.0338604277251259,0.0333857803705759,10,0.0003152662715188,1000,1000.0,1000,10,0.0,9598.230658531187,9589.681763267516,9575.846746444702,10,5.828083446614212,-81.56883724781044,-87.33297241619417,-92.10019263436486,10,3.5043839816664093,9998.283902093002,9993.964925865206,9985.061562116513,10,4.332611625544765,-13.397041928160665,-14.07413753969169,-14.554156286329968,10,0.351003513655096,-299.1877166666667,-301.21447216666667,-305.066185,10,1.992046641651211,0.0,0.0,0.0,10,0.0,-1.6138982239563702,-1.6615837886732614,-1.701180682069336,10,0.0275429434856193,0.0,0.0,0.0,10,0.0,4.620015,-0.5934849,-4.374796,1000,0.9579586,0.1024417015650005,0.1028291220540005,8.97748590637119,0.000387420489,0.9999999997453703,5121.374670120103,1000,853.6621621621622,64,222,271.0765463364609,9489.813307762146,8063.343694003853,595.5572576522827,222,2565.899458099624,114095.0,202.2846119403839,200000.0,150.0,4570.16979932785,30000000.0,988.705952872692,150000.0
2.5762807e-08,3.487381e-10,547.27057,-0.0006582754,1.149925e-10,0.010509145,11.115592,35.249054,35.24128,0.585597,51.811428,0.7285348,53.427723,0.99999976,-0.6532032,-1.0,10000,0.6538684,0.0357738672509876,0.0351915146390296,0.0348634886227227,10,0.0002774962024135,1000,1000.0,1000,10,0.0,9589.863862991331,9585.606291389466,9577.68954372406,10,3.5479946906619424,-89.73764829716404,-92.68610479119658,-96.39730971945175,10,2.093031147796289,9999.948374237469,9998.903160647016,9994.471330110664,10,1.5544368559720487,-13.814638216527086,-14.358175951183842,-14.97411622670892,10,0.3835180355729429,-302.08308166666666,-304.645041,-307.2596433333333,10,1.9460512650907384,0.0,0.0,0.0,10,0.0,-1.5700144389222312,-1.6075456839951123,-1.644252236134942,10,0.0254745767398449,0.0,0.0,0.0,10,0.0,4.9917555,-0.58824193,-4.6322317,1000,0.96156055,0.1028291220540005,0.1032165425430005,8.735807461955671,0.000387420489,0.9999999997962964,5983.643341519055,1000,712.2120253164557,23,316,346.45470594742005,9486.036113739014,6730.458650347553,213.93916511535645,316,3281.454151600357,114411.0,212.0191249847412,200000.0,151.0,4782.188924312592,30200000.0,943.3111282503112,151000.0
2.551827e-08,3.4265682e-10,542.7951,-0.00032488117,1.1667212e-10,0.010095193,11.089865,35.154255,35.146324,0.59318024,59.22001,0.7232977,60.8955,0.99999964,-0.64653677,-1.0,10000,0.6665601,0.037404766363019,0.0366164268554071,0.0361111987723707,10,0.0004422650205662,1000,1000.0,1000,10,0.0,9580.1225938797,9572.194809150697,9566.085493087769,10,4.5524396787178505,-93.07707850669571,-98.69311352941462,-102.50652818515668,10,3.1420896602218424,10000.0,9999.414678864345,9994.900933939552,10,1.5118468752549648,-13.375779546121803,-13.704150000407289,-14.184636118048722,10,0.264129961995126,-310.4182233333333,-313.2083023333333,-317.61276666666663,10,2.677327730058688,0.0,0.0,0.0,10,0.0,-1.5829129841917944,-1.6143046729729236,-1.6532373889212602,10,0.0222329747663054,0.0,0.0,0.0,10,0.0,4.7728505,-0.5836107,-4.554111,1000,0.9659211,0.1034102527875005,0.1037976732765005,8.623157711526156,0.000387420489,0.9999999998533334,5506.619578746045,1000,539.7050938337802,21,373,335.60150296807103,9481.646055221558,5085.779124761075,192.2178745269776,373,3166.090568533194,114784.0,209.30603766441345,200000.0,152.0,4991.494961977005,30400000.0,955.5386085931544,152000.0
2.5367587e-08,3.3866845e-10,540.0325,-0.00034255543,1.1794808e-10,0.010063142,11.089857,35.139984,35.131847,0.6104519,64.64325,0.7949999,66.23671,0.99999905,-0.6414093,-1.0,10000,0.6728357,0.038066623013161,0.0375314074954105,0.0369760440313693,10,0.0003631886961837,1000,1000.0,1000,10,0.0,9576.709693908691,9571.227043914794,9564.012822151184,10,4.016845519970153,-89.74361245372657,-92.72945322305586,-96.7949783397646,10,2.4681007329147424,9999.95427623753,9997.356991211233,9990.284812924614,10,3.260974847669605,-12.277846862006736,-13.036755084071734,-13.961263975991468,10,0.4596072596891251,-315.5070466666666,-318.7621388333333,-321.7364683333333,10,2.1284278064923936,0.0,0.0,0.0,10,0.0,-1.5484029199442988,-1.6015971964870763,-1.6516341513635575,10,0.0315153312215496,0.0,0.0,0.0,10,0.0,4.447949,-0.5877792,-4.6929665,1000,0.96441257,0.1039913835210005,0.1043788040100005,8.641554015544566,0.000387420489,0.9999999998957038,6129.602436657011,1000,707.9290540540541,46,296,383.6681839455523,9490.6387424469,6686.414981734109,424.2301206588745,296,3635.6964920153778,115080.0,206.3971698284149,200000.0,153.0,5197.89213180542,30600000.0,969.0055351353262,153000.0
2.5303002e-08,3.3674785e-10,535.88086,-0.00040797974,1.1870625e-10,0.010053835,11.079261,35.107674,35.09944,0.6071664,68.12455,0.84568524,69.61541,0.9999999,-0.6502903,-1.0,10000,0.66651493,0.037629728517888,0.0365219186819013,0.0353194896749191,10,0.0007557377044334,1000,1000.0,1000,10,0.0,9598.39536857605,9589.572220516206,9581.459530830383,10,5.402470314959091,-76.85094633927827,-84.48318187671101,-90.00981866614192,10,3.4914849880339207,9999.9837733433,9998.518655675009,9993.350608892708,10,1.8215117341357592,-11.668992692779716,-12.02461902623877,-12.618074591521392,10,0.248859357057787,-303.9255866666667,-310.856915,-316.8231216666667,10,3.974265649937458,0.0,0.0,0.0,10,0.0,-1.549762278392496,-1.5817176774454136,-1.6180089497980306,10,0.0203464182666618,0.0,0.0,0.0,10,0.0,4.7669563,-0.573407,-5.03357,1000,0.9762867,0.1047662244990005,0.1051536449880005,8.710884821993124,0.000387420489,0.9999999999321378,5440.080748289223,1000,448.8787878787879,32,462,334.2024337028428,9463.758164405825,4220.141780262805,297.36670780181885,462,3149.254433498791,115542.0,207.4783980846405,200000.0,154.0,5405.37052989006,30800000.0,963.9557748966728,154000.0
2.525733e-08,3.3571912e-10,535.68713,-0.0007014829,1.1891281e-10,0.010343851,11.08829,35.113636,35.10519,0.5963355,67.219894,0.8593776,68.575134,0.9999995,-0.658926,-1.0,10000,0.6560636,0.0358981549221061,0.034970669210187,0.034272573088805,10,0.0004869204400635,1000,1000.0,1000,10,0.0,9614.58574295044,9605.51947927475,9596.852524757383,10,4.587507397073634,-72.21699365953609,-76.60157830809774,-81.77809531998784,10,3.177065662385862,9999.4547975375,9996.471573334087,9987.893279865124,10,3.155607169775285,-10.776203194983786,-11.469753086015157,-12.08264691986717,10,0.3878522493874325,-298.31033333333335,-301.328532,-305.9435683333333,10,2.5118919415775283,0.0,0.0,0.0,10,0.0,-1.4907225520754517,-1.5522316842427686,-1.587953224766056,10,0.0320113154718558,0.0,0.0,0.0,10,0.0,4.0617657,-0.59934473,-4.3757563,1000,0.9607769,0.1055410654770005,0.1059284859660005,8.847566700138737,0.000387420489,0.9999999999572802,5731.872826447657,1000,934.5528846153846,28,208,204.45278063873272,9494.978284835815,8831.958183727585,264.0256156921387,208,1935.1130170606325,115750.0,211.8340201377869,200000.0,155.0,5617.204550027847,31000000.0,944.1354125740074,155000.0
2.5230475e-08,3.3405634e-10,534.5478,-0.00056492066,1.2009221e-10,0.010186781,11.074479,35.07611,35.067616,0.5370363,65.105705,0.73661256,66.479004,0.9999999,-0.67184573,-1.0,10000,0.64263475,0.0338348997588473,0.0332160928669298,0.032628233018433,10,0.0004244423822766,1000,1000.0,1000,10,0.0,9626.083830833437,9618.907277011873,9612.77292728424,10,3.913636660893582,-70.75067440953747,-72.66303317841336,-76.82272567957742,10,1.77930642997372,9998.397855520412,9994.135600401038,9986.942875696092,10,3.13560880951065,-10.0943100463003,-10.77223015601883,-11.220500391795262,10,0.3352971744815854,-287.0798266666667,-290.2296328333333,-293.1337716666667,10,1.6874296485175695,0.0,0.0,0.0,10,0.0,-1.5233038707843256,-1.5634246854169365,-1.615711277992233,10,0.028594004430547,0.0,0.0,0.0,10,0.0,4.5352407,-0.5976126,-4.658054,1000,0.9616625,0.1061221962105005,0.1065096166995006,8.871195446677381,0.000387420489,0.9999999999692416,6005.483925192764,1000,634.7970588235294,29,340,424.90902485486725,9501.113761901855,6008.634252806271,267.85283374786377,340,4031.34518893955,116090.0,219.32370018959045,200000.0,156.0,5836.528250217438,31200000.0,911.8941538334142,156000.0
2.522998e-08,3.3345363e-10,532.24274,-0.00047655872,1.2068603e-10,0.010056927,11.072362,35.078884,35.070324,0.51908445,61.695896,0.7438081,62.99207,1.0,-0.67778057,-1.0,10000,0.629634,0.032635202284131,0.0316260785467311,0.0308478960911015,10,0.0006549409420794,1000,1000.0,1000,10,0.0,9616.88429260254,9609.39214820862,9592.301219940186,10,6.962071153051045,-74.41379927701357,-77.53357445687456,-80.31278247886713,10,1.7395853862614654,9994.26262237032,9984.895017047367,9968.000751921403,10,7.347248347587715,-9.979700035665138,-10.758943537434838,-11.541740875178252,10,0.4175240886231945,-281.3768349999999,-285.535632,-292.3441266666666,10,3.4213900298820112,0.0,0.0,0.0,10,0.0,-1.6241896854499682,-1.6747164362391185,-1.7262691393990388,10,0.0373451300144815,0.0,0.0,0.0,10,0.0,4.5906663,-0.5931051,-4.656876,1000,0.9651293,0.1068970371885006,0.1072844576775006,8.983630143481339,0.000387420489,0.9999999999803147,4641.485916690324,1000,390.72615384615386,26,325,272.4902291978265,9474.156686782835,3682.4379639507256,245.34165000915527,325,2574.4076964777805,116415.0,210.3048977851868,200000.0,157.0,6046.8331480026245,31400000.0,951.0002006909388,157000.0
2.522998e-08,3.3360026e-10,527.5972,-0.0008929807,1.2053938e-10,0.010389731,11.066772,35.05981,35.05127,0.50856924,58.02746,0.68854564,59.36504,1.0,-0.6791426,-1.0,10000,0.6248613,0.0319242629441869,0.0311495465662446,0.0307005810452828,10,0.00039244672729,1000,1000.0,1000,10,0.0,9599.612122535706,9588.402592086792,9574.921439170836,10,6.934692387475604,-77.78577004897176,-81.09793341052887,-82.98434774566445,10,1.5925681224656123,9984.711591541058,9967.725968025665,9950.544979163806,10,8.74228169059983,-10.15004769253315,-10.732866916386032,-11.576956219936507,10,0.3905610293696794,-280.76266666666663,-285.7725255,-291.64221999999995,10,2.760747689687024,0.0,0.0,0.0,10,0.0,-1.693465480869449,-1.7200545845392703,-1.745904298764811,10,0.0153457968080714,0.0,0.0,0.0,10,0.0,5.0753703,-0.58756137,-4.792825,1000,0.9666284,0.1074781679220006,0.1078655884110006,8.992274053317052,0.000387420489,0.9999999999860016,5454.568143962079,1000,588.7219512195122,29,410,329.4796203862255,9490.7561712265,5565.003699014826,271.71338272094727,410,3118.802894795428,116825.0,210.7209985256195,200000.0,158.0,6257.554146528244,31600000.0,949.1223057947116,158000.0
2.522998e-08,3.355223e-10,528.9374,-0.00084819656,1.186174e-10,0.010369071,11.083689,35.10997,35.10158,0.5665017,52.823353,0.8141573,54.04152,0.99999994,-0.6851407,-1.0,10000,0.61373657,0.0302935069759696,0.0299299946910905,0.0294011979087808,10,0.0003135209979478,1000,1000.0,1000,10,0.0,9600.799822807312,9589.420218372345,9578.457533836365,10,6.836358675743973,-81.35745833505023,-85.18000472603444,-88.8020988968141,10,2.097023327406437,9976.265138488288,9967.200350497103,9953.468882152889,10,7.365294512951345,-10.38934615280494,-11.00702318364789,-11.96401975352031,10,0.4825497777617382,-277.95503999999994,-279.8414141666666,-282.16648,10,1.1961087379691957,0.0,0.0,0.0,10,0.0,-1.7081104290786011,-1.7516932224172048,-1.787960123570714,10,0.0261389587267427,0.0,0.0,0.0,10,0.0,4.8108473,-0.58138937,-5.135105,1000,0.9699516,0.1084467191445006,0.1088341396335006,9.127619281669816,0.000387420489,0.9999999999917354,4628.915169777609,1000,291.87964338781575,21,673,202.65245302697923,9446.081546783447,2741.537445729856,193.53398036956787,673,1908.7170775326083,117498.0,210.73555088043213,200000.0,159.0,6468.289697408676,31800000.0,949.0567641027816,159000.0
2.522998e-08,3.3495914e-10,532.53827,-0.001077568,1.1918053e-10,0.010663256,11.065659,35.066494,35.057957,0.5682978,48.102673,0.7539095,49.42729,0.9999999,-0.68424815,-1.0,10000,0.6101449,0.0304412127144896,0.0296201721073273,0.0288030905434134,10,0.0004347392391662,1000,1000.0,1000,10,0.0,9617.899409294128,9601.349102306363,9580.293298721312,10,11.569287308722467,-78.32967708351163,-82.44930286002784,-85.20016143203571,10,2.146213235003557,9988.935527614674,9975.088771102746,9961.998594420997,10,9.458201486653632,-10.083116759953567,-10.540539530945091,-11.188414277338168,10,0.3598016839600302,-275.059675,-278.9815785,-284.88636833333334,10,2.8180399916544188,0.0,0.0,0.0,10,0.0,-1.7126131375842664,-1.768250603941366,-1.8232331031134512,10,0.0357440144059069,0.0,0.0,0.0,10,0.0,4.2651725,-0.611446,-4.2836566,1000,0.94612247,0.1094152703670006,0.1098026908560006,9.0791027100743,0.000387420489,0.999999999995413,4907.737333151593,1000,835.9641255605382,56,223,276.17841858551657,9503.069272994995,7907.89792037331,521.0836610794067,223,2616.1689558594617,117721.0,209.7408711910248,200000.0,160.0,6678.030568599701,32000000.0,953.5575916333772,160000.0
2.522998e-08,3.3467562e-10,536.93555,-0.001463814,1.1946398e-10,0.011128653,11.069596,35.08391,35.075302,0.5874326,45.60475,0.7640553,46.931416,0.99999994,-0.68048054,-1.0,10000,0.6121837,0.0323745114158809,0.0301377191245032,0.0283277735600277,10,0.0011167989645204,1000,1000.0,1000,10,0.0,9626.55591583252,9608.804938411711,9590.723944664,10,11.150756510613888,-80.96508565224659,-89.17003710784618,-100.83200647215897,10,6.330760695980592,9997.93173093184,9991.565347054871,9973.816956180988,10,6.716966092657023,-10.16806732749859,-11.08232874336893,-12.07155652022514,10,0.6221811134220848,-272.95395499999995,-280.78021433333333,-292.69508,10,5.311583337691484,0.0,0.0,0.0,10,0.0,-1.7000294636153042,-1.7278265458798991,-1.78752450150415,10,0.0270810842230469,0.0,0.0,0.0,10,0.0,4.245066,-0.59606683,-4.899985,1000,0.954127,0.1098026908560006,0.1101901113450006,9.08290797135725,0.000387420489,0.9999999999963304,5015.124486234104,1000,362.0208333333333,20,624,284.91806832090487,9500.71272277832,3416.4554153978825,186.4308242797852,624,2699.9354445265085,118345.0,217.0119309425354,200000.0,161.0,6895.042499542236,32200000.0,921.6083149500192,161000.0
2.522998e-08,3.3762482e-10,546.86914,-0.0015461333,1.1651481e-10,0.011389778,11.070558,35.089733,35.081192,0.6026818,43.290012,0.76321363,44.65075,1.0,-0.6795079,-1.0,10000,0.61132205,0.0310945480250375,0.030069157063667,0.0290971746683499,10,0.0007009771096181,1000,1000.0,1000,10,0.0,9623.945642471312,9614.07425107956,9607.659718513489,10,5.199701821171163,-81.05984823158624,-85.9070379748787,-90.29786766644452,10,2.6062516286005186,9995.1689896286,9990.192659708056,9979.9511384683,10,4.406342499415115,-10.315451987379152,-11.03886523917954,-11.594225038685078,10,0.421998547956357,-271.90109499999994,-277.4900268333333,-285.5005366666667,10,4.624076537235692,0.0,0.0,0.0,10,0.0,-1.6501067801644318,-1.6824807043085743,-1.7047766491129672,10,0.0203629214935577,0.0,0.0,0.0,10,0.0,4.280756,-0.6102312,-4.617893,1000,0.94289684,0.1101901113450006,0.1105775318340006,9.054780753893912,0.000387420489,0.9999999999970643,5754.379511663369,1000,362.0320699708455,22,343,228.47157670526005,9469.65150165558,3417.0796293830035,208.6276865005493,343,2156.5609438397714,118688.0,208.39821410179132,200000.0,162.0,7103.440713644028,32400000.0,959.701122497675,162000.0
2.522998e-08,3.38009e-10,555.9553,-0.0017373501,1.1613066e-10,0.011744547,11.066237,35.086178,35.077663,0.5993656,43.052567,0.74490136,44.445194,1.0,-0.6787658,-1.0,10000,0.61384434,0.0313142544682341,0.0303046358085353,0.0293185284719947,10,0.0006747646710818,1000,1000.0,1000,10,0.0,9627.886529922484,9617.089204502106,9602.38747024536,10,7.110420217791445,-77.25475410255329,-83.85573747717663,-93.92584142674993,10,4.560729437222022,9998.488392956926,9990.57122981666,9980.02118035068,10,5.516049911717205,-10.248536672099792,-11.106786698742315,-11.685459792740067,10,0.4601912974314613,-271.81335666666666,-276.90218,-282.5174333333333,10,2.763966392899276,0.0,0.0,0.0,10,0.0,-1.5834960165714185,-1.6173222779109295,-1.6668387580951338,10,0.0308743202703619,0.0,0.0,0.0,10,0.0,4.6012096,-0.5982093,-4.9816284,1000,0.9505059,0.1109649523230006,0.1113523728120006,9.016082946348886,0.000387420489,0.99999999999809,5891.215657479734,1000,423.9016897081413,23,651,288.6604150020525,9492.572014808657,4005.4900024504886,214.97701168060303,651,2735.1831927704634,119339.0,214.33519077301025,200000.0,163.0,7317.775904417038,32600000.0,933.1178854890338,163000.0
2.522998e-08,3.3929715e-10,563.2832,-0.0010943149,1.1484248e-10,0.011233413,11.036137,34.998573,34.99029,0.56822157,44.68639,0.6991896,46.194542,1.0,-0.67219514,-1.0,10000,0.6235109,0.0325387784241611,0.0313284641341801,0.0305233634848991,10,0.0006285690760696,1000,1000.0,1000,10,0.0,9628.470485687256,9610.504891777038,9598.54165840149,10,8.965426582070068,-79.60959000017245,-86.47831262779957,-93.4927192981542,10,3.306375060741956,9999.03679779172,9992.788246281432,9986.7848856761,10,3.659979005053972,-10.56935790755389,-11.002771764216286,-11.320538387620829,10,0.2193483913215212,-277.69182499999994,-283.1842446666666,-289.799715,10,4.17475917733718,0.0,0.0,0.0,10,0.0,-1.5864716587895364,-1.6180260163316091,-1.6620487340848729,10,0.0237483527473865,0.0,0.0,0.0,10,0.0,4.4896154,-0.61098456,-5.671831,1000,0.9400047,0.1119335035455006,0.1123209240345007,8.900171552069661,0.000387420489,0.999999999998918,5301.005545170551,1000,571.5303430079156,41,379,292.6700232053085,9489.318890571594,5400.794716350636,375.7521929740906,379,2768.367030725098,119718.0,203.5752136707306,200000.0,164.0,7521.351118087769,32800000.0,982.4378734214998,164000.0
2.522998e-08,3.365645e-10,566.553,-0.0010988342,1.1757517e-10,0.011296788,11.024617,34.954617,34.94628,0.55414456,48.607407,0.6591853,50.124573,0.9999999,-0.6695308,-1.0,10000,0.63052356,0.0333704723598784,0.0317804807169508,0.0303812070652638,10,0.0007978075657535,1000,1000.0,1000,10,0.0,9623.474202156069,9610.361101722718,9599.758513450624,10,8.172591303199594,-77.10398506702803,-81.96890952806817,-84.99585184148712,10,2.8858279939997127,9999.974652051638,9988.7385594076,9971.668903285212,10,7.460217288265817,-10.105466516891669,-10.810108885548964,-11.381758394199878,10,0.4074387006842501,-272.95395499999995,-284.03530650000005,-293.22151,10,5.781024121387512,0.0,0.0,0.0,10,0.0,-1.5222354266777696,-1.5631384291180774,-1.586653920426222,10,0.0190541141891706,0.0,0.0,0.0,10,0.0,4.84958,-0.61440164,-4.506033,1000,0.93830526,0.1125146342790007,0.1129020547680007,8.854315811664213,0.000387420489,0.9999999999992304,5886.521652498207,1000,814.4412955465586,28,247,275.63797840062443,9488.57977294922,7701.979924617056,242.4839773178101,247,2608.521720343977,119965.0,208.79567074775696,200000.0,165.0,7730.146788835525,33000000.0,957.874266663398,165000.0
2.522998e-08,3.3754533e-10,570.11743,-0.000643648,1.1659436e-10,0.010905761,11.029789,34.949734,34.94135,0.5723649,50.84503,0.6887938,52.305313,1.0,-0.6643797,-1.0,9032,0.6416681,0.0530528372537446,0.0349667449217311,0.0322337599914899,10,0.0060375620463571,1000,903.2,32,10,290.40000000000003,9610.694541931152,8664.991351509094,304.10813999176025,10,2786.972277744947,-2.8803993829973047,-77.07773557370679,-89.68396704251748,10,25.01536670933572,9989.803924326208,9015.604813243255,320.0,10,2898.539148422385,-0.0614435571535883,-10.322152084617636,-11.995297210566894,10,3.44098528616892,-12.897535,-261.8024128333333,-292.69508,10,83.00230387024665,0.0,0.0,0.0,10,0.0,-0.0524835444494779,-1.4111613464103547,-1.5950900304408488,10,0.4535166395812754,0.03125,0.003125,0.0,10,0.009375,4.430375,-0.6117261,-5.226355,1000,0.9427573,0.1129020547680007,0.1132894752570007,8.881174663026625,0.000387420489,0.9999999999993844,6369.273339302033,1000,488.2824074074074,30,216,404.7415714879072,9485.486367225649,4604.594135400839,281.5351161956787,216,3829.538013714523,120181.0,217.2309296131134,200000.0,166.0,7947.377718448639,33200000.0,920.6792069444184,166000.0
2.522998e-08,3.3617936e-10,565.7915,-0.00043147866,1.1796027e-10,0.010615727,10.994711,34.83925,34.830788,0.5286635,54.655407,0.6184242,56.204952,1.0,-0.6643082,-1.0,10000,0.6476704,0.034286366373286,0.0335337084643921,0.0326891227227606,10,0.000461204172948,1000,1000.0,1000,10,0.0,9611.220173835754,9600.10559978485,9589.997058868408,10,6.944195913236099,-78.61444526074999,-84.6179108132129,-88.330128813073,10,3.6956311984517214,9994.26241963781,9988.67753325103,9982.142476386643,10,3.3740364695806235,-10.445590720079554,-11.097001430831206,-11.700607021319843,10,0.3286996165867119,-286.2024433333333,-291.31758816666667,-296.90652,10,3.4629532135426424,0.0,0.0,0.0,10,0.0,-1.5013586218353272,-1.5394348730693597,-1.5714603351886742,10,0.0189379701106695,0.0,0.0,0.0,10,0.0,4.095136,-0.6120741,-4.59074,1000,0.9457997,0.1134831855015007,0.1138706059905007,8.798350915961965,0.000387420489,0.9999999999995568,6368.485303614633,1000,828.9382352941177,34,340,260.7300367573212,9500.29598903656,7848.60058875154,164.29666113853455,340,2472.985330831168,120521.0,208.95293307304385,200000.0,167.0,8156.330651521683,33400000.0,957.1533505590268,167000.0
2.522998e-08,3.3491676e-10,561.9354,-0.00022878699,1.192229e-10,0.010343625,10.983488,34.78727,34.7787,0.5129949,56.37965,0.6169988,57.816467,1.0,-0.66615236,-1.0,10000,0.6487876,0.0347120973187411,0.0334489746502658,0.0324807487885264,10,0.000642314969578,1000,1000.0,1000,10,0.0,9632.142065048218,9613.532026100158,9596.066703796389,10,11.316393894938727,-71.51199907744794,-80.33294498157139,-89.75020871664412,10,5.232760899529911,9999.494911745998,9994.621559585195,9987.975817029645,10,4.40191048775652,-9.83526937271234,-10.931613119573273,-12.59172355621509,10,0.8901219965448504,-281.64005,-288.3344848333333,-298.1348566666667,10,5.301029280527648,0.0,0.0,0.0,10,0.0,-1.42636609407956,-1.4904872503488908,-1.562213643173525,10,0.0444097742584086,0.0,0.0,0.0,10,0.0,4.367386,-0.60327554,-5.332523,1000,0.9556525,0.1142580264795007,0.1146454469685007,8.90537051413824,0.000387420489,0.9999999999997164,5412.306916372996,1000,484.36021505376345,22,372,214.0090424377321,9482.375679016111,4577.505800701598,163.12279224395752,372,2022.2136440879287,120893.0,211.09955310821533,200000.0,168.0,8367.430204629898,33600000.0,947.4202908306236,168000.0
2.522998e-08,3.3538092e-10,554.8582,-6.1483383e-06,1.1875874e-10,0.009993597,10.969847,34.7371,34.72864,0.4851884,55.114227,0.598826,56.461906,1.0,-0.6651208,-1.0,9027,0.6452739,0.0410566588020797,0.0337687112961843,0.0325273766845202,10,0.002438147851889,1000,902.7,27,10,291.90000000000003,9625.936560630798,8680.722609615326,258.4101104736328,10,2807.4480872550807,-2.382658561686054,-66.58832683748217,-79.76180765006367,10,21.58218327221808,9996.226544030224,9015.517289499405,270.0,10,2915.179692936367,-0.1232975482911301,-9.028863886543268,-10.673192668159832,10,2.9950362239181123,-9.037048333333336,-257.8103186666666,-286.90435,10,82.94080765222616,0.0,0.0,0.0,10,0.0,-0.0468854436869733,-1.3671749661606756,-1.5532196523576278,10,0.4407883457836551,0.037037037037037,0.0037037037037037,0.0,10,0.0111111111111111,4.6774855,-0.5973488,-4.757934,1000,0.95851153,0.1152265777020007,0.1156139981910007,9.021815979256868,0.000387420489,0.9999999999998358,4846.712191836495,1000,476.5543478260869,25,460,316.5176471531363,9479.12205696106,4504.572173422835,231.10765647888184,460,2994.900695899722,121353.0,206.288583278656,200000.0,169.0,8573.718787908554,33800000.0,969.515601984811,169000.0
2.522998e-08,3.3544773e-10,549.4676,-0.00014806617,1.1869197e-10,0.010038483,10.96715,34.719418,34.711136,0.48370227,49.604115,0.6046798,50.8328,1.0,-0.6633658,-1.0,10000,0.6402581,0.0332375302500004,0.0327036935478507,0.0322184003556467,10,0.0003256223544839,1000,1000.0,1000,10,0.0,9628.170273780825,9619.826152229309,9607.893607139587,10,6.428544159569984,-68.42340297325066,-70.66143188724664,-75.77045136802803,10,2.098091393469146,9996.605352963248,9988.09662469808,9978.52769686866,10,4.681817138965489,-8.647128651207378,-9.377025149488045,-10.400147104863771,10,0.5005418251111113,-283.21934,-286.69377799999995,-294.1866316666666,10,3.397456668699445,0.0,0.0,0.0,10,0.0,-1.4901847145106497,-1.538230674375352,-1.5677590998007898,10,0.0227637585974245,0.0,0.0,0.0,10,0.0,4.690037,-0.60995036,-4.6997194,1000,0.9489951,0.1160014186800007,0.1163888391690007,9.197088581722406,0.000387420489,0.9999999999998967,4791.297810477247,1000,681.6461538461539,22,260,296.4039437487674,9506.118075370789,6450.435754700808,205.5076475143433,260,2805.375530742122,121613.0,210.4515073299408,200000.0,170.0,8784.170295238495,34000000.0,950.3376931695948,170000.0
2.522998e-08,3.3554193e-10,541.2529,0.00012534687,1.1859773e-10,0.009617206,10.947687,34.670258,34.6621,0.47877327,43.169846,0.5867841,44.40464,1.0,-0.66457874,-1.0,10000,0.6342816,0.0329418633448513,0.0321124664301693,0.0316351859319693,10,0.0004212047169488,1000,1000.0,1000,10,0.0,9624.964297294617,9611.663799381256,9597.23510169983,10,7.60853890590757,-70.41792057402145,-73.95127577858705,-77.90693916019382,10,2.366097764629867,9990.989052671544,9981.917559410753,9968.197623918915,10,6.336198863229272,-8.47324002361203,-9.37728049712639,-9.688227299979332,10,0.3359759366990337,-279.4465916666666,-285.3689291666666,-290.852575,10,3.2354514187112606,0.0,0.0,0.0,10,0.0,-1.4983155107124793,-1.5562735257978415,-1.5871859799470895,10,0.0274488016183274,0.0,0.0,0.0,10,0.0,4.8072653,-0.59873843,-4.6409655,1000,0.9542208,0.1165825494135007,0.1169699699025007,9.265277448951908,0.000387420489,0.9999999999999256,5152.934852115319,1000,414.1613508442777,23,533,359.8964311199604,9488.336418151855,3913.547153764773,212.26027822494507,533,3410.954601679708,122146.0,219.72327375411987,200000.0,171.0,9003.893568992615,34200000.0,910.2358461298412,171000.0
2.522998e-08,3.3332573e-10,539.3438,-0.000676135,1.2081396e-10,0.010384322,10.955972,34.70033,34.692326,0.56420356,35.33398,0.6353953,36.496964,0.99999994,-0.6739425,-1.0,10000,0.6244848,0.0314894997428782,0.0311826819624577,0.0307888104591838,10,0.0002433458145613,1000,1000.0,1000,10,0.0,9614.853837013245,9604.193210887908,9593.07133769989,10,7.231223195149631,-74.15325256660725,-77.73507679147629,-81.96094750124169,10,2.2499412689684184,9980.477038786406,9974.301435247671,9964.193758026362,10,5.491615971000015,-9.406382550209694,-10.136518629668767,-11.218661310138769,10,0.5431699291383524,-277.7795633333333,-280.63105916666666,-283.5702933333333,10,1.5055499184111856,0.0,0.0,0.0,10,0.0,-1.564987196863781,-1.605568319467982,-1.64514655357476,10,0.0252188087267274,0.0,0.0,0.0,10,0.0,4.6057234,-0.61267877,-4.8681545,1000,0.94395363,0.1171636801470007,0.1175511006360007,9.397659033117565,0.000387420489,0.9999999999999472,5605.556775129817,1000,573.4281842818428,24,369,367.3301622444516,9512.113926887512,5428.885250667892,222.175461769104,369,3482.109995385713,122515.0,210.24476385116577,200000.0,172.0,9214.13833284378,34400000.0,951.2722045319608,172000.0
2.522998e-08,3.332298e-10,540.5604,-0.0008217158,1.2090985e-10,0.010551804,10.945148,34.64516,34.636833,0.56751025,28.562908,0.6102065,29.805107,0.99999994,-0.680944,-1.0,10000,0.60934716,0.0307262209841719,0.0297095439098688,0.0292098827507725,10,0.0004591560910693,1000,1000.0,1000,10,0.0,9615.606527328491,9606.680231666563,9597.985754966736,10,5.587739887591796,-73.78115044738243,-78.57960151731749,-81.8713648654523,10,2.4993159212422835,9983.512168748415,9972.22169298538,9960.92992393596,10,5.963725149573269,-10.051501993888744,-10.810975723099784,-11.094256976109458,10,0.289024017723368,-270.58502,-274.48937583333327,-281.7277883333333,10,3.2430561480973146,0.0,0.0,0.0,10,0.0,-1.594348835103325,-1.6615092302088263,-1.713027184301156,10,0.0332185944126576,0.0,0.0,0.0,10,0.0,4.955471,-0.6162028,-4.504133,1000,0.93837196,0.1177448108805007,0.1181322313695008,9.389575290260613,0.000387420489,0.999999999999962,5786.549388931024,1000,439.1925,27,400,268.7464240576049,9491.22344493866,4148.489450964629,249.137107372284,400,2539.4111035698097,122915.0,210.8095953464508,200000.0,173.0,9424.947928190231,34600000.0,948.723418738668,173000.0
2.522998e-08,3.310616e-10,542.5796,-0.0008785917,1.2307806e-10,0.010645026,10.925825,34.58665,34.57803,0.5655171,23.925026,0.59999645,25.214817,0.99999994,-0.68533117,-1.0,10000,0.60161734,0.029809572208338,0.0289313411060385,0.0282553696544637,10,0.000414486203282,1000,1000.0,1000,10,0.0,9623.723399162292,9607.635723781586,9595.475591659546,10,9.591913662258994,-75.71763453748036,-79.1897035339496,-85.89921128492341,10,3.019065423279152,9981.979140291887,9969.92387555617,9954.54663747445,10,8.435892729637516,-10.496867631410122,-11.12980330832096,-11.606574563073536,10,0.3523187722190372,-265.75941166666667,-270.26916199999994,-276.638965,10,3.3678722395826632,0.0,0.0,0.0,10,0.0,-1.6596263087430376,-1.6994840104558602,-1.7322810434092666,10,0.0192415423136074,0.0,0.0,0.0,10,0.0,5.330545,-0.6060775,-4.8979263,1000,0.94266176,0.1194882030810008,0.1198756235700008,9.38675264600312,0.000387420489,0.9999999999999848,3418.236010403353,1000,263.5244831338412,21,919,230.86476782286132,9491.72057723999,2484.008307798124,192.3561840057373,919,2185.296069275815,123834.0,211.7188844680786,200000.0,174.0,9636.66681265831,34800000.0,944.6488465234404,174000.0
2.522998e-08,3.2968303e-10,547.319,-0.0016024732,1.244566e-10,0.011454214,10.934628,34.60374,34.594837,0.5661701,18.823011,0.5910297,20.082813,0.99999994,-0.688395,-1.0,10000,0.59708583,0.0292561220649949,0.0283661173220723,0.0274064114855573,10,0.00055073729543,1000,1000.0,1000,10,0.0,9630.67363357544,9624.355010128022,9613.7631855011,10,5.167788976702757,-74.10380528248272,-77.85464835492539,-83.64149288399378,10,2.8427342104593576,9986.234973346503,9980.585137873397,9969.244874164004,10,4.943949758206787,-9.50070244792931,-10.938546254946331,-11.518726442025686,10,0.5692032226491773,-258.91582166666666,-265.741864,-275.84932,10,5.676582020825181,0.0,0.0,0.0,10,0.0,-1.639305642251956,-1.6950674406858404,-1.801685495020989,10,0.0465237214174135,0.0,0.0,0.0,10,0.0,4.4430447,-0.61796033,-4.924062,1000,0.9335201,0.1210378850370008,0.1214253055260008,9.467148999641228,0.000387420489,0.9999999999999944,3531.012359933029,1000,301.71753246753246,21,616,294.9790848040474,9437.752142429352,2846.0400245036785,181.1700963973999,616,2790.583167888659,124450.0,209.1126663684845,200000.0,175.0,9845.779479026794,35000000.0,956.4222171390288,175000.0
2.522998e-08,3.2882183e-10,557.0972,-0.0013988843,1.2531781e-10,0.011426633,10.945868,34.617207,34.60841,0.5391285,14.533445,0.56042063,15.856773,0.9999999,-0.68536,-1.0,10000,0.59693867,0.0295150091798132,0.0284788351273615,0.0276957843508716,10,0.0005819570509845,1000,1000.0,1000,10,0.0,9638.395553588867,9625.657217121125,9613.35336303711,10,7.772946305047749,-73.62706922983219,-78.83277949416643,-83.99283943944997,10,3.550178599555861,9996.10415779191,9985.150737345346,9971.2148258808,10,7.074115958948593,-10.1272524188831,-10.837995714835836,-11.396961899312856,10,0.3590714614049259,-260.93380333333334,-268.1283466666667,-276.90218,10,5.00216237225617,0.0,0.0,0.0,10,0.0,-1.6658270546017362,-1.6943966008225773,-1.7422432377414592,10,0.0215560838328364,0.0,0.0,0.0,10,0.0,4.631628,-0.62345845,-5.147911,1000,0.92823976,0.1218127260150008,0.1222001465040008,9.45504632276307,0.000387420489,0.9999999999999964,3351.558736186496,968,363.8166351606805,23,529,178.55257793745446,9130.479719161987,3441.8367553415283,220.4521360397339,529,1688.654752371378,124979.0,216.6225402355194,200000.0,176.0,10062.402019262314,35200000.0,923.2649556345946,176000.0
2.522998e-08,3.288517e-10,565.6713,-0.0017108795,1.2528797e-10,0.011892965,10.943761,34.61386,34.604824,0.5061941,12.156663,0.5273246,13.524942,0.99999994,-0.6808981,-1.0,10000,0.5990503,0.0298302196643344,0.0288627828374039,0.0280364216451562,10,0.0004231374434993,1000,1000.0,1000,10,0.0,9647.25482559204,9628.717206859588,9616.699583053589,10,10.216941748329058,-66.25452071438403,-74.61571949776118,-78.30510481371539,10,3.6188568390208897,9997.228873410177,9988.770002123932,9975.567985250424,10,7.4954397562015,-10.90842602298368,-11.483586980096254,-12.280894795147129,10,0.447902482452294,-268.12834666666663,-272.1994053333333,-278.6569466666666,10,2.9676315870263457,0.0,0.0,0.0,10,0.0,-1.6764173169035954,-1.754085996002361,-1.8106478787882827,10,0.0424848850695821,0.0,0.0,0.0,10,0.0,4.7921953,-0.62312174,-5.3810635,1000,0.92772216,0.1227812772375008,0.1231686977265008,9.44590424196658,0.000387420489,0.999999999999998,3019.4112839937334,1000,262.7953216374269,27,513,171.509634125888,9482.350665092468,2482.639827147562,259.6657285690308,513,1619.7247579749692,125492.0,207.8380451202393,200000.0,177.0,10270.240064382551,35400000.0,962.2877268899216,177000.0
2.522998e-08,3.2679015e-10,574.7942,-0.0014241555,1.2734948e-10,0.01177045,10.925892,34.571625,34.562405,0.46585906,11.006669,0.46751913,12.458949,1.0,-0.6829021,-1.0,10000,0.5974118,0.0293726410414528,0.0286283799088705,0.0275194287212943,10,0.0005320664173999,1000,1000.0,1000,10,0.0,9641.758348464966,9629.171467256549,9600.47941160202,10,12.108192432133144,-68.60945802582677,-73.64901181130806,-80.97466270058585,10,4.147900544176497,9996.310594738605,9986.797353915372,9963.091073763244,10,10.249083909256909,-9.732655001440207,-10.78392299516562,-11.858050116356315,10,0.6465293802507127,-264.9697666666666,-271.4273079999999,-279.62206833333335,10,4.109714482690159,0.0,0.0,0.0,10,0.0,-1.7057320791303694,-1.7656443927746466,-1.837948864116549,10,0.0401115087899187,0.0,0.0,0.0,10,0.0,4.20609,-0.6182069,-5.0777345,1000,0.92899406,0.1235561182155008,0.1239435387045009,9.389247528509552,0.000387420489,0.9999999999999988,4235.200174480446,1000,596.3514739229025,16,441,272.33536299105424,9501.141216278076,5655.009621979699,152.61323642730713,441,2583.047054761809,125933.0,208.26090288162231,200000.0,178.0,10478.500967264175,35600000.0,960.3338755987344,178000.0
2.522998e-08,3.2753897e-10,582.60065,-0.0014608323,1.2660067e-10,0.011947645,10.920637,34.540142,34.530884,0.443171,10.216242,0.44662434,11.63745,0.9999998,-0.6806116,-1.0,10000,0.5985955,0.0295531244221492,0.0286625631452756,0.0274215461881685,10,0.0006650305480529,1000,1000.0,1000,10,0.0,9641.514315605164,9630.308519172668,9612.426272392271,10,9.205321585417751,-65.96940582087136,-71.2156886275091,-76.09283214107663,10,3.1795100632962434,9996.298072560498,9985.283815754548,9969.358448323024,10,9.491386299323318,-9.7348553002734,-10.625626219769533,-11.691108332475643,10,0.5848151431323294,-262.68857,-271.3571173333333,-277.07765666666666,10,4.403345614896845,0.0,0.0,0.0,10,0.0,-1.7296629202688374,-1.7768674970679483,-1.8181338057978271,10,0.0278647385348652,0.0,0.0,0.0,10,0.0,4.7141247,-0.62217826,-4.6407585,1000,0.929935,0.1247183796825009,0.1251058001715009,9.442499575915967,0.000387420489,0.9999999999999992,3542.39451296718,1000,276.7310443490701,22,699,184.2758841590519,9460.908574104307,2618.140088990437,203.17075061798096,699,1744.9174535113518,126632.0,210.51579785346985,200000.0,179.0,10689.016765117643,35800000.0,950.047464557556,179000.0
2.522998e-08,3.2915728e-10,587.77234,-0.0006189268,1.2498236e-10,0.011198827,10.900065,34.44953,34.440475,0.4246728,8.299695,0.4092574,9.715942,0.99999976,-0.67875487,-1.0,10000,0.597267,0.0294183012239664,0.0283300005336001,0.0271319417724589,10,0.0007397413360449,1000,1000.0,1000,10,0.0,9642.295882225037,9628.641351890565,9610.041075706482,10,8.359558999261223,-67.3084559673119,-73.99309883461382,-80.02364483269747,10,3.046021986659504,9996.95128370763,9984.095360071564,9973.89202797354,10,6.057151839852821,-9.918249775822863,-10.882256042260838,-11.927450917149772,10,0.5716387317680203,-261.2847566666667,-268.8302533333333,-279.53432999999995,10,5.455320936132486,0.0,0.0,0.0,10,0.0,-1.677430174092181,-1.7484014211898598,-1.86454225690444,10,0.0520882439217894,0.0,0.0,0.0,10,0.0,4.1224413,-0.6243627,-4.4801474,1000,0.9277399,0.1258806411495009,0.1262680616385009,9.487457374258394,0.000387420489,0.9999999999999996,2995.8855808571934,1000,292.1406844106464,20,526,210.02904737253843,9487.14890384674,2768.0758879239115,192.82311344146729,526,1990.440175575941,127158.0,210.72362351417544,200000.0,180.0,10899.74038863182,36000000.0,949.1104825584302,180000.0
2.522998e-08,3.274713e-10,586.89,-0.00040136068,1.2666837e-10,0.010965382,10.868286,34.347946,34.338787,0.4050388,6.8035183,0.36692244,8.241408,0.99999994,-0.684323,-1.0,10000,0.59195906,0.0285513721950555,0.0276524809988943,0.0269362360880913,10,0.0006192531672218,1000,1000.0,1000,10,0.0,9634.691931724548,9626.77488231659,9618.972966194153,10,4.697967822808884,-75.18059243467545,-79.37094786087957,-85.65548664017348,10,2.8320993307035134,9997.079818871847,9985.47186992157,9977.254609957028,10,6.113456274574842,-9.434701303907762,-10.81151336540394,-11.55828446303048,10,0.6464572584051642,-260.9338033333333,-266.7069856666666,-275.1474133333333,10,5.136972646022511,0.0,0.0,0.0,10,0.0,-1.7400695006821558,-1.8075410721426528,-1.862818588900448,10,0.0404622188843979,0.0,0.0,0.0,10,0.0,4.8015223,-0.6281687,-4.965852,1000,0.9271845,0.1270429026165009,0.1274303231055009,9.496918110252302,0.000387420489,0.9999999999999998,3101.630142636788,1000,311.95607613469986,15,683,301.8154359338041,9517.502116203308,2956.761463596217,143.6456823348999,683,2866.910239079481,127841.0,219.99044823646545,200000.0,181.0,11119.730836868286,36200000.0,909.1303809019112,181000.0
2.522998e-08,3.2550812e-10,582.9313,9.263003e-05,1.2863156e-10,0.010400132,10.835835,34.248913,34.239517,0.38562444,5.0399165,0.33422086,6.5258427,0.9999998,-0.68254715,-1.0,10000,0.5955643,0.0285872270364634,0.0279924478046174,0.0272214512939972,10,0.0004505184911236,1000,1000.0,1000,10,0.0,9634.672260284424,9625.63886680603,9611.090779304504,10,7.668842235019927,-75.19263936492382,-78.25733834512562,-81.97883364566675,10,2.5054894147049542,9994.991759149638,9987.622297726684,9980.53468922192,10,6.114727188212891,-10.405039115362976,-11.604807628061234,-13.11692671348806,10,0.7317137483827598,-265.6716733333333,-270.28670966666664,-278.30599333333333,10,3.730313670542997,0.0,0.0,0.0,10,0.0,-1.7999945401628317,-1.8345682940685493,-1.895299916772098,10,0.0287456634211384,0.0,0.0,0.0,10,0.0,4.2411675,-0.63627654,-4.503993,1000,0.9194807,0.1282051640835009,0.1285925845725009,9.479814696119634,0.000387420489,0.9999999999999998,3167.078020546241,1000,465.7550505050505,21,396,296.62293361643447,9516.469864845276,4422.051316069834,161.11067390441897,396,2816.97027050754,128237.0,212.3173401355744,200000.0,182.0,11332.04817700386,36400000.0,941.9861791424612,182000.0
2.522998e-08,3.2268274e-10,578.2896,-0.00023325131,1.3145696e-10,0.010642465,10.82141,34.20227,34.19278,0.36680347,4.5607486,0.32405552,6.061855,0.9999996,-0.6915137,-1.0,10000,0.58750254,0.0277493486430757,0.0270451644449203,0.026583428056736,10,0.0003476682775782,1000,1000.0,1000,10,0.0,9636.85456943512,9630.555427265168,9623.234526634216,10,3.5694064539042865,-75.94797747685331,-77.44248499456697,-80.53426220647532,10,1.3728200985637755,9990.393818689106,9984.88201458508,9980.765052490671,10,2.962005429439372,-9.779453026736643,-10.915561885215896,-11.81929290858833,10,0.5896467638620644,-261.7234483333333,-264.12747866666666,-267.51417833333323,10,1.4792173005641136,0.0,0.0,0.0,10,0.0,-1.7856459528867157,-1.84106390564865,-1.873393596406974,10,0.025928146186641,0.0,0.0,0.0,10,0.0,4.57239,-0.63402367,-4.5694213,1000,0.921907,0.1291737153060009,0.1295611357950009,9.475913988201237,0.000387420489,0.9999999999999996,3850.267146584665,1000,365.8484848484849,16,726,320.61024657861907,9531.032707214355,3473.342706609363,154.52011394500732,726,3049.2986455929745,128963.0,225.25937271118164,200000.0,183.0,11557.307549715042,36600000.0,887.8653864335839,183000.0
2.522998e-08,3.2475858e-10,574.332,0.00030959363,1.2938108e-10,0.010028381,10.807296,34.15063,34.14117,0.34592286,3.7220879,0.29666463,5.242943,1.0,-0.6945134,-1.0,10000,0.5911616,0.0289288097012758,0.0274224253289052,0.0266461408598406,10,0.0006230657823153,1000,1000.0,1000,10,0.0,9632.744368553162,9626.639990615844,9612.79503250122,10,6.502437873017665,-74.17488109144179,-77.59306358464633,-81.73935093022082,10,2.21958662721125,9987.551071523354,9983.663156887927,9971.36182449069,10,4.661212095061638,-9.42374179320701,-11.06514950177771,-12.835536119244612,10,0.9584191179175536,-258.740345,-266.5139613333333,-278.56920833333334,10,5.233972161176491,0.0,0.0,0.0,10,0.0,-1.7822405879301444,-1.8509946366290773,-1.931097258368499,10,0.0416982284243348,0.0,0.0,0.0,10,0.0,4.6541843,-0.6463627,-4.413681,1000,0.91537493,0.130335976773001,0.130723397262001,9.476819649630151,0.000387420489,0.9999999999999996,3462.035075801736,1000,285.22727272727275,22,638,260.2146932661981,9494.569033622742,2707.1671816667417,204.9001979827881,638,2474.443328856404,129601.0,218.66144943237305,200000.0,184.0,11775.968999147415,36800000.0,914.6559693955352,184000.0
2.522998e-08,3.2361944e-10,569.4039,-0.000121585515,1.305202e-10,0.010370856,10.792913,34.106785,34.09725,0.33810115,4.658274,0.2736365,6.2349296,1.0,-0.69609344,-1.0,8398,0.5920482,0.0438864698907392,0.0289815266920339,0.0264016120249434,10,0.0049901854541555,1000,839.8,55,10,326.8078334434473,9635.074426651,8077.492369937897,460.9941749572754,10,3161.498676694579,-7.677738857112081,-63.54144294942317,-79.41128104764616,10,23.979719860789853,9981.838081064448,8373.493538313498,488.1934299917468,10,3275.27063873571,-0.4064722800582129,-8.707133696273734,-11.030024833800944,10,3.37663986895414,-19.03921833333333,-222.2411983333333,-269.0934683333333,10,86.00168540934654,0.0,0.0,0.0,10,0.0,-0.0758248472558043,-1.5113968132530005,-1.8706591107617307,10,0.6111195548914011,0.0181818181818181,0.0021097270076861,0.0,10,0.0054274201208253,4.407109,-0.6470548,-5.7010455,1000,0.9195068,0.131691948484501,0.132079368973501,9.414456164275856,0.000387420489,0.9999999999999998,2999.4331940546103,1000,187.60880829015545,19,1158,169.31582274732625,9515.471537590029,1779.2416698714403,156.44531726837158,1158,1608.0324746352142,130759.0,214.558831691742,200000.0,185.0,11990.527830839155,37000000.0,932.1452695423944,185000.0
2.522998e-08,3.2351155e-10,564.6026,0.00017335458,1.3062813e-10,0.009989493,10.791636,34.094574,34.08495,0.34119725,5.7864337,0.2728022,7.403236,0.99999994,-0.70513964,-1.0,9153,0.58687055,0.0275380959383182,0.0266957946243126,0.0237253386482312,10,0.0010553467407781,1000,915.3,153,10,254.1,9647.883317947388,8822.110855197907,1477.294083595276,10,2448.281013639384,-9.42827513838564,-64.39054625255284,-72.30948355297755,10,18.463999512247742,9985.828020877298,9135.5785411145,1524.7216317610223,10,2536.9553129298306,-1.41754535150245,-8.894771492595053,-10.973207804178102,10,2.609814002003741,-36.32367,-238.5517545,-265.40845833333333,10,67.4644965923497,0.0,0.0,0.0,10,0.0,-0.258060086007259,-1.6306145897141957,-1.8144868403371064,10,0.4579061163372014,0.0065359477124183,0.0006535947712418,0.0,10,0.0019607843137254,4.353492,-0.6611579,-4.545941,1000,0.9112977,0.132854209951501,0.133241630440501,9.364636018107475,0.000387420489,0.9999999999999998,3226.639909101506,1000,244.3379746835443,24,790,205.16138371547893,9526.269409179688,2324.6182133095176,230.5432710647583,790,1951.1268226012105,131549.0,220.62198114395144,200000.0,186.0,12211.149811983109,37200000.0,906.527984940467,186000.0
2.522998e-08,3.232655e-10,557.8045,0.00034489628,1.3087414e-10,0.009695585,10.787419,34.07502,34.065395,0.36487794,8.806084,0.27367303,10.4510145,0.99999994,-0.71190834,-1.0,9837,0.584726,0.027440513386437,0.0268050119180678,0.0258199606938578,10,0.0004970471691083,1000,983.7,837,10,48.9,9646.442574501038,9482.666134357452,8063.995083808899,10,472.91016128295206,-54.93572684245755,-67.94392290254638,-75.28194911123316,10,5.437203167612733,9986.582961727989,9816.417325522996,8343.899842824198,10,490.8491608959639,-7.115593695025543,-9.434239813259186,-10.384694874534953,10,0.912647313191372,-216.4504683333333,-254.634191,-262.3376166666666,10,12.96841425776649,0.0,0.0,0.0,10,0.0,-1.4029600350571456,-1.738835945271188,-1.8476685131008164,10,0.1167908089011173,0.001194743130227,0.0001194743130227,0.0,10,0.0003584229390681,4.1709976,-0.66375726,-4.7844605,1000,0.91208595,0.133822761174001,0.134210181663001,9.294467223897172,0.000387420489,0.9999999999999996,3433.2385283201406,1000,257.2992227979275,17,772,221.3821979386843,9520.244154930117,2447.3857673820435,163.37166500091553,772,2105.231959886287,132321.0,203.89879727363584,200000.0,187.0,12415.048609256744,37400000.0,980.8787627697304,187000.0
2.522998e-08,3.2240996e-10,550.62146,0.00025641904,1.317297e-10,0.009654768,10.790755,34.06952,34.05992,0.40840194,11.305097,0.30670998,12.889594,1.0,-0.71106595,-1.0,10000,0.5859172,0.0281244029401423,0.0269707402135376,0.0263998403759178,10,0.0004967997034164,1000,1000.0,1000,10,0.0,9651.194208145142,9638.586870479585,9612.750270843506,10,10.309234836133966,-63.628010960810016,-71.1109542116811,-75.5165269124459,10,3.792680867922017,9990.508624466653,9980.46751488328,9958.328962866217,10,8.075948631711725,-8.782776168511383,-9.510085409357831,-10.73701271651434,10,0.7345076519666969,-255.1430733333333,-259.50366849999995,-267.16322499999995,10,3.488423613513104,0.0,0.0,0.0,10,0.0,-1.6765540491461746,-1.75593189075625,-1.869528409776436,10,0.0582873164784844,0.0,0.0,0.0,10,0.0,4.2879004,-0.65842444,-4.8835926,1000,0.91597086,0.135178732885501,0.135566153374501,9.312779508252104,0.000387420489,0.9999999999999998,3009.9773538811623,1000,271.7078947368421,21,760,195.52293294162243,9525.394023895264,2582.6476596292696,152.99213981628418,760,1859.364009065969,133081.0,210.69226956367493,200000.0,188.0,12625.74087882042,37600000.0,949.251723445679,188000.0
2.522998e-08,3.2270184e-10,540.7109,0.00081154896,1.314378e-10,0.008921245,10.768675,34.004623,33.994984,0.42703444,12.373235,0.32316157,13.892203,0.9999995,-0.7091923,-1.0,10000,0.58644444,0.0274907915004732,0.027069948389352,0.0266352190977922,10,0.0002532264509336,1000,1000.0,1000,10,0.0,9651.38239479065,9644.35144290924,9632.755031585692,10,5.971227277964062,-64.90100387482207,-69.56556738766982,-75.48698054599653,10,2.973157765861464,9987.999580589802,9984.61964531716,9971.678252380778,10,4.487013148686547,-7.771809939541193,-8.709692719102524,-9.205016807782156,10,0.3902589013658961,-256.7223633333333,-260.23189666666667,-264.531075,10,2.2526720972490595,0.0,0.0,0.0,10,0.0,-1.706179621473856,-1.7610417746757945,-1.8572738668511204,10,0.0449023544008211,0.0,0.0,0.0,10,0.0,4.789759,-0.6578202,-4.647953,1000,0.9119382,0.136728414841501,0.1371158353305011,9.362344889720347,0.000387420489,0.9999999999999998,2244.277116904088,1000,424.3148614609572,18,397,298.4377865639038,9529.463597297668,4034.529006386284,173.04175281524658,397,2837.445268078502,133478.0,209.3553996086121,200000.0,189.0,12835.096278429031,37800000.0,955.3133111154434,189000.0
2.522998e-08,3.1854275e-10,533.50836,3.468275e-05,1.3559691e-10,0.009568469,10.7683115,33.984158,33.974236,0.42658138,10.6632395,0.35081527,12.040477,0.99999976,-0.70833945,-1.0,10000,0.5825852,0.0271749218758632,0.0266524348734528,0.0261876971524616,10,0.000298054860955,1000,1000.0,1000,10,0.0,9650.62848854065,9640.7215215683,9634.325121879578,10,5.203859821591313,-66.81376192185071,-71.35612099888814,-77.0084200447516,10,3.0542585051750755,9984.67498964801,9981.655346611027,9977.524341575478,10,2.0896216973979183,-6.717362241148236,-7.67993923410568,-8.550773174134253,10,0.5949636271291568,-254.79211999999995,-260.07396766666665,-266.5490566666666,10,3.723207989960192,0.0,0.0,0.0,10,0.0,-1.7757376135201373,-1.823798415643734,-1.905014400105012,10,0.0389460847749119,0.0,0.0,0.0,10,0.0,4.73244,-0.64769435,-5.0809875,1000,0.9211797,0.1388592275310011,0.1392466480200011,9.526088922418989,0.000387420489,1.0,2010.6446807875336,1000,230.82848837209303,15,1032,156.11243290587876,9504.929500579834,2186.8498892962007,145.57068347930908,1032,1483.025099439497,134510.0,208.0937283039093,200000.0,190.0,13043.19000673294,38000000.0,961.1053712676584,190000.0
2.522998e-08,3.166669e-10,527.5422,0.00022466666,1.3747276e-10,0.009271092,10.738976,33.904903,33.895046,0.382872,6.1851196,0.3247979,7.518945,0.9999995,-0.7041327,-1.0,10000,0.5801733,0.0268022065581026,0.0265481407609739,0.0259924422300828,10,0.0002265092832567,1000,1000.0,1000,10,0.0,9652.357575416563,9642.276594352725,9636.804663658142,10,3.8510836237865225,-63.41739213229253,-67.06381070028105,-69.25616360251246,10,1.78757141289486,9982.165068479177,9978.060518054956,9973.608170650994,10,2.76885063403926,-6.475696620474466,-7.17921200998244,-8.059567783146017,10,0.4558604192444309,-255.84498,-259.7054666666666,-263.3904766666666,10,2.577775526590913,0.0,0.0,0.0,10,0.0,-1.771465381888628,-1.8354337642402223,-1.8921474596197927,10,0.0383204991943739,0.0,0.0,0.0,10,0.0,4.925138,-0.6533686,-5.1523447,1000,0.90888023,0.1406026197315011,0.1409900402205011,9.636536401621983,0.000387420489,0.9999999999999998,2717.558489771058,1000,331.1568965517241,18,580,277.5735277624769,9519.447164535522,3145.993498581648,174.61618995666504,580,2640.683317146349,135090.0,218.89104652404785,200000.0,191.0,13262.081053256989,38200000.0,913.6965772514023,191000.0
2.522998e-08,3.1224234e-10,522.88416,-3.4919879e-06,1.4189731e-10,0.009415407,10.71408,33.847027,33.837334,0.34257385,0.6138882,0.31172252,1.941234,0.99999994,-0.700253,-1.0,10000,0.57732415,0.0267351265382167,0.0262862820213049,0.0255881970214395,10,0.000318122316724,1000,1000.0,1000,10,0.0,9656.935634613035,9646.170861530303,9635.65476989746,10,6.454903128735542,-61.54690562221373,-65.35637398979277,-68.51798798945698,10,2.4567893912782908,9990.535529969751,9981.492418450567,9969.385320695194,10,6.123715881453873,-5.88002664886276,-6.524191370586924,-7.204626268544805,10,0.4304064914293228,-254.79211999999995,-261.5567454999999,-265.2329816666666,10,3.300745952354813,0.0,0.0,0.0,10,0.0,-1.7942265265521766,-1.884243044760018,-1.9817528950658143,10,0.0448620393362217,0.0,0.0,0.0,10,0.0,4.0329165,-0.6574718,-4.3505316,1000,0.9001642,0.1411837504650011,0.1415711709540011,9.720197945144312,0.000387420489,0.9999999999999998,3550.1860751055747,1000,596.4927536231884,18,276,290.139939908484,9539.679213523865,5678.302722865256,169.8675422668457,276,2761.197569618484,135366.0,208.4702110290528,200000.0,192.0,13470.55126428604,38400000.0,959.3696817054006,192000.0
2.522998e-08,3.06984e-10,521.0401,-0.00022055225,1.4715569e-10,0.009599275,10.71009,33.8761,33.86777,0.33072102,-5.5050898,0.32623872,-4.249576,0.9999998,-0.6967321,-1.0,10000,0.57994455,0.0268863056601694,0.0265526996912856,0.0260200915577443,10,0.0002711618244283,1000,1000.0,1000,10,0.0,9654.040023803713,9646.62464580536,9638.565338134766,10,4.946163411471576,-61.59569827921276,-66.05298780056921,-72.25755269385833,10,3.02470594212106,9988.599469715262,9982.87840226426,9976.015329658432,10,4.083152705263024,-6.123378448492702,-6.711011639746305,-7.5639532071752384,10,0.4295214889201316,-257.4242699999999,-261.6181623333333,-264.4433366666666,10,2.426341702129432,0.0,0.0,0.0,10,0.0,-1.8012255425465762,-1.8715925704627967,-1.950058269791545,10,0.0490452650275065,0.0,0.0,0.0,10,0.0,5.013281,-0.65500647,-5.4004855,1000,0.9078207,0.1427334324210012,0.1431208529100012,9.874292796454531,0.000387420489,1.0,2567.359489408468,1000,175.6350470673425,17,1381,147.03454909265537,9513.287457466124,1667.8182458468402,163.37126541137695,1381,1399.4301081274657,136747.0,207.32321882247925,200000.0,193.0,13677.87448310852,38600000.0,964.6772857180566,193000.0
2.5259292e-08,2.510648e-10,521.32465,-0.00039727,2.0360244e-10,0.009781114,10.741792,34.169827,34.167843,0.66697747,-8.755527,0.5446723,-7.2809896,0.9999906,-0.8466308,-1.0,272,0.44341692,0.0178662741412923,0.0134319508593058,0.0089212184067859,10,0.0025231408005404,38,27.2,21,10,4.707440918375928,369.543420791626,266.2037575721741,206.92114543914795,10,45.13108779880051,-0.6994726073811762,-1.3709602673993226,-2.147382584601641,10,0.4569714674012911,377.4161739339671,271.5413401261221,210.0,10,46.37796792078694,0.0,-0.0935257337427251,-0.2015307308720547,10,0.0723610208887752,-2.193458333333333,-3.842939,-5.527515,10,1.0751436893915367,0.0,0.0,0.0,10,0.0,-0.0184383086555171,-0.0301567403614975,-0.0404685259442667,10,0.0079652750627446,0.0476190476190476,0.0377860308276267,0.0263157894736842,10,0.0060225918268299,4.2171545,-0.7865225,-4.5146747,1000,0.83605164,0.1444380825726011,0.1442831143770012,9.658895750751524,0.0003874204889999,0.4912039069777919,867.931967637231,683,46.32105943152455,14,4644,44.8560821904,6512.956747055054,445.52703561873193,134.08505725860596,4644,428.3051585493301,141391.0,208.5560042858124,200000.0,194.0,13886.430487394333,38800000.0,958.9750277623898,194000.0
2.5293986e-08,2.880347e-10,519.56537,-0.0001417561,1.6725708e-10,0.009493932,10.833393,34.44045,34.437317,0.706307,16.06317,0.6641226,18.753605,1.0,-0.84644586,-1.0,316,0.46305084,0.0184964953544389,0.0146660319347589,0.0062589323202874,10,0.0030504192378387,42,31.6,21,10,5.553377350765929,411.4050312042236,308.3971193313599,207.2341136932373,10,54.30361505902687,-0.932216260382347,-1.936266875464968,-2.750232813227736,10,0.5200148128943712,418.744615903575,314.9511241634796,209.64101991933885,10,55.23172858705968,-0.0241155380879872,-0.1457498583597241,-0.3167191193532366,10,0.0918485356381065,-1.316075,-4.439559666666668,-5.615253333333333,10,1.198648215701245,0.0,0.0,0.0,10,0.0,-0.0113534560234984,-0.0324275778660425,-0.0456164197575999,10,0.0097044729329757,0.0476190476190476,0.032713591070589,0.0238095238095238,10,0.006260436681138,4.5319047,-0.841921,-4.4063835,1000,0.8051688,0.133822761174001,0.133435340685001,7.967380620018402,0.0003874204889999,0.0045100674464464,258.4253357690557,55,26.813345839474746,1,7463,5.235150969671236,513.5790243148804,258.68994926800923,9.602869987487791,7463,50.02421211517773,148854.0,204.24129676818848,200000.0,195.0,14090.67178416252,39000000.0,979.2338922867186,195000.0
2.5399709e-08,2.1635278e-10,517.8224,-0.00053654495,2.40842e-10,0.009857348,10.968455,34.687504,34.691093,2.0102875,53.30604,3.482494,56.00295,1.0,-0.7663622,-1.0,667,0.5646866,0.0276322348941903,0.022535944639008,0.0167332325256124,10,0.0037616118389525,114,66.7,21,10,23.86650372383856,1101.0298290252686,645.7115111351013,200.7285432815552,10,230.58903184716365,-1.2940904026396571,-5.332227935849386,-10.693102651135217,10,2.5245301223100647,1139.9303473388254,665.5834073844977,205.17095128194973,10,239.5655143888788,-0.0583944411533507,-0.4624745755787597,-1.02133448299332,10,0.3085487164636832,-3.0708416666666665,-13.994264166666664,-27.023406666666663,10,6.4310761946215,0.0,0.0,0.0,10,0.0,-0.0190823447884758,-0.0829287445484556,-0.1626724185294457,10,0.0365476730566034,0.0476190476190476,0.0182233114020503,0.0087719298245614,10,0.0105086733920014,4.290123,-0.8032675,-4.8541803,1000,0.8435216,0.1210378850370008,0.1206504645480008,6.427689968632614,0.0003874204889999,1.0799762542232225e-06,315.57536040126644,138,36.36180440007395,15,5409,13.603998118104286,1324.111849784851,349.9888771123334,137.65439891815186,5409,130.61308875191082,154263.0,213.45902132987976,200000.0,196.0,14304.1308054924,39200000.0,936.947985397721,196000.0
2.5526434e-08,2.9233582e-10,522.03436,-0.0006336836,1.6714002e-10,0.010030302,11.064107,34.888577,34.887268,3.6227846,99.74034,13.818091,100.76283,1.0,-0.6753055,-1.0,10000,0.65358454,0.0351252377923519,0.0341364962713181,0.0335575460651161,10,0.0004311002306613,1000,1000.0,1000,10,0.0,9560.898259162905,9545.96139535904,9502.947449684145,10,16.066631058540203,-113.86459330401686,-116.20933006845908,-120.05250707622264,10,1.893434975353516,9982.144809333591,9966.24078439889,9927.885007707497,10,15.039404978862642,-11.684803125549555,-12.577473739087576,-13.505766454814086,10,0.520820275449935,-286.90435,-289.97519166666666,-296.7310433333333,10,2.7592276038076053,0.0,0.0,0.0,10,0.0,-1.451164269929882,-1.5173935188462615,-1.565577792058012,10,0.0345075345452352,0.0,0.0,0.0,10,0.0,4.415267,-0.7027475,-4.7523365,1000,0.9063977,0.1136768957460007,0.1132894752570007,5.655282390202653,0.000387420489,5.8730038457209305e-09,542.6462977122242,327,74.83051546391752,16,2425,41.613921846983786,3108.4818029403687,713.4771973308091,147.5923900604248,2425,395.0012329559918,156688.0,214.215900182724,200000.0,197.0,14518.346705675123,39400000.0,933.6375116385012,197000.0
2.5470472e-08,3.256696e-10,531.5307,-0.0007326094,1.3279897e-10,0.010300161,11.086573,34.968063,34.963314,5.1481476,143.88548,30.376062,142.5683,1.0,-0.67581195,-1.0,10000,0.6384881,0.0332658291912375,0.0327529244537348,0.0322716360679623,10,0.0002997178689978,1000,1000.0,1000,10,0.0,9565.906003952026,9512.582635068891,9464.659858703611,10,29.422301525538906,-92.76130147657013,-101.6936510186354,-109.39329108037111,10,4.1694520375382895,9970.10854360797,9917.937058395764,9874.921494985345,10,29.11594571578743,-12.058818873399003,-12.711670730376737,-13.742844208575905,10,0.4769250698662266,-286.5533966666667,-289.2820588333333,-294.0988933333333,10,2.543942677179904,0.0,0.0,0.0,10,0.0,-1.6235699054038366,-1.6670426558475442,-1.717294668741313,10,0.0332267730227629,0.0,0.0,0.0,10,0.0,4.1630692,-0.64259577,-4.481922,1000,0.93202764,0.1115267120320506,0.1118579565501456,5.647335677698116,0.000331244518095,0.2800000010927511,1457.9018649394231,1000,203.01490312965723,21,671,138.38506424974094,9479.561968803406,1917.6644310402264,195.6532020568848,671,1306.533106290879,157359.0,208.3731298446656,200000.0,198.0,14726.71983551979,39600000.0,959.8166526993792,198000.0
2.5409511e-08,3.341291e-10,539.6741,-0.0008381249,1.2324208e-10,0.010552258,11.051728,34.896797,34.890003,5.845215,181.63354,38.863052,178.88309,0.9999999,-0.6783251,-1.0,10000,0.6259098,0.0321874854517373,0.0315053903762644,0.0311421577975561,10,0.0003109597386343,1000,1000.0,1000,10,0.0,9568.823035240172,9539.830636405944,9494.52502155304,10,20.359700748750768,-89.86907973464739,-94.12669656031196,-99.69866070222228,10,2.9354044594304147,9962.702930619567,9936.321946151244,9896.00562982196,10,18.69632458259596,-12.286836938654258,-12.987203930655246,-13.802501463180665,10,0.4068748552799417,-283.5702933333333,-287.57993516666664,-294.537585,10,3.1129308430300906,0.0,0.0,0.0,10,0.0,-1.730326804453035,-1.7974717398700537,-1.8808195646122363,10,0.0412020052274003,0.0,0.0,0.0,10,0.0,4.6409726,-0.6411985,-5.1119933,1000,0.9210209,0.1121560766164311,0.1124243846760881,6.032821345707389,0.0002683080596569,0.5392000006993607,2328.5868687969787,1000,521.7,26,240,254.5130514007746,9444.518851280212,4917.289786763986,245.3377256393433,240,2396.1301257033256,157599.0,210.51393103599548,200000.0,199.0,14937.233766555786,39800000.0,950.0558894879136,199000.0
2.5356362e-08,3.304058e-10,545.3584,-0.00047996402,1.260087e-10,0.010296415,10.941846,34.601254,34.593468,5.225967,215.41829,37.015736,212.87852,0.9999998,-0.67039376,-1.0,10000,0.6249829,0.0321771273896301,0.0317199000811495,0.0311973752129997,10,0.0003044617219456,1000,1000.0,1000,10,0.0,9559.989175796509,9544.446069526672,9531.954866409302,10,9.236300977705016,-95.88632045873844,-99.30111636015434,-107.35775399178668,10,3.242464600623873,9962.561505414633,9952.010007476872,9940.065826015623,10,7.593451333864806,-12.003344546105229,-12.939923175325424,-13.555938736256586,10,0.5491906646655698,-289.6242383333333,-293.41453433333334,-295.6781833333333,10,2.0906039973362724,0.0,0.0,0.0,10,0.0,-1.8338224665331668,-1.9083634485729144,-1.9981581036756155,10,0.0455421836913011,0.0,0.0,0.0,10,0.0,4.8397207,-0.62745523,-5.357114,1000,0.92533666,0.1128056645503374,0.1130598511331703,6.873625181695936,0.0002541865828329,0.7334869337378228,3788.3825044060063,1000,608.0531914893617,23,564,359.7358822415189,9458.084055423737,5720.170907964521,219.9936923980713,564,3389.6078921729268,158163.0,220.07922172546387,200000.0,200.0,15157.31298828125,40000000.0,908.7636644293864,200000.0
2.5312625e-08,3.2409048e-10,549.2943,-0.0007055165,1.3153684e-10,0.010592815,10.849561,34.373455,34.365196,3.9375,228.02171,25.249586,226.32448,0.9999998,-0.6605177,-1.0,10000,0.6316762,0.0328601221886201,0.0325003363245341,0.0320795211315562,10,0.0002478255786008,1000,1000.0,1000,10,0.0,9562.64552116394,9553.201401138303,9542.105031013489,10,6.222286642832668,-96.29599264171546,-100.11168332568198,-105.35715046248907,10,2.505555736165257,9976.765856234017,9966.747789634792,9948.579803720511,10,7.541143261582521,-12.46241752724024,-13.08860199125895,-13.957070595662351,10,0.3942118046088037,-293.484725,-298.4068454999999,-304.7152316666666,10,3.093930322680639,0.0,0.0,0.0,10,0.0,-1.866836660612578,-1.9392568670069408,-2.0466390417007583,10,0.0452190375928775,0.0,0.0,0.0,10,0.0,5.317966,-0.6100211,-5.4147906,1000,0.9343875,0.1136953175902526,0.1139495041730854,7.813734988335033,0.0002541865828329,0.8761841461079165,2896.7804952015576,1000,204.45169082125605,20,828,133.44274979550792,9404.712121009828,1907.3258107675708,176.00752019882202,828,1245.7462086177695,158991.0,216.372150182724,200000.0,201.0,15373.685138463974,40200000.0,924.3333757653288,201000.0
2.527783e-08,3.1550523e-10,555.9797,-0.0011795597,1.3949573e-10,0.011187194,10.803536,34.280678,34.271683,2.8084583,212.7685,14.387799,211.5942,0.9999999,-0.6476673,-1.0,10000,0.6421236,0.0343261292869428,0.0338073101520858,0.0333973579956655,10,0.0002996813949664,1000,1000.0,1000,10,0.0,9556.926041603088,9544.370177650451,9534.624069213867,10,6.994956708252089,-99.32111287901547,-102.40274580426868,-107.6228890831702,10,2.5579578599195343,9980.52530252736,9969.842845053578,9959.790062593438,10,5.54554715684515,-12.351841544941758,-13.063585615534151,-13.735499822235662,10,0.4090677247641067,-304.9784466666666,-308.04051450000003,-312.61168166666664,10,2.424326210778876,0.0,0.0,0.0,10,0.0,-1.918389334075144,-1.9658274532773337,-2.043318331990819,10,0.036882102302805,0.0,0.0,0.0,10,0.0,4.931472,-0.5934922,-5.425228,1000,0.94293535,0.1147120639215841,0.114966250504417,8.510970909267808,0.0002541865828329,0.9492850262458026,2762.67026373781,1000,295.8555078683834,17,699,179.4379095544113,9340.84681081772,2764.330179198774,158.13924407958984,699,1682.7460519710369,159690.0,212.5453259944916,200000.0,202.0,15586.230464458466,40400000.0,940.9757615897104,202000.0
2.5249452e-08,3.109727e-10,562.19476,-0.0010475778,1.4351746e-10,0.011167084,10.766495,34.239143,34.230194,1.9396839,184.19453,7.33865,183.60887,1.0,-0.6368275,-1.0,10000,0.6447097,0.0349064453264436,0.0342354419817609,0.0331249225694191,10,0.0005240959871098,1000,1000.0,1000,10,0.0,9571.33700466156,9561.59001712799,9551.270654678345,10,5.840435817957218,-90.62537316775844,-94.9121078416725,-99.07171905647388,10,2.311095191037232,9988.059776872951,9983.02350428604,9974.063940455651,10,4.704767448993271,-11.116994256270084,-11.7900127992927,-12.751198075593832,10,0.6163359772524825,-304.4520166666666,-312.7432891666666,-322.70159,10,4.761249822638684,0.0,0.0,0.0,10,0.0,-1.933740912099971,-1.9880781193649293,-2.0532851554995126,10,0.0401130553709545,0.0,0.0,0.0,10,0.0,5.109746,-0.59774977,-5.384705,1000,0.925917,0.1153475303786664,0.1156017169614993,8.722105576137205,0.0002541865828329,0.971852502371654,3724.235414675786,1000,843.9300411522634,17,243,282.1612781288512,9440.742732048036,7934.513112047756,155.1912145614624,243,2649.977414512012,159933.0,211.8989291191101,200000.0,203.0,15798.129393577576,40600000.0,943.846204562829,203000.0
2.5230761e-08,3.0988107e-10,564.73694,-0.00068553764,1.4427269e-10,0.010850802,10.755701,34.208115,34.199,1.48435,155.23846,4.5126576,154.96513,1.0,-0.6303207,-1.0,10000,0.6522636,0.0358372206917702,0.035265387821084,0.0348815130648872,10,0.0002889478837431,1000,1000.0,1000,10,0.0,9580.668701171877,9569.520717716216,9558.344690322876,10,6.964697294532814,-87.57712879006505,-94.01300612922569,-101.00214321941114,10,3.7750171876384,9997.8433976724,9992.425757400397,9985.938295652511,10,3.412437633580041,-8.516796771675855,-9.186595162755903,-10.779303318480956,10,0.6580375624900483,-312.61168166666664,-317.75314799999995,-320.85908499999994,10,2.616956664847531,0.0,0.0,0.0,10,0.0,-1.8800204361213584,-1.952290806672172,-2.0096232611532185,10,0.0350980622195595,0.0,0.0,0.0,10,0.0,4.07446,-0.5914481,-4.693021,1000,0.929022,0.1156017169614993,0.1158559035443322,8.891548867457495,0.0002541865828329,0.9774820018973231,3531.355878775846,1000,414.3252427184466,36,206,265.96257865778847,9469.315947532654,3899.554725213537,339.6746158599853,206,2507.571373856568,160139.0,207.697122335434,200000.0,204.0,16005.82651591301,40800000.0,962.940640443718,204000.0
2.522998e-08,3.0948547e-10,565.87146,-0.00050466845,1.446542e-10,0.010690355,10.726313,34.109844,34.100525,1.2033262,129.36452,3.069998,129.38982,1.0,-0.6319993,-1.0,10000,0.653687,0.0360734182998276,0.0354972191545806,0.0350802813804912,10,0.0003320019235511,1000,1000.0,1000,10,0.0,9586.323060035706,9578.00665807724,9567.895238876345,10,6.262896509581956,-87.31955906219267,-92.1388563512829,-100.22633850412596,10,3.420230030927668,9999.167626474766,9996.348836679628,9986.31909059033,10,3.623436486652094,-7.880399321290102,-8.192899854376524,-8.72590009151807,10,0.3195291683287132,-309.89179333333334,-316.1299888333333,-320.68360833333327,10,3.517519402664321,0.0,0.0,0.0,10,0.0,-1.8155965185002865,-1.880435584178721,-1.9456076555876576,10,0.0421125096396521,0.0,0.0,0.0,10,0.0,4.0311913,-0.58903563,-4.1918316,1000,0.9295638,0.1158559035443322,0.1161100901271651,9.032056556374402,0.0002541865828329,0.9819856015178586,4718.785404543503,1000,976.504761904762,64,210,118.6831414842157,9487.378128051758,9244.113222185772,599.7812385559082,210,1124.1569061515506,160349.0,208.33331537246704,200000.0,205.0,16214.159831285477,41000000.0,960.000082763679,205000.0
2.522998e-08,3.112836e-10,562.8363,8.2932114e-05,1.4285605e-10,0.010048122,10.676088,33.95212,33.942814,0.97100323,106.993866,2.222661,107.29724,1.0,-0.63960594,-1.0,10000,0.6448475,0.0349207167958811,0.0344063782315482,0.0340845545899792,10,0.000251004955711,1000,1000.0,1000,10,0.0,9607.233058929443,9598.466450405122,9589.64457511902,10,5.114523865474435,-71.77441774861543,-76.42466258305251,-79.78930181706573,10,2.472155340569341,9999.492279392643,9997.154347832577,9991.427950765346,10,2.7105867813087285,-8.047910087119714,-8.683443070389536,-9.102615851937864,10,0.343571681983104,-307.08416666666665,-311.6641076666666,-313.57680333333326,10,2.3446992322268176,0.0,0.0,0.0,10,0.0,-1.852990258772469,-1.915689877192817,-1.9419073734525216,10,0.0283570701243496,0.0,0.0,0.0,10,0.0,4.908904,-0.5743362,-4.858443,1000,0.9428209,0.116364276709998,0.1166184632928309,9.163281274307382,0.0002541865828329,0.98827863138762,5166.484020971996,1000,460.5060422960725,20,662,363.6966039874586,9500.385821342468,4352.386725595744,186.1072015762329,662,3449.0448159296075,161011.0,219.2424514293671,200000.0,206.0,16433.402282714844,41200000.0,912.232091440711,206000.0
2.522998e-08,3.141361e-10,554.5428,0.0005063027,1.4000356e-10,0.009475468,10.633023,33.802597,33.793777,0.8246662,87.205864,1.732485,87.71326,0.99999994,-0.64616495,-1.0,10000,0.6395855,0.0345834501840727,0.0336590613675594,0.03277402767897,10,0.0004921271902947,1000,1000.0,1000,10,0.0,9622.136363983154,9612.174461746215,9607.73906135559,10,5.018913800336183,-64.0792431672865,-68.38170777539135,-71.56012171417673,10,2.309840509599962,9998.690691699949,9996.338264194988,9988.654118974267,10,2.7490912138614423,-7.994424979505721,-8.469426675882612,-9.21892641070404,10,0.343028943175549,-299.275455,-305.41713833333336,-311.82203666666663,10,3.9392459825927073,0.0,0.0,0.0,10,0.0,-1.840454277742968,-1.8955307859005448,-1.972758202965488,10,0.0366392908604502,0.0,0.0,0.0,10,0.0,5.4192934,-0.56734085,-5.2795053,1000,0.9502589,0.1169997431670802,0.1172539297499131,9.289168251908931,0.0002541865828329,0.9933591721435432,5233.699355065311,1000,277.54498714652954,15,778,236.6259099104283,9465.589423179626,2614.9238149438743,139.34015941619873,778,2235.920714623091,161789.0,207.2437882423401,200000.0,207.0,16640.646070957184,41400000.0,965.0470187609696,207000.0
2.522998e-08,3.1791345e-10,545.2318,0.000449689,1.362262e-10,0.009364484,10.629919,33.75265,33.743954,0.7744313,67.76414,1.5480521,68.320404,0.99999994,-0.6574991,-1.0,10000,0.62441546,0.0327750565048045,0.0319363566068364,0.0307888349865825,10,0.0006074101130106,1000,1000.0,1000,10,0.0,9643.053651809692,9626.426256752016,9615.741797447205,10,8.387989977139098,-57.409983539187486,-64.32704098943006,-68.9828030413285,10,3.557151271460618,9998.628281304242,9995.399485821472,9992.93488965683,10,1.7192014294718785,-7.649550433401542,-8.287711791583089,-8.905159234216242,10,0.4019888895613965,-287.60625666666664,-294.5288111666666,-299.801885,10,4.074205819278773,0.0,0.0,0.0,10,0.0,-1.7682322543853677,-1.829663901815764,-1.881503482080729,10,0.0373776469911737,0.0,0.0,0.0,10,0.0,4.6704435,-0.57382464,-4.6920795,1000,0.94392705,0.1173810230413296,0.1176352096241624,9.471548181123348,0.0002541865828329,0.9952776335242974,5652.3972938004135,1000,423.6129753914989,22,447,361.830197499726,9479.968285560608,3999.2590177832567,209.6250896453857,447,3428.839424514801,162236.0,209.72238183021545,200000.0,208.0,16850.3684527874,41600000.0,953.6416583419962,208000.0
2.522998e-08,3.219486e-10,539.9187,3.5382945e-05,1.32191e-10,0.0096831545,10.625112,33.71556,33.70714,0.7457925,49.960384,1.3081145,50.642944,0.99999887,-0.66872644,-1.0,10000,0.61155283,0.0321343466376856,0.0304245901386937,0.0294653526098263,10,0.000713053149839,1000,1000.0,1000,10,0.0,9635.437529563904,9621.595695877077,9596.680391311646,10,10.795545330989036,-66.99563810890267,-74.83714009632266,-85.88434099521852,10,5.136004354742832,9996.091955903528,9991.457344327402,9986.36656014761,10,2.9965472484636617,-7.286882460700898,-8.174935318114454,-9.413628681339052,10,0.6576810746732275,-278.8324233333333,-285.05307116666665,-296.29235166666666,10,4.600443025792083,0.0,0.0,0.0,10,0.0,-1.759806714788673,-1.796499536795468,-1.8606587584740124,10,0.0286653042713331,0.0,0.0,0.0,10,0.0,4.6668687,-0.58975214,-5.157437,1000,0.9355304,0.1177623029155789,0.1180164894984118,9.573473449868432,0.0002541865828329,0.996599896137494,5802.049217735028,1000,417.2925851703407,23,499,324.9548243076442,9476.377614974976,3944.287788252434,211.80832386016849,499,3077.794662479998,162735.0,209.0855588912964,200000.0,209.0,17059.454011678696,41800000.0,956.5462151500384,209000.0
2.522998e-08,3.2548503e-10,540.9571,-0.00059800106,1.286546e-10,0.010335228,10.653054,33.76015,33.75187,0.73710334,34.2354,1.1381214,35.003036,0.9999982,-0.6720202,-1.0,10000,0.60649455,0.0308828978932433,0.0295287738126527,0.0280683325388672,10,0.0009279170454742,1000,1000.0,1000,10,0.0,9631.495206832886,9614.411819839475,9596.345648765564,10,12.507085201318365,-71.88490536009408,-83.50505086619397,-92.3981082893495,10,6.739864648110858,9998.881631144155,9988.672834233852,9981.941233311838,10,4.835593833837369,-8.918940406534613,-9.869905607204386,-11.240857435022711,10,0.7895930645668665,-270.76049666666665,-279.09563833333334,-285.14958333333334,10,4.795363470540182,0.0,0.0,0.0,10,0.0,-1.6890262773380569,-1.7904197753268865,-1.8686024185592496,10,0.0559496573631295,0.0,0.0,0.0,10,0.0,4.2421637,-0.60571957,-4.6364546,1000,0.92471445,0.1182706760812447,0.1185248626640776,9.67437643934699,0.0002541865828329,0.9978239335279964,5095.478287003387,1000,390.48514851485146,23,505,230.12909910456983,9493.712420463562,3695.618160609739,218.8076400756836,505,2180.6559235630425,163240.0,209.32024598121643,200000.0,210.0,17268.774257659912,42000000.0,955.4737481913108,210000.0
2.522998e-08,3.294567e-10,543.5391,-0.00014467168,1.2468294e-10,0.0099283755,10.654831,33.742336,33.7344,0.6876423,22.912073,0.9209552,23.932062,0.99999994,-0.6676629,-1.0,10000,0.6151408,0.0311175791353889,0.0302720413501709,0.0296450426985247,10,0.0004894157561898,1000,1000.0,1000,10,0.0,9594.562055587769,9583.378366661073,9571.21157169342,10,5.940464933298196,-97.12218874098892,-104.13576735882866,-108.8913673986037,10,3.591771524068525,9996.0861792959,9988.399505351104,9966.627099798468,10,7.72785964058826,-12.809575325367842,-13.610238498123454,-14.969387876127794,10,0.6498152088874894,-280.2362366666666,-285.42157216666664,-291.8176966666666,10,3.303543412506233,0.0,0.0,0.0,10,0.0,-1.8214252997443896,-1.853565962701728,-1.901313482148897,10,0.0233559816109122,0.0,0.0,0.0,10,0.0,4.420862,-0.6174246,-4.50826,1000,0.9167136,0.118651955955494,0.1189061425383269,9.586028106423926,0.0002541865828329,0.9984525749532418,5878.773232242406,1000,617.2754237288135,33,236,274.9532248159401,9501.502605438232,5846.581788728803,312.1976613998413,236,2603.4631754631587,163476.0,220.89357233047485,200000.0,211.0,17489.667829990387,42200000.0,905.4133983617396,211000.0
2.522998e-08,3.2972677e-10,542.27893,0.00024095857,1.2441291e-10,0.009520061,10.613141,33.606335,33.59808,0.5879594,18.898724,0.67211515,20.247377,1.0,-0.66574854,-1.0,10000,0.6184063,0.031248668484317,0.0308694200565703,0.0301579076367052,10,0.0003134885616559,1000,1000.0,1000,10,0.0,9564.928663253784,9551.6270734787,9540.1544713974,10,6.879310568127381,-96.64880868525304,-99.71387913444632,-103.07211515678743,10,1.9630189799761435,9974.98185457166,9961.045313576917,9953.254547114817,10,6.500865540564504,-12.59013659604606,-13.259463688727994,-14.48255985734626,10,0.4845092885652575,-290.7648366666666,-294.45862049999994,-298.3980716666666,10,2.489806138830684,0.0,0.0,0.0,10,0.0,-1.9415663450858005,-1.986277237689752,-2.0273666171082554,10,0.0263893885361445,0.0,0.0,0.0,10,0.0,4.1892033,-0.6218445,-4.0645113,1000,0.9158138,0.1189061425383269,0.1191603291211598,9.349306859897151,0.0002541865828329,0.9987620599625936,6597.622663705301,1000,887.6233183856502,42,223,247.1722439932273,9508.690768241882,8411.822742102926,396.72647857666016,223,2344.7828569145227,163699.0,211.031478881836,200000.0,212.0,17700.699308872223,42400000.0,947.72590828493,212000.0
2.522998e-08,3.2985675e-10,536.2517,0.00070438336,1.2428292e-10,0.008948148,10.564406,33.45986,33.451527,0.5279156,21.630722,0.5490168,23.198914,1.0,-0.67211413,-1.0,10000,0.61418825,0.0310419335953047,0.0304783373892874,0.0296600764875038,10,0.0005256426423178,1000,1000.0,1000,10,0.0,9574.559028625488,9566.3057138443,9553.690940856934,10,6.072258604824902,-92.78173530164273,-99.5279614048462,-104.29087806996068,10,4.23513354301102,9978.69117683802,9968.149379484546,9956.825786512476,10,7.58269918231309,-11.250114076124106,-12.70612038131744,-14.139054984706828,10,0.7719929816166528,-281.20135833333325,-287.7290903333333,-292.7828183333333,10,3.642398551254297,0.0,0.0,0.0,10,0.0,-1.840000191801868,-1.8804945432369595,-1.9401246395156264,10,0.0355676859186315,0.0,0.0,0.0,10,0.0,4.269178,-0.6162819,-4.4401894,1000,0.92444336,0.1191603291211598,0.1194145157039927,9.116990462299333,0.0002541865828329,0.9990096479700749,6764.9532584895705,1000,610.1135734072022,24,361,354.6596290459945,9490.209156036375,5768.208230832277,230.57350826263428,361,3356.899553467095,164060.0,209.65960240364075,200000.0,213.0,17910.358911275864,42600000.0,953.9272120480134,213000.0
2.522998e-08,3.2682587e-10,528.0051,0.0006659212,1.2731384e-10,0.00883817,10.538475,33.39149,33.383186,0.517267,26.988607,0.54467463,28.575409,1.0,-0.6747668,-1.0,10000,0.62021184,0.0331807947524212,0.0310115858722623,0.0290095176517061,10,0.0010431125831834,1000,1000.0,1000,10,0.0,9604.079940795898,9594.796908950806,9585.055471420288,10,6.527850662307445,-86.51081585688186,-96.31956253070123,-101.40638055843004,10,3.9332115957626383,9996.3907100254,9988.512260745283,9973.56777978775,10,5.627128943835209,-10.744192738871574,-12.347398393121184,-14.06342635154067,10,0.875719059887491,-270.4972816666666,-283.3070783333334,-297.43295,10,6.844602290516606,0.0,0.0,0.0,10,0.0,-1.6870063710998466,-1.74131262088823,-1.7844361871497771,10,0.0260227823739494,0.0,0.0,0.0,10,0.0,5.425797,-0.612596,-4.5238104,1000,0.9305064,0.1196687022868256,0.1199228888696585,9.027695371371165,0.0002541865828329,0.999355610945862,5814.482316555396,1000,307.761316872428,25,729,228.0658896596538,9475.649433135986,2907.051490588658,91.60791841894388,729,2156.774241294796,164789.0,212.92692947387687,200000.0,214.0,18123.28584074974,42800000.0,939.2893632298262,214000.0
2.522998e-08,3.2582162e-10,517.5084,0.0014259001,1.2831801e-10,0.007889252,10.511156,33.327087,33.31874,0.5146784,32.2679,0.5519953,33.85367,0.99999994,-0.6726083,-1.0,10000,0.62531143,0.0326747447189845,0.0314608615552322,0.0304971051477623,10,0.0006241462084372,1000,1000.0,1000,10,0.0,9612.309553146362,9600.82023706436,9590.321187019348,10,7.091036908457773,-87.87915469418127,-94.0652122242264,-101.26538987569772,10,4.976025401867969,9998.423916798904,9993.246324063915,9981.403362784888,10,5.0765336792928695,-10.875245055876077,-12.28661174028072,-13.434226132680084,10,0.6814730565279467,-279.3588533333333,-284.36871216666657,-290.7648366666666,10,3.3369300133855573,0.0,0.0,0.0,10,0.0,-1.662504708553014,-1.705550673966026,-1.7767113701019563,10,0.029041336125635,0.0,0.0,0.0,10,0.0,4.2567387,-0.6311289,-4.194934,1000,0.9146899,0.1201770754524914,0.1204312620353243,8.962778743262849,0.0002541865828329,0.9995943518085426,5601.428478470359,1000,856.7782805429864,46,221,283.4287171729612,9522.51587486267,8128.955602315756,437.5085706710816,221,2692.193177597625,165010.0,212.34010815620425,200000.0,215.0,18335.625948905945,43000000.0,941.8851753285986,215000.0
2.522998e-08,3.247954e-10,502.22882,0.0012023774,1.2934429e-10,0.007837741,10.49434,33.271885,33.26327,0.52116317,38.291107,0.53559154,39.846085,1.0,-0.67314565,-1.0,10000,0.62228036,0.0314365320529759,0.0310232706464608,0.029323923288277,10,0.0006652572760569,1000,1000.0,1000,10,0.0,9624.012744903564,9610.080394554136,9594.459350585938,10,8.939705769995234,-78.35570166781484,-84.84608373336081,-93.77309884286625,10,5.294955957540866,9998.62957768378,9989.02126815062,9970.305663904275,10,8.38815397418805,-10.073436416702242,-11.331325150518175,-12.2007815979675,10,0.6084375830337263,-272.7784783333333,-281.060977,-286.114705,10,3.804890955806229,0.0,0.0,0.0,10,0.0,-1.629444163108266,-1.702489465117495,-1.7464324981386257,10,0.0349349168019327,0.0,0.0,0.0,10,0.0,4.5937576,-0.6265195,-4.634944,1000,0.9185601,0.1204312620353243,0.1206854486181572,8.921554991647426,0.0002541865828329,0.999675481446834,5729.822931663921,1000,347.0344827586207,19,348,265.8367811519659,9511.086636543274,3285.665225396211,177.0664529800415,348,2524.1302543488177,165358.0,217.57347321510315,200000.0,216.0,18553.199422121048,43200000.0,919.2297068414714,216000.0
2.522998e-08,3.2584663e-10,493.03204,0.00057768554,1.28293e-10,0.00829689,10.519764,33.335278,33.326447,0.55604285,42.063374,0.62577164,43.467293,1.0,-0.67504233,-1.0,10000,0.62089014,0.0317086588984238,0.0307503577173891,0.030099326873038,10,0.0004606133954455,1000,1000.0,1000,10,0.0,9636.379081726074,9629.979064273834,9619.705746650696,10,5.989175221949896,-71.34978196769426,-76.2853030181826,-84.12040692662838,10,4.059764095285824,9998.71083202175,9996.167024118622,9992.793350193428,10,1.9515309184791707,-9.518941449717646,-10.486442152992364,-11.30645858036791,10,0.6352618653097163,-272.6030016666666,-277.72692033333334,-284.00898499999994,10,3.25394498091358,0.0,0.0,0.0,10,0.0,-1.6659083446783896,-1.6892921405794925,-1.717737026865828,10,0.016450678850461,0.0,0.0,0.0,10,0.0,4.903018,-0.6194573,-4.720937,1000,0.92449564,0.1210667284924065,0.1213209150752394,9.003074168186101,0.0002541865828329,0.9998084042462108,5147.590007680788,1000,416.6256830601093,25,732,275.82226655648844,9506.980067253113,3947.1904256728176,180.6766097545624,732,2615.031100351359,166090.0,214.0233991146088,200000.0,217.0,18767.222821235657,43400000.0,934.477261960038,217000.0
2.522998e-08,3.2741632e-10,486.687,0.0005451702,1.2672334e-10,0.008215196,10.548883,33.391407,33.38244,0.5555911,42.46444,0.65728116,43.802364,1.0,-0.6771229,-1.0,10000,0.6194531,0.0313648556062689,0.0305227426542245,0.0295632407010271,10,0.0005751286773161,1000,1000.0,1000,10,0.0,9652.637608528135,9637.530119609832,9625.111841201782,10,7.75021202940766,-70.60915956142566,-74.8751543813113,-80.67771122932496,10,3.5064611640404744,9999.691686937376,9998.753031505386,9996.85356845263,10,0.935562642422124,-8.3009784222736,-9.8001937403227,-10.607877379741872,10,0.6661138257027422,-266.37357999999995,-274.8929721666666,-281.4645733333333,10,4.153360704099768,0.0,0.0,0.0,10,0.0,-1.6176292977955304,-1.6545903810387657,-1.6984709145009425,10,0.0233256033634622,0.0,0.0,0.0,10,0.0,5.015414,-0.6332428,-4.6575575,1000,0.91344905,0.1217021949494888,0.1219563815323217,9.056633320377513,0.0002541865828329,0.9998936617604984,4193.844825648147,1000,428.14414414414415,27,222,249.694474455918,9511.820755004885,4060.1133984402495,255.71051120758057,222,2366.7207496516235,166312.0,210.3663091659546,200000.0,218.0,18977.58913040161,43600000.0,950.7225790714576,218000.0
2.522998e-08,3.2862468e-10,479.3963,0.0006196437,1.2551499e-10,0.008009491,10.544288,33.348434,33.339504,0.5162774,43.8283,0.6066251,45.237965,1.0,-0.678135,-1.0,10000,0.6199653,0.0316233828816766,0.0305558475819649,0.0302030359348718,10,0.0003967872239505,1000,1000.0,1000,10,0.0,9644.806901931765,9637.977351284027,9626.864771842957,10,5.862837582507454,-67.8663908330104,-72.99024402686784,-78.47447529381948,10,3.0538918534477446,9999.408089247085,9997.73902181903,9995.66206281488,10,1.1843760884066044,-8.396977556806226,-9.183541759216205,-10.912868216098929,10,0.7200259744410975,-273.3049083333333,-275.9282845,-283.30707833333327,10,3.211139096126088,0.0,0.0,0.0,10,0.0,-1.6226586270125956,-1.659598232141276,-1.705073580144328,10,0.0216304461603065,0.0,0.0,0.0,10,0.0,4.8428755,-0.6255796,-5.348395,1000,0.9196329,0.1222105681151546,0.1224647546979875,8.997454523457773,0.0002541865828329,0.9999308092521644,4610.160874939766,1000,647.2158469945355,53,366,326.0349052187571,9531.40975666046,6151.451305956137,495.2938814163208,366,3102.5857878668385,166678.0,211.2044785022736,200000.0,219.0,19188.793608903885,43800000.0,946.9496168749426,219000.0
2.522998e-08,3.2969927e-10,472.27533,0.0005885802,1.2444042e-10,0.007912376,10.544323,33.33384,33.32488,0.49078655,45.820667,0.56370527,47.243587,0.99999994,-0.6783168,-1.0,10000,0.618998,0.0308758190366643,0.0304497207242704,0.0301762907117808,10,0.000253631804746,1000,1000.0,1000,10,0.0,9644.630697250366,9638.325263404846,9632.441270828249,10,3.7357349316276585,-72.14641439545174,-75.41341049735838,-78.77831046963959,10,2.202898937625979,9999.947255068677,9998.191956845894,9996.628398712895,10,0.9019626050783138,-8.394211278251824,-9.17993577281003,-9.788364888452756,10,0.4172849138900086,-271.28692666666666,-273.6646354999999,-277.25313333333327,10,1.9811968447763213,0.0,0.0,0.0,10,0.0,-1.5644346214444087,-1.6087153339319376,-1.6430357721498094,10,0.026899899180241,0.0,0.0,0.0,10,0.0,4.59633,-0.637694,-4.85158,1000,0.9135524,0.1228460345722368,0.1231002211550697,8.979954652361519,0.0002541865828329,0.9999607994713902,4458.6480057169965,1000,653.769801980198,44,404,264.66697546154256,9523.09504032135,6215.842270407346,414.5526151657105,404,2519.663676494039,167082.0,210.09818840026853,200000.0,220.0,19398.89179730416,44000000.0,951.9358616218528,220000.0
2.522998e-08,3.296472e-10,466.4686,2.1451602e-05,1.2449244e-10,0.0083749825,10.5536785,33.33049,33.321537,0.47793314,46.87346,0.56661075,48.23743,0.9999998,-0.68184614,-1.0,10000,0.6188021,0.0304852578491991,0.0302545810946583,0.0297781046149757,10,0.000218834826985,1000,1000.0,1000,10,0.0,9647.123962402344,9639.92369260788,9632.197441101074,10,4.909109470437101,-71.47252321287212,-77.25069354301756,-80.6954798570199,10,3.2673991008173826,9999.521330083737,9997.097298232751,9993.249863392772,10,2.0982236846910824,-8.390877304383968,-8.919860652535249,-9.388083933392007,10,0.2979931497152674,-265.4961966666666,-269.426874,-271.9888333333333,10,1.6038605730807434,0.0,0.0,0.0,10,0.0,-1.5205668134675203,-1.5761778269873576,-1.6245544086437331,10,0.032117967723837,0.0,0.0,0.0,10,0.0,4.3976507,-0.6284781,-4.89593,1000,0.91990155,0.1234815010293191,0.123735687612152,9.032669347097771,0.0002541865828329,0.9999773275757494,4207.524312181476,1000,327.6930147058824,23,544,180.9620315507382,9530.642519950869,3110.9292634874582,217.62551975250244,544,1717.014182249742,167626.0,221.0680480003357,200000.0,221.0,19619.95984530449,44200000.0,904.6988102038894,221000.0
2.522998e-08,3.3218475e-10,465.16556,0.00032520754,1.2195492e-10,0.008047772,10.541638,33.280907,33.272182,0.46569508,46.18999,0.5941456,47.54144,0.99999976,-0.68497396,-1.0,10000,0.61441135,0.0303886868993722,0.0296683401287766,0.0292562660337862,10,0.0004091698946169,1000,1000.0,1000,10,0.0,9645.36870098114,9636.12998561859,9617.10230922699,10,7.380981583660764,-77.61364587318243,-80.95399309918976,-83.81940202856009,10,1.814851876480216,9998.657354647792,9994.474433013622,9975.773561914006,10,6.365451030009008,-8.548227191384395,-9.094921644311883,-9.718853866228446,10,0.3085385799268122,-262.33761666666663,-266.71575949999993,-271.4624033333333,10,2.678376994597779,0.0,0.0,0.0,10,0.0,-1.530517978445569,-1.5797721493312102,-1.6184221574555422,10,0.0259566774213053,0.0,0.0,0.0,10,0.0,4.574255,-0.63604814,-4.552628,1000,0.91306645,0.1239898741949849,0.1242440607778178,9.063506414917232,0.0002541865828329,0.9999857275230946,3645.8440505595,1000,471.3035019455253,28,257,273.0461707999484,9532.958359718325,4474.306062023928,267.6761741638184,257,2595.2843904767747,167883.0,214.0509123802185,200000.0,222.0,19834.010757684708,44400000.0,934.357147914138,222000.0
2.522998e-08,3.3285566e-10,463.8187,0.00022182422,1.2128397e-10,0.008126913,10.530841,33.233253,33.22454,0.4801984,45.214714,0.65445274,46.50324,1.0,-0.6885867,-1.0,10000,0.6091102,0.0300026201606233,0.0290612535053151,0.0282745905678457,10,0.00053727605642,1000,1000.0,1000,10,0.0,9642.489537239077,9630.642037391664,9618.157011032104,10,7.773331219196333,-80.93883048769541,-83.4811250522632,-88.26670512030228,10,2.367483936901782,9994.3687041947,9988.185670435752,9981.983984668872,10,4.411467027495621,-8.57832149253934,-9.285905058031895,-10.540454591364508,10,0.6172282256490611,-257.07331666666664,-263.19745233333333,-269.3566833333333,10,3.770870673838989,0.0,0.0,0.0,10,0.0,-1.523022431467106,-1.579153521955013,-1.613901063716886,10,0.0226982977399949,0.0,0.0,0.0,10,0.0,4.976002,-0.6265014,-5.118973,1000,0.9241216,0.1248795272349,0.1251337138177329,9.136143223465089,0.0002541865828329,0.9999929793115202,3453.0988233825524,1000,406.56509695290856,24,722,307.0724995837528,9542.479265213013,3858.648218653209,223.0098466873169,722,2919.826373305833,168605.0,211.8346447944641,200000.0,223.0,20045.84540247917,44600000.0,944.1326285134008,223000.0
2.522998e-08,3.3229472e-10,465.20584,-0.000106934946,1.2184496e-10,0.00848064,10.534992,33.228405,33.219673,0.49441972,41.36779,0.66092825,42.593624,1.0,-0.69439733,-1.0,10000,0.6010356,0.0295682008791336,0.0281422118609509,0.0270273771181819,10,0.0007695008129149,1000,1000.0,1000,10,0.0,9640.004836082458,9623.53523144722,9586.93209695816,10,14.131610318276971,-80.8025902657449,-85.71949765070181,-90.53100624452678,10,3.0745187752660703,9993.408801886386,9976.61250546377,9949.6212619477,10,11.696724101422369,-7.820450777680246,-9.006093873296063,-10.358215045804094,10,0.8530093289933847,-246.4569783333333,-256.7662325,-270.9359733333333,10,7.181397322500666,0.0,0.0,0.0,10,0.0,-1.5103349808560504,-1.585450592223727,-1.7076236570323295,10,0.0508499333967117,0.0,0.0,0.0,10,0.0,4.926192,-0.63143706,-4.5811243,1000,0.91712695,0.1260233668576481,0.126277553440481,9.22934765404888,0.0002541865828329,0.999997565566983,2884.276869720874,1000,360.6737588652482,19,564,258.1304441379116,9504.408647537231,3423.0951991491283,185.9493589401245,564,2454.9247397159097,169169.0,213.4282808303833,200000.0,224.0,20259.273683309555,44800000.0,937.0829358783288,224000.0
2.522998e-08,3.313598e-10,469.07495,-0.0003602396,1.2277983e-10,0.008803589,10.536344,33.23285,33.22412,0.54538417,36.55782,0.74301654,37.694977,0.99999994,-0.6927496,-1.0,10000,0.60071206,0.0289098244052584,0.0280279844784672,0.0272091799234622,10,0.0004892018306254,1000,1000.0,1000,10,0.0,9634.021586418152,9621.505341625214,9611.08174419403,10,6.916227620087593,-80.98233927692146,-83.37299020340461,-84.53657687893325,10,1.1626758685098908,9981.00881725212,9974.446481357983,9962.673436235347,10,5.869842028103029,-8.428012387936354,-9.25421800111547,-11.26128115272892,10,0.7445393029710577,-250.317465,-258.68770199999994,-268.9179916666666,10,5.005885215591169,0.0,0.0,0.0,10,0.0,-1.5782677624345371,-1.6262290244043949,-1.6971852126581792,10,0.0368742466855709,0.0,0.0,0.0,10,0.0,4.517606,-0.61853445,-4.8851805,1000,0.92607576,0.1267859266061468,0.1270401131889798,9.347933941731345,0.0002541865828329,0.9999987535702952,3008.830678098886,1000,230.30904522613065,20,796,237.7938065652614,9514.225778579712,2176.986435726959,185.96809482574463,796,2257.71281345666,169965.0,207.22307753562927,200000.0,225.0,20466.496760845184,45000000.0,965.1434694362777,225000.0
2.522998e-08,3.2904718e-10,477.1578,-0.00053346617,1.2509249e-10,0.009122308,10.531528,33.221333,33.212616,0.5752559,29.413141,0.718569,30.54108,1.0,-0.6975154,-1.0,10000,0.5992596,0.0296264633206155,0.0281599429837675,0.0273360952828952,10,0.0005717679446231,1000,1000.0,1000,10,0.0,9645.75193119049,9633.380131912232,9623.708324432371,10,6.233607087608332,-80.86167354799548,-82.22172600940448,-83.39497839482617,10,0.8264801125141609,9993.107147424078,9984.357713190757,9972.888452510128,10,6.709488479759536,-7.924459204188365,-8.805854701028109,-9.586166613750615,10,0.5173189413135645,-251.45806333333329,-258.3367486666666,-269.268945,10,4.543998692636554,0.0,0.0,0.0,10,0.0,-1.5670530719575713,-1.6132495601658403,-1.6509161894448363,10,0.0275713339740564,0.0,0.0,0.0,10,0.0,4.4009843,-0.6324814,-4.7286515,1000,0.91325504,0.1272942997718127,0.1275484863546456,9.42965057118026,0.0002541865828329,0.9999992153622844,2962.652572343225,1000,461.33419023136247,20,389,229.73085042768204,9527.81756401062,4380.814233985229,187.03565883636475,389,2184.5841551629087,170354.0,218.15946412086487,200000.0,226.0,20684.65622496605,45200000.0,916.7605943934471,226000.0
2.522998e-08,3.2949152e-10,482.2979,-7.6933284e-05,1.2464813e-10,0.008758295,10.490324,33.09782,33.088993,0.52702117,25.118229,0.60180515,26.366047,0.9999999,-0.69620746,-1.0,10000,0.59834784,0.0293536986964027,0.0281255549551322,0.0275507009779539,10,0.0005194616013948,1000,1000.0,1000,10,0.0,9638.033418655396,9623.633082675931,9605.319783210754,10,9.576655679573207,-78.38361456206886,-82.48268926161998,-84.92302757880822,10,1.8951069387533044,9990.06530020744,9975.842675475613,9961.177381420212,10,8.18727388071572,-8.25785966365094,-9.011198426006052,-9.576436926475331,10,0.3946238996536203,-254.0902133333333,-259.108846,-267.86513166666657,10,4.529847814906383,0.0,0.0,0.0,10,0.0,-1.530248774448801,-1.6068552350329448,-1.6750019579608733,10,0.0478839678492997,0.0,0.0,0.0,10,0.0,4.667652,-0.63953996,-4.414279,1000,0.9032513,0.1275484863546456,0.1278026729374785,9.376169676725649,0.0002541865828329,0.9999993722898276,4271.848073156258,1000,865.8108108108108,32,222,260.67251946772006,9545.647924423218,8237.650666060748,307.90824604034424,222,2481.208986966242,170576.0,211.64745235443115,200000.0,227.0,20896.30367732048,45400000.0,944.9676704119926,227000.0
2.522998e-08,3.3030173e-10,486.03552,-7.284125e-05,1.2383794e-10,0.00882148,10.473828,33.04524,33.036335,0.48721227,21.843565,0.5246363,23.079977,0.99999964,-0.6892426,-1.0,10000,0.6017459,0.0296680234722734,0.028523721004909,0.0276930974397546,10,0.0006862761691251,1000,1000.0,1000,10,0.0,9624.386638641356,9613.573153495789,9597.618103981018,10,8.677650856129508,-79.97556904970403,-83.54605831950302,-86.74322281769842,10,1.9544906785196343,9987.864013892107,9969.919345667682,9950.738366541236,10,10.09760522132037,-8.485670950784726,-9.495069262371311,-10.242371411824635,10,0.5468917876354584,-254.17795166666664,-261.6971268333333,-271.1991883333333,10,5.006938492972618,0.0,0.0,0.0,10,0.0,-1.53153733507731,-1.6079380035008957,-1.6642586680046705,10,0.0383337432178177,0.0,0.0,0.0,10,0.0,4.588679,-0.6255778,-4.777847,1000,0.91666543,0.1284381393945608,0.1286923259773937,9.434672534234386,0.0002541865828329,0.9999996912268552,3509.598001258039,1000,232.2639225181598,18,826,238.5510500257567,9524.553537368774,2201.2627013988126,169.2383909225464,826,2270.0546594843454,171402.0,207.1557409763336,200000.0,228.0,21103.45941829681,45600000.0,965.4571920497674,228000.0
2.522998e-08,3.303842e-10,489.1061,-0.00012019761,1.2375545e-10,0.008924108,10.464681,32.998264,32.989296,0.45957255,17.247688,0.484094,18.480864,0.9999994,-0.6878401,-1.0,10000,0.5982983,0.0291102568331843,0.028216222544093,0.0277020463742519,10,0.0003640299353086,1000,1000.0,1000,10,0.0,9636.3656873703,9621.722594451903,9604.333930015564,10,8.726320988728311,-78.9137740495376,-81.8194449068856,-84.88937806761754,10,1.9981112391960312,9982.464826616171,9973.980836232928,9956.968429973142,10,6.63727669473227,-8.742659856460236,-9.310148722389254,-9.585317163574588,10,0.317278503268965,-252.2477083333333,-259.52998999999994,-267.95287,10,4.121274147192288,0.0,0.0,0.0,10,0.0,-1.5568642864291344,-1.598659852092872,-1.631498923702685,10,0.0258730900156539,0.0,0.0,0.0,10,0.0,4.791503,-0.6285316,-4.543161,1000,0.9104447,0.1297090723087253,0.1299632588915582,9.500137287024154,0.0002541865828329,0.9999999028494112,2591.491632982764,1000,442.570110701107,22,542,182.6851728815523,9499.089964866638,4205.021418089356,189.98910665512085,542,1731.443141070042,171944.0,210.8232610225677,200000.0,229.0,21314.28267931938,45800000.0,948.6619219811369,229000.0
2.522998e-08,3.303916e-10,491.06534,0.00021202759,1.2374805e-10,0.008627148,10.431626,32.902767,32.89388,0.40489027,13.9131365,0.3879222,15.283549,0.9999999,-0.6875515,-1.0,10000,0.5977493,0.0293999731874064,0.0282861504031185,0.0268781161450751,10,0.000765071239233,1000,1000.0,1000,10,0.0,9630.616801261902,9621.886994457243,9608.7062292099,10,5.885229301219086,-76.52920720561326,-79.38620203619294,-83.71805321448129,10,2.16279764687279,9977.944093622797,9974.492511629973,9970.99419166944,10,2.6373267937386378,-8.624881501914238,-9.513131218500549,-10.575596232339215,10,0.5794272391823462,-253.3005683333333,-262.056854,-269.70763666666664,10,4.864186612553604,0.0,0.0,0.0,10,0.0,-1.6171025160156414,-1.6493328667845986,-1.6785517860339985,10,0.0205458675341697,0.0,0.0,0.0,10,0.0,3.9951053,-0.6428251,-4.863939,1000,0.8966077,0.1303445387658076,0.1305987253486405,9.424583053600248,0.0002541865828329,0.9999999460801068,2536.670691793928,1000,526.615,32,400,337.3732529039609,9537.39744091034,5010.341348259449,306.0494165420532,400,3213.615919985896,172344.0,213.11273050308228,200000.0,230.0,21527.395409822464,46000000.0,938.470449549739,230000.0
2.522998e-08,3.3265207e-10,486.67136,0.00027708858,1.214876e-10,0.008482995,10.405219,32.826435,32.8176,0.36835507,14.567358,0.352186,16.01807,0.99999994,-0.6851725,-1.0,10000,0.6004678,0.0292694397875311,0.0285177423060813,0.027686072433411,10,0.0005655058776214,1000,1000.0,1000,10,0.0,9632.084636688232,9618.245942783356,9591.99011707306,10,11.484868905512604,-76.22166893992434,-80.27483303715361,-84.2735696872118,10,2.555846654372724,9982.792612652736,9973.189870445578,9953.042057241764,10,8.305936751523864,-8.658622247063303,-9.69600500906483,-10.953163781851828,10,0.7027609374643533,-255.75724166666663,-263.320286,-269.18120666666664,10,4.3963471750013445,0.0,0.0,0.0,10,0.0,-1.5749064889769957,-1.652800781573723,-1.7220939932728971,10,0.0421283682541656,0.0,0.0,0.0,10,0.0,4.8500924,-0.6331674,-4.986738,1000,0.9079308,0.1309800052228899,0.1312341918057228,9.349683070021204,0.0002541865828329,0.999999968165695,3640.285169875763,1000,350.1262798634812,26,586,243.20276465531788,9533.20119380951,3325.6403364297066,240.1684694290161,586,2313.469042496764,172930.0,221.45733523368835,200000.0,231.0,21748.852745056152,46200000.0,903.1084917054296,231000.0
2.522998e-08,3.3136754e-10,487.03336,-0.00050171075,1.2277208e-10,0.009268311,10.4503765,32.91702,32.908073,0.38799372,13.077854,0.39938453,14.356483,1.0,-0.68509245,-1.0,10000,0.60162103,0.0296589410955057,0.0286613479435785,0.0277921218460833,10,0.000587755084267,1000,1000.0,1000,10,0.0,9635.966997146606,9626.55043706894,9614.717679977415,10,7.648373083814031,-76.37094843210694,-79.2462989095221,-82.59698213259176,10,1.7100774175702815,9987.321993343096,9981.484709163857,9973.373471571333,10,4.460663696293209,-8.095799833255619,-9.66132385925238,-11.083610389571268,10,0.8642536609903604,-258.6526066666666,-264.3731459999999,-274.79646,10,4.689825255411036,0.0,0.0,0.0,10,0.0,-1.589751444799176,-1.6535024083491887,-1.759032641148942,10,0.0442007938405004,0.0,0.0,0.0,10,0.0,5.223963,-0.6279257,-4.8854747,1000,0.9159073,0.1322509381370544,0.1325051247198873,9.53342683461564,0.0002541865828329,0.9999999891360108,2445.9720335697143,964,194.7328453796889,20,1093,124.22899637963798,9142.195284843445,1845.1778018958832,175.5868639945984,1093,1179.258543179458,174023.0,225.79620265960693,200000.0,232.0,21974.64894771576,46400000.0,885.7544885354192,232000.0
2.522998e-08,3.3166586e-10,493.0187,-0.0002472227,1.2247382e-10,0.0091215605,10.462143,32.937283,32.928493,0.38804546,7.2409725,0.41415405,8.474736,1.0,-0.683853,-1.0,10000,0.59325486,0.029028021271617,0.0279813999351303,0.0273403779804648,10,0.0005052002524509,1000,1000.0,1000,10,0.0,9637.147598266602,9629.383938407898,9616.21426296234,10,5.81872849220504,-73.95974145684596,-76.8177096185237,-79.24643773975843,10,1.6537680042075635,9989.704749037392,9980.46966750693,9970.617583055991,10,5.217755205872204,-7.4968981218420385,-8.758678508662872,-9.614308693253992,10,0.7224616452742731,-258.47713,-263.7852991666666,-272.69073999999995,10,4.138655407086214,0.0,0.0,0.0,10,0.0,-1.6582064040203113,-1.724043976439538,-1.7950731589672584,10,0.0330122931095366,0.0,0.0,0.0,10,0.0,4.536521,-0.63056153,-4.800376,1000,0.90805686,0.1333947777598025,0.1336489643426354,9.654723084562404,0.0002541865828329,0.9999999962328976,2070.896526344383,845,214.49122807017545,23,684,135.88246849645716,7946.544790267944,2033.95886242076,202.192608833313,684,1289.001784497704,174707.0,234.29038453102112,200000.0,233.0,22208.93933224678,46600000.0,853.6415201176089,233000.0
2.522998e-08,3.2846023e-10,498.95087,-0.0006701852,1.2567945e-10,0.0096513,10.44578,32.8954,32.886765,0.3673866,1.957623,0.41169423,3.218833,0.99999994,-0.67090523,-1.0,10000,0.59502625,0.0288537025484693,0.0280848386071287,0.0273878622337651,10,0.0004499862743746,1000,1000.0,1000,10,0.0,9638.560570716858,9634.166749095915,9627.820355415344,10,3.9502616823179815,-75.7164462807122,-78.68906658259948,-81.19394875868564,10,1.5335632605219305,9993.101914902943,9990.221573008725,9984.119440072767,10,2.7330816395914788,-8.270409980249472,-8.753400581977452,-9.31304867988618,10,0.2666625600666489,-260.93380333333323,-266.8736885,-277.5163483333333,10,4.931183143232382,0.0,0.0,0.0,10,0.0,-1.6714635369199324,-1.7386645793299622,-1.8435479622212296,10,0.0462573933491239,0.0,0.0,0.0,10,0.0,4.5303674,-0.63393056,-5.035964,1000,0.8979608,0.1344115240911342,0.1346657106739671,9.693858656993976,0.0002541865828329,0.9999999984056456,2295.74505773143,1000,368.27729636048525,17,577,317.28141026125326,9528.905597686768,3500.246133366222,158.49576091766355,577,3023.490423995852,175284.0,232.21155524253845,200000.0,234.0,22441.15088748932,46800000.0,861.2835816508167,234000.0
2.522998e-08,3.2423592e-10,507.41916,-0.001152598,1.2990374e-10,0.010286143,10.439191,32.905476,32.89695,0.36083397,-3.384329,0.41799805,-2.1383066,0.9999997,-0.66509616,-1.0,10000,0.59637356,0.0287112473933229,0.0281421584070412,0.0275956519649917,10,0.0003487546775852,1000,1000.0,1000,10,0.0,9641.475666046144,9635.730016708374,9628.485891342165,10,3.625998723740223,-75.36150191512642,-77.3393307010496,-80.27530304462437,10,1.3209839154320009,9996.817235818602,9990.979242643712,9987.104121031884,10,2.7726203885913496,-8.461421338950855,-9.19742501150874,-9.889978087595788,10,0.5264723663613996,-261.5479716666666,-266.9877483333333,-272.2520483333333,10,3.2370570281158906,0.0,0.0,0.0,10,0.0,-1.6560631316283176,-1.7247221113668467,-1.8248466048672844,10,0.0417126956479837,0.0,0.0,0.0,10,0.0,4.916048,-0.6263212,-4.4306126,1000,0.89905345,0.1354282704224658,0.1356824570052987,9.772379991877058,0.0002541865828329,0.999999999367985,2543.233476304465,1000,328.19793205317575,16,677,186.3230524587744,9514.336773872375,3117.3535518380354,142.89648723602295,677,1771.2143056509733,175961.0,210.58074355125427,200000.0,235.0,22651.731631040573,47000000.0,949.754458205344,235000.0
2.522998e-08,3.0953207e-10,518.26434,-0.0015389675,1.446076e-10,0.010867725,10.419572,32.941418,32.933548,0.41649145,-9.038642,0.4813121,-7.7969713,1.0,-0.66291517,-1.0,1764,0.6028735,0.0307504428283023,0.0280838525806927,0.0235374898685209,10,0.0023043441649583,492,176.4,34,10,150.9617170013643,4740.566608428955,1699.536343193054,322.01861000061035,10,1454.568082928963,-3.591452520814538,-13.300547536984675,-34.857436302758686,10,11.096344017467173,4917.6917349814175,1762.2672257339525,333.5343624874465,10,1509.610533086911,-0.0778184120214832,-1.6327558345758166,-4.742659879441528,10,1.54137172298521,-7.808711666666667,-47.50153366666667,-136.6963233333333,10,42.2087081645033,0.0,0.0,0.0,10,0.0,-0.037770747302733,-0.296047966148678,-0.8287111778146745,10,0.2663438621939683,0.0294117647058823,0.0109101948146371,0.0020325203252032,10,0.0078543822851166,4.2925844,-0.6353172,-4.9903564,1000,0.8912827,0.1364450167537974,0.1366992033366303,9.83058821248953,0.0002541865828329,0.9999999997325116,2506.362731034259,1000,237.8708333333333,15,960,218.10669690002388,9534.599660873411,2262.7923169935743,142.34511756896973,960,2073.728173281599,176921.0,211.68426704406733,200000.0,236.0,22863.41589808464,47200000.0,944.8033280544416,236000.0
2.5235611e-08,2.5916785e-10,529.4294,-0.001082692,1.950732e-10,0.010612421,10.437842,33.16815,33.165302,0.80495965,-8.948255,0.8247436,-7.4943914,0.99999994,-0.7894098,-1.0,316,0.5058683,0.022553816964285,0.0178676290055086,0.0112218393504736,10,0.0031415511303839,47,31.6,22,10,8.558037158133867,455.435775756836,307.44735231399534,215.3180246353149,10,82.48225882140059,-1.3411124334169553,-2.4206753114205632,-4.374475285812911,10,1.051372518729088,470.0,315.89045883795114,219.9632999583389,10,85.63276173292941,-0.0030163468408099,-0.1428443967151274,-0.6438605489790591,10,0.1814485739357561,-3.246318333333333,-5.834599166666667,-9.475739999999998,10,2.1938969811396047,0.0,0.0,0.0,10,0.0,-0.0245888185435906,-0.0449879642869753,-0.0701485019255196,10,0.0161156271184632,0.0454545454545454,0.0337130371598456,0.0212765957446808,10,0.0077396478422452,4.4140067,-0.73666805,-5.5107136,1000,0.8589505,0.1371465717224163,0.1370347296259698,9.557188604408765,0.0002541865828329,0.4371176962125073,722.626715096311,474,41.58166302837865,14,5039,28.84041997789997,4486.397130012512,398.0327740609764,128.7593936920166,5039,274.2237561795928,181960.0,228.29566979408264,200000.0,237.0,23091.711567878723,47400000.0,876.0569141779839,237000.0
2.5249578e-08,2.9226002e-10,539.8546,-0.0011294484,1.6223245e-10,0.010846831,10.583368,33.48981,33.485962,0.7027303,12.828079,0.6761665,15.184061,1.0,-0.8249886,-1.0,284,0.49284548,0.0216120900848701,0.0163874296873467,0.0064458166461383,10,0.004541447644787,41,28.4,17,10,6.216108107168021,399.3501510620117,276.537749671936,162.9225254058838,10,60.913839210557626,-1.028761022039503,-2.135217106741107,-2.8404554585600743,10,0.5984256402990578,410.0,283.3127682550363,165.26359306532888,10,63.02807362513366,0.0,-0.0809381649145944,-0.2802559528184759,10,0.0888871488626626,-1.2283366666666666,-4.527298,-7.545496666666667,10,1.7009473856518904,0.0,0.0,0.0,10,0.0,-0.012129805997014,-0.0315650579547552,-0.0631723467424681,10,0.0136833673194248,0.0588235294117647,0.0370364419602781,0.024390243902439,10,0.0088108423597574,4.867032,-0.8090127,-5.184107,1000,0.8304502,0.1299632588915582,0.1297090723087253,8.275838979122259,0.0002541865828329,0.0020009502780352,264.756157703524,52,27.203917834308257,13,7351,6.130549614448156,489.9218521118164,261.79440366975336,120.07011604309082,7351,58.91273759658117,189311.0,557.7670109272003,200000.0,238.0,23649.478578805923,47600000.0,358.57265862233646,238000.0
2.5278858e-08,2.6457672e-10,557.425,-0.0018346005,1.9044276e-10,0.011868251,10.779105,33.90686,33.9078,1.6306418,43.444588,2.7509434,45.908264,1.0,-0.7469201,-1.0,643,0.5778145,0.0336223287705116,0.0238908163327837,0.0153868856264282,10,0.0053052921827073,112,64.3,26,10,26.95941394021762,1083.1709613800049,622.6383394241333,254.48821640014648,10,259.78313510425005,-2.024243101407215,-5.370594391728217,-10.496854261098804,10,2.7412123727926248,1119.9909584865272,642.4799689884012,259.911048462504,10,269.9416889921813,-0.0338997770994302,-0.4438627835446116,-0.9676973902886769,10,0.3124554307722854,-3.2463183333333334,-13.950394999999997,-27.46209833333333,10,7.41272096072428,0.0,0.0,0.0,10,0.0,-0.0112321649109944,-0.0767778968741854,-0.1676780501530138,10,0.045671832295705,0.0384615384615384,0.0191524315748637,0.0089285714285714,10,0.0094653663877608,4.784566,-0.7869828,-5.8575225,1000,0.84887636,0.1218292882409053,0.1215751016580724,6.975007861105109,0.0002541865828329,8.335283897013776e-07,316.1777048967607,149,33.98735273735274,14,5772,13.134189860964046,1424.631950378418,326.8427142473615,135.17143440246582,5772,125.99323724430629,195083.0,907.6720836162568,200000.0,239.0,24557.15066242218,47800000.0,220.3438924806192,239000.0
2.5288053e-08,2.9506245e-10,576.8234,-0.002220033,1.601225e-10,0.0126028545,10.87504,34.14972,34.148735,3.1537914,80.43236,10.848603,81.59197,1.0,-0.6644891,-1.0,10000,0.6337816,0.0326588351022655,0.0322597160837482,0.0319478845985577,10,0.0002037085840087,1000,1000.0,1000,10,0.0,9586.922024726868,9581.157250118256,9574.44154548645,10,3.499027493770166,-103.8465781962522,-107.32752389448558,-113.8367319072806,10,2.79890599749842,9999.051608409784,9996.299875334113,9990.323893269007,10,3.121699233426144,-12.614926670564753,-13.277894355877962,-13.829614977951584,10,0.4072486244410759,-289.88745333333327,-292.79159216666665,-296.73104333333333,10,2.071981192303121,0.0,0.0,0.0,10,0.0,-1.693198868813617,-1.7456186230215185,-1.780072174467831,10,0.0224755398989634,0.0,0.0,0.0,10,0.0,4.5356383,-0.6848034,-4.777894,1000,0.8942438,0.1167455565842473,0.1164913700014144,6.29808646330307,0.0002541865828329,3.5102512191105075e-09,598.7608447383178,509,83.86354166666666,14,1920,62.70090313642431,4829.530561447144,800.3017285658667,130.53681755065918,1920,596.2238363404509,197003.0,959.2680938243866,200000.0,240.0,25516.418756246567,48000000.0,208.492288326452,240000.0
2.5245331e-08,3.245442e-10,594.21173,-0.0017748971,1.2987181e-10,0.012470708,10.8899,34.194134,34.190224,4.129001,122.84812,21.539352,122.08056,1.0,-0.65733683,-1.0,10000,0.6492372,0.034858165120866,0.0341887621651549,0.0331920238638704,10,0.0004971320731356,1000,1000.0,1000,10,0.0,9576.327194213867,9560.792533493042,9538.027547836304,10,11.86338597690303,-102.15316821618433,-106.0465799321158,-110.592370264941,10,2.3508576541288484,9998.25443718294,9985.83426259193,9968.09007429412,10,9.686972008201565,-13.110528271928947,-14.253774246665127,-15.685085535746476,10,0.694157559542512,-296.9942583333333,-303.0306556666666,-307.2596433333333,10,2.5597348619051075,0.0,0.0,0.0,10,0.0,-1.6664970837964286,-1.7107187783709743,-1.7617695414370895,10,0.027311204729866,0.0,0.0,0.0,10,0.0,4.848155,-0.6221878,-4.946604,1000,0.924377,0.114966250504417,0.1149535411752754,6.221279740231987,0.0002414772536912,0.1000000005594886,1506.0767835528895,1000,417.29263157894735,23,475,363.5746222520301,9506.147808074951,3942.715851935337,217.4821281433105,475,3439.4176247352,197478.0,1024.6091494560242,200000.0,241.0,26541.02790570259,48200000.0,195.19638303657752,241000.0
2.522998e-08,3.3911216e-10,610.2858,-0.0013383809,1.15027515e-10,0.012323526,10.849428,34.097443,34.091743,4.45508,157.97409,25.697657,155.95229,1.0,-0.6543978,-1.0,10000,0.6509732,0.0347798267448524,0.0339362336419144,0.0332039476285426,10,0.0004882167794708,1000,1000.0,1000,10,0.0,9576.875893592834,9564.319942855836,9553.142397880554,10,9.82365265102042,-104.3154907470385,-107.29593550564182,-111.42551992982132,10,2.3278929273210776,9997.493929182045,9988.80710951948,9980.253392089548,10,6.4788386164832605,-12.295670926755228,-12.89473145559669,-13.386048907257026,10,0.3953281888273385,-295.32723,-302.5656424999999,-307.698335,10,3.8115717316647273,0.0,0.0,0.0,10,0.0,-1.6485315902596924,-1.7308576790287329,-1.7997443469099783,10,0.0379117183875665,0.0,0.0,0.0,10,0.0,3.88998,-0.6209079,-5.045478,1000,0.92224747,0.1150679251375502,0.1152738162696449,6.591657272479606,0.0002058911320946,0.3600000003978585,2209.331008476769,1000,359.1021276595745,24,235,241.84230442219783,9470.338945388794,3380.621026933954,230.2040910720825,235,2279.007973618051,197713.0,1041.441321849823,200000.0,242.0,27582.46922755241,48400000.0,192.0415445440144,242000.0
2.522998e-08,3.3957062e-10,622.07184,-0.001114707,1.1456903e-10,0.012312001,10.712913,33.701424,33.6945,3.7040446,184.47946,20.374603,182.61629,1.0,-0.6545017,-1.0,10000,0.64813566,0.0344138388290739,0.0337373139023868,0.0331684996878466,10,0.0003922692432712,1000,1000.0,1000,10,0.0,9575.830429077148,9559.722610855102,9544.233825683594,10,9.434471123604432,-107.37352514056596,-112.27699992892433,-117.11756855706984,10,3.100730635407746,9999.676104429733,9990.450452701894,9977.908111108109,10,7.458488134952276,-10.360490048522063,-12.239333261606468,-13.004135855168876,10,0.7308467965224653,-301.381175,-304.4169213333333,-307.8738116666666,10,1.9923364486914088,0.0,0.0,0.0,10,0.0,-1.7358903892681274,-1.7945845756405618,-1.8218049628594737,10,0.0250517122997728,0.0,0.0,0.0,10,0.0,5.190569,-0.61262476,-4.8080206,1000,0.92907494,0.1154529415545672,0.1156258901055267,7.379433973564805,0.0001729485509595,0.5835733335922065,3079.3939085689976,1000,360.11301369863014,18,584,399.38040741959753,9506.84662246704,3393.0470867585645,172.36603927612305,584,3776.206896474482,198297.0,993.6944298744202,200000.0,243.0,28576.16365742684,48600000.0,201.2691165283832,243000.0
2.522998e-08,3.333326e-10,628.98566,-2.3257951e-05,1.2080706e-10,0.011344999,10.534301,33.2204,33.21313,2.3527174,192.19206,11.665001,191.2336,1.0,-0.6538061,-1.0,10000,0.64620316,0.0344378599251358,0.0341236181553831,0.0334549527804774,10,0.0002937073579082,1000,1000.0,1000,10,0.0,9565.730145454409,9554.861561107637,9546.199889183044,10,5.82661079639959,-113.95988267280576,-119.3916189770666,-124.99702342018644,10,3.5941500514188016,9999.902066474244,9997.471116516106,9991.466565650258,10,2.1931071135239018,-11.460334626516014,-12.27184831324487,-13.45255159374326,10,0.5521093897818545,-304.3642783333333,-309.10214833333333,-316.0334766666666,10,3.0174844329328723,0.0,0.0,0.0,10,0.0,-1.7990893771364154,-1.8439393701795648,-1.946394653399075,10,0.0411587796650352,0.0,0.0,0.0,10,0.0,4.1626997,-0.6166339,-4.929641,1000,0.92196774,0.1158760478310217,0.1160428196480184,8.21943324351356,0.0001667718169966,0.7640704001466665,3745.549476674441,1000,703.5359477124183,20,306,408.9495474601881,9500.316256523132,6635.141159156959,184.1417322158813,306,3868.0100068730753,198603.0,870.6454911231995,200000.0,244.0,29446.80914855004,48800000.0,229.7146221270665,244000.0
2.522998e-08,3.2460934e-10,626.8731,0.00025596184,1.2953032e-10,0.011027754,10.419171,32.9399,32.93252,1.4753828,177.96361,5.2705774,177.6793,1.0,-0.64875704,-1.0,10000,0.6488464,0.0356317289027792,0.0345830816215326,0.0338140911356022,10,0.0004949276645851,1000,1000.0,1000,10,0.0,9558.951583862305,9547.89976825714,9534.42322731018,10,6.5877448794212246,-117.19583284929573,-124.07217829611848,-134.65679645381329,10,5.313470610740215,9999.181480433184,9996.6770013092,9991.904951897246,10,2.1933306835610624,-11.430782519369451,-12.076861687348057,-12.730715265865031,10,0.3471532713614817,-306.03130666666664,-310.7691766666666,-315.7702616666666,10,2.538959998696202,0.0,0.0,0.0,10,0.0,-1.7981013623356097,-1.8590129920427103,-1.948217603707616,10,0.0371959208099133,0.0,0.0,0.0,10,0.0,4.810431,-0.61021984,-4.5464096,1000,0.92475015,0.1162929773735133,0.11645974919051,8.741081611573279,0.0001667718169966,0.8635453099514941,4216.071978086456,1000,531.0158172231986,25,569,350.6364558608217,9490.097386360168,5009.095320661793,235.05180549621585,569,3310.295387802749,199172.0,979.305819272995,200000.0,245.0,30426.11496782303,49000000.0,204.2262958760661,245000.0
2.5229982e-08,3.2222106e-10,627.93713,-0.00066227606,1.3191866e-10,0.011965143,10.432153,32.96681,32.95907,1.1398479,149.10991,3.594976,149.0308,1.0,-0.64310575,-1.0,10000,0.6516186,0.0349064917295909,0.0345452611832544,0.0342088723511842,10,0.0002005594576619,1000,1000.0,1000,10,0.0,9576.03858089447,9565.64822397232,9543.606570243835,10,9.621306306578846,-96.07492817427756,-102.67245348604024,-108.73493601532442,10,4.108762498125638,9997.32370094128,9992.60522619453,9980.546433614578,10,4.610127196580697,-10.92250879261698,-11.446032356315744,-12.037398375482788,10,0.3698402291446711,-306.6454749999999,-310.9446533333333,-315.068355,10,3.109206877634289,0.0,0.0,0.0,10,0.0,-1.8181140267004907,-1.8938668381375467,-1.978290418493141,10,0.0450618128365293,0.0,0.0,0.0,10,0.0,5.0843515,-0.6003359,-4.738334,1000,0.9297149,0.1167932928245033,0.1169600646415,8.998328938365772,0.0001667718169966,0.930135198695165,3517.3867223150755,1000,372.20717131474106,15,502,244.43809233511217,9445.96344947815,3505.507808832563,144.24741744995117,502,2308.489647843969,199674.0,982.8921484947203,200000.0,246.0,31409.00711631775,49200000.0,203.48112486837545,246000.0
2.522998e-08,3.207668e-10,630.4407,-0.0012605482,1.3337288e-10,0.01260848,10.443336,32.97541,32.967506,0.9802827,122.62098,3.0117884,122.75002,1.0,-0.6393865,-1.0,10000,0.6453634,0.0345766512769478,0.0341044182975136,0.03373312376588,10,0.0002398194603109,1000,1000.0,1000,10,0.0,9584.531987190248,9578.516814136505,9573.749020576475,10,2.928785616964912,-83.69739858085741,-89.12184805497785,-95.08416328900375,10,2.829705353116616,9995.898904615153,9990.995137427,9985.807944794036,10,3.0933360476096685,-9.170548932290322,-9.920061002371162,-10.551657508696088,10,0.3936147998789022,-308.40024166666666,-311.53250016666664,-318.13919666666663,10,2.734298681626135,0.0,0.0,0.0,10,0.0,-1.862714620882192,-1.9039145183877515,-1.9444428913086087,10,0.024813067046375,0.0,0.0,0.0,10,0.0,5.388666,-0.5882667,-5.2198696,1000,0.9337229,0.1173769941839917,0.1175437660009883,9.1292757748269,0.0001667718169966,0.9675424167682298,2995.148541117266,1000,256.298600311042,14,643,263.5886170709251,9477.42884349823,2404.120402769204,132.1584415435791,643,2485.020128463668,200317.0,992.1934597492218,200000.0,247.0,32401.20057606697,49400000.0,201.57359236227,247000.0
2.522998e-08,3.227067e-10,632.0912,0.00024204887,1.3143299e-10,0.011135592,10.419614,32.910286,32.902866,0.8255345,100.38172,2.1212537,100.812904,0.99999964,-0.6427181,-1.0,10000,0.63523126,0.0334455468719097,0.0329451046021596,0.032539338386472,10,0.0002505174463828,1000,1000.0,1000,10,0.0,9588.7952709198,9584.644151210783,9578.227259635923,10,3.556764268132331,-77.72932167646358,-82.06315020869006,-87.01530761978927,10,2.5403745660100743,9991.407241297184,9985.515454181708,9972.073482262667,10,5.722853519059856,-8.7032350856317,-9.56522262027345,-10.280584783027331,10,0.5352238734959545,-303.75010999999995,-307.30351249999995,-312.2607283333333,10,2.8156350771937846,0.0,0.0,0.0,10,0.0,-1.8996027529628,-1.9394147288571253,-1.985872445542511,10,0.0285406266595106,0.0,0.0,0.0,10,0.0,4.0537677,-0.6010055,-4.2583494,1000,0.91213125,0.1177939237264833,0.11796069554348,9.146488133685253,0.0001667718169966,0.9819856015017168,3807.1710428347455,1000,942.740566037736,24,212,194.0392968750276,9500.67318725586,8923.503711956851,230.0755615234375,212,1837.5955466348696,200529.0,655.6866302490234,200000.0,248.0,33056.887206315994,49600000.0,305.0237579559033,248000.0
2.522998e-08,3.2192773e-10,630.53986,-2.8768083e-05,1.3221192e-10,0.011378487,10.391695,32.8341,32.826557,0.71922266,83.81302,1.562304,84.425606,0.9999999,-0.65225005,-1.0,10000,0.6258437,0.0323898704507591,0.0318141288681348,0.0314812942105782,10,0.0002822954508444,1000,1000.0,1000,10,0.0,9603.56042766571,9594.635110473631,9584.049283981323,10,6.15008231497939,-78.08538741650881,-82.11596681778903,-85.94167708020956,10,2.2003926180135127,9995.341887327251,9989.568446363206,9982.250170707786,10,4.01041883358412,-10.030739246773628,-10.342223598500937,-10.56850329119385,10,0.1450029179080701,-295.7659216666666,-300.48624399999994,-305.6803533333333,10,3.1187984874602925,0.0,0.0,0.0,10,0.0,-1.883868904576331,-1.9889016333192024,-2.057535808888268,10,0.0514919299437674,0.0,0.0,0.0,10,0.0,4.8943024,-0.5979426,-4.465924,1000,0.9142507,0.11796069554348,0.1181274673604766,9.184950059510255,0.0001667718169966,0.9855884812013734,3855.431965569676,1000,581.5321888412017,23,233,273.1183460299352,9485.035473823547,5494.997251721411,214.9693727493286,233,2582.3315466913427,200762.0,215.8017995357513,200000.0,249.0,33272.689005851746,49800000.0,926.7763310141744,249000.0
2.522998e-08,3.2363554e-10,627.3869,0.00015999634,1.3050414e-10,0.011132968,10.359358,32.743088,32.735226,0.6436732,70.79972,1.2331163,71.60164,0.99999994,-0.66261214,-1.0,10000,0.6164423,0.0313687545553984,0.0306316126988764,0.0299987617905862,10,0.000348492532747,1000,1000.0,1000,10,0.0,9600.828234672546,9591.588456821442,9577.842185020449,10,6.638576958178504,-85.97566184452921,-90.57175790981609,-96.76051980200629,10,3.347332240948,9995.141254732813,9985.03246023384,9974.063781314857,10,5.943495625549794,-10.63176443534197,-11.14822259938173,-11.95225122347415,10,0.4024434880276616,-283.74577,-289.83481033333334,-294.97627666666665,10,3.1134624744802326,0.0,0.0,0.0,10,0.0,-1.8246682687133813,-1.8892112255833675,-1.943691444946328,10,0.0387001388953032,0.0,0.0,0.0,10,0.0,4.6784596,-0.600504,-4.428953,1000,0.9128997,0.1181274673604766,0.1182942391774733,9.173423757805036,0.0001667718169966,0.9884707849610987,4978.76513346038,1000,701.0882352941177,25,340,325.6405242565217,9497.36030769348,6635.537699856653,166.72820019721985,340,3088.963122425121,201102.0,219.59291744232172,200000.0,250.0,33492.28192329407,50000000.0,910.776186816371,250000.0
2.522998e-08,3.291339e-10,621.89764,0.0010011237,1.2500577e-10,0.010193035,10.314813,32.61497,32.607166,0.6049855,62.570023,1.0542573,63.603683,1.0,-0.66321796,-1.0,10000,0.6149775,0.0312447607637586,0.0305738268533124,0.0299434709212218,10,0.0004295399335112,1000,1000.0,1000,10,0.0,9591.716013908386,9582.659573459625,9568.488176345823,10,8.232744417751306,-88.2864371926666,-93.84686130419584,-101.3741431633315,10,4.731664289992957,9986.771217538888,9977.21956890037,9958.655238209963,10,8.961276986868347,-11.798342594285916,-12.25739039995138,-12.506971766848654,10,0.2462238504853901,-283.74577,-286.6235873333333,-291.4667433333333,10,2.263172850438715,0.0,0.0,0.0,10,0.0,-1.758489057115765,-1.832153323344063,-1.917457362471872,10,0.0457574159298379,0.0,0.0,0.0,10,0.0,4.528074,-0.6150731,-4.404507,1000,0.904107,0.1183776250859716,0.1185443969029683,9.068634060391808,0.0001667718169966,0.9916989651719912,5529.08283256532,1000,710.2140221402213,24,271,302.67143650329194,9488.935510635376,6713.882484564482,231.16719436645508,271,2860.879597689713,201373.0,222.3122055530548,200000.0,251.0,33714.59412884712,50200000.0,899.6357150182201,251000.0
2.522998e-08,3.266531e-10,614.12634,0.0011018864,1.2748656e-10,0.009952389,10.2723255,32.51046,32.502377,0.5606174,59.321144,0.921894,60.55296,1.0,-0.66110677,-1.0,10000,0.6180611,0.0321319179420097,0.0310197096723757,0.0300476758537552,10,0.000596291042817,1000,1000.0,1000,10,0.0,9599.284662246704,9579.45451965332,9559.934239387512,10,10.782560205001616,-92.88801373393208,-102.01195266639292,-108.60472744151868,10,5.888109682667045,9990.46442268289,9980.544984559852,9967.552490676337,10,7.303921250007338,-9.888122153234669,-11.416870452801543,-12.50248118508632,10,0.8235485361286967,-280.49945166666663,-285.9129068333333,-294.1866316666666,10,5.025966956495663,0.0,0.0,0.0,10,0.0,-1.688107550558341,-1.7487360064238224,-1.82706834074812,10,0.0395990952961888,0.0,0.0,0.0,10,0.0,4.5838895,-0.6058671,-5.019765,1000,0.9147741,0.1187111687199649,0.1188779405369616,8.93753306167826,0.0001667718169966,0.9946873377100742,5815.023688996895,1000,485.4324853228963,20,511,306.9229759274144,9484.96283531189,4584.238327323107,192.89159870147705,511,2904.906451171513,201884.0,215.5329670906067,200000.0,252.0,33930.12709593773,50400000.0,927.9322912857368,252000.0
2.522998e-08,3.2802747e-10,605.5552,0.0010269524,1.261122e-10,0.009873042,10.278895,32.511524,32.50326,0.56614834,58.596355,0.92117125,59.836056,1.0,-0.6603963,-1.0,10000,0.62542504,0.0320908508024149,0.0316472665056149,0.0309364956202625,10,0.000396798087743,1000,1000.0,1000,10,0.0,9605.634496688845,9591.220559787753,9567.39806175232,10,10.300067327691869,-83.90466702151286,-95.77212937040665,-106.46753958776372,10,6.1935079110146924,9996.750407666232,9984.348094720715,9948.828243815204,10,13.505441711371509,-8.99728087089591,-10.089309954310467,-11.315990677245514,10,0.6306901116966723,-281.2013583333333,-285.62337033333336,-289.799715,10,2.430272645821835,0.0,0.0,0.0,10,0.0,-1.5664539967616022,-1.6427270122306958,-1.7116164642195382,10,0.039611389359176,0.0,0.0,0.0,10,0.0,4.32987,-0.6118848,-5.228961,1000,0.91186655,0.1190447123539583,0.1192114841709549,8.92666341076954,0.0001667718169966,0.9965998961344475,5034.847399174413,1000,426.6345609065156,42,353,214.3286233930124,9465.949642181396,4027.1247644215055,396.4334201812744,353,2018.5568164342344,202237.0,214.71861958503723,200000.0,253.0,34144.845715522766,50600000.0,931.4515917926342,253000.0
2.522998e-08,3.2640235e-10,599.11475,0.00010745152,1.2773735e-10,0.010676614,10.302999,32.550163,32.54157,0.58807516,57.378334,0.932437,58.57552,1.0,-0.6506281,-1.0,10000,0.638416,0.0342202493484801,0.0330864960887789,0.0319575656885717,10,0.0005174942009709,1000,1000.0,1000,10,0.0,9610.464178085327,9592.70495710373,9572.806365013124,10,10.268537578500068,-76.82938327905319,-85.69521767369886,-94.73576295331466,10,5.250196138115761,9992.0920986923,9986.98744360175,9973.213648280736,10,5.362512921944301,-8.583167888452701,-10.166282289486643,-11.277769078028555,10,0.7376667521280034,-290.58935999999994,-296.7310433333333,-306.03130666666664,10,3.837285935704219,0.0,0.0,0.0,10,0.0,-1.6354754374458342,-1.6899408437683074,-1.745390833690076,10,0.0296796306708511,0.0,0.0,0.0,10,0.0,4.6960106,-0.60382515,-5.430116,1000,0.9214532,0.1194616418964499,0.1196284137134466,8.966487869252637,0.0001667718169966,0.9980334806679826,4530.513872971134,1000,428.4088291746641,20,521,268.76213687502764,9481.69288635254,4047.7224141267807,153.12687397003174,521,2545.6683326144816,202758.0,215.8131532669068,200000.0,254.0,34360.65886878967,50800000.0,926.7275741652788,254000.0
2.522998e-08,3.3130346e-10,596.2561,0.00016521949,1.228362e-10,0.010567389,10.326774,32.582813,32.57447,0.5742441,54.520668,0.91116214,55.66462,1.0,-0.6425803,-1.0,10000,0.6448177,0.0345725160512083,0.0339728156263503,0.0332247357262967,10,0.000428342253784,1000,1000.0,1000,10,0.0,9606.844710350037,9593.172979736328,9580.9693441391,10,7.440878381629163,-74.65208316710844,-81.8856005116027,-87.53019886262344,10,4.052580508914293,9993.890603054797,9990.925814514365,9986.474412224674,10,2.600604797459708,-9.154680938981569,-9.824687959424375,-10.8272393476356,10,0.5780067586690687,-301.0302216666666,-304.31163533333324,-309.80405499999995,10,2.328027185500141,0.0,0.0,0.0,10,0.0,-1.6558945039709476,-1.7309136044544773,-1.7893220344581973,10,0.0401566151363172,0.0,0.0,0.0,10,0.0,4.5675874,-0.6027101,-4.649078,1000,0.9210899,0.1198785714389416,0.1200453432559382,9.047759149718326,0.0001667718169966,0.9988858539653358,4474.901655218717,1000,568.9296875,47,384,241.651948734095,9503.012092590332,5387.572779878664,442.9661569595337,384,2286.4423595214566,203142.0,212.0345366001129,200000.0,255.0,34572.693405389786,51000000.0,943.2425641922216,255000.0
2.522998e-08,3.3474853e-10,593.48566,0.0003252225,1.1939111e-10,0.010357517,10.336511,32.582474,32.57408,0.5595014,50.52371,0.8731545,51.613266,0.99999994,-0.6459737,-1.0,10000,0.64178133,0.034666054061774,0.0337545791243581,0.0331786966223007,10,0.0004036881484985,1000,1000.0,1000,10,0.0,9599.848274230955,9590.982388687136,9581.952772140505,10,4.789624360734553,-77.40345446145426,-82.57463793207208,-87.80365309642423,10,3.21853260144979,9993.473681804706,9989.060828636337,9982.148706981156,10,3.500542466982917,-9.591078848781754,-10.369398577390728,-11.396359595280812,10,0.5873804323950543,-299.36319333333324,-303.3816089999999,-309.7163166666666,10,3.154385272019224,0.0,0.0,0.0,10,0.0,-1.654644480890219,-1.7527938269635428,-1.8353265998570003,10,0.0459530033129271,0.0,0.0,0.0,10,0.0,4.593973,-0.6026469,-5.056708,1000,0.9203471,0.1202121150729349,0.1203788868899315,9.156266531893191,0.0001667718169966,0.9992869465378148,4575.171989893414,1000,477.8349056603773,36,424,309.3595729654547,9512.984895706177,4525.43532372983,338.44972229003906,424,2932.698559067031,203566.0,217.16620182991028,200000.0,256.0,34789.859607219696,51200000.0,920.95362130358,256000.0
2.522998e-08,3.3591366e-10,593.59955,-0.0003644138,1.1822601e-10,0.0110492045,10.354325,32.59932,32.591133,0.5616166,43.43967,0.86695945,44.4528,1.0,-0.66056687,-1.0,10000,0.6252929,0.0321433394061605,0.0316812811730094,0.0312300405318819,10,0.0003220345660566,1000,1000.0,1000,10,0.0,9618.519243240356,9603.433413028715,9593.621156692505,10,7.20024896542029,-76.91393085337974,-81.0678387717581,-83.35668094717164,10,1.7723776300223113,9993.97209221067,9985.729186427645,9976.395945960256,10,5.584345812430402,-10.020937821986246,-10.728623439630775,-11.30089313129506,10,0.440075900200518,-283.3070783333333,-288.799498,-292.7828183333333,10,2.471419254112092,0.0,0.0,0.0,10,0.0,-1.638964554855215,-1.6998131448743783,-1.777152982041046,10,0.0485592595459196,0.0,0.0,0.0,10,0.0,4.6148376,-0.5983627,-4.8861156,1000,0.9247762,0.1205456587069282,0.1207124305239249,9.314544402996123,0.0001667718169966,0.9995436457842016,4299.257840990939,978,373.624584717608,20,602,228.10209710689148,9221.21835756302,3532.814925752506,182.5247678756714,602,2161.9713139662026,204168.0,221.05868220329285,200000.0,257.0,35010.91828942299,51400000.0,904.7371404126684,257000.0
2.522998e-08,3.3557296e-10,593.6391,-0.000324657,1.185667e-10,0.01101016,10.338735,32.554913,32.54683,0.54357606,36.271553,0.78372234,37.348583,0.99999905,-0.6739798,-1.0,10000,0.61321163,0.0305716319996136,0.0301682010280186,0.0297177345288073,10,0.0002702902877784,1000,1000.0,1000,10,0.0,9621.59501838684,9614.501675224305,9602.976305961609,10,6.286764904421907,-73.42376396386769,-76.82646309021438,-79.79969860084421,10,2.046804411028971,9991.104365300762,9984.856443467876,9975.18292226662,10,5.315183347570845,-9.732596531307822,-10.868973912638776,-11.519311904306864,10,0.5540331368341482,-277.95504,-280.9469171666666,-283.74577,10,1.8593282704988208,0.0,0.0,0.0,10,0.0,-1.6702985435113271,-1.712418575274756,-1.7572842373890958,10,0.0295653266946547,0.0,0.0,0.0,10,0.0,4.45367,-0.6175863,-4.6769147,1000,0.9089657,0.1208792023409215,0.1210459741579182,9.35301653234342,0.0001667718169966,0.999707933301889,4311.405173702188,1000,481.7077464788732,23,284,272.2609220183865,9521.978154182434,4561.936040726346,220.4116802215576,284,2577.8704165874747,204452.0,208.705468416214,200000.0,258.0,35219.6237578392,51600000.0,958.288259132468,258000.0
2.522998e-08,3.3757178e-10,592.9841,0.000107232474,1.1656788e-10,0.010566481,10.295639,32.43757,32.42958,0.51182014,31.934704,0.6531996,33.18684,1.0,-0.68238664,-1.0,10000,0.6043481,0.0298914936379005,0.029336572924153,0.0288237093495408,10,0.000376540639281,1000,1000.0,1000,10,0.0,9634.46347808838,9624.961031341552,9598.621382713318,10,10.424770142835644,-66.52765381007956,-71.7139302114329,-75.65206969416475,10,2.378684984578056,9988.578730186937,9982.544235231824,9955.573398721905,10,9.425011121808824,-9.611294124110596,-10.29844651789529,-11.428372051656304,10,0.5589498178733514,-269.0934683333333,-273.89275516666663,-277.95503999999994,10,2.841706328587098,0.0,0.0,0.0,10,0.0,-1.607647935276607,-1.6780679857066167,-1.7299349116433902,10,0.0377897108122492,0.0,0.0,0.0,10,0.0,4.5467,-0.6255853,-4.177908,1000,0.9014467,0.1211293600664165,0.1212961318834132,9.256451244570588,0.0001667718169966,0.9997923081257876,5127.0703216433685,1000,776.4852941176471,40,272,318.26613182380873,9540.937439918518,7377.990864050739,382.359263420105,272,3026.428394647576,204724.0,210.8646101951599,200000.0,259.0,35430.48836803436,51800000.0,948.4758955753434,259000.0
2.522998e-08,3.3738248e-10,587.31964,0.0010159328,1.167572e-10,0.009555821,10.261164,32.34758,32.339462,0.4900164,31.73166,0.60262984,33.10698,1.0,-0.6852741,-1.0,10000,0.6036798,0.0298779406103276,0.029265582730688,0.028731675269737,10,0.0003892894939748,1000,1000.0,1000,10,0.0,9634.87237548828,9623.181372213365,9603.8672747612,10,9.03265130770346,-67.51599657573428,-71.11168482618213,-78.53438221736347,10,3.022944698906564,9985.827582956645,9979.362484779382,9964.588467169346,10,6.437166218722298,-10.778318903012543,-11.490582075212096,-12.243050178230629,10,0.4858889369392298,-266.98774833333334,-271.92741649999994,-276.3757499999999,10,2.7842374579434086,0.0,0.0,0.0,10,0.0,-1.5874904943719752,-1.6514271560019484,-1.7222273609874017,10,0.0370021101550087,0.0,0.0,0.0,10,0.0,3.9553297,-0.6272758,-4.6076727,1000,0.9016386,0.1213795177919115,0.1215462896089082,9.14197897177203,0.0001667718169966,0.999850461850567,5808.695241606723,1000,609.2182254196642,25,417,273.4434699797176,9520.255466461182,5784.70217470814,230.7079267501831,417,2598.4515282993507,205141.0,212.8343155384064,200000.0,260.0,35643.32268357277,52000000.0,939.6980909495752,260000.0
2.522998e-08,3.35057e-10,578.85956,0.00077588734,1.1908265e-10,0.0096435845,10.249833,32.31566,32.307255,0.4827656,34.40685,0.59734005,35.862278,0.99999964,-0.6888661,-1.0,10000,0.60018826,0.0294800200028548,0.0288632029418571,0.0282642455038003,10,0.0003162769149553,1000,1000.0,1000,10,0.0,9634.508246421814,9629.795562648773,9624.981075286863,10,3.375825539955593,-65.76039317529404,-69.94104926555875,-72.36287808734792,10,2.1091320132724407,9985.499382915314,9982.09453299848,9978.551427065882,10,2.2824826034438086,-11.033047556609333,-12.066029655376392,-12.831885288482436,10,0.4981065768189974,-266.7245333333333,-268.64600283333334,-271.28692666666666,10,1.3004525924662806,0.0,0.0,0.0,10,0.0,-1.6120651067479783,-1.6458882577166911,-1.6777080148847996,10,0.0194053437691006,0.0,0.0,0.0,10,0.0,4.761508,-0.6200186,-5.2787757,1000,0.9124515,0.1218798332429015,0.1220466050598981,9.027866402623612,0.0001667718169966,0.9999215223791776,4863.857205598401,1000,292.4672435105068,23,809,234.54269046144088,9521.217208862305,2771.6515648500585,213.15117931365967,809,2230.114785932965,205950.0,219.42782354354856,200000.0,261.0,35862.75050711632,52200000.0,911.4614398948688,261000.0
2.522998e-08,3.3464578e-10,572.0711,0.0010673844,1.1949393e-10,0.009229896,10.243478,32.288155,32.279716,0.4848949,38.207497,0.61202186,39.705486,1.0,-0.68401897,-1.0,10000,0.6054893,0.0295534813165868,0.0292294602393696,0.0288206501091335,10,0.0002075875944706,1000,1000.0,1000,10,0.0,9639.167486190796,9629.3066116333,9621.046098709106,10,4.978929434478167,-70.62753649709532,-73.59872805891494,-78.81416438599516,10,2.2941756531907167,9993.278561269,9987.846108241882,9984.125763042248,10,2.6359335610597827,-11.628893356624973,-12.693752242786008,-13.374894366748144,10,0.5843878027674653,-267.3387016666667,-270.6025676666667,-272.42752499999995,10,1.6821065493686644,0.0,0.0,0.0,10,0.0,-1.582356756112962,-1.644448009069596,-1.6776981976040957,10,0.0253227126039987,0.0,0.0,0.0,10,0.0,4.257431,-0.63882685,-3.9617655,1000,0.89481235,0.1222967627853931,0.1224635346023898,8.940145884370613,0.0001667718169966,0.9999564438570612,4152.756515532274,1000,750.6380952380953,45,210,369.0504965786435,9552.995831489565,7132.587104309173,424.8510074615479,210,3515.6364098105537,206160.0,217.2180433273316,200000.0,262.0,36079.96855044365,52400000.0,920.7338254981644,262000.0
2.522998e-08,3.3248307e-10,559.79083,0.0013291788,1.2165657e-10,0.008747056,10.215186,32.21178,32.203506,0.4895258,44.90253,0.60580754,46.45231,1.0,-0.6740032,-1.0,10000,0.61975986,0.0316507529513182,0.0306341684861341,0.0302548055726656,10,0.0003792954848597,1000,1000.0,1000,10,0.0,9627.325581550598,9617.587408733369,9597.600225448608,10,8.010706000313876,-75.8045545131993,-79.83528707194161,-83.33232852948899,10,2.146587598031258,9995.43158274675,9988.864189726111,9981.189597601997,10,4.41189435088765,-11.750711204620988,-12.703941656793022,-13.87675838212408,10,0.6821892933356705,-272.16431,-277.13907349999994,-285.58827499999995,10,3.498779880128956,0.0,0.0,0.0,10,0.0,-1.5464577256700185,-1.5984786063548777,-1.6517562724717028,10,0.0286679695204497,0.0,0.0,0.0,10,0.0,5.188314,-0.6316952,-4.7774353,1000,0.9027155,0.1224635346023898,0.1226303064193865,8.822395031984088,0.0001667718169966,0.999965155085649,4458.193871712318,1000,461.3763837638376,27,271,347.7184338768532,9532.58199119568,4380.256673921078,253.69455909729004,271,3308.627447141834,206431.0,215.75060200691223,200000.0,263.0,36295.71915245056,52600000.0,926.9962546551428,263000.0
2.522998e-08,3.3268027e-10,550.86945,0.00071133213,1.2145941e-10,0.009204318,10.236007,32.242275,32.23384,0.50631267,50.70961,0.6787272,52.127434,1.0,-0.6713868,-1.0,10000,0.62802947,0.0320495279708266,0.0314679994147052,0.0311062141452421,10,0.0002907024655585,1000,1000.0,1000,10,0.0,9615.87062072754,9605.05948638916,9589.315744400024,10,6.336884214124767,-85.58455296024857,-89.47314336194907,-94.88246472951565,10,3.099036176757732,9997.659599605637,9991.359492994914,9979.017103453169,10,5.273924181348817,-12.870065449128248,-13.627242869882934,-14.869327656331286,10,0.4789202263104229,-279.6220683333333,-281.60495466666663,-287.5185183333333,10,2.2005361713044747,0.0,0.0,0.0,10,0.0,-1.5469929360961474,-1.5946688250436336,-1.6474282814257324,10,0.0305093969513637,0.0,0.0,0.0,10,0.0,5.337474,-0.60393006,-5.5165777,1000,0.92844826,0.1230472359618781,0.1232140077788748,8.881335316145012,0.0001667718169966,0.999982859647251,4012.329898420383,1000,295.7617702448211,15,1062,329.4518284616365,9545.64704799652,2801.345594749451,139.97034740447998,1062,3136.941135820852,207493.0,209.06887888908383,200000.0,264.0,36504.788031339645,52800000.0,956.6225306354892,264000.0
2.522998e-08,3.3255737e-10,548.5573,-5.3329597e-05,1.2158227e-10,0.009927362,10.295696,32.36596,32.357452,0.5359659,49.025906,0.79867506,50.162704,1.0,-0.6762887,-1.0,10000,0.6281156,0.0320748968488042,0.0313462669289845,0.0309389700034371,10,0.0003168857722969,1000,1000.0,1000,10,0.0,9619.57055568695,9612.473271656036,9603.922054290771,10,4.388524801685095,-81.65360352231971,-84.23400840888304,-86.62776233241601,10,1.6283553409000977,9995.033575032536,9991.96499756149,9987.2514689939,10,2.6114805963633225,-13.35042765962584,-14.151036784836188,-15.09146507929815,10,0.5862591575038049,-274.8841983333333,-279.5255561666666,-284.00898499999994,10,2.546664636740032,0.0,0.0,0.0,10,0.0,-1.5112323341111418,-1.5811216057708977,-1.6341649191695886,10,0.0358256389304091,0.0,0.0,0.0,10,0.0,4.8894367,-0.6207832,-4.418003,1000,0.9175885,0.1237143232298648,0.1238810950468614,9.144305605208,0.0001667718169966,0.999993423242636,3144.583443575275,1000,449.6950904392765,33,387,170.66621260743736,9489.6957988739,4263.442910349646,312.3449230194092,387,1613.649041408273,207880.0,215.768048286438,200000.0,265.0,36720.55607962608,53000000.0,926.9213008521748,265000.0
2.522998e-08,3.3523112e-10,546.5358,0.0007950172,1.1890852e-10,0.009042628,10.295601,32.342186,32.333996,0.53536147,43.401863,0.78823584,44.488476,1.0,-0.68487626,-1.0,10000,0.6206065,0.0318691338239441,0.03071454066398,0.0295135316865489,10,0.0007881265789537,1000,1000.0,1000,10,0.0,9633.899594306946,9625.303745555875,9609.272806167604,10,8.665454830315301,-70.23116804847382,-74.71439263827648,-80.84188603280154,10,3.028418918086804,9996.403078174537,9991.160181370062,9980.92828711967,10,4.751367643254021,-13.255372023393894,-13.864270482852216,-14.90941580193388,10,0.4825401948462648,-266.1981033333333,-275.6826171666666,-284.79862999999995,10,6.028389724952728,0.0,0.0,0.0,10,0.0,-1.5328885262263667,-1.595156962386811,-1.65976407029496,10,0.0389753283457649,0.0,0.0,0.0,10,0.0,5.1841626,-0.62431544,-4.4273005,1000,0.91586584,0.1239644809553598,0.1241312527723564,9.271230445468484,0.0001667718169966,0.9999953231947634,3535.9728116305114,1000,522.9006849315068,26,292,304.8507950781904,9532.65859222412,4961.28737383296,159.38488006591797,292,2895.712351986709,208172.0,215.5049433708191,200000.0,266.0,36936.0610229969,53200000.0,928.0529572626102,266000.0
2.522998e-08,3.3281e-10,539.45465,0.0004243268,1.2132964e-10,0.009285858,10.254757,32.21912,32.21065,0.5180858,38.58213,0.72033644,39.737507,1.0,-0.68836117,-1.0,10000,0.61226267,0.0305975581349775,0.0298160280690586,0.0287049792510078,10,0.0006593868681736,1000,1000.0,1000,10,0.0,9641.885287284853,9635.287632656098,9629.804471969604,10,4.349478213607465,-61.99253212489492,-66.79985205845871,-71.18004606611919,10,2.870136063400404,9996.186675693722,9989.366595699616,9982.54575829421,10,4.177988793207132,-12.336517240406891,-13.283196138121871,-14.2911607421988,10,0.6183909683575174,-262.425355,-272.3573343333333,-279.4465916666667,10,5.384417952296827,0.0,0.0,0.0,10,0.0,-1.5439525734591582,-1.6385796174480125,-1.7100983822634683,10,0.0464913200863326,0.0,0.0,0.0,10,0.0,5.3174257,-0.6239236,-4.8244123,1000,0.9144614,0.1242146386808547,0.1243814104978514,9.285678304832826,0.0001667718169966,0.9999966327002296,4683.672061165197,1000,580.0526315789474,20,437,328.0801856465864,9547.56637954712,5512.670679995888,183.79559516906733,437,3123.851048394104,208609.0,211.4235029220581,200000.0,267.0,37147.48452591896,53400000.0,945.9686233357444,267000.0
2.522998e-08,3.32283e-10,536.87225,0.00022199561,1.2185664e-10,0.009441705,10.249427,32.19142,32.18289,0.5200516,32.800785,0.6855179,33.927727,1.0,-0.6915839,-1.0,10000,0.6038508,0.0295822419786563,0.0289209320384834,0.0281101901726069,10,0.0005226158295248,1000,1000.0,1000,10,0.0,9634.450612068176,9615.181230449676,9588.039484024048,10,14.651282219236975,-64.14369861979395,-70.4414355456087,-82.87182588389174,10,5.308179747840252,9985.349981184205,9971.193746125937,9950.614599503926,10,11.63930329527252,-11.292388284914498,-12.127359695143086,-13.171175963200472,10,0.5335345619911045,-266.110365,-271.7168445,-275.3228899999999,10,2.838562217534787,0.0,0.0,0.0,10,0.0,-1.6566906014049188,-1.7268754944594946,-1.7590072598083069,10,0.0306778680841136,0.0,0.0,0.0,10,0.0,4.2051563,-0.63319,-4.3116903,1000,0.9051926,0.1245481823148481,0.1247149541318447,9.384427836633993,0.0001667718169966,0.9999978449281468,4211.390186131811,1000,683.8634812286689,29,293,331.40759134566144,9547.182803153992,6503.690772502496,275.5078868865967,293,3154.65336848413,208902.0,212.2610921859741,200000.0,268.0,37359.745618104935,53600000.0,942.2357999777394,268000.0
2.522998e-08,3.3239794e-10,538.8895,-0.00034331222,1.2174171e-10,0.010043324,10.252413,32.177692,32.16913,0.52024245,26.514984,0.65359324,27.651417,0.99999994,-0.6919473,-1.0,10000,0.6018544,0.0299738532898918,0.0288857821941375,0.0282980653220001,10,0.0004569139551696,1000,1000.0,1000,10,0.0,9632.180247306824,9605.651842212676,9583.41616153717,10,14.41748991959212,-68.0537564957976,-72.06567936258631,-79.40318522341235,10,3.0372535895909487,9983.949643736622,9963.604677159614,9948.50889866558,10,11.233395659179257,-12.597784113655422,-13.136703569924132,-13.496680669089724,10,0.2414553414468455,-267.163225,-271.006164,-279.09563833333334,10,3.476431481144004,0.0,0.0,0.0,10,0.0,-1.6609134218931794,-1.7442846601499244,-1.8019352809711733,10,0.039681457222709,0.0,0.0,0.0,10,0.0,4.6414757,-0.6300197,-4.9635344,1000,0.9055635,0.1249651118573397,0.1251318836743364,9.441751026003857,0.0001667718169966,0.999998753570294,4286.929474151232,1000,206.426103646833,16,521,196.25092346685625,9537.063519477844,1952.312416977823,148.81423664093018,521,1863.1754087926124,209423.0,207.130583524704,200000.0,269.0,37566.87620162964,53800000.0,965.5744535482684,269000.0
2.522998e-08,3.3095648e-10,536.5329,0.0004353607,1.2318316e-10,0.00922223,10.16681,31.978043,31.969221,0.46527123,25.525448,0.54035205,26.956577,1.0,-0.6894114,-1.0,10000,0.60322154,0.0301903760621935,0.0288898721720994,0.0281005950244871,10,0.0006749169733637,1000,1000.0,1000,10,0.0,9631.927088737488,9614.323069763184,9574.794578552246,10,15.319869390673253,-56.771752267654406,-68.81886696694556,-75.44702799602253,10,4.8154471021250655,9980.929958238972,9967.220482828669,9940.62812112549,10,10.698656857890365,-12.890110275463256,-13.765431386449016,-14.780461773399567,10,0.6045978446285073,-261.5479716666666,-268.6109075,-279.797545,10,5.540903253675815,0.0,0.0,0.0,10,0.0,-1.6374538576105824,-1.7022065473635846,-1.777266584042284,10,0.04149175468285,0.0,0.0,0.0,10,0.0,4.2114997,-0.6427081,-3.9390497,1000,0.8912514,0.1252986554913331,0.1254654273083297,9.183844677224291,0.0001667718169966,0.9999992153622836,5299.519098626495,1000,846.688524590164,31,244,283.5721807081817,9552.961506843569,8060.485453248024,295.5731382369995,244,2700.892572507832,209667.0,210.02440643310547,200000.0,270.0,37776.90060806274,54000000.0,952.2702784721436,270000.0
2.522998e-08,3.296303e-10,530.5803,0.0010825049,1.2450938e-10,0.00846794,10.13849,31.90376,31.89511,0.45369184,30.047995,0.5043417,31.608364,1.0,-0.684191,-1.0,10000,0.61586356,0.0313012818373827,0.0302255837975884,0.029564184941948,10,0.0005081941944999,1000,1000.0,1000,10,0.0,9634.449769973757,9625.340701389312,9615.672296524048,10,5.073421111328054,-64.23819839202095,-67.28615139324795,-71.65517495269636,10,2.4771603477940447,9989.229391242005,9983.65095066046,9976.675363060009,10,4.4008900195513165,-12.64913659006632,-13.15368002829616,-14.525895804353024,10,0.5226059662044535,-271.55014166666666,-276.18272566666667,-285.32506,10,4.177450465649886,0.0,0.0,0.0,10,0.0,-1.6146445194952594,-1.6876899228525415,-1.744606219722078,10,0.0428361207878177,0.0,0.0,0.0,10,0.0,4.619243,-0.6388136,-4.674651,1000,0.89851826,0.1254654273083297,0.1256321991253264,9.012328794667662,0.0001667718169966,0.9999993722898268,6133.598737038708,1000,532.2405303030303,21,528,360.22922640211226,9555.844409942629,5062.336645281676,202.9953327178955,528,3433.673061644988,210195.0,216.905282497406,200000.0,271.0,37993.80589056015,54200000.0,922.0614532630934,271000.0
2.522998e-08,3.2914363e-10,522.6107,0.000943203,1.2499604e-10,0.00846379,10.165169,31.9573,31.948442,0.46670812,35.503983,0.53368455,36.99447,0.9999999,-0.67990154,-1.0,10000,0.6248656,0.0322040096734272,0.0314568534138881,0.0306402034984057,10,0.0005036104297277,1000,1000.0,1000,10,0.0,9622.31598186493,9615.460260868073,9609.140971183777,10,5.005297275762184,-71.28695626106482,-74.57046794218522,-79.41335676044592,10,2.690261020424594,9991.880856930276,9986.56443417486,9977.00678845647,10,4.410007000161819,-10.96961456828336,-11.967323827080556,-12.929733822208997,10,0.6578681250207836,-276.3757499999999,-282.88593433333324,-289.71197666666666,10,3.70455307210648,0.0,0.0,0.0,10,0.0,-1.6414499172506742,-1.680450639077235,-1.7256673733710988,10,0.0279564935155784,0.0,0.0,0.0,10,0.0,4.444048,-0.6288789,-5.1675997,1000,0.9089009,0.1257989709423231,0.1259657427593198,9.007065074307025,0.0001667718169966,0.999999591569914,5034.0460954222135,1000,295.0547263681592,14,603,209.9633514338232,9509.799008369446,2798.573417719917,128.5339069366455,603,1995.2306255301123,210798.0,207.50172662734985,200000.0,272.0,38201.3076171875,54400000.0,963.8474014203164,272000.0
2.522998e-08,3.3049602e-10,515.46783,0.00078053743,1.2364364e-10,0.0084978845,10.194911,32.001835,31.992928,0.4738641,38.247593,0.5675827,39.621574,1.0,-0.6748431,-1.0,10000,0.63076144,0.0325961393292673,0.0320232910678227,0.0315755542811675,10,0.0003530715134862,1000,1000.0,1000,10,0.0,9624.589908599854,9616.907228279111,9611.121337890623,10,3.635324309943554,-69.79322385948589,-72.06665376610977,-74.94296199318899,10,1.6052945463277586,9994.627174082294,9991.558524531329,9988.225335656063,10,2.115790506425532,-11.99363828400594,-12.87644092327073,-13.952373262634104,10,0.562739939705929,-284.2722,-288.00107916666667,-291.64221999999995,10,2.954906710563638,0.0,0.0,0.0,10,0.0,-1.6520923462711825,-1.7071261184533124,-1.7926008267377496,10,0.0414328057962016,0.0,0.0,0.0,10,0.0,4.4461594,-0.6257803,-4.8796797,1000,0.91327566,0.1262992863933131,0.1264660582103098,9.080045916143824,0.0001667718169966,0.999999790883796,4221.391628037163,1000,368.2157164869029,16,649,237.2256823041544,9518.939109802246,3495.9821905524045,148.67418956756592,649,2256.988811199802,211447.0,209.824036359787,200000.0,273.0,38411.13165354729,54600000.0,953.1796426652396,273000.0
2.522998e-08,3.300276e-10,506.685,0.0011018433,1.2411205e-10,0.008018486,10.178672,31.955065,31.94614,0.43615836,39.084244,0.5174995,40.451756,1.0,-0.67267615,-1.0,10000,0.6343306,0.0326858865907852,0.0322464540495653,0.0316100341347482,10,0.0003482088663356,1000,1000.0,1000,10,0.0,9625.663111686708,9617.195323753356,9612.590251922607,10,3.4795953510096465,-62.00912785630212,-68.55271333359438,-74.02316114396974,10,3.333435210583775,9994.829351768962,9991.949374659833,9988.972802016233,10,1.7935341626225096,-13.020685685785956,-13.988638728421858,-14.975936077391609,10,0.7141965355603311,-286.0269666666667,-290.4928478333333,-296.4678283333333,10,3.1159957495198114,0.0,0.0,0.0,10,0.0,-1.666084841682312,-1.7198531914284234,-1.7634057207292568,10,0.0325951397929827,0.0,0.0,0.0,10,0.0,4.3510375,-0.63747764,-4.0671344,1000,0.9007994,0.1266328300273065,0.1267996018443031,9.095045109010368,0.0001667718169966,0.9999998683596356,5074.057277529525,1000,941.9356435643564,68,202,172.9012217768069,9547.882417678831,8967.475255444499,649.432204246521,202,1649.8998596074855,211649.0,222.0665857791901,200000.0,274.0,38633.19823932648,54800000.0,900.63076936243,274000.0
2.522998e-08,3.2965544e-10,495.34143,0.0010048986,1.2448423e-10,0.007911247,10.172709,31.919464,31.910458,0.41172403,39.01838,0.49391845,40.310944,1.0,-0.6704498,-1.0,10000,0.6420406,0.0337998311157134,0.0328602096368427,0.0322947768752201,10,0.0004546894200254,1000,1000.0,1000,10,0.0,9633.31995010376,9625.459926891326,9616.786140441896,10,4.926769720015982,-56.07956708069671,-58.68805329425875,-61.87882280988613,10,2.023650311104028,9996.599299414422,9993.065165455511,9985.235482618931,10,3.3268232753266083,-13.46379543098474,-14.560121844339312,-16.257361017556264,10,0.8550003799846396,-286.55339666666663,-292.6336631666666,-300.59153,10,3.753529576580146,0.0,0.0,0.0,10,0.0,-1.6399645968168075,-1.7234029179528314,-1.7827519463960295,10,0.0407327875406319,0.0,0.0,0.0,10,0.0,4.7374716,-0.6288633,-4.516719,1000,0.90719634,0.1267996018443031,0.1269663736612998,9.17811974418078,0.0001667718169966,0.9999998946877084,4971.170880007018,1000,490.53225806451616,23,248,199.69123082673084,9545.321167945862,4666.673410236836,200.54333972930908,248,1902.6968765264885,211897.0,207.61211037635803,200000.0,275.0,38840.81034970284,55000000.0,963.3349405169148,275000.0
2.522998e-08,3.283e-10,485.69855,0.00069088093,1.2583964e-10,0.0080516925,10.182438,31.934105,31.925245,0.41622958,34.95042,0.49386442,36.084072,1.0,-0.678408,-1.0,10000,0.6367182,0.0335662566392711,0.0318521729326443,0.0305308259067096,10,0.0008084111971497,1000,1000.0,1000,10,0.0,9638.56202507019,9632.844478607178,9625.317094802856,10,3.640178937519946,-53.024374005636695,-54.50642995794501,-55.33655556154788,10,0.7166170373911687,9996.322738370442,9985.90065131259,9971.077125206237,10,6.8142147287890245,-12.659905140168636,-14.309775910641845,-15.746783228306864,10,0.8380423425193323,-269.795375,-282.5788501666666,-298.3980716666666,10,7.810293753868858,0.0,0.0,0.0,10,0.0,-1.5466460684895598,-1.6611142214862848,-1.8067274510524625,10,0.069506281251845,0.0,0.0,0.0,10,0.0,4.692213,-0.6173437,-5.1338425,1000,0.9199735,0.1272999172952932,0.1274666891122898,9.37998321923612,0.0001667718169966,0.999999943357152,4384.762492087391,1000,385.6923076923077,21,728,339.4792211449473,9536.897208213806,3667.124138629371,195.26002979278564,728,3233.2209702287555,212625.0,217.22644758224487,200000.0,276.0,39058.03679728508,55200000.0,920.6982033082196,276000.0
2.522998e-08,3.2645853e-10,481.86862,0.000467973,1.276811e-10,0.008205663,10.173308,31.883135,31.874344,0.4214725,27.00757,0.49761158,28.084967,1.0,-0.68036145,-1.0,10000,0.62873757,0.0323773310941614,0.0310427093762875,0.0299974944827408,10,0.0007519223036132,1000,1000.0,1000,10,0.0,9644.301739692688,9637.259907341004,9629.0942735672,10,4.8639548526605605,-51.46899661698444,-53.73552791972254,-58.77101954948248,10,2.619612534558,9986.503426869192,9980.846891228122,9972.561073188264,10,4.514977059449173,-12.239715222422266,-13.194928622542417,-13.657264615708662,10,0.38801918924709,-264.0923833333333,-275.059675,-286.7288733333333,10,7.003255959565601,0.0,0.0,0.0,10,0.0,-1.4969438256588732,-1.5968523405305692,-1.664418578342122,10,0.057704806652089,0.0,0.0,0.0,10,0.0,4.5468836,-0.6222026,-5.268717,1000,0.91307616,0.1278836186547815,0.1280503904717782,9.53373147322236,0.0001667718169966,0.9999999751537132,3031.3766480281142,1000,349.54926108374383,20,406,202.3294666888316,9525.980952262878,3322.275830975894,181.4811315536499,406,1922.4940014012325,213031.0,234.22794461250305,200000.0,277.0,39292.26474189758,55400000.0,853.8690818077735,277000.0
2.522998e-08,3.2355432e-10,478.21796,0.0003041164,1.3058529e-10,0.008303807,10.147563,31.812494,31.80363,0.40745753,19.323809,0.45310733,20.409128,1.0,-0.6773584,-1.0,10000,0.62089854,0.031012258519855,0.030257048072174,0.0295169826737692,10,0.0003977392459626,1000,1000.0,1000,10,0.0,9648.446800231934,9636.915654850009,9620.94311618805,10,9.591315900707462,-53.812504489812,-57.707492670724456,-65.43086213280858,10,3.2936662378570016,9988.58084667919,9979.359735213806,9961.121965635704,10,7.685640395896492,-11.99431327089582,-12.61708909292963,-13.561706641617317,10,0.4445577132156819,-265.75941166666667,-270.5323769999999,-275.84932,10,2.975920787451789,0.0,0.0,0.0,10,0.0,-1.505321498401878,-1.5871260033842671,-1.6612151450639103,10,0.0455137724261918,0.0,0.0,0.0,10,0.0,4.978841,-0.61866397,-4.897957,1000,0.9129008,0.1284673200142699,0.1286340918312666,9.61574541003983,0.0001667718169966,0.9999999881211338,2894.4209691577994,1000,217.63713080168776,19,948,287.7723424315841,9542.19431400299,2066.440277460004,182.848219871521,948,2744.652662988888,213979.0,218.11635422706604,200000.0,278.0,39510.38109612465,55600000.0,916.941788747274,278000.0
2.522998e-08,3.2242012e-10,477.252,0.00012874228,1.3171957e-10,0.008461793,10.12827,31.764233,31.75527,0.3940551,11.776933,0.426289,12.924911,1.0,-0.67565864,-1.0,10000,0.6103728,0.0299557840428751,0.0295810118116263,0.0290737285959039,10,0.0002950185170711,1000,1000.0,1000,10,0.0,9647.131706237791,9635.872727680206,9621.31313419342,10,8.940364621198832,-56.661911335174445,-60.67602753300034,-66.64029919067944,10,3.252495984927366,9988.023733795751,9982.664060258112,9970.431796000505,10,5.420347255712682,-11.527226786510536,-12.272325326474435,-13.118336868711658,10,0.4823659743736143,-268.0406083333333,-272.1906315,-276.8144416666666,10,2.658066077446927,0.0,0.0,0.0,10,0.0,-1.588110442192772,-1.652344502583307,-1.7118177938858956,10,0.0416581640819772,0.0,0.0,0.0,10,0.0,4.066945,-0.6298367,-4.245924,1000,0.892579,0.1289676354652599,0.1291344072822566,9.640832453379154,0.0001667718169966,0.9999999942103956,2891.2653517223976,1000,697.604938271605,24,243,280.14738973549885,9552.093029975891,6638.907994635311,196.17321395874023,243,2666.0527586384846,214222.0,210.88072228431705,200000.0,279.0,39721.261818408966,55800000.0,948.4034284098892,279000.0
2.522998e-08,3.2497147e-10,477.86264,1.4568597e-05,1.2916816e-10,0.00858696,10.137306,31.799454,31.790438,0.37642252,5.971168,0.4024715,7.1674223,1.0,-0.6800657,-1.0,10000,0.6050056,0.0295306337313231,0.029159002083179,0.0282766535578266,10,0.000373858598508,1000,1000.0,1000,10,0.0,9647.00749015808,9624.90363779068,9603.8459482193,10,10.745346893100807,-64.6130829603308,-70.13800792906036,-74.76841630665078,10,2.955849118723891,9990.001772167345,9981.754271755806,9965.42887559545,10,6.738795160430493,-12.261539518376818,-12.923294858654009,-13.80204205216803,10,0.540768621978914,-264.4433366666666,-272.0853455,-275.23515166666664,10,3.120686137461256,0.0,0.0,0.0,10,0.0,-1.649792745218745,-1.7039929909914489,-1.771984440125807,10,0.034958896839143,0.0,0.0,0.0,10,0.0,4.5572243,-0.6254598,-4.829923,1000,0.8974279,0.1293845650077516,0.1295513368247483,9.662372118502166,0.0001667718169966,0.9999999965818176,3432.257497012617,1000,425.75,20,668,242.99485360238705,9521.5043592453,4048.150761047345,184.6012048721313,668,2314.212193548794,214890.0,206.564448595047,200000.0,280.0,39927.82626700401,56000000.0,968.220820960745,280000.0
2.522998e-08,3.2682645e-10,479.42853,-9.51962e-05,1.2731322e-10,0.008724909,10.140065,31.793552,31.784624,0.34614176,2.221725,0.37107697,3.562611,1.0,-0.68368566,-1.0,10000,0.60358757,0.0293771576204017,0.0287694848639293,0.0281211237020761,10,0.0004049777779311,1000,1000.0,1000,10,0.0,9632.990200042725,9628.82262544632,9618.900751113892,10,3.9927404106230497,-69.15825159461833,-71.54792919010988,-74.11934198398207,10,1.6322283293072348,9988.25506005284,9983.508931358425,9977.766308949253,10,3.0941868452770525,-12.598861641733707,-13.313430236040595,-14.273100640447211,10,0.4630418320441596,-262.07440166666663,-268.15466816666657,-272.95395499999995,10,3.8189967867265313,0.0,0.0,0.0,10,0.0,-1.6034840069936185,-1.6702804616720095,-1.7142588290737142,10,0.0353441786471423,0.0,0.0,0.0,10,0.0,4.2666707,-0.6338148,-4.407558,1000,0.89175504,0.12996826636724,0.1301350381842366,9.576001918628418,0.0001667718169966,0.9999999984569948,3330.2294698244223,1000,353.4725663716814,20,565,232.0496469032586,9530.40550327301,3360.28101799678,183.7482104301453,565,2208.3244852682765,215455.0,216.99287819862369,200000.0,281.0,40144.81914520264,56200000.0,921.6892354270296,281000.0
2.522998e-08,3.2743647e-10,480.26718,-7.614604e-05,1.2670319e-10,0.008720956,10.118848,31.7269,31.718,0.31121606,3.2623641,0.3267983,4.792249,1.0,-0.6856178,-1.0,9090,0.6063247,0.029697225615775,0.0289938276011472,0.0286041591437388,10,0.0003585562625838,1000,909.0,90,10,273.0,9639.388237953186,8753.961025524139,865.0339641571045,10,2629.650614603323,-6.494973836062105,-61.70695465221695,-72.21553103668994,10,18.574740324976023,9986.599831394858,9071.545757512273,896.1376505543682,10,2725.1397840413274,-1.049640224970866,-11.713623605043264,-13.542716443374829,10,3.575004131122486,-23.426135,-242.7105515,-271.901095,10,73.13122505437735,0.0,0.0,0.0,10,0.0,-0.1329330477217136,-1.4536026541466565,-1.6630345022038553,10,0.4411453415092634,0.0111111111111111,0.0011111111111111,0.0,10,0.0033333333333333,3.9808326,-0.6437399,-4.3349414,1000,0.8848473,0.13046858181823,0.1306353536352267,9.38515532286886,0.0001667718169966,0.9999999992099812,3549.300214944758,1000,475.45625,19,320,275.5824025331398,9543.215190887451,4525.756941752135,165.32372331619263,320,2623.4666090517544,215775.0,210.75825262069705,200000.0,282.0,40355.57739782333,56400000.0,948.9545368358188,282000.0
2.522998e-08,3.2786457e-10,479.11127,0.00031834503,1.2627507e-10,0.008305658,10.091049,31.645933,31.637077,0.3013635,7.6457253,0.3012039,9.254791,1.0,-0.685622,-1.0,9237,0.61641026,0.0304269313144614,0.0294179158243169,0.0267390742109789,10,0.0009799358223847,1000,923.7,237,10,228.9,9646.09690093994,8901.070554828644,2289.2625608444214,10,2203.9481434708846,-15.45784540379918,-59.92889675900632,-71.77786346456828,10,15.329748036211717,9983.929223727137,9218.1699497727,2366.171770073041,10,2284.001778399409,-2.5902884014966023,-10.97533334363362,-12.87946370511392,10,2.847658639112136,-58.52146833333333,-244.80749766666668,-272.2520483333333,10,62.17154396484007,0.0,0.0,0.0,10,0.0,-0.3396067893493167,-1.3876682312086424,-1.581022639442096,10,0.3512942835197035,0.0042194092827004,0.00042194092827,0.0,10,0.0012658227848101,4.2904396,-0.6393347,-4.509017,1000,0.8933515,0.1308855113607216,0.1310522831777184,9.257596357056729,0.0001667718169966,0.999999999552409,3138.018959617228,1000,403.4300699300699,17,572,277.3731934892567,9548.331689834597,3840.7675456312986,160.64059925079346,572,2641.604360298405,216347.0,211.4839708805084,200000.0,283.0,40567.06136870384,56600000.0,945.698149922686,283000.0
2.5229982e-08,3.2708825e-10,474.12225,-3.8034737e-05,1.2705142e-10,0.008572235,10.08566,31.623274,31.614294,0.34683308,14.12417,0.31126583,15.73553,1.0,-0.688001,-1.0,10000,0.6217375,0.0307498924306273,0.0300913312616597,0.0295124297921138,10,0.0003660902023216,1000,1000.0,1000,10,0.0,9647.765797615051,9638.484157276154,9629.557654380798,10,5.708480822424288,-62.00455827061153,-64.93630710964717,-68.26583068692636,10,1.8759810396863268,9989.431118953293,9983.005124694366,9973.084822764547,10,5.286528864181804,-10.59568658816428,-11.974549774060764,-12.905011880516833,10,0.7014776665922767,-259.9686816666666,-266.0928173333333,-272.8662166666666,10,4.062351157665911,0.0,0.0,0.0,10,0.0,-1.4608003338885052,-1.5172990646226556,-1.5983023701587369,10,0.0428863070315578,0.0,0.0,0.0,10,0.0,4.5531015,-0.6461432,-4.7579894,1000,0.89646184,0.1313024409032133,0.13146921272021,9.173756082802749,0.0001667718169966,0.9999999997411266,3363.9116521582164,1000,329.9918699186992,25,615,264.5926243198606,9543.355578422546,3145.4688608204447,232.81962966918945,615,2522.786880245655,216962.0,209.80695223808289,200000.0,284.0,40776.868320941925,56800000.0,953.2572580008969,284000.0
2.522998e-08,3.257133e-10,471.6295,0.00036612788,1.2842638e-10,0.008123202,10.086041,31.593594,31.584597,0.39562201,19.227297,0.3717471,20.75131,1.0,-0.6869449,-1.0,10000,0.62666065,0.0314547799554566,0.0305890040851867,0.0302064023057901,10,0.0003488975787307,1000,1000.0,1000,10,0.0,9656.034247398376,9648.400346279144,9637.273294448853,10,5.456800101087881,-58.53024574854139,-60.36320256882065,-62.1853571535046,10,1.1387830259628664,9995.51642893325,9991.578523058131,9982.578617610408,10,3.668137056999056,-10.42176017121574,-11.300105394641047,-12.170036212759536,10,0.593439990534442,-266.7245333333333,-269.95330399999995,-277.5163483333333,10,2.808120151422795,0.0,0.0,0.0,10,0.0,-1.528930924603861,-1.5615642106081833,-1.6118637162237517,10,0.0229814142043324,0.0,0.0,0.0,10,0.0,5.712886,-0.6331893,-5.3249335,1000,0.9065876,0.1318027563542034,0.1319695281712,9.190141788783588,0.0001667718169966,0.9999999998674568,3263.644166982277,1000,302.5135542168675,16,664,240.3127351175062,9546.183327674866,2877.8979447742545,151.26261711120603,664,2289.953378868338,217626.0,212.72719860076904,200000.0,285.0,40989.59551954269,57000000.0,940.1712677810676,285000.0
0.01312529,0.00016188127,36.60478,-0.0010582466,7.437398e-05,0.0017171325,9.018718,31.308916,31.296953,0.4193726,21.359787,0.424302,22.770914,1.0,-0.68725866,-1.0,10000,0.628597,0.0313294531018618,0.0306904657051214,0.0302988340149022,10,0.000316416728119,1000,1000.0,1000,10,0.0,9661.26455116272,9654.858105182648,9647.46688747406,10,4.0199624362876,-52.30434087361995,-55.88240630019103,-62.57223803330766,10,2.7292775669366733,9997.439772367588,9993.90252661308,9990.442058335502,10,2.5444665542244937,-10.436185350842525,-11.023595236578998,-11.849466504174366,10,0.3997288128088797,-267.95287,-270.57624616666664,-275.4983666666666,10,2.4758538875979474,0.0,0.0,0.0,10,0.0,-1.513583666940721,-1.562175235875554,-1.5929968855756491,10,0.024298639521255,0.0,0.0,0.0,10,0.0,3.984005,-0.6458462,-4.5827384,1000,0.8926841,0.132219685896695,0.1323864577136917,9.2601327885504,0.0001667718169966,0.9999999999249068,3421.4935584962523,1000,385.0567567567568,24,370,203.76478098007945,9546.764609336851,3672.5492127405632,224.80725574493408,370,1943.9342890458329,217996.0,267.33410835266113,200000.0,286.0,267.33410835266113,57200000.0,748.127506932877,286000.0
0.000114112845,1.308558e-06,80.34331,-0.0014422127,7.454734e-07,0.0028883922,9.976115,31.117424,31.10582,0.40874684,21.638414,0.42577347,22.964367,1.0,-0.6863467,-1.0,10000,0.6319417,0.03166021685132,0.0310280683283897,0.0303962808688374,10,0.0003540295518377,1000,1000.0,1000,10,0.0,9663.471263885498,9656.658390140534,9637.174620628355,10,7.786479801470074,-49.791300631118986,-53.01041035644221,-58.37855973017471,10,2.535363451023481,9998.62352024264,9994.596389201666,9979.735400118254,10,5.187860948337667,-9.610562139731671,-10.96692962204504,-11.866802967965963,10,0.7101654565028888,-268.5670383333333,-272.374882,-276.4634883333333,10,2.8235389842469174,0.0,0.0,0.0,10,0.0,-1.524238396413229,-1.5857750641857256,-1.6471435991649308,10,0.0388155906683786,0.0,0.0,0.0,10,0.0,4.405619,-0.6474506,-5.187207,1000,0.8904919,0.1324698436221901,0.1326366154391867,9.340050997795416,0.0001667718169966,0.9999999999466004,3100.3280687544197,1000,309.9299719887955,21,357,253.74705224819672,9546.780619621277,2949.97580959483,189.57878494262692,357,2418.324887567148,218353.0,210.59293246269223,200000.0,287.0,477.9270408153534,57400000.0,949.699487353077,287000.0
5.798978e-06,6.862084e-08,116.26005,-0.001459956,3.5760763e-08,0.0035526364,9.935783,30.951338,30.940172,0.39157617,21.277992,0.40336955,22.601831,1.0,-0.6903589,-1.0,10000,0.6273037,0.0313388959691365,0.0303875854425554,0.0300413556385174,10,0.0003449681746616,1000,1000.0,1000,10,0.0,9674.029658317566,9662.953684616088,9656.740792274475,10,4.476800905434029,-47.720677103820776,-52.77220815984707,-55.61770819405507,10,2.6123923323282168,9996.64551029544,9994.919662799237,9993.10166673372,10,1.2851525913946935,-10.146241424574782,-10.996186437992632,-11.651890730187228,10,0.4883959847770769,-263.0395233333333,-266.6455688333333,-275.4983666666666,10,3.760782661817284,0.0,0.0,0.0,10,0.0,-1.4871309983020016,-1.5520122705746988,-1.6051622125008649,10,0.0391453835892925,0.0,0.0,0.0,10,0.0,4.395735,-0.6462972,-4.620276,1000,0.8908405,0.1328033872561834,0.1329701590731801,9.35338819599643,0.0001667718169966,0.9999999999652543,4342.401938126692,1000,456.83661971830986,20,710,347.58550077518635,9582.8022480011,4361.703471093782,190.33943843841556,710,3324.35464775558,219063.0,245.41277050971985,200000.0,288.0,723.3398113250732,57600000.0,814.953515192392,288000.0
5.583141e-07,6.6154326e-09,149.45042,-0.0016672236,3.434223e-09,0.0043573314,9.946302,30.929209,30.918377,0.37170988,18.93521,0.40475345,20.15201,1.0,-0.6916725,-1.0,10000,0.6241039,0.0308184823822666,0.0300402819608367,0.0293128450776421,10,0.0003995967515906,1000,1000.0,1000,10,0.0,9668.49418067932,9664.800172805786,9653.24585723877,10,4.420435205171028,-49.8236678406218,-52.34768970230313,-54.12315296158063,10,1.5777297558892696,9997.614023199243,9993.80214642428,9984.355178687256,10,3.447573632855544,-9.572574692172648,-10.18127339277752,-10.684528841738366,10,0.3189356577643912,-261.28475666666657,-264.9346713333333,-271.02371166666666,10,3.020340354479478,0.0,0.0,0.0,10,0.0,-1.4629467114883274,-1.538337855371013,-1.5821649968122462,10,0.0326406369056911,0.0,0.0,0.0,10,0.0,4.367056,-0.6442643,-5.003627,1000,0.8938273,0.1334704745241701,0.1336372463411668,9.489904570287951,0.0001667718169966,0.9999999999852948,3162.313297132086,916,227.4144736842105,23,912,139.86095589368364,8698.325271129608,2167.3042446795785,214.708592414856,912,1336.465505392879,219975.0,241.0336802005768,200000.0,289.0,964.37349152565,57800000.0,829.7595582226081,289000.0
1.8926782e-07,2.2710018e-09,180.55054,-0.0018172425,1.135819e-09,0.0050671524,9.942236,30.898907,30.888517,0.33286506,14.875587,0.3804232,16.088644,1.0,-0.6950418,-1.0,10000,0.61766136,0.0299077721713547,0.0294473256063676,0.0290472744770086,10,0.0002713486351771,1000,1000.0,1000,10,0.0,9672.911023139954,9666.44275522232,9655.258152008057,10,5.289797734728052,-50.99538624489055,-52.75555868446138,-54.77126680929379,10,1.1430584839533564,9996.134395028002,9991.397854303776,9983.402912894748,10,3.5738872204251635,-9.341065757613736,-10.282652405463944,-10.76627885951631,10,0.3860432607434136,-256.4591483333333,-260.40737333333334,-265.6716733333333,10,2.869459354928105,0.0,0.0,0.0,10,0.0,-1.4512688469557165,-1.509518192652301,-1.576442177336109,10,0.0326097477135139,0.0,0.0,0.0,10,0.0,4.772879,-0.6454978,-4.8738575,1000,0.89060676,0.1343877195176518,0.1345544913346485,9.55161078441215,0.0001667718169966,0.9999999999955932,2178.124337395685,1000,184.9824175824176,17,910,132.36805048711602,9542.70172214508,1761.7846795715473,160.60741329193115,910,1265.521721878846,220885.0,218.5167231559753,200000.0,290.0,1182.8902146816254,58000000.0,915.2617571390256,290000.0
1.1381908e-07,1.3840239e-09,209.51843,-0.0020189632,6.647196e-10,0.0057902946,9.95225,30.895102,30.8851,0.31144413,10.491552,0.37205926,11.7026825,1.0,-0.69245774,-1.0,10000,0.61512494,0.0299097991134913,0.0293312536113575,0.0287182531847356,10,0.0004053257736232,1000,1000.0,1000,10,0.0,9676.427006721497,9668.722563934329,9655.432002067566,10,5.79353196171472,-47.8077255347183,-51.512171701426,-55.819054513713,10,2.195216482777413,9997.525850202645,9992.2317196931,9985.869794931856,10,3.6067334916658376,-9.098110490958453,-9.72089280142337,-10.314469208998515,10,0.3438965217748951,-254.35342833333328,-260.73200516666657,-266.0226266666666,10,3.5568237312012387,0.0,0.0,0.0,10,0.0,-1.4668626764435473,-1.544087104056466,-1.67340202628512,10,0.052207553639955,0.0,0.0,0.0,10,0.0,4.6923084,-0.63987076,-4.449112,1000,0.887168,0.1350548067856385,0.1352215786026352,9.61397520052398,0.0001667718169966,0.9999999999983092,2014.0038408837904,818,276.49355432780845,15,543,153.3970865587571,7792.5357484817505,2633.560238311805,125.68388223648073,543,1463.0816629569913,221428.0,222.17173218727112,200000.0,291.0,1405.0619468688965,58200000.0,900.2045311120754,291000.0
8.287805e-08,1.0275498e-09,234.05022,-0.0018845644,4.642551e-10,0.006097468,9.912305,30.772057,30.76239,0.28098068,7.936276,0.32467088,9.294213,1.0,-0.69643617,-1.0,9027,0.6089583,0.0293906877055269,0.0283909007026859,0.0252327528812909,10,0.0011089985589272,1000,902.7,27,10,291.90000000000003,9661.132102012634,8712.085763835907,251.747034072876,10,2820.1191311311613,-2.722674576247856,-49.41458848912067,-59.21073338772787,10,15.71525290772584,9980.597856022778,9005.21554877457,259.68348707946586,10,2915.178846561298,-0.0149869104489029,-9.171075176567896,-10.52908265030193,10,3.066482368011505,-5.176561666666666,-233.1382993333333,-261.2847566666666,10,76.01937807459899,0.0,0.0,0.0,10,0.0,-0.0222294477674295,-1.4058162155357217,-1.6268078441977798,10,0.4624463863852829,0.037037037037037,0.0037037037037037,0.0,10,0.0111111111111111,4.367031,-0.6539106,-4.0346537,1000,0.8724454,0.1353049645111335,0.1354717363281302,9.5060086245604,0.0001667718169966,0.9999999999987976,3687.435999609077,1000,711.53125,22,384,312.0752180673288,9589.345944404602,6804.624953594059,208.11313438415527,384,2986.4950364702718,221812.0,211.0374822616577,200000.0,292.0,1616.0994291305542,58400000.0,947.698948341448,292000.0
6.594093e-08,8.24639e-10,252.9428,-0.0021478678,3.62298e-10,0.006700838,9.936068,30.800074,30.790386,0.28101563,7.044908,0.33657944,8.364536,1.0,-0.69297016,-1.0,9506,0.6105996,0.0295599697242869,0.0288813426853085,0.0283460095058981,10,0.0003648305526212,1000,950.6,506,10,148.20000000000002,9666.48941898346,9179.16210269928,4889.32878780365,10,1429.975106767732,-25.605834095387536,-52.130054057527694,-66.0141851786436,10,9.63435202163617,9986.035989690896,9489.035969154773,5047.539296023648,10,1480.502774745384,-4.814785013789081,-9.497382112560256,-11.134019823108002,10,1.6653736404855404,-127.04510666666664,-246.7465148333333,-268.0406083333333,10,40.11730210564313,0.0,0.0,0.0,10,0.0,-0.7447823411942671,-1.499917703144129,-1.697524940003774,10,0.2571180063925669,0.0019762845849802,0.000197628458498,0.0,10,0.000592885375494,4.4344754,-0.641945,-4.831796,1000,0.8893197,0.1358052799621236,0.1359720517791202,9.55929152482825,0.0001667718169966,0.9999999999993532,3322.54747987131,1000,211.15303983228512,1,954,159.7393502458454,9570.707181930542,2011.1746740561111,9.750248908996582,954,1523.9688315972608,222766.0,209.4678659439087,200000.0,293.0,1825.567295074463,58600000.0,954.800389543072,293000.0
5.5337942e-08,6.980917e-10,274.7771,-0.0019785573,2.9799135e-10,0.0069245454,9.925517,30.764797,30.755367,0.28244296,5.0121646,0.33667284,6.347334,1.0,-0.6893644,-1.0,10000,0.6145848,0.0299407642255391,0.0292589223754082,0.0285935253723146,10,0.0004278626155209,1000,1000.0,1000,10,0.0,9674.13487815857,9661.588198757172,9645.924251556396,10,8.581791750222248,-48.263384718629126,-52.04544007926969,-57.48833633404789,10,2.218304470265102,9991.166265687789,9987.008335652234,9977.281411961452,10,4.882640355881917,-8.827142144184032,-9.799793016530428,-10.789801887433956,10,0.6486373202507822,-256.89784,-262.004211,-269.97085166666665,10,4.758427660556776,0.0,0.0,0.0,10,0.0,-1.5034278102273366,-1.5706930492007984,-1.6659570385642384,10,0.055381247030061,0.0,0.0,0.0,10,0.0,4.079312,-0.6494134,-4.955096,1000,0.8787394,0.1365557531386086,0.1367225249556053,9.567525081163142,0.0001667718169966,0.9999999999997672,2572.433974867793,1000,233.7098150782361,19,703,198.00591540467468,9546.27008152008,2229.87481422716,171.87457942962646,703,1892.6154345810448,223469.0,214.87853860855105,200000.0,294.0,2040.445833683014,58800000.0,930.758377710044,294000.0
4.8086456e-08,6.080192e-10,297.9827,-0.0019759485,2.5753702e-10,0.0073396363,9.894153,30.67523,30.665796,0.26898023,4.2034636,0.30596337,5.580119,1.0,-0.6912225,-1.0,10000,0.61197513,0.029548272146887,0.028966527639974,0.0285010318243585,10,0.0003638443343185,1000,1000.0,1000,10,0.0,9666.564883232117,9659.692076206207,9650.15529346466,10,5.5803205326155645,-51.08894323272903,-54.58944566103119,-59.94913892257368,10,2.8620714747328195,9990.538382808303,9985.719143462597,9980.99497499064,10,2.933063043937414,-8.914860309599744,-9.57347437349056,-10.635771920999971,10,0.5067571329874889,-256.81010166666664,-260.2845396666666,-265.14524333333327,10,2.3296799332877782,0.0,0.0,0.0,10,0.0,-1.517487957715613,-1.5796051409455565,-1.620403147287614,10,0.0332860579748666,0.0,0.0,0.0,10,0.0,4.7342186,-0.6494344,-5.417272,1000,0.88119256,0.137389612223592,0.1375563840405887,9.539311455572244,0.0001667718169966,0.9999999999999206,2029.663055588722,982,260.29814385150814,16,862,192.8712780684239,9370.809161663055,2484.851259438732,145.3370590209961,862,1841.975437578057,224331.0,213.0840859413147,200000.0,295.0,2253.5299196243286,59000000.0,938.5966066704852,295000.0
4.2819543e-08,5.449478e-10,319.066,-0.0018905232,2.2580396e-10,0.0076337117,9.869316,30.59456,30.58532,0.26224694,4.186531,0.29515114,5.602131,1.0,-0.6936256,-1.0,10000,0.61662406,0.0299757258539757,0.0293308884548532,0.0288367343127465,10,0.0003539252007467,1000,1000.0,1000,10,0.0,9667.32310962677,9661.382991409302,9650.309007644652,10,5.507739481465799,-48.9721553552144,-53.13307727121376,-57.51080501100338,10,2.5661522351719435,9990.91839471074,9986.887921299918,9979.150751499534,10,3.1275418274533084,-8.271245392356601,-9.36761764265852,-10.3696837913983,10,0.6824881208821063,-258.56486833333327,-261.4339118333333,-265.40845833333333,10,2.2293307408333853,0.0,0.0,0.0,10,0.0,-1.522621896342056,-1.5703283496246034,-1.605757458249696,10,0.0235040262938121,0.0,0.0,0.0,10,0.0,4.411049,-0.6534868,-4.7379136,1000,0.8781422,0.1382234713085753,0.138390243125572,9.505570234290827,0.0001667718169966,0.999999999999975,1974.8261760579064,1000,308.17296511627904,16,688,236.56411201764408,9558.985635757446,2943.567377402685,153.96008586883545,688,2262.0214469377383,225019.0,216.3184003829956,200000.0,296.0,2469.848320007324,59200000.0,924.5630498649048,296000.0
3.8827718e-08,4.950477e-10,338.94858,-0.0022602258,2.0385128e-10,0.0083613,9.89105,30.63085,30.621635,0.264148,4.286418,0.30831668,5.6585045,1.0,-0.6940553,-1.0,9061,0.6196943,0.0310021401823118,0.0297515618172337,0.0290953243702388,10,0.0005224218056859,1000,906.1,61,10,281.7,9672.687783241272,8757.609183120727,589.4963140487671,10,2722.706933696425,-3.067967194923794,-47.77743363570441,-55.7137422349371,10,15.007609347745523,9994.004129293658,9053.64037313085,610.0,10,2814.54712063542,-0.7463449587555505,-8.92870237015467,-10.595766236953,10,2.7626336482339613,-16.582545,-237.9112646666666,-267.8651316666666,10,73.8432334520553,0.0,0.0,0.0,10,0.0,-0.1068296696647885,-1.4137924736971392,-1.642501418605928,10,0.438257475350743,0.0163934426229508,0.001639344262295,0.0,10,0.0049180327868852,4.295732,-0.6603801,-4.6882706,1000,0.87604374,0.1390573303935587,0.1392241022105554,9.55354052342989,0.0001667718169966,0.9999999999999916,2054.0971555562314,1000,234.8953488372093,17,688,184.42134701324744,9575.75175857544,2245.364450960312,154.22922706604004,688,1762.7017081297774,225707.0,209.13219380378723,200000.0,297.0,2678.9805138111115,59400000.0,956.332912510088,297000.0
3.5694047e-08,4.5745902e-10,358.61148,-0.0019662632,1.8503382e-10,0.00842127,9.868985,30.550724,30.54153,0.25616613,3.5249436,0.27599084,4.950994,1.0,-0.693508,-1.0,10000,0.6195084,0.0301379233092739,0.0296101960975618,0.0286969597608258,10,0.0004243723007626,1000,1000.0,1000,10,0.0,9666.66531085968,9661.091617679596,9650.443269729614,10,5.625416435865923,-50.15153509817677,-54.61825063427941,-59.65277479503616,10,2.765361559913334,9993.764264518955,9990.111100213997,9979.151062266445,10,4.13372101906316,-8.34378449422185,-9.50457419176796,-10.777513356969266,10,0.7333746711096286,-254.44116666666665,-263.3115121666666,-268.742515,10,3.924258184630429,0.0,0.0,0.0,10,0.0,-1.5232755371033329,-1.5851471566431532,-1.6390129864032357,10,0.0362706514472638,0.0,0.0,0.0,10,0.0,5.2732816,-0.66489613,-4.8844376,1000,0.87320584,0.1398078035700438,0.1399745753870404,9.51171757703069,0.0001667718169966,0.999999999999997,2191.984544624461,1000,243.9318181818182,15,880,259.6956345878131,9585.14020729065,2333.889125191082,144.68119621276855,880,2487.052052710708,226587.0,198.44941782951355,200000.0,298.0,2877.429931640625,59600000.0,1007.8134881293456,298000.0
3.3159854e-08,4.2914036e-10,372.02762,-0.001363638,1.6773698e-10,0.008060134,9.83211,30.445513,30.43659,0.2548372,5.4697604,0.2625765,6.9722195,0.99999994,-0.7009781,-1.0,10000,0.62039727,0.0303323700632172,0.0296033901758259,0.0291718240063491,10,0.0003580034442244,1000,1000.0,1000,10,0.0,9665.125801086426,9659.794269752503,9649.74188232422,10,4.296290221385545,-51.110422776866834,-55.07315752235943,-58.71498512494,10,2.434272231709199,9994.96021800249,9989.635818397925,9983.521608970404,10,3.1367787603240465,-9.485930925982682,-10.518040662820606,-11.452433129424506,10,0.6176367020668456,-257.6874849999999,-262.6622485,-267.8651316666666,10,2.788657718446437,0.0,0.0,0.0,10,0.0,-1.5326888512146568,-1.5881013543032256,-1.677620574588309,10,0.0435568960928995,0.0,0.0,0.0,10,0.0,3.9090648,-0.67114246,-4.619726,1000,0.871783,0.1405582767465288,0.1407250485635255,9.415173477126135,0.0001667718169966,0.9999999999999988,2001.8578125715824,1000,230.98097251585625,16,946,212.20830161498975,9561.108960151672,2211.37871261883,146.96181106567383,946,2031.5202519324007,227533.0,210.16332697868347,200000.0,299.0,3087.5932586193085,59800000.0,951.6408160986416,299000.0
3.1087072e-08,4.0266943e-10,384.71082,-0.0017090346,1.5689791e-10,0.008633829,9.824982,30.390425,30.381588,0.2726914,8.328789,0.26212075,9.866862,1.0,-0.7043931,-1.0,9023,0.6199628,0.0298695372634247,0.0277866478692825,0.0125252666586438,10,0.0050940319213025,1000,902.3,23,10,293.1,9661.158670425417,8706.864083766937,226.46519660949707,10,2826.804924811859,-0.71018056525304,-52.40475626613166,-61.91349500381905,10,17.399321571957607,9991.872933531344,9011.092456137754,230.0,10,2927.033307272163,-0.084538456440798,-10.63289084408859,-13.01781438748107,10,3.583578728193911,-2.719888333333333,-239.6660313333333,-269.0934683333333,10,79.01520817362466,0.0,0.0,0.0,10,0.0,-0.0201977842414053,-1.5246958984052517,-1.7413551200492323,10,0.5022506241762452,0.0434782608695652,0.0043478260869565,0.0,10,0.0130434782608695,3.934813,-0.6785225,-4.585409,1000,0.87018317,0.1413087499230138,0.1414755217400105,9.343859456496723,0.0001667718169966,0.9999999999999996,2511.125212928371,1000,224.063112078346,15,919,199.22697818103427,9589.027861595154,2146.694568656864,119.1274266242981,919,1907.8266269849944,228452.0,209.7731695175171,200000.0,300.0,3297.3664281368256,60000000.0,953.4107744093508,300000.0
2.945598e-08,3.805205e-10,394.00195,-0.0012519751,1.496872e-10,0.00834401,9.819698,30.353058,30.344336,0.30645376,12.089449,0.30556595,13.5961,1.0,-0.7065686,-1.0,10000,0.6175855,0.0299548747871012,0.0292336191672438,0.0281776182370667,10,0.0004596182351193,1000,1000.0,1000,10,0.0,9661.02444934845,9653.076285076142,9634.948773384094,10,7.435850665572534,-54.832595273498825,-58.17374076896997,-61.07596457881509,10,2.055773851054448,9992.349281927294,9987.094255603764,9971.877232267463,10,5.681468444803755,-10.798838101237578,-11.639930567208843,-12.8966619879719,10,0.7760447092837914,-257.07331666666664,-262.5394148333333,-270.23406666666665,10,3.834084856138312,0.0,0.0,0.0,10,0.0,-1.5784254033421858,-1.6648838267538644,-1.73554880802203,10,0.0388161768730806,0.0,0.0,0.0,10,0.0,5.0261545,-0.6659361,-4.9192224,1000,0.8813012,0.1419758371910005,0.1421426090079972,9.316027162921705,0.0001667718169966,0.9999999999999998,2210.1354691464967,953,190.18505338078293,16,1124,153.84341622604575,9080.745210170746,1817.450732747431,149.72793769836426,1124,1471.0603848825797,229576.0,224.357127904892,200000.0,301.0,3521.723556041717,60200000.0,891.4359078655291,301000.0
2.8140914e-08,3.607496e-10,404.79123,-0.0016727948,1.4578687e-10,0.008959037,9.835794,30.379885,30.371,0.3382023,12.908307,0.35450742,14.253433,1.0,-0.705685,-1.0,10000,0.61474055,0.0293528622929443,0.0289010503026169,0.0284909238966065,10,0.0002288754565891,1000,1000.0,1000,10,0.0,9663.639097213743,9655.27948846817,9649.919320106506,10,4.159341257809802,-55.00261427607512,-58.17261211374457,-60.553407242352776,10,1.8244144354236125,9992.826435316378,9989.278931355064,9985.331459901052,10,1.946094254824172,-10.120522003919476,-11.135116582333248,-11.828941484720362,10,0.6423547705732894,-257.161055,-262.9868803333333,-268.216085,10,3.218263116143452,0.0,0.0,0.0,10,0.0,-1.6218473663363002,-1.704837071988366,-1.7822994351316457,10,0.0505704630241296,0.0,0.0,0.0,10,0.0,4.280021,-0.658629,-4.6777077,1000,0.882283,0.1425595385504889,0.1427263103674856,9.451099400169422,0.0001667718169966,0.9999999999999998,1839.9029466717952,869,166.0754060324826,16,862,140.06379097978407,8277.240508079529,1584.4671601386192,150.82718753814697,862,1339.122175511669,230438.0,235.12613987922668,200000.0,302.0,3756.849695920944,60400000.0,850.6072532077065,302000.0
2.711045e-08,3.4892597e-10,417.21725,-0.0022433507,1.3906218e-10,0.009753262,9.825178,30.32885,30.319765,0.33427644,11.36523,0.35019842,12.651963,1.0,-0.7045058,-1.0,10000,0.6159645,0.0295364411661139,0.0290217068999292,0.0284749652614555,10,0.000323761774757,1000,1000.0,1000,10,0.0,9669.960478782654,9661.186301136016,9646.432415008543,10,7.474772758732159,-49.738721792906574,-54.42567797264246,-59.29815846162708,10,2.984766778118162,9995.557540281998,9992.098223170344,9984.947382665254,10,2.886928755575767,-10.344913121011489,-11.253073673534624,-11.983952237800706,10,0.5212161608013941,-256.9855783333333,-263.5220841666666,-269.44442166666664,10,3.877448705216079,0.0,0.0,0.0,10,0.0,-1.633645061650765,-1.7110875221476125,-1.7851242096502598,10,0.0506946362383621,0.0,0.0,0.0,10,0.0,5.2625704,-0.6560858,-4.521886,1000,0.87943,0.1429764680929806,0.1431432399099773,9.527099921435806,0.0001667718169966,0.9999999999999996,3096.3468485867816,1000,357.3369565217391,18,552,275.7470134848421,9566.765454292296,3413.9436021680417,152.382963180542,552,2636.4196657158777,230990.0,232.5618634223938,200000.0,303.0,3989.411559343338,60600000.0,859.9862292844942,303000.0
2.6403344e-08,3.4565428e-10,430.3104,-0.0014338663,1.2960585e-10,0.009179452,9.816089,30.286676,30.277836,0.31391454,7.855027,0.3306773,9.06398,1.0,-0.70522183,-1.0,10000,0.6128081,0.0291274957351124,0.0287373422995471,0.0282798050424753,10,0.0002651674751796,1000,1000.0,1000,10,0.0,9672.946846961975,9668.215607738495,9663.715146064758,10,3.7542725992937847,-49.8876315018033,-51.209266947990656,-53.58814480072803,10,1.1355319410994782,9998.458738860656,9996.041547571484,9994.59145142389,10,1.178172740739848,-9.901439940589563,-10.5512246567746,-11.234156838153009,10,0.4015148075784144,-259.9686816666666,-264.3117291666666,-269.6198983333333,10,3.048007474894993,0.0,0.0,0.0,10,0.0,-1.6587410773713411,-1.7537181792967065,-1.8742705444492265,10,0.0554417590270011,0.0,0.0,0.0,10,0.0,4.4883075,-0.6514179,-4.7710567,1000,0.88116765,0.1434767835439706,0.1436435553609673,9.65843903028586,0.0001667718169966,0.9999999999999996,3372.0723801369145,1000,279.64150943396226,18,742,191.68372507924428,9524.53858757019,2670.7788740733886,168.40702724456787,742,1834.020266156368,231732.0,215.0558695793152,200000.0,304.0,4204.467428922653,60800000.0,929.9908920934502,304000.0
2.5872435e-08,3.3415176e-10,441.45874,-0.0018931015,1.3155205e-10,0.00983936,9.777147,30.189209,30.180508,0.2808976,2.1428523,0.3051017,3.3127272,0.9999997,-0.7039156,-1.0,10000,0.60577554,0.0284023132027796,0.0280697051938113,0.0278107884769997,10,0.0002302996072715,1000,1000.0,1000,10,0.0,9683.23484992981,9673.904020404816,9669.155288696287,10,4.081587109729004,-47.28214733529141,-49.62901636138227,-51.85743146567218,10,1.751096459102476,9996.857323181624,9993.220419803276,9988.764133638291,10,2.540649151611608,-8.69872514304425,-9.538145931475848,-10.912268024062566,10,0.6086476437069948,-254.52890499999995,-258.4420346666667,-262.33761666666663,10,2.477951733421716,0.0,0.0,0.0,10,0.0,-1.663376218447767,-1.7072006350821798,-1.7573538343026855,10,0.0307297075216283,0.0,0.0,0.0,10,0.0,4.222877,-0.65921605,-4.939237,1000,0.8698114,0.1438937130864623,0.144060484903459,9.778678014339146,0.0001667718169966,0.9999999999999998,4092.354658763648,1000,427.4241316270567,14,547,388.1143548887119,9595.83021068573,4089.627473970218,136.041597366333,547,3718.5225535769937,232279.0,215.39084482192996,200000.0,305.0,4419.858273744583,61000000.0,928.5445728454522,305000.0
2.552395e-08,3.2618888e-10,450.49796,-0.0017679456,1.3324224e-10,0.009876909,9.727222,30.108706,30.100765,0.2565465,-3.5565364,0.29264838,-2.3235931,0.9999999,-0.6965038,-1.0,10000,0.6062908,0.0287111968918907,0.0283198759653547,0.0277627529696765,10,0.0002747508994905,1000,1000.0,1000,10,0.0,9685.121341705322,9678.900475978851,9674.083230018616,10,3.336938258633554,-40.05943166551568,-43.97015048237853,-47.20419792279604,10,1.906228951045816,9995.18604734625,9992.43807519415,9987.760817335393,10,2.387837819762671,-8.774751699838035,-9.450153940706672,-10.394737485786662,10,0.4560388198539511,-254.6166433333333,-258.47713,-260.84606499999995,10,1.6082702153970687,0.0,0.0,0.0,10,0.0,-1.5604079608805188,-1.6401658454613262,-1.717714769197743,10,0.0503556174916685,0.0,0.0,0.0,10,0.0,3.8205864,-0.6652281,-4.093622,1000,0.85991853,0.144310642628954,0.1444774144459507,9.78408438222373,0.0001667718169966,0.9999999999999996,3770.154655651926,1000,452.2363184079602,15,402,336.96570588070193,9605.813091278076,4334.520119279178,148.32755184173584,402,3229.05578442144,232681.0,218.45044374465945,200000.0,306.0,4638.308717489243,61200000.0,915.5394540364238,306000.0
2.5336588e-08,3.0538078e-10,456.22366,-0.0013156134,1.5067783e-10,0.0095276395,9.6836195,30.090782,30.084675,0.3233458,-5.1079793,0.3372404,-3.7172453,1.0,-0.7711998,-1.0,499,0.5522579,0.0284976993980609,0.0196323591930226,0.0141469600644086,10,0.0039550486543051,151,49.9,17,10,36.857699331347305,1458.4824628829956,484.44896030426025,159.5264949798584,10,356.076368123386,-0.9558398425584892,-2.7472884311551318,-8.019847851280034,10,1.9045701982762775,1507.3726736286926,497.4980521977543,163.95081088520448,10,368.65521227122525,0.0,-0.3324753185650221,-1.5016713109145847,10,0.4022367687799441,-2.63215,-9.905657833333333,-39.13129666666666,10,10.353677259687204,0.0,0.0,0.0,10,0.0,-0.0164026215467602,-0.0636712157532917,-0.2373971791427802,10,0.0621907986001276,0.0588235294117647,0.0287500238325043,0.0066225165562913,10,0.015754941346808,3.9301279,-0.6994175,-4.8319626,1000,0.84882635,0.1455336359535963,0.1456448171649274,9.625146072654166,0.0001667718169966,0.9533333333333333,1693.315270651318,1000,111.37028301886792,14,2120,136.832996833956,9588.929421424866,1068.3716697552998,133.7571678161621,2120,1310.9618383906502,234801.0,207.55749368667605,200000.0,307.0,4845.866211175919,61400000.0,963.5884325232572,307000.0
2.5279613e-08,2.884931e-10,460.31064,-0.00089961576,1.6653998e-10,0.009185208,9.7810135,30.45515,30.452354,0.5425005,4.351235,0.43997657,6.3022494,1.0,-0.8406493,-1.0,310,0.47657457,0.0217644687945721,0.0153068819175657,0.0093585156689435,10,0.0041955074296394,41,31.0,22,10,5.253570214625479,401.7208471298218,303.6116632461548,216.5959348678589,10,51.01932090169734,-1.2056466976657512,-1.570579998548712,-2.1858110228438634,10,0.323289046679584,410.0,309.76808810275423,219.6615080514503,10,52.6809657956993,-0.0054757802241261,-0.162577711065854,-0.3857891635555812,10,0.1214276599145946,-1.7547666666666666,-4.3956905,-6.053945000000001,10,1.625623454578453,0.0,0.0,0.0,10,0.0,-0.0118696500160731,-0.02757677789453,-0.0450847999134421,10,0.0103143757727353,0.0454545454545454,0.0332211118749175,0.024390243902439,10,0.0058008439900489,4.309902,-0.8318789,-4.644194,1000,0.7774468,0.1433933976354723,0.1432266258184756,8.891751728172421,0.0001667718169966,0.0799366174699885,382.415996757828,342,29.073984663447884,12,7042,14.526838386649562,3287.859909057617,281.5790781155461,117.79499340057372,7042,139.98536589774372,241843.0,208.69825148582456,200000.0,308.0,5054.564462661743,61600000.0,958.3213974055964,308000.0
2.5259409e-08,2.795965e-10,467.66022,-0.0016205854,1.750728e-10,0.010038469,9.939382,30.857208,30.857328,1.1320074,32.56414,1.4060072,35.060314,1.0,-0.73467857,-1.0,1065,0.6003658,0.0328252333007791,0.0259248642100146,0.0149621401005512,10,0.0046786895176988,201,106.5,33,10,48.31407662369219,1940.361665725708,1028.7120173454284,322.915735244751,10,464.8868053873515,-1.864859630802274,-7.005124004048318,-12.912347719978357,10,3.321824283866871,2003.2420020368693,1062.287630399063,329.69673317302147,10,481.38088023496607,-0.1490476586946938,-0.7983289129828961,-1.6014539148041786,10,0.4095067525769855,-4.73787,-25.61959333333333,-48.08060666666667,10,13.05108814278243,0.0,0.0,0.0,10,0.0,-0.0292206505578506,-0.1525656227839251,-0.2915421091649048,10,0.079521787368958,0.0303030303030303,0.0120300859331409,0.0049751243781094,10,0.0069956480255131,4.329007,-0.8223115,-4.9322267,1000,0.7900001,0.1380566994915787,0.137889927674582,7.5322329191982575,0.0001667718169966,6.33323131975285e-05,283.07172131200593,151,31.0640721404841,14,6321,11.300857908186414,1453.353582382202,300.7639860540718,133.31532192230225,6321,108.8272848619481,248164.0,207.76481533050537,200000.0,309.0,5262.3292779922485,61800000.0,962.6268994672972,309000.0
2.5283773e-08,2.9953143e-10,479.05356,-0.0022987735,1.5557651e-10,0.010921738,10.05991,31.18655,31.184984,2.3468566,68.59024,6.967239,70.181526,1.0,-0.70536786,-1.0,8991,0.60745203,0.0298085809635667,0.0280718909199887,0.0227430144436568,10,0.0018632446840598,1000,899.1,46,10,284.8390598215069,9620.341924667358,8629.338847827912,447.85954761505127,10,2731.297852794284,-3.090715357125551,-61.43220203889096,-72.22880359298111,10,19.62413554619405,9969.976036758431,8938.192606291963,460.0,10,2830.4353037923875,-0.1396570907120311,-9.285222832174702,-10.981614368679857,10,3.0979245237171997,-8.861571666666666,-236.61273733333329,-270.67275833333326,10,76.17068783545928,0.0,0.0,0.0,10,0.0,-0.0485085055010186,-1.5235948967817756,-1.7532198002231152,10,0.4945941213885543,0.0217391304347826,0.0022797331492983,0.0,10,0.0064941338854382,4.3541336,-0.7135049,-5.542966,1000,0.85689133,0.1345544913346485,0.1344194061628812,6.836736290837143,0.0001651040988266,0.0200001434394385,576.4787553202259,402,72.01547721410147,15,2326,48.16759864527254,3835.792459487915,689.7545453536742,139.5123119354248,2326,460.0803048315597,250490.0,214.0376844406128,200000.0,310.0,5476.366962432861,62000000.0,934.4148929787748,310000.0
2.5243098e-08,3.2600853e-10,494.90454,-0.002512702,1.2836723e-10,0.011420985,10.108312,31.36552,31.36117,3.4479756,104.58115,17.481476,104.54673,1.0,-0.6963365,-1.0,9853,0.61073494,0.0304561123081221,0.0291880291872236,0.0281620296290348,10,0.0007851847405464,1000,985.3,853,10,44.1,9547.677523612976,9354.857248687744,8019.192200660706,10,446.22105166285166,-69.16419735086575,-73.60007570864826,-80.13031950438125,10,3.427097046174478,9894.75715008198,9703.99480722594,8330.031267300186,10,458.7236152598693,-9.307777955079423,-10.392050397613795,-11.254582635295836,10,0.5696692448313387,-231.01503166666663,-263.4957626666667,-273.6558616666666,10,11.370414094805575,0.0,0.0,0.0,10,0.0,-1.3520703602407134,-1.6496757183772826,-1.7200466759339317,10,0.1021797726001114,0.0011723329425556,0.0001172332942555,0.0,10,0.0003516998827667,4.2163954,-0.6646721,-5.195897,1000,0.8792532,0.1340846951261689,0.1342067220646653,6.782983682516971,0.0001220269384964,0.4794666947337684,1967.706993812088,1000,262.9831387808041,16,771,185.7702400177972,9515.708786964417,2492.3861738240826,149.84557723999023,771,1762.911188289451,251261.0,217.3135516643524,200000.0,311.0,5693.680514097214,62200000.0,920.3291670871324,311000.0
2.522998e-08,3.3778952e-10,516.0188,-0.0038430672,1.16350145e-10,0.013131405,10.215664,31.685644,31.6796,4.148422,130.07529,25.479242,128.46588,1.0,-0.6788437,-1.0,10000,0.6283078,0.0324893302118143,0.0311123549557538,0.0295304396680294,10,0.0009737783523526,1000,1000.0,1000,10,0.0,9540.818850517271,9480.61915011406,9418.483468055723,10,36.43205357689813,-70.58081243243917,-73.88912017078412,-76.50704457758037,10,1.910056642912206,9895.101512530817,9847.218640838866,9797.838239991685,10,29.56261631675681,-9.556716495117408,-10.03322746419896,-10.571030538211344,10,0.3296199231374352,-271.7256183333333,-280.9469171666666,-290.5016216666666,10,6.172995038481091,0.0,0.0,0.0,10,0.0,-1.6714760792007048,-1.7302253685955602,-1.7899162492086855,10,0.0458318850721716,0.0,0.0,0.0,10,0.0,5.5052667,-0.6322058,-5.8257184,1000,0.9117857,0.1346484505763443,0.1347578695654758,7.103784677519578,0.0001094189891315,0.8150282076422313,1589.7345059742415,1000,151.68162083936323,16,1382,110.54073092449129,9461.965871810911,1415.7825310170738,157.13950729370117,1382,1034.2004090333553,252643.0,212.82924509048465,200000.0,312.0,5906.509759187698,62400000.0,939.7204783344964,312000.0
2.522998e-08,3.3972974e-10,541.1419,-0.0039007263,1.14409926e-10,0.013641281,10.218883,31.676888,31.670263,3.9334474,145.01259,23.763323,142.94234,1.0,-0.6911167,-1.0,9059,0.60738814,0.0449488394913683,0.0305535714863672,0.0276673590717109,10,0.0048441242678482,1000,905.9,59,10,282.3,9622.0460395813,8696.9946972847,536.6946573257446,10,2720.1312505641977,-5.760634385224432,-61.723208110229656,-72.89990828813495,10,18.75778422283436,9962.113867357322,9011.40932388773,563.892626187912,10,2815.847806184137,-0.279846183324521,-6.949699972901305,-9.457250620008,10,2.376066884974087,-21.0572,-244.15823399999996,-281.4645733333333,10,74.55815243836477,0.0,0.0,0.0,10,0.0,-0.1002864265174721,-1.583485587171321,-1.8448412819951256,10,0.4964414220533609,0.0169491525423728,0.0016949152542372,0.0,10,0.0050847457627118,4.589822,-0.6496266,-4.809486,1000,0.88153917,0.1351955455220018,0.1353049645111333,7.859764265479544,0.0001094189891315,0.9441081619350687,1958.457863739243,870,266.1334488734836,20,577,175.93850708297794,8236.236946105957,2507.630951182681,192.329439163208,577,1658.1694394561914,253220.0,212.9809603691101,200000.0,313.0,6119.4907195568085,62600000.0,939.0510759900168,313000.0
2.522998e-08,3.361279e-10,561.1483,-0.0040286393,1.1801175e-10,0.014129308,10.080871,31.261526,31.254377,2.7972507,147.76146,14.504893,146.38658,1.0,-0.6933694,-1.0,10000,0.59828144,0.0287988087555131,0.0282428166088444,0.0276959208288171,10,0.0003728877665216,1000,1000.0,1000,10,0.0,9625.04919719696,9614.959447288513,9600.97711467743,10,7.551805950707786,-64.26117936772788,-68.31693173386296,-71.04739437509994,10,2.013920833785051,9971.784062891786,9959.75459392286,9947.850882226634,10,5.924001687094004,-7.164146657591759,-8.072019819483078,-9.132953735753873,10,0.5859727699899158,-259.9686816666666,-266.63679499999995,-271.4624033333333,10,3.1678277307067257,0.0,0.0,0.0,10,0.0,-1.7037749485699814,-1.7694023382028523,-1.8175787443707196,10,0.0357697101344612,0.0,0.0,0.0,10,0.0,4.588006,-0.6545369,-5.0012746,1000,0.8693482,0.1354690929948306,0.1355785119839621,8.768054966136095,0.0001094189891315,0.968334066827475,3271.3705971237864,1000,606.6502463054187,25,406,373.7024656658917,9528.902713775637,5759.192733189156,238.63776683807373,406,3549.6203469439274,253626.0,212.05927991867063,200000.0,314.0,6331.549999475479,62800000.0,943.1325055744052,314000.0
2.522998e-08,3.375585e-10,577.32135,-0.0030281132,1.1658112e-10,0.013419896,9.980199,30.97287,30.965588,1.7757233,128.79857,6.554643,128.08362,0.99999994,-0.6913353,-1.0,10000,0.5967204,0.0292249244765116,0.0280761468597862,0.0276057776940724,10,0.0004295349307967,1000,1000.0,1000,10,0.0,9634.161555290222,9621.7857336998,9592.864957809448,10,11.601028098477144,-65.33690082174381,-68.6017795930056,-71.8292995341222,10,1.992676857085093,9971.996001436422,9965.708234370542,9950.469290919807,10,5.640402781671413,-7.1808163027000464,-8.049108002892666,-9.47253721896308,10,0.7482081118752548,-258.56486833333327,-265.5049705,-277.86730166666666,10,5.22502954059274,0.0,0.0,0.0,10,0.0,-1.676459923927671,-1.766644559637632,-1.8966433575209365,10,0.0639126253288754,0.0,0.0,0.0,10,0.0,4.2365093,-0.65311,-4.436865,1000,0.86514467,0.1356332214785278,0.1357426404676593,9.278350741510804,0.0001094189891315,0.9774820030773156,4387.954865805084,1000,514.3333333333334,26,369,145.63015114120157,9503.04060459137,4889.492113623192,248.42858505249023,369,1380.8555890323346,253995.0,210.15942120552063,200000.0,315.0,6541.709420681,63000000.0,951.6585021635292,315000.0
2.522998e-08,3.3640848e-10,588.77747,-0.0031611717,1.1773116e-10,0.013759167,9.953398,30.894648,30.887617,1.2675616,102.273895,3.545968,102.03639,0.99999976,-0.68105775,-1.0,10000,0.6055026,0.0296972077489335,0.0290869606034713,0.028437368574363,10,0.0003594897514504,1000,1000.0,1000,10,0.0,9645.550302505491,9638.19657278061,9629.521889686584,10,5.127228936919194,-57.76944234105147,-61.77311410423663,-64.13412248162203,10,2.1240161689956176,9987.941869829678,9982.722047971129,9973.520315361073,10,4.506605267978849,-8.398780705002752,-9.008417780785672,-9.5633428721784,10,0.4313069789613322,-263.478215,-271.9976071666666,-275.7615816666666,10,3.373638747493402,0.0,0.0,0.0,10,0.0,-1.6738966107383233,-1.7463377447257986,-1.8152364425617509,10,0.0400329898197045,0.0,0.0,0.0,10,0.0,4.7491236,-0.6354091,-5.530226,1000,0.8769879,0.1359067689513566,0.1360161879404881,9.416066532485784,0.0001094189891315,0.9867053746168472,3677.181934799139,964,326.11958146487297,20,669,214.03375686664396,9174.973949432371,3096.6025554919997,191.53593254089355,669,2039.267980929818,254664.0,215.2374677658081,200000.0,316.0,6756.946888446808,63200000.0,929.2062486890644,316000.0
2.522998e-08,3.3771536e-10,598.81555,-0.0018789789,1.1642433e-10,0.01265766,9.841465,30.613012,30.606255,0.9378862,81.17514,2.1292865,81.44545,0.99999994,-0.6684695,-1.0,10000,0.6082376,0.0302836459041864,0.0297276057327224,0.0289483380331366,10,0.0004204943018146,1000,1000.0,1000,10,0.0,9649.602373123167,9641.352959442138,9635.430992126465,10,4.877580911516809,-56.397893775673424,-58.28792343057362,-62.81415577775978,10,1.8101057119124164,9993.99549929341,9991.272132654596,9987.409187749168,10,1.8625527327633609,-8.188822205477827,-9.058456550075368,-9.827014715356947,10,0.5381950333894575,-274.3577683333333,-280.7012498333333,-286.114705,10,3.693783833333335,0.0,0.0,0.0,10,0.0,-1.8284033885329567,-1.871542138838541,-1.9164368435509316,10,0.0320899620539395,0.0,0.0,0.0,10,0.0,4.28883,-0.6304787,-4.7424383,1000,0.86988485,0.1361803164241853,0.1362897354133168,9.355501347843502,0.0001094189891315,0.9926213027683748,4357.947180101388,1000,503.2628726287263,41,369,281.2890551087925,9542.290742874146,4794.658184318038,388.1556062698364,369,2681.4418558377224,255033.0,210.60622024536133,200000.0,317.0,6967.553108692169,63400000.0,949.639567943412,317000.0
2.522998e-08,3.3540198e-10,598.1605,-0.00075680035,1.1873767e-10,0.011523689,9.727969,30.293169,30.286594,0.69005483,68.87485,1.3192382,69.536446,1.0,-0.656827,-1.0,10000,0.61297154,0.0332633152856578,0.030593507738618,0.0299512356645864,10,0.0009510624075289,1000,1000.0,1000,10,0.0,9638.179460525513,9627.844581890104,9601.263768196106,10,10.33882299241651,-57.37854633355949,-61.09519860390901,-65.52333843267732,10,2.000516158993331,9995.131240715264,9990.991671907908,9987.45400879788,10,2.5783915766451546,-9.259196847827226,-9.960743352617186,-10.524815695826868,10,0.3879848079561103,-284.2722,-290.1418944999999,-308.224765,10,6.926934470943325,0.0,0.0,0.0,10,0.0,-1.8724234256272791,-1.949253461060263,-2.0360614831447963,10,0.0410537008170732,0.0,0.0,0.0,10,0.0,4.0545597,-0.6256408,-4.0874877,1000,0.8628426,0.1362897354133168,0.1363991544024483,9.24750438970952,0.0001094189891315,0.9940970422147,5397.344308145136,1000,953.9558823529412,30,204,171.4041291935921,9567.700823783876,9105.1540509065,286.27466201782227,204,1637.831323408794,255237.0,208.36169576644895,200000.0,318.0,7175.914804458618,63600000.0,959.8693236984328,318000.0
2.522998e-08,3.3711653e-10,596.33936,-0.00051515724,1.1702313e-10,0.011249265,9.666095,30.084398,30.078094,0.58052254,59.825397,0.95092994,60.604282,0.99999994,-0.64432824,-1.0,10000,0.62968725,0.0335489593748207,0.0325167342129338,0.0316625050039438,10,0.0006516808080416,1000,1000.0,1000,10,0.0,9605.433883666992,9596.20746307373,9582.530074119568,10,6.840201878098661,-69.65031212004119,-73.51644131927635,-78.78957941654693,10,2.567256078368381,9993.82727619584,9989.76379388673,9986.747122886933,10,2.4415128788893665,-10.745039885033632,-11.882684096312952,-12.593981533501742,10,0.6042510814331592,-301.2934366666666,-306.066402,-315.85799999999995,10,4.640885116916494,0.0,0.0,0.0,10,0.0,-1.965297913454548,-2.0908012753925598,-2.1738257783892925,10,0.0544650548376551,0.0,0.0,0.0,10,0.0,4.506597,-0.61748165,-4.006695,1000,0.8666292,0.1363991544024483,0.1365085733915798,9.29028924651621,0.0001094189891315,0.99527763377176,6226.473397070003,1000,954.9073170731708,33,205,174.0873797841733,9569.70042514801,9105.15487806041,314.8854255676269,205,1660.9282713442983,255442.0,207.9443941116333,200000.0,319.0,7383.8591985702515,63800000.0,961.7955841244346,319000.0
2.522998e-08,3.4056216e-10,595.4368,-0.00070882274,1.1357751e-10,0.011426685,9.637521,29.955698,29.949333,0.55595404,49.50157,0.904216,50.185547,1.0,-0.646772,-1.0,9492,0.6336591,0.0340445271799544,0.0328868315374822,0.0318321262239915,10,0.0006548455243956,1000,949.2,492,10,152.4,9590.002067565918,9091.31260766983,4713.083295822144,10,1459.423836291307,-42.97347104376207,-80.26114251996509,-89.04763841117719,10,12.83534988819222,9994.438041936492,9480.80902146431,4914.249274695907,10,1522.190733728209,-5.728673980503547,-12.047119601537876,-14.230193691058776,10,2.2683299661702847,-151.43636333333333,-295.1166579999999,-316.12121499999995,10,48.04215293351199,0.0,0.0,0.0,10,0.0,-1.0274651115354436,-2.0714910013888974,-2.2633975711170127,10,0.3508422984302445,0.0020325203252032,0.0002032520325203,0.0,10,0.0006097560975609,4.5758486,-0.5935383,-5.016945,1000,0.894452,0.1365632828861456,0.136672701875277,9.521754872795327,0.0001094189891315,0.9965998963156673,5383.7291302112335,1000,289.39065420560746,25,535,170.18343788241722,9540.973892211914,2744.421797271978,231.37338733673096,535,1617.5460236620677,255977.0,207.35754370689392,200000.0,320.0,7591.216742277145,64000000.0,964.51759808028,320000.0
2.522998e-08,3.4028896e-10,596.5659,-0.0006753742,1.1385068e-10,0.011413561,9.608832,29.834042,29.827806,0.57772577,34.600075,0.8419499,35.24227,1.0,-0.6652444,-1.0,10000,0.6192814,0.0318725481866131,0.0308299451504673,0.0303374102157395,10,0.0005147962156415,1000,1000.0,1000,10,0.0,9600.95781993866,9593.545430660248,9573.625272750854,10,8.08284440586046,-83.734662196834,-85.31815710213178,-86.49601130833952,10,0.920689178216012,9992.45579747855,9989.117448473577,9974.460789829163,10,5.016636752181725,-11.733792011878004,-12.375115385312748,-13.369948325080616,10,0.4868031144527995,-289.97519166666666,-295.7571478333333,-305.6803533333333,10,4.343969097841029,0.0,0.0,0.0,10,0.0,-2.0736092575076968,-2.121597038821287,-2.1975133472391217,10,0.0380722725700658,0.0,0.0,0.0,10,0.0,4.7604275,-0.6019878,-5.207579,1000,0.89210486,0.1367274113698428,0.1368368303589743,9.752455406848288,0.0001094189891315,0.9975821484911412,5624.3654993712535,1000,469.2821782178218,23,404,304.3220831231994,9517.238224983215,4451.172799530596,219.4421262741089,404,2887.717056053195,256381.0,216.91869974136355,200000.0,321.0,7808.135442018509,64200000.0,922.0044202665052,321000.0
2.522998e-08,3.3082556e-10,595.7212,-0.0005699278,1.2331412e-10,0.011292907,9.56952,29.703125,29.697353,0.56985736,19.454147,0.7238859,20.169968,0.99999994,-0.6290674,-1.0,10000,0.62124956,0.0338994845516717,0.0313444679148015,0.0296768125280941,10,0.0013318861979055,1000,1000.0,1000,10,0.0,9628.709270477297,9600.50025873184,9564.029906272888,10,20.73339057893931,-67.07060502994938,-72.59830307258633,-81.74376821943451,10,5.262886003823525,9983.197266510631,9973.823338227126,9966.183002233189,10,5.618661565007186,-5.126509644973178,-6.864348155812179,-8.176888596688551,10,0.9981173490437218,-276.112535,-292.0194948333333,-314.6296633333333,10,11.992777517205806,0.0,0.0,0.0,10,0.0,-1.77316030343888,-1.840934870678841,-1.9368054263189405,10,0.0556244515728483,0.0,0.0,0.0,10,0.0,4.1484127,-0.6090499,-5.8224587,1000,0.88662404,0.1369462493481058,0.1370556683372373,9.872108603923213,0.0001094189891315,0.998426784618236,5739.235060295017,1000,471.17755443886097,15,597,363.9581564736542,9544.861508369446,4479.007872954186,144.24675941467285,597,3465.4480007139405,256978.0,209.83595538139343,200000.0,322.0,8017.971397399902,64400000.0,953.125500520081,322000.0
2.522998e-08,3.320926e-10,598.31976,-0.0016337794,1.2204705e-10,0.012403536,9.596707,29.74414,29.737698,0.56018144,4.292845,0.7136167,4.919726,1.0,-0.6305585,-1.0,10000,0.61708486,0.0318803755810222,0.0307876329830178,0.0296778876624739,10,0.0006750119684855,1000,1000.0,1000,10,0.0,9615.359823226929,9595.313402938842,9577.468564987184,10,10.043042699265778,-72.27988358642688,-76.55249960897054,-80.9586161911362,10,2.61527225629236,9976.912796573331,9969.65741521348,9955.945626773122,10,6.087544872222037,-5.8252227879542,-6.431922393033178,-7.560657824107761,10,0.4724977221243227,-279.0956383333333,-289.46630933333324,-300.24057666666664,10,6.049594667371858,0.0,0.0,0.0,10,0.0,-1.8410271102699487,-1.8932777892305,-1.957098406472077,10,0.0351536698159821,0.0,0.0,0.0,10,0.0,4.7772183,-0.57677543,-4.9362087,1000,0.89720416,0.1372745063155003,0.1373839253046318,10.13030334834201,0.0001094189891315,0.9991945137245368,4277.774478459957,1000,291.9394435351882,17,611,193.77971345743217,9511.31936264038,2763.163121464112,161.792573928833,611,1835.9586058588773,257589.0,210.4286801815033,200000.0,323.0,8228.400077581406,64600000.0,950.4407851034938,323000.0
2.522998e-08,3.273326e-10,606.41986,-0.0025028912,1.2680705e-10,0.013418449,9.655896,29.903141,29.89725,0.6149603,-14.989408,0.8796532,-14.478437,1.0,-0.63657826,-1.0,9479,0.61094415,0.0306588662552385,0.0300290262029654,0.0289146044864488,10,0.0005359588633333,1000,947.9,479,10,156.3,9632.30980014801,9122.329960250854,4615.149099349976,10,1502.404774785076,-29.46420150820841,-60.239543080973576,-69.95028964986344,10,10.575176277413709,9990.707119022769,9464.073631899511,4781.9154267576505,10,1560.7270604290063,-4.342561625449068,-8.592627238166193,-10.164225768468372,10,1.5205575907266309,-132.04619166666666,-271.0763546666666,-294.36210833333325,10,46.51992340338506,0.0,0.0,0.0,10,0.0,-0.9133656556834426,-1.835145638002842,-2.0272478002091385,10,0.3101616982793275,0.0020876826722338,0.0002087682672233,0.0,10,0.0006263048016701,5.14108,-0.59103096,-5.2822037,1000,0.8873688,0.1376574727774605,0.1377668917665921,10.45756231883276,0.0001094189891315,0.99962578956299,3224.7746819805,878,260.47925608011445,14,699,158.13720002962333,8329.918439865112,2468.2940913984426,131.5282440185547,699,1498.1869077734575,258288.0,211.8892192840576,200000.0,324.0,8440.289296865463,64800000.0,943.88945636673,324000.0
2.5242317e-08,2.845025e-10,616.181,-0.002003954,1.698592e-10,0.013095212,9.674761,30.03599,30.033735,1.0308939,-31.903177,1.563992,-31.26042,0.99999994,-0.6742865,-1.0,495,0.6136918,0.0377253736870544,0.0258880519032305,0.0045935915142763,10,0.0105646578072974,74,49.5,15,10,20.41200627082012,707.2945222854614,476.0373933792114,147.66742515563965,10,194.27420813170272,-0.6652299947991968,-3.015809034408269,-4.857747779189353,10,1.323055069324799,734.6888296134262,493.1889735130121,149.24810677426348,10,203.10813223534944,0.0,-0.3355857620569559,-0.6828579918720732,10,0.2145530786301809,-0.789645,-13.704727666666669,-22.19779833333333,10,7.478559436769639,0.0,0.0,0.0,10,0.0,-0.0067081666374579,-0.0954571487337176,-0.1588965943021467,10,0.0519836568639614,0.0666666666666666,0.0272852133683785,0.0135135135135135,10,0.0183988288122679,4.3001637,-0.6312422,-4.3340783,1000,0.872794,0.1383686962068153,0.1384781151959468,10.442531346845064,0.0001094189891315,0.9999001022593624,2188.632245503226,1000,127.27014698428788,15,1973,148.46526061526217,9520.626280784609,1212.5093111274089,141.4763011932373,1973,1412.0183041280916,260261.0,206.4791114330292,200000.0,325.0,8646.768408298492,65000000.0,968.6209835558564,325000.0
2.5490811e-08,1.9732613e-10,624.80695,-0.0024405736,2.6150854e-10,0.013687099,9.802777,30.4675,30.472057,2.0044882,-21.107416,2.8763318,-20.15436,1.0,-0.7958903,-1.0,278,0.5240743,0.026570104952146,0.016748520994057,0.0046098080017448,10,0.0074081947876791,53,27.8,15,10,11.779643458101775,512.3787412643433,269.4940050125122,148.9432954788208,10,111.11279793339187,-0.4212980767272412,-1.8444581247402516,-4.137197817079289,10,1.2495244959150011,529.5690571099547,276.7178137504785,149.99993115966038,10,116.2941640376807,0.0,-0.1446555556610169,-0.3664469339852602,10,0.137684559056233,-0.6141683333333333,-5.194109333333333,-12.897534999999998,10,3.985252427164306,0.0,0.0,0.0,10,0.0,-0.0051743624764632,-0.0405865566390809,-0.0889613290720735,10,0.0295054944947409,0.0666666666666666,0.0420153671887903,0.0188679245283018,10,0.0152764982652212,4.56686,-0.7193372,-5.3925323,1000,0.8546926,0.1374386347991976,0.1373292158100661,9.918280521345428,0.0001094189891315,0.1425758487394265,441.80750982066496,146,31.675300358870334,14,6409,13.570957972956874,1383.216947555542,302.31884270046186,126.73113346099854,6409,128.69207688648365,266670.0,213.54164505004883,200000.0,326.0,8860.310053348541,65200000.0,936.5854606633052,326000.0
2.5561107e-08,3.1032402e-10,637.1278,-0.0024111117,1.497759e-10,0.013879411,10.049113,31.155222,31.151796,0.6694892,2.372101,0.6884686,4.1687365,1.0,-0.8618355,-1.0,196,0.44746158,0.0214157347719055,0.0124673917233264,0.0057526076847958,10,0.0057094590575411,28,19.6,15,10,4.715930449020639,272.9238786697388,189.59377121925357,145.97101974487305,10,46.0282251106479,-0.4161030825123191,-1.068511355782385,-2.044100889596483,10,0.5529520225979817,279.965827803337,193.4481490871561,147.82259882408786,10,47.780033467599694,0.0,-0.070358498632026,-0.2266053276027285,10,0.0815880192766215,-0.8773833333333333,-2.6935668333333336,-5.79073,10,1.7004268479633855,0.0,0.0,0.0,10,0.0,-0.0080995551466476,-0.0219414210512798,-0.0512797418099362,10,0.0147487359633827,0.0666666666666666,0.0537786935286935,0.0357142857142857,10,0.0116006215690573,4.59938,-0.7927733,-5.256145,1000,0.8187699,0.1335542606850294,0.1334448416958979,8.95019333788636,0.0001094189891315,0.0001799146303016,235.72237587516156,58,22.782112708190738,13,8766,6.4063644353603415,541.5330286026001,218.5373463149814,121.27359008789062,8766,59.79257707293045,275436.0,931.3353340625764,200000.0,327.0,9791.645387411118,65400000.0,214.74542271211843,327000.0
2.5512877e-08,3.0624378e-10,649.36383,-0.0015867356,1.5298805e-10,0.013275283,10.260336,31.806719,31.80617,0.9647957,24.017313,1.1337037,26.337683,1.0,-0.8213386,-1.0,274,0.49946582,0.0238289104060142,0.0166670631792769,0.0048861966097319,10,0.0058585112602174,43,27.4,16,10,7.227724399837061,413.4909954071045,265.83826780319214,158.76235008239746,10,69.39415633497717,-0.4410641999112908,-1.863198095353101,-2.5759326481952334,10,0.7114230427499864,422.9084769991153,272.4907673041433,160.0,10,71.72568014371802,0.0,-0.1626350503138819,-0.2667111051442487,10,0.0919175783255069,-0.7896449999999999,-4.588714833333333,-6.755851666666667,10,1.948522015600892,0.0,0.0,0.0,10,0.0,-0.0069418304134851,-0.0379518250390535,-0.0647087110994907,10,0.0170188555320483,0.0625,0.0392998883988549,0.0232558139534883,10,0.0112309621581766,4.920576,-0.8211306,-4.8742504,1000,0.7972146,0.1289586631415064,0.1288492441523749,7.61679534257059,0.0001094189891315,1.2841149236277753e-08,225.6034340889176,59,24.24169404892297,14,8217,7.682927939471733,564.9859895706177,233.7618531633558,125.13715553283691,8217,72.91273107042113,283653.0,310.8410153388977,200000.0,328.0,10102.486402750015,65600000.0,643.415733866227,328000.0
2.570186e-08,2.6963218e-10,661.91656,-0.0024743075,1.9300134e-10,0.014388807,10.408231,32.314976,32.318367,2.0681272,47.915306,3.7460308,49.484417,1.0,-0.74022126,-1.0,603,0.5890523,0.0307681325938718,0.0244642471299833,0.0178886359955006,10,0.005009608669217,95,60.3,31,10,21.30281671516704,915.997109413147,582.1607270240784,301.0522699356079,10,204.8315922516197,-2.4767848947546915,-4.799323891085249,-7.551399625993557,10,1.701009013901028,950.0,601.259950213399,310.0,10,213.06017425539108,-0.1656295234152004,-0.4160276398740408,-0.8292306542475042,10,0.1870651950147248,-5.615253333333333,-13.801239833333332,-25.707331666666665,10,6.87882522083525,0.0,0.0,0.0,10,0.0,-0.0249184277252643,-0.0826315589396382,-0.1449257817256912,10,0.0380282043025201,0.032258064516129,0.0188770811574225,0.0105263157894736,10,0.0068138653694429,4.718971,-0.7465499,-4.884349,1000,0.8449105,0.1252931270056012,0.1251837080164696,6.549144740935493,0.0001094189891315,2.147017039635092e-12,344.57476214140064,116,37.10936623667976,14,5349,12.227275523696512,1097.194727897644,355.1174998392143,126.4991226196289,5349,116.68676593365583,289002.0,211.66681265830996,200000.0,329.0,10314.153215408323,65800000.0,944.88123805623,329000.0
2.5831103e-08,3.327516e-10,673.9087,-0.002147788,1.322083e-10,0.014278145,10.518174,32.702003,32.701958,3.3705254,70.40388,9.374006,70.13991,1.0,-0.6895319,-1.0,1262,0.63803136,0.036319674765809,0.0313115330320003,0.027395684533458,10,0.0029622765480579,246,126.2,59,10,59.26685414293558,2352.4610595703125,1207.411971092224,564.3274793624878,10,565.5416797635615,-7.609506976914498,-13.621164865089757,-24.711880272423944,10,6.135874829607011,2445.4229454637025,1257.4063568546396,590.0,10,588.9335590369177,-0.4638646214725346,-1.328146394712626,-2.7655430998065587,10,0.7437139610544978,-15.090993333333332,-34.84089216666667,-65.10184333333332,10,17.27025850625909,0.0,0.0,0.0,10,0.0,-0.0697350016877044,-0.2041820161307491,-0.3826219705112317,10,0.1034980926310725,0.0169491525423728,0.0098752650765358,0.0040650406504065,10,0.0044447772554424,5.001394,-0.68911,-4.8637843,1000,0.87629324,0.1231594567175367,0.1230500377284052,6.053791945022589,0.0001094189891315,1.230163228494128e-14,541.819971747994,265,63.20079129574678,14,3033,27.942930383628276,2509.0962829589844,601.5909321640648,131.28502941131592,3033,265.0269097425833,292035.0,215.84658122062683,200000.0,330.0,10529.999796628952,66000000.0,926.5840527516658,330000.0
2.5723692e-08,3.6052417e-10,687.794,-0.0026558507,1.0250237e-10,0.015036143,10.489505,32.57482,32.57177,4.7089562,97.95392,18.28076,95.75009,1.0,-0.6724996,-1.0,10000,0.6335417,0.0338309146060346,0.0319163322973734,0.030744034727264,10,0.0009213817327168,1000,1000.0,1000,10,0.0,9561.037376403809,9544.486086702347,9525.272005558014,10,9.178524736073683,-99.5921826545823,-104.65588780737951,-110.40930431877835,10,2.68305962245708,9974.604957676982,9956.621574389432,9943.452767854911,10,9.515434779697582,-11.761544844247148,-12.56363348444221,-13.546492616158694,10,0.4942614223072811,-284.00898499999994,-293.0372595,-302.960465,10,6.243178922513759,0.0,0.0,0.0,10,0.0,-1.7851295250010413,-1.878702511675184,-1.9880264578755504,10,0.0645389008248951,0.0,0.0,0.0,10,0.0,4.834861,-0.64260674,-4.648014,1000,0.8917376,0.1224164798975359,0.1224623286423618,6.208873991567274,8.961634047849131e-05,0.3276800000000012,1290.174280927062,753,174.64885496183206,21,1048,121.97735828342648,7105.501483440399,1655.9616609070138,204.50409126281735,1048,1154.312836800168,293083.0,223.8817884922028,200000.0,331.0,10753.881585121157,66200000.0,893.3285790995255,331000.0
2.5608877e-08,3.6303383e-10,699.62146,-0.0020991468,9.792596e-11,0.014692332,10.336968,32.034016,32.02955,5.07297,128.87662,26.433758,126.10021,1.0,-0.67558455,-1.0,10000,0.6229057,0.0315627476911467,0.0307177022982898,0.0302242050004861,10,0.0004591569949642,1000,1000.0,1000,10,0.0,9566.540981292725,9527.667821216584,9500.662222862244,10,19.22035309862362,-89.28096309077003,-96.91295247836491,-101.50956338363176,10,3.550808911808892,9957.027984505228,9924.173119972043,9893.297254689436,10,18.07978828603914,-10.922459972784878,-11.52464712155142,-12.25185961842313,10,0.4686941257786339,-281.9032649999999,-286.1936695,-290.58935999999994,10,2.747891203606883,0.0,0.0,0.0,10,0.0,-1.816192635845506,-1.8740318151529576,-1.9167589347373388,10,0.0325564813342633,0.0,0.0,0.0,10,0.0,4.9643793,-0.6255426,-4.715797,1000,0.8929043,0.1226945573165147,0.1227663471152839,6.874991541110213,7.17897987691853e-05,0.7334869333333337,1779.131788331996,1000,303.22528363047,22,617,279.1418131353286,9429.452256202698,2853.871130779748,207.58640098571777,617,2632.3365540947443,293700.0,216.9085898399353,200000.0,332.0,10970.79017496109,66400000.0,922.047394008634,332000.0
2.5513604e-08,3.5723102e-10,714.5464,-0.003527839,1.0201385e-10,0.016389674,10.199368,31.557688,31.552052,4.620524,153.92735,28.474743,151.48158,1.0,-0.6750071,-1.0,10000,0.61895996,0.0310622430389485,0.030337611258951,0.0297906078296218,10,0.000502213052151,1000,1000.0,1000,10,0.0,9566.980095863342,9539.733482074738,9512.029415130615,10,15.280122225400389,-81.76889332489479,-87.20273846920341,-92.1561673685212,10,3.359505783537035,9942.74508026512,9923.93383063014,9894.82988090076,10,14.717421016581818,-9.040157090149036,-9.845632581027306,-10.631148783993396,10,0.4989325652594558,-277.77956333333333,-285.2460955,-291.02805166666667,10,3.8725219568785794,0.0,0.0,0.0,10,0.0,-1.820298433644304,-1.9058822069082544,-1.9734822046296148,10,0.045514248216577,0.0,0.0,0.0,10,0.0,5.2445893,-0.60465115,-4.9854927,1000,0.9135443,0.1229817165115914,0.1230535063103606,7.825834078447488,7.17897987691853e-05,0.8872034213888002,2491.3071288611536,1000,184.3500837520938,18,1194,170.43434921140533,9448.95872592926,1721.092133841922,173.20758628845215,1194,1598.696544892598,294894.0,214.1769819259644,200000.0,333.0,11184.967156887054,66600000.0,933.8071635967632,333000.0
2.5433831e-08,3.5764186e-10,728.1575,-0.0031391494,1.0016713e-10,0.016245984,10.090799,31.207922,31.201723,3.6441693,157.11967,21.305056,155.39836,1.0,-0.6783196,-1.0,10000,0.6139924,0.0303485866925184,0.0298148470056257,0.0292849344764108,10,0.0003430185763896,1000,1000.0,1000,10,0.0,9593.865914344788,9580.187038230895,9563.725988388062,10,8.515776359754414,-84.65683082358746,-87.72281923705405,-91.51948160945447,10,2.320304502664466,9975.489597771711,9958.226502607931,9940.72714247911,10,9.350467141079273,-8.99017413476654,-9.467444151793972,-10.02662056222618,10,0.3508386378470071,-276.2002733333333,-278.9991261666666,-282.6051716666666,10,2.1603771885651875,0.0,0.0,0.0,10,0.0,-1.812553735891573,-1.8500740483047544,-1.890357009699243,10,0.0254569121351349,0.0,0.0,0.0,10,0.0,5.0931096,-0.62434506,-5.084752,1000,0.88795674,0.1232329808072835,0.1233047706060527,8.604074350217262,7.17897987691853e-05,0.95052197675008,2669.903941091949,1000,408.8988764044944,29,445,236.61723915198164,9406.160725593569,3841.258290783743,203.6386756896973,445,2218.3752080715085,295339.0,217.9210934638977,200000.0,334.0,11402.888250350952,66800000.0,917.7633831629674,334000.0
2.536672e-08,3.5339676e-10,738.58636,-0.0029641564,1.03204285e-10,0.016258711,9.982904,30.904839,30.898407,2.521537,144.48854,11.593633,143.5567,1.0,-0.6668506,-1.0,10000,0.6251674,0.0318173567208868,0.0312747581065472,0.0307093761932774,10,0.0003491619390487,1000,1000.0,1000,10,0.0,9598.487600326538,9591.90827589035,9584.06035232544,10,4.722521339954258,-85.03684994152269,-91.29902250513037,-95.88128620894176,10,2.7886199467875112,9986.58432689332,9978.57798661574,9971.950772238306,10,4.782180746995672,-8.288094871335058,-9.04475381112603,-9.890322988141234,10,0.4579627850413607,-279.797545,-284.56173649999994,-288.5713783333333,10,2.5900052837317804,0.0,0.0,0.0,10,0.0,-1.7208647043912897,-1.7641976447234995,-1.8074335851795515,10,0.0235355673859143,0.0,0.0,0.0,10,0.0,4.7742777,-0.62499493,-5.3055115,1000,0.88145417,0.1233406655054373,0.1234124553042065,8.979068311106783,7.17897987691853e-05,0.964815627911168,3798.693654121861,1000,622.5773480662983,79,362,330.44413580846737,9507.578180789948,5878.551557053848,750.9233436584473,362,3115.359037762282,295701.0,216.72361421585083,200000.0,335.0,11619.611864566805,67000000.0,922.8343700507202,335000.0
2.531135e-08,3.4707992e-10,747.6813,-0.00246299,1.0852439e-10,0.015921254,9.911444,30.765127,30.758911,1.6311895,123.87273,5.410396,123.592064,1.0,-0.6535615,-1.0,10000,0.6335243,0.0333709116907266,0.0322343415349882,0.0315746710888779,10,0.000502609098682,1000,1000.0,1000,10,0.0,9607.641839027405,9596.528248786926,9589.361534118652,10,5.898168643117527,-93.47786828115171,-97.91968701640606,-102.7128023189344,10,2.772076677904172,9995.184254280077,9992.322833112145,9989.02794768006,10,1.90194455462562,-7.817888117791487,-8.518771501525123,-9.37506330219826,10,0.5743453184093954,-282.7806483333333,-287.6588996666666,-292.2563883333333,10,2.999624645133466,0.0,0.0,0.0,10,0.0,-1.6484271401227928,-1.6972280827725146,-1.7495844716757474,10,0.0281469626838682,0.0,0.0,0.0,10,0.0,4.253976,-0.62916625,-4.4131737,1000,0.8692317,0.1234124553042065,0.1234842451029757,9.073205124589444,7.17897987691853e-05,0.9718525023289344,3609.1230415836217,1000,912.3,108,200,238.8748626373232,9524.227646827698,8655.096289730667,992.4848709106444,200,2285.0271593055327,295901.0,213.38641953468323,200000.0,336.0,11832.998284101486,67200000.0,937.2667690667754,336000.0
2.5266036e-08,3.4436207e-10,752.7528,-0.0024849456,1.1042662e-10,0.016034495,9.858918,30.65025,30.644197,1.158385,106.33395,2.8326168,106.52376,1.0,-0.6492244,-1.0,10000,0.6374936,0.0333787170994764,0.0326976997395759,0.0319879242378956,10,0.0003602254164569,1000,1000.0,1000,10,0.0,9605.702744483948,9597.965750217438,9589.840145111084,10,4.676968207207282,-95.4488298465818,-98.64075952285734,-102.41525618666287,10,2.205532738434442,9998.356262372654,9995.837269223535,9993.739110199338,10,1.4317183358923349,-8.051734604255476,-8.469961994751959,-9.077423818987302,10,0.2874384983930909,-283.5702933333333,-289.1329036666666,-294.7130616666666,10,3.4498462749857537,0.0,0.0,0.0,10,0.0,-1.5457990383633935,-1.627889125369478,-1.700835844452428,10,0.0432879240364867,0.0,0.0,0.0,10,0.0,4.608113,-0.61391807,-4.6557274,1000,0.8805448,0.1235560349017449,0.123627824700514,9.020139973332991,7.17897987691853e-05,0.98168536151536,4347.791910578886,1000,396.83109919571046,130,373,233.82122567122724,9528.067343711851,3764.849942612584,1223.8726892471311,373,2220.695638221825,296274.0,207.1773850917816,200000.0,337.0,12040.175669193268,67400000.0,965.356329366731,337000.0
2.5232598e-08,3.4576744e-10,756.4103,-0.0007149275,1.0841935e-10,0.014330312,9.771678,30.42094,30.414942,0.8707756,94.10361,1.7482234,94.69101,1.0,-0.6477763,-1.0,10000,0.6425935,0.0355024341228854,0.0334727812661702,0.0320815213319583,10,0.0010550158858737,1000,1000.0,1000,10,0.0,9603.070795059204,9589.375463581086,9574.932530403135,10,9.575662044267585,-93.08655024877528,-99.52973423359826,-104.41776522465018,10,3.383050996963936,9999.02238612785,9996.824226864295,9994.92419885326,10,1.5011562747170026,-9.484979647403987,-10.365231053392808,-11.619121426138928,10,0.6332300316818211,-286.2901816666666,-295.8712076666666,-306.99642833333326,10,6.57122044858458,0.0,0.0,0.0,10,0.0,-1.6264369578574158,-1.682590227429975,-1.7665009905615807,10,0.0460238836791811,0.0,0.0,0.0,10,0.0,4.702482,-0.6124407,-4.676344,1000,0.88173515,0.1237355093986678,0.123807299197437,8.920769704081588,7.17897987691853e-05,0.9896237064585384,4776.245680298303,1000,641.8845208845208,29,407,182.1287417088961,9520.49756526947,6102.441626090383,275.5519332885742,407,1730.7865517057546,296681.0,208.79606819152832,200000.0,338.0,12248.971737384796,67600000.0,957.8724433476416,338000.0
2.522998e-08,3.4593617e-10,750.00995,0.0006896656,1.0820347e-10,0.012810512,9.676652,30.137005,30.131088,0.6725752,88.4485,1.1659194,89.32299,1.0,-0.64748883,-1.0,10000,0.6540385,0.0365741693320887,0.0345929571065018,0.033548218485128,10,0.0008680687464119,1000,1000.0,1000,10,0.0,9583.051901817322,9575.712513446808,9562.180772781372,10,5.986650483911754,-94.32835283695164,-102.8391438476438,-107.05148014109386,10,3.4840536097231527,9999.352574371227,9995.95916507537,9991.467481154808,10,2.205696068007997,-12.076786133695231,-13.134953395904311,-13.984243950376896,10,0.5999700981203882,-296.8187816666666,-302.54809483333327,-314.4541866666666,10,5.0135452528706015,0.0,0.0,0.0,10,0.0,-1.6643264251526824,-1.7244577431262396,-1.779471769271168,10,0.0425457337018101,0.0,0.0,0.0,10,0.0,4.3467555,-0.61965793,-4.4119086,1000,0.87882227,0.1238431940968216,0.1239149838955907,8.838453719716545,7.17897987691853e-05,0.9926213023705162,5774.965987796002,1000,914.0576923076924,30,208,222.9037532435449,9552.233361244202,8701.12446757406,285.9758377075196,208,2123.339934411936,296889.0,209.22039699554443,200000.0,339.0,12458.19213438034,67800000.0,955.92974142124,339000.0
2.522998e-08,3.527049e-10,739.5723,0.0015415113,1.0143477e-10,0.01177079,9.634631,29.95579,29.950005,0.5970563,83.51452,1.1178875,84.42886,1.0,-0.6604388,-1.0,10000,0.64755857,0.0348162127891992,0.033731951457294,0.0326753583948448,10,0.0006524930451142,1000,1000.0,1000,10,0.0,9579.921332359314,9567.447692966462,9561.08880519867,10,5.81591977680608,-110.09859761180896,-115.7151314479424,-122.3354132653008,10,4.001360514019614,9997.367943319372,9995.429745035606,9990.274498648823,10,1.9925170824645724,-12.963816291918496,-14.56233997406693,-15.768462187440068,10,0.8045713119688978,-288.1326866666667,-296.00281516666666,-303.6623716666666,10,4.07394128745209,0.0,0.0,0.0,10,0.0,-1.652687492661283,-1.7017649744383545,-1.7706012634738015,10,0.034955973775614,0.0,0.0,0.0,10,0.0,4.5347004,-0.6048936,-5.298397,1000,0.8991591,0.1239508787949753,0.1240226685937445,8.91052764860146,7.17897987691853e-05,0.9946873377067716,4831.698737378893,1000,491.2811059907834,22,434,275.57295865457104,9549.788996696472,4665.07946781821,211.3414068222046,434,2619.8615178128266,297323.0,215.91031694412231,200000.0,340.0,12674.102451324465,68000000.0,926.3105294396844,340000.0
2.522998e-08,3.504271e-10,730.9666,0.0005929239,1.0371258e-10,0.012564474,9.6365,29.910824,29.90464,0.62020314,75.35063,1.347849,76.17113,1.0,-0.66759557,-1.0,10000,0.63320196,0.033789945635639,0.0320380027025676,0.0310028149548306,10,0.0007261591916804,1000,1000.0,1000,10,0.0,9602.206891059875,9595.600533199313,9585.138264656069,10,4.532134449893278,-93.1616783268936,-96.68065432884792,-101.44733894026186,10,2.327223516219805,9997.201274562038,9994.752505595188,9989.821144045254,10,2.1903004218650093,-12.256022121865424,-12.75293083716772,-13.229353900663115,10,0.3961503656761291,-279.3588533333333,-287.95721,-297.25747333333334,10,4.992920209334651,0.0,0.0,0.0,10,0.0,-1.7066273240571326,-1.7611764384105022,-1.8659172117454177,10,0.0446364009083984,0.0,0.0,0.0,10,0.0,5.4035716,-0.6192727,-4.385549,1000,0.88959235,0.1240944583925137,0.1241662481912829,9.072216026606062,7.17897987691853e-05,0.996599896132334,5206.366443879431,1000,242.5742574257426,31,404,185.1593157489166,9482.79502773285,2295.965884029275,284.5905599594116,404,1754.5755262613131,297727.0,214.9899137020111,200000.0,341.0,12889.092365026474,68200000.0,930.2762001998474,341000.0
2.522998e-08,3.5127148e-10,723.2381,0.0012595636,1.0286815e-10,0.011758721,9.614392,29.855898,29.849829,0.62741566,66.035866,1.2540463,66.87977,1.0,-0.6608346,-1.0,10000,0.62004244,0.0317326573909231,0.0308193948404019,0.0299263584871514,10,0.0004616239621095,1000,1000.0,1000,10,0.0,9624.864565849304,9613.998810863495,9594.449136734009,10,9.536506448338216,-74.28880707713097,-78.48243447560414,-84.51334433548203,10,2.9256455562539045,9994.866832769423,9986.88132770392,9969.946662640075,10,7.156164150979021,-9.38507383737693,-10.562656851042023,-11.078399759806778,10,0.4963807176780681,-275.32289,-282.0787416666666,-286.90435,10,3.0075185427409354,0.0,0.0,0.0,10,0.0,-1.72033352226993,-1.7586839657925215,-1.817441978023524,10,0.0299868362256547,0.0,0.0,0.0,10,0.0,4.268138,-0.61669016,-4.9454536,1000,0.88028413,0.1242021430906675,0.1242739328894366,9.148631258140044,7.17897987691853e-05,0.9975821483607707,5005.307915777295,1000,689.5092936802974,33,269,295.6172499429176,9524.926365852356,6551.810049708448,304.3371777534485,269,2810.6473706678307,297996.0,208.8970210552216,200000.0,342.0,13097.989386081696,68400000.0,957.4095359987464,342000.0
2.522998e-08,3.4894923e-10,717.0424,-2.2017697e-05,1.05190426e-10,0.012928781,9.596598,29.829727,29.823298,0.6541684,58.005676,1.2438424,58.833572,1.0,-0.65124625,-1.0,10000,0.6187793,0.0322402848361962,0.0308844150783115,0.0299069485714862,10,0.0006204890500921,1000,1000.0,1000,10,0.0,9623.294651031494,9616.812928390504,9604.778032302856,10,5.78246700863754,-72.22396479610391,-75.60171503162431,-79.0531880715749,10,2.004171099920194,9990.087277548218,9984.487000241375,9976.181755259377,10,4.169903179239377,-8.73855861308076,-9.648076866110635,-10.50228742336108,10,0.5311919940256111,-274.6209833333333,-280.69247599999994,-288.83459333333326,10,4.022360040134744,0.0,0.0,0.0,10,0.0,-1.6841707514399626,-1.7318061833893907,-1.786003256520167,10,0.031943986115416,0.0,0.0,0.0,10,0.0,4.4588876,-0.5943268,-4.8159814,1000,0.8880701,0.1243457226882058,0.124417512486975,9.22849257194916,7.17897987691853e-05,0.9984267845334082,5048.26341255686,1000,554.882,16,500,317.8301056791191,9524.92388343811,5271.122451611459,149.69007778167725,500,3023.3589234030874,298496.0,208.23686289787287,200000.0,343.0,13306.226248979568,68600000.0,960.4447417078476,343000.0
2.522998e-08,3.498889e-10,712.9889,-0.00045656288,1.04250754e-10,0.013290362,9.584716,29.79686,29.790268,0.64345896,50.712032,1.0986214,51.602474,1.0,-0.6556036,-1.0,10000,0.6151363,0.0309637257411814,0.0305885540179646,0.0301422893603303,10,0.0002785837736636,1000,1000.0,1000,10,0.0,9620.929482460022,9609.191018676758,9598.598587036133,10,5.815097979446624,-73.82791922760163,-76.83548388106973,-79.56106804093216,10,1.6039688512134815,9984.347718588007,9977.204879738356,9966.08503942435,10,5.122125762737922,-9.894699076585852,-10.30181912157338,-10.99198003454765,10,0.366294088805082,-273.9190766666666,-279.1570551666667,-284.1844616666666,10,3.095323346365484,0.0,0.0,0.0,10,0.0,-1.6662468626821196,-1.7195071320939177,-1.7920895903931902,10,0.036466748101141,0.0,0.0,0.0,10,0.0,4.6926503,-0.6066663,-5.0541515,1000,0.8746617,0.1245251971851288,0.1245969869838979,9.249813042974608,7.17897987691853e-05,0.9991086831717144,5120.292563535429,1000,507.2493827160494,26,405,387.8484679672684,9555.521418571472,4822.522007846244,238.95551109313965,405,3694.547981334437,298901.0,208.68617510795596,200000.0,344.0,13514.912424087524,68800000.0,958.3768541281546,344000.0
2.5229982e-08,3.5216893e-10,711.97156,-0.0008051545,1.01970786e-10,0.013620644,9.60254,29.825096,29.818426,0.61746955,44.68339,1.001855,45.630272,1.0,-0.6608945,-1.0,10000,0.61829185,0.0321114480827673,0.0311396634350152,0.0300173039091023,10,0.0005544829323668,1000,1000.0,1000,10,0.0,9620.149333953856,9603.877790260314,9579.895133972168,10,13.189379223934752,-75.88745142477941,-79.68454748304599,-84.05826286267924,10,2.780615935281406,9989.239864984802,9977.58875197327,9956.136767016558,10,8.80298329467674,-10.178019986262749,-11.072695188083523,-11.88148538787194,10,0.6236235895675892,-270.76049666666665,-281.2890966666666,-291.64221999999995,10,5.056499527645522,0.0,0.0,0.0,10,0.0,-1.6170352976883495,-1.6646256620897493,-1.7605755180027858,10,0.0427210969826925,0.0,0.0,0.0,10,0.0,4.908235,-0.60704106,-5.5322804,1000,0.8801576,0.1247046716820517,0.1247764614808209,9.256796211909403,7.17897987691853e-05,0.9994844887559072,4319.900984949626,1000,412.98136645962734,31,483,265.3342547307764,9522.730045318604,3920.264831674765,292.9514808654785,483,2523.5739804030463,299384.0,207.60730075836184,200000.0,345.0,13722.519724845886,69000000.0,963.3572580030984,345000.0
2.522998e-08,3.549881e-10,710.4502,1.3125519e-05,9.915155e-11,0.012774979,9.60707,29.819344,29.81294,0.58100075,40.62422,0.9279856,41.63921,1.0,-0.6538261,-1.0,10000,0.63193727,0.0330567721958941,0.0324724916683597,0.0314000635283737,10,0.000470506382109,1000,1000.0,1000,10,0.0,9614.543412208555,9595.791698265077,9587.042464256288,10,7.888709843481335,-71.20604027738452,-76.06126368194373,-80.22717232728039,10,2.668485914819918,9990.927774701491,9977.37657771619,9968.65632690115,10,5.6618722005848,-10.882729851293757,-11.86126326253683,-12.862640779986126,10,0.6105793878004724,-284.0967233333333,-291.95807799999994,-297.95937999999995,10,4.243343649054281,0.0,0.0,0.0,10,0.0,-1.6387582410615358,-1.7042741656710505,-1.758216891791628,10,0.0363993422918875,0.0,0.0,0.0,10,0.0,5.178458,-0.6104678,-5.4156528,1000,0.88345414,0.1249559359777438,0.125027725776513,9.24632711282168,7.17897987691853e-05,0.9997605053074,3083.5198299686854,1000,276.100147275405,19,679,184.631963614636,9465.500227451324,2615.2283094898416,156.4470796585083,679,1751.3955239166414,300063.0,216.2271418571472,200000.0,346.0,13938.746866703032,69200000.0,924.9532611041594,346000.0
2.522998e-08,3.5428804e-10,708.72046,-0.00042456965,9.9851634e-11,0.013181539,9.620857,29.832447,29.825865,0.56402385,37.509354,0.8496241,38.54117,1.0,-0.658751,-1.0,10000,0.6372761,0.0339540649006812,0.032779128785037,0.0321215245820058,10,0.0005546062886719,1000,1000.0,1000,10,0.0,9610.107862472534,9598.645840740204,9588.552206993105,10,6.422105812605222,-75.59291603677163,-78.47796707986852,-80.68064982058546,10,1.746460857295652,9990.80759839026,9984.80895571423,9976.579827157624,10,3.8897115564325455,-11.61725197951499,-12.224999383531753,-13.217974802280084,10,0.4810222123214173,-286.7288733333333,-293.74794,-301.90760499999993,10,4.335552255405994,0.0,0.0,0.0,10,0.0,-1.6143271860516,-1.71220635706256,-1.7987840834859128,10,0.0463916427669246,0.0,0.0,0.0,10,0.0,4.9827633,-0.6062836,-4.7579327,1000,0.892855,0.1252430951728206,0.1253148849715898,9.270492039080448,7.17897987691853e-05,0.999901902973911,2983.1501394671423,1000,297.42143727162,20,821,211.17408633972545,9498.617668151855,2820.731929682059,185.7109651565552,821,2010.1888179349935,300884.0,206.94974899291992,200000.0,347.0,14145.696615695952,69400000.0,966.4181810959448,347000.0
2.522998e-08,3.5634093e-10,710.0396,-0.0008010706,9.779875e-11,0.0135817835,9.64307,29.86614,29.859539,0.5715052,33.06249,0.8206153,34.07675,1.0,-0.6627056,-1.0,10000,0.63853455,0.0335382774059398,0.032730124827093,0.03198968131344,10,0.0004762834158894,1000,1000.0,1000,10,0.0,9607.10062789917,9599.98143377304,9591.293080329897,10,5.653907491110795,-76.88042477363976,-80.38719052564463,-84.15713652709721,10,2.0687541741860715,9994.36626494972,9987.103343072667,9978.024589134762,10,5.225636694928899,-12.068215301518354,-12.622417468389804,-13.469178393427049,10,0.4707377968494115,-286.81661166666663,-292.4230911666666,-298.1348566666667,10,3.28109694884197,0.0,0.0,0.0,10,0.0,-1.6254766464577162,-1.6892100670108086,-1.7204945962169966,10,0.0306666840034001,0.0,0.0,0.0,10,0.0,4.5132523,-0.622025,-4.2036057,1000,0.88295966,0.1254584645691281,0.1255302543678973,9.33787764755746,7.17897987691853e-05,0.9999509993391632,2568.880686734039,1000,238.02,21,400,136.20967146278565,9505.329546928406,2256.9821007460355,197.9317312240601,400,1293.6515178664558,301284.0,207.077721118927,200000.0,348.0,14352.77433681488,69600000.0,965.8209435535454,348000.0
2.5229982e-08,3.5559228e-10,711.54205,-0.00096920814,9.8547434e-11,0.013776966,9.65471,29.865725,29.858967,0.5469824,29.027103,0.73226124,30.047932,1.0,-0.6541159,-1.0,10000,0.6461956,0.034505224929584,0.0336566743735224,0.0323876871878019,10,0.0005995335256356,1000,1000.0,1000,10,0.0,9613.306485176086,9603.661012744904,9592.061204910278,10,6.461250651252527,-74.54841368892627,-78.10201294272461,-82.08764062991962,10,2.345157044293022,9998.754841792228,9994.88995781037,9987.080334222896,10,3.204591205406191,-12.128629607972805,-12.859066268827869,-13.900931399773317,10,0.6112918123679782,-291.2912666666666,-298.5647745,-307.43512,10,4.802814318210278,0.0,0.0,0.0,10,0.0,-1.6554808747409837,-1.7030905670085,-1.7673202776742911,10,0.0336206916018598,0.0,0.0,0.0,10,0.0,4.358461,-0.6183219,-5.462962,1000,0.8883045,0.1256020441666664,0.1256738339654357,9.38977884961671,7.17897987691853e-05,0.9999686395770644,3380.405626757252,1000,362.065335753176,20,551,357.10533568768113,9545.118763923643,3441.709440942252,190.5751438140869,551,3403.980623706973,301835.0,208.364328622818,200000.0,349.0,14561.138665437698,69800000.0,959.8571949522168,349000.0
2.5229983e-08,3.543459e-10,713.29236,-0.0009384122,9.979384e-11,0.013777676,9.631819,29.786175,29.779385,0.5162717,24.721325,0.64516,25.765503,1.0,-0.65037775,-1.0,10000,0.6492746,0.0350697472953906,0.0338841871039068,0.0330522895810863,10,0.0005261847152296,1000,1000.0,1000,10,0.0,9618.174036979675,9611.11663837433,9606.676961898804,10,4.1036533072522765,-68.54109031786044,-72.75343474476988,-75.70635017604721,10,2.4928770056022405,9999.77926090524,9998.132298791228,9994.60894496485,10,1.6832256854850012,-11.986997431750648,-12.543892441969364,-12.982512094999889,10,0.3531703291828722,-293.484725,-300.02123083333333,-306.29452166666664,10,3.8180291201740175,0.0,0.0,0.0,10,0.0,-1.643583824719923,-1.6971037036598609,-1.7637331434992742,10,0.0385545000427446,0.0,0.0,0.0,10,0.0,4.7079177,-0.620544,-4.6317973,1000,0.8855589,0.1257456237642048,0.125817413562974,9.436384090241466,7.17897987691853e-05,0.9999799293293212,4109.247843369362,1000,522.7709251101321,36,454,301.3570780550173,9547.80112361908,4978.581980945781,337.8046541213989,454,2871.4797850633804,302289.0,210.2426085472107,200000.0,350.0,14771.381273984907,70000000.0,951.2819565073524,350000.0
2.522998e-08,3.5168826e-10,711.9767,-0.0010727269,1.02451415e-10,0.013888307,9.598006,29.689833,29.682775,0.4806399,21.232895,0.55450124,22.331373,1.0,-0.6502702,-1.0,10000,0.64545393,0.0350544188592321,0.0335854738194946,0.0322169427223707,10,0.0008004559839139,1000,1000.0,1000,10,0.0,9630.672215461733,9611.262145233157,9596.902755737305,10,9.005532812040899,-70.00188738703497,-72.55450700352051,-76.0565772543709,10,1.823185454693264,9999.330581283975,9996.197741110194,9990.363158049486,10,2.9772176241980155,-11.312323996890417,-12.65884460727002,-13.569472298821704,10,0.6446207915809388,-284.7108916666666,-298.0295706666666,-311.0323916666666,10,7.041929137899295,0.0,0.0,0.0,10,0.0,-1.624673406185165,-1.692672489982391,-1.7693887486615705,10,0.04113592945116,0.0,0.0,0.0,10,0.0,5.057985,-0.6100927,-5.0153847,1000,0.8945082,0.1259609931605123,0.1260327829592815,9.443076913403653,7.17897987691853e-05,0.9999894669120278,3934.491807135331,1000,272.4778856526429,24,927,260.33780912796544,9549.360266685486,2592.4428880618484,218.0958595275879,927,2483.2071027264947,303216.0,218.87979006767276,200000.0,351.0,14990.261064052582,70200000.0,913.7435664488004,351000.0
2.522998e-08,3.5545364e-10,712.1109,0.0001821973,9.868603e-11,0.012635798,9.591117,29.64989,29.643015,0.4681986,17.035286,0.5131325,18.134747,0.99999994,-0.6472881,-1.0,10000,0.64248776,0.0340520620823081,0.0332865337810071,0.0326253875919355,10,0.0004563012471788,1000,1000.0,1000,10,0.0,9620.221952438354,9614.955114746092,9610.730041503906,10,3.580308691376856,-66.50395426117564,-69.05194125433451,-72.87009208906828,10,2.000402029800581,9999.90536605438,9995.500709942236,9988.821746558142,10,4.200645441666232,-11.403944792547591,-12.400082127955551,-13.52995611860229,10,0.5890462838367053,-291.2912666666666,-297.3890808333333,-301.8198666666666,10,3.406745150427012,0.0,0.0,0.0,10,0.0,-1.6647002251256966,-1.704492554699702,-1.757578044415636,10,0.0303823782655227,0.0,0.0,0.0,10,0.0,4.7034273,-0.6159188,-5.140428,1000,0.88178355,0.1261404676574353,0.1262122574562045,9.502896383786998,7.17897987691853e-05,0.9999941539934508,4164.697068802928,1000,573.8996763754045,20,309,344.2833459486966,9556.193239212036,5466.441063305321,189.01995944976807,309,3282.913567325893,303525.0,229.2392590045929,200000.0,352.0,15219.500323057177,70400000.0,872.4509094491224,352000.0
2.522998e-08,3.5215755e-10,709.726,9.553581e-05,1.01982055e-10,0.012679529,9.534052,29.482735,29.475683,0.42020658,15.14113,0.44410637,16.357069,1.0,-0.6535993,-1.0,10000,0.6355397,0.0335484434703103,0.032407818510654,0.0312162787724955,10,0.0006436786534244,1000,1000.0,1000,10,0.0,9637.357127189636,9625.536287403109,9610.205002784727,10,8.293973869582294,-64.69133375844444,-66.99113716893586,-69.15543645227368,10,1.6295632171529104,9999.755292695248,9995.50795080253,9985.66628129065,10,3.6339845334229697,-11.155630847414448,-12.331358780183283,-13.487518826261052,10,0.6956115050883662,-281.28909666666664,-288.9837485,-296.73104333333333,10,4.880657232108555,0.0,0.0,0.0,10,0.0,-1.6015111299982387,-1.6654207103555738,-1.713518486005155,10,0.0388063311112141,0.0,0.0,0.0,10,0.0,5.375988,-0.61260283,-4.590996,1000,0.88450825,0.1262481523555891,0.1263199421543582,9.43041852158505,7.17897987691853e-05,0.9999957908752846,4940.928347286521,1000,527.5756880733945,20,436,314.2269694154415,9556.590635299684,5028.540458566826,187.89520359039307,436,2997.0033608441704,303961.0,213.18922209739685,200000.0,353.0,15432.689545154572,70600000.0,938.1337294276008,353000.0
2.522998e-08,3.5277067e-10,704.4638,0.0008944648,1.0136901e-10,0.011785883,9.512015,29.411612,29.404573,0.4003795,13.815416,0.39830682,15.057086,1.0,-0.65984654,-1.0,9623,0.62983376,0.0325049513298872,0.0316216122814477,0.0306912854885886,10,0.0005084337080759,1000,962.3,623,10,113.1,9644.947140693665,9275.241806411745,6003.689208984375,10,1090.5369796631346,-39.43970912735092,-58.81139327682621,-66.078446481371,10,6.836454721361818,9997.831741640506,9617.92688203222,6228.414426236663,10,1129.8394639045491,-7.6795194565039635,-12.09490868419621,-13.465887630927826,10,1.548311541051167,-176.61726499999995,-270.2340666666666,-288.220425,10,31.378422337111346,0.0,0.0,0.0,10,0.0,-0.9887297916108816,-1.544713121385474,-1.653306754233166,10,0.1873005939708327,0.0016051364365971,0.0001605136436597,0.0,10,0.0004815409309791,4.5706263,-0.61952245,-3.7639809,1000,0.8761872,0.1263558370537428,0.126427626852512,9.433282082156982,7.17897987691853e-05,0.9999970068446468,4691.649112720445,1000,711.3122362869199,28,237,348.28282128974945,9580.159908294678,6788.6824771754345,268.88440132141113,237,3326.125680097627,304198.0,208.4113998413086,200000.0,354.0,15641.10094499588,70800000.0,959.6404042786849,354000.0
2.5230001e-08,3.4910333e-10,701.2161,-0.0003336002,1.0503675e-10,0.0129554905,9.493626,29.343987,29.33667,0.3876501,13.823031,0.38173723,15.105857,1.0,-0.6715497,-1.0,10000,0.6222826,0.031516641842245,0.0306665483228323,0.0295896395906747,10,0.0005482101063892,1000,1000.0,1000,10,0.0,9650.508162498474,9632.19959087372,9611.438972473145,10,11.19751209809572,-58.329871012022366,-64.61419322913063,-71.48593756205699,10,3.4621833174572143,9993.000208897118,9985.188563706635,9976.760417497542,10,6.0820538120113,-11.766006431380095,-12.396305064911749,-13.306794128619568,10,0.4862992604100997,-263.5659533333333,-274.3840898333333,-283.21934,10,4.787659851058325,0.0,0.0,0.0,10,0.0,-1.5345071770055407,-1.59438331508006,-1.6738719495049623,10,0.0409170969896192,0.0,0.0,0.0,10,0.0,4.81857,-0.6219603,-4.629032,1000,0.8785277,0.1264994166512812,0.1265712064500504,9.400863769666165,7.17897987691853e-05,0.9999980524535834,4463.285076575899,1000,438.5221445221445,23,429,337.716923431579,9574.056526184082,4179.714201237772,216.3307647705078,429,3225.404836685336,304627.0,207.5311546325684,200000.0,355.0,15848.632099628448,71000000.0,963.7107274524532,355000.0
2.522998e-08,3.5035722e-10,697.6915,0.0008742299,1.0378242e-10,0.011684219,9.472125,29.270641,29.26342,0.38013342,14.774813,0.3615857,16.142656,1.0,-0.68206394,-1.0,10000,0.61741406,0.0312520920826791,0.0300377406574101,0.0294641966539638,10,0.000529154014749,1000,1000.0,1000,10,0.0,9639.509000778198,9624.512751102448,9601.93896484375,10,11.093310314063284,-62.44162926775847,-65.82878210831602,-69.24099925790847,10,2.075391597152426,9989.710469582871,9974.73766896647,9952.876875957649,10,10.168018391611891,-11.222613118987212,-12.603863171750875,-13.533302876745047,10,0.7156995102553522,-262.51309333333336,-270.1814236666666,-277.86730166666666,10,4.110650939251502,0.0,0.0,0.0,10,0.0,-1.553420071671797,-1.6108504330750697,-1.6769702016693824,10,0.0379423334198803,0.0,0.0,0.0,10,0.0,4.303801,-0.63734984,-4.4841566,1000,0.8691355,0.1266788911482042,0.1267506809469733,9.314436541475532,7.17897987691853e-05,0.9999988966032104,4300.401755588833,1000,529.9073359073359,21,259,237.91948750166944,9558.044783592224,5052.431855105065,196.1648750305176,259,2269.0403642413503,304886.0,216.04077005386355,200000.0,356.0,16064.672869682312,71200000.0,925.7511901579308,356000.0
2.522998e-08,3.4892686e-10,688.4136,0.0013630346,1.0521281e-10,0.011028411,9.4671955,29.242104,29.23479,0.39078403,18.985096,0.39085686,20.431864,1.0,-0.6847196,-1.0,10000,0.6207517,0.0312078034769947,0.0303206946560108,0.0290670927337778,10,0.0006145019934956,1000,1000.0,1000,10,0.0,9633.003685951231,9616.269583892825,9587.910598754885,10,12.720184754703483,-64.68661704064081,-72.133311102553,-80.37358729643506,10,4.800477004017544,9986.818720798825,9975.265165364686,9945.413244346097,10,11.433980381779817,-11.692945696612624,-13.090066082563007,-14.091878615456295,10,0.6706148071299444,-266.90000999999995,-272.1467623333333,-280.06076,10,3.5974428593411365,0.0,0.0,0.0,10,0.0,-1.5766791793420172,-1.6254460211696362,-1.6724112163842944,10,0.0313970238487959,0.0,0.0,0.0,10,0.0,4.7332993,-0.63595194,-5.1400447,1000,0.8800426,0.1268583656451271,0.1269301554438963,9.192361596710624,7.17897987691853e-05,0.9999993618279902,4319.791472553889,1000,373.6448230668414,20,763,298.9476841958195,9558.38222694397,3559.236112336344,186.75076007843015,763,2853.5289370057667,305649.0,209.972314119339,200000.0,357.0,16274.645183801653,71400000.0,952.5065284860784,357000.0
2.522998e-08,3.462072e-10,679.9801,0.0009625758,1.0793243e-10,0.011277066,9.490131,29.275787,29.268347,0.39814568,23.80438,0.4170576,25.264269,1.0,-0.6902006,-1.0,10000,0.6195559,0.0310825021827331,0.0300702636502188,0.0294902194786554,10,0.0004980720037292,1000,1000.0,1000,10,0.0,9635.761624336244,9624.661546611786,9610.459581375122,10,7.780533965718848,-65.28193283044618,-68.88755937642459,-70.73636084768373,10,1.6442228747901184,9989.698004766611,9979.116849769722,9971.125182168838,10,6.604684045722332,-11.649868798914351,-12.759180109747884,-14.377960793210502,10,0.7429173219131883,-267.163225,-271.14654533333334,-278.744685,10,3.644511385145007,0.0,0.0,0.0,10,0.0,-1.599000345391589,-1.662018620355055,-1.7246797883368634,10,0.0327140965178685,0.0,0.0,0.0,10,0.0,4.142032,-0.6384963,-4.2705464,1000,0.8768796,0.12703784014205,0.1271096299408192,9.12357453280133,7.17897987691853e-05,0.99999963843894,4020.015169262316,1000,689.9069767441861,24,258,283.5509590627998,9556.962154388428,6578.7101867448455,224.3289604187012,258,2704.076262477221,305907.0,207.60422253608704,200000.0,358.0,16482.249406337738,71600000.0,963.3715420467172,358000.0
2.522998e-08,3.4314912e-10,674.51556,0.00013312377,1.1099054e-10,0.012008156,9.510058,29.316877,29.309155,0.40788227,29.007069,0.45791972,30.419325,1.0,-0.68153054,-1.0,10000,0.6281737,0.0320791347631457,0.031010736881633,0.0299712759746908,10,0.000574594757922,1000,1000.0,1000,10,0.0,9641.75405406952,9622.82999343872,9602.425449371338,10,11.647932366421964,-61.6137672456908,-65.8811440812245,-72.20550626084733,10,3.612045861882722,9992.318187407953,9983.757819105263,9972.821584786429,10,6.3211033185429,-13.13944284487566,-13.846965532067356,-15.240913724279697,10,0.6306019467632926,-267.6019166666666,-279.481687,-289.799715,10,5.501158516502273,0.0,0.0,0.0,10,0.0,-1.6118310623402907,-1.7180360891581887,-1.815787486158412,10,0.0566307337589588,0.0,0.0,0.0,10,0.0,4.4392023,-0.63647443,-4.6712556,1000,0.88326013,0.127217314638973,0.1272891044377422,9.09776597652812,7.17897987691853e-05,0.999999790883796,4036.702274637245,1000,318.54477611940297,23,670,192.52392817640165,9549.698037147522,3032.5689849766777,213.9871940612793,670,1835.8923303741535,306577.0,209.0395781993866,200000.0,359.0,16691.288984537125,71800000.0,956.75661864011,359000.0
2.522998e-08,3.4547534e-10,670.2667,0.0007020883,1.08664265e-10,0.011362714,9.517836,29.327553,29.31994,0.40648854,32.63038,0.49548686,34.002045,1.0,-0.68498635,-1.0,10000,0.62156695,0.0313271594458929,0.0304153892287227,0.0300726878200366,10,0.0003920817524659,1000,1000.0,1000,10,0.0,9634.435569763184,9628.138475322725,9617.359627723694,10,4.9671269792345605,-59.512603232531646,-65.62713318257931,-73.42015226596615,10,3.826979732527532,9988.618968488969,9984.010530108508,9969.650308523534,10,5.150258545185684,-12.183047613427735,-13.062131925096034,-14.316134716739551,10,0.6115241816824862,-271.7256183333333,-275.4720451666666,-283.30707833333327,10,3.3616607800256086,0.0,0.0,0.0,10,0.0,-1.6175458488406829,-1.710749647094699,-1.7942773837507906,10,0.0498271183907255,0.0,0.0,0.0,10,0.0,4.2152305,-0.6330338,-4.506295,1000,0.8826519,0.1274685789346651,0.1275403687334343,9.08394443920242,7.17897987691853e-05,0.999999902849411,3738.024305015899,1000,481.625,24,512,397.8034317505318,9584.130215644836,4591.054141456727,225.71106338500977,512,3802.904171664085,307089.0,212.55896639823916,200000.0,360.0,16903.847950935364,72000000.0,940.915376984336,360000.0
2.522998e-08,3.4579664e-10,664.73883,0.0007517734,1.08343036e-10,0.011213526,9.5337305,29.372742,29.365128,0.44762826,34.67031,0.59413296,35.89811,1.0,-0.68034405,-1.0,10000,0.6221927,0.0310090754087286,0.030527468640347,0.0297753400973015,10,0.0003416636048216,1000,1000.0,1000,10,0.0,9641.759642601011,9627.753296852112,9602.888927459717,10,10.682415349245431,-56.59496639041347,-65.02920558973632,-76.82218607074273,10,5.015159787829904,9994.714239372814,9983.969996540452,9976.742756497655,10,5.565781385486181,-11.163821111741004,-12.525517055820998,-13.582210154458409,10,0.6742450476572159,-268.742515,-276.93727533333333,-282.7806483333333,10,4.236080877754865,0.0,0.0,0.0,10,0.0,-1.632522417494576,-1.7247009251303766,-1.8226898615022908,10,0.0583133300142881,0.0,0.0,0.0,10,0.0,4.669328,-0.6287181,-4.7962284,1000,0.88524526,0.1277198432303572,0.1277916330291264,9.175271535259276,7.17897987691853e-05,0.9999999561451536,2671.459597316017,907,278.1376306620209,18,574,185.1272381315591,8620.21007156372,2646.5327106579257,172.20286464691162,574,1764.9709641413062,307663.0,215.57903480529785,200000.0,361.0,17119.42698574066,72200000.0,927.7339987194572,361000.0
2.522998e-08,3.4602954e-10,659.674,0.00063527754,1.081101e-10,0.011238854,9.531002,29.351093,29.343412,0.4647916,33.827427,0.6122349,34.994675,1.0,-0.67716914,-1.0,10000,0.6262637,0.0321809170347842,0.0309931002755547,0.0303535546017083,10,0.0005331794165135,1000,1000.0,1000,10,0.0,9639.697236061096,9630.607944202424,9621.078605651855,10,5.085232318606915,-56.98019998767512,-62.8048533126346,-66.36295982700715,10,2.827735643952451,9993.944712458297,9988.53083916716,9980.931536692477,10,3.6762674525211065,-12.017481978381912,-13.04988212410944,-14.860278764712184,10,0.7749662421343891,-273.7436,-280.3239749999999,-287.4307799999999,10,3.769073776430928,0.0,0.0,0.0,10,0.0,-1.6516191043609654,-1.7441853496489943,-1.880210182244735,10,0.0591645440163703,0.0,0.0,0.0,10,0.0,4.5199857,-0.6283648,-4.2274666,1000,0.8817209,0.1278634228278956,0.1279352126266648,9.242642627918142,7.17897987691853e-05,0.9999999723930146,3410.8128493866407,1000,391.37408312958433,24,409,317.1448642998775,9559.379561424255,3726.426343767451,211.01512718200684,409,3026.456700130571,308072.0,209.25797057151797,200000.0,362.0,17328.68495631218,72400000.0,955.7580982639136,362000.0
2.522998e-08,3.4433478e-10,656.5994,7.3148985e-05,1.09804894e-10,0.011745641,9.535945,29.348164,29.340406,0.46060318,31.492659,0.5755181,32.612896,1.0,-0.6779126,-1.0,10000,0.6268678,0.0320874194368225,0.0309983558809806,0.0302063990033639,10,0.0005126560033228,1000,1000.0,1000,10,0.0,9645.99519443512,9634.65022792816,9623.829984664915,10,6.9915131370692185,-55.01930663459304,-59.07384589377847,-63.71598041277227,10,2.3530495191193506,9992.444752348432,9987.891975420316,9976.751443189452,10,4.4783913484785165,-12.056591349865483,-13.239469851136343,-14.290865824165936,10,0.6190481881836444,-273.1294316666666,-279.1833766666667,-289.799715,10,4.703134772904314,0.0,0.0,0.0,10,0.0,-1.6798220541622884,-1.7450554389130808,-1.854241825364202,10,0.0526917735678677,0.0,0.0,0.0,10,0.0,4.605604,-0.63017464,-5.394861,1000,0.8809283,0.1279711075260494,0.1280428973248185,9.321049308868329,7.17897987691853e-05,0.9999999801229706,3579.0109135227976,1000,344.0199501246883,25,401,261.4374509306666,9532.206500053406,3276.0421477690006,238.78711032867432,401,2493.14194957598,308473.0,207.1919319629669,200000.0,363.0,17535.876888275146,72600000.0,965.2885520452968,363000.0
2.522998e-08,3.4420194e-10,652.378,0.00080572575,1.0993772e-10,0.010937078,9.498896,29.236343,29.228582,0.43070325,29.302755,0.5202063,30.46557,1.0,-0.67738354,-1.0,10000,0.62837136,0.0320205034784303,0.0311233106996049,0.0301665489989536,10,0.0006538045835759,1000,1000.0,1000,10,0.0,9649.544285774233,9642.452565383912,9623.990635871887,10,7.116629060347965,-51.13158261214007,-55.37606634732913,-59.07038878394124,10,2.7619257196029654,9997.54816299491,9991.158575007654,9978.414336482225,10,4.984592135604516,-11.603193432495804,-12.855596041949685,-14.373554803537324,10,0.7599441475162789,-270.9359733333333,-278.7710065,-284.79863,10,4.01493719442385,0.0,0.0,0.0,10,0.0,-1.631142575747767,-1.7033379047657136,-1.7633911244631553,10,0.0428063016094382,0.0,0.0,0.0,10,0.0,4.9660826,-0.6215817,-4.3425436,1000,0.88521004,0.1281505820229723,0.1282223718217414,9.322813985161616,7.17897987691853e-05,0.9999999885037152,4092.014571078428,1000,659.9351351351352,31,370,360.4708499038267,9577.419131278992,6296.625783491135,297.70512676239014,370,3443.901670635797,308843.0,208.0877547264099,200000.0,364.0,17743.964643001556,72800000.0,961.1329617302875,364000.0
2.522998e-08,3.4313002e-10,645.9417,0.001087519,1.11009625e-10,0.010539431,9.475847,29.156055,29.148302,0.4417614,26.432583,0.5061277,27.548222,1.0,-0.67599785,-1.0,10000,0.62722236,0.0317553047513793,0.0310594176662096,0.030443469237347,10,0.0004098726144249,1000,1000.0,1000,10,0.0,9653.267540931702,9646.334498500824,9637.811453819277,10,4.7998404456380594,-49.14108095867012,-54.15964591665932,-58.954528856471846,10,2.866550248090588,9996.444178329151,9991.635617035954,9989.073625474728,10,2.6310067503929004,-11.809949795546006,-12.579547686962684,-13.444174009154166,10,0.5101540647987218,-271.98883333333333,-276.90218,-281.20135833333336,10,2.695723704033657,0.0,0.0,0.0,10,0.0,-1.6397868553658583,-1.6597487691572994,-1.7250490757748582,10,0.0225989265513791,0.0,0.0,0.0,10,0.0,4.625861,-0.61834246,-4.3626566,1000,0.8863144,0.1283659514192798,0.128437741218049,9.407039670842858,7.17897987691853e-05,0.9999999941139022,4176.687236202398,1000,657.5367231638418,15,354,345.40136328444606,9568.915127754211,6271.00522926837,144.0170135498047,354,3297.17770234114,309197.0,207.529393196106,200000.0,365.0,17951.494036197662,73000000.0,963.7189070899898,365000.0
2.522998e-08,3.4044767e-10,637.12787,0.0011420377,1.13691966e-10,0.0103262635,9.424539,29.019299,29.011454,0.41904652,23.447573,0.45718554,24.639093,1.0,-0.6807844,-1.0,10000,0.61659753,0.0309871698456554,0.030122174746709,0.0296680155070935,10,0.0003568795186813,1000,1000.0,1000,10,0.0,9647.44376373291,9635.705139064788,9620.19098854065,10,10.119751857749907,-52.02225757868665,-57.34624743202543,-62.62759572345247,10,2.9100566413418782,9992.342246251996,9980.54951082978,9967.055076024792,10,8.213582550875822,-10.613112114380172,-11.441362701633643,-12.664188746777274,10,0.741791022599187,-270.76049666666665,-274.34022066666665,-279.6220683333333,10,2.457237300742457,0.0,0.0,0.0,10,0.0,-1.6555993854263478,-1.7165443317294231,-1.8042709065129725,10,0.0474551030997516,0.0,0.0,0.0,10,0.0,4.769673,-0.6286432,-5.293029,1000,0.875963,0.1285454259162028,0.1286172157149719,9.37846321625213,7.17897987691853e-05,0.9999999966651878,4421.489801306412,1000,575.3265306122449,28,441,295.5462484751525,9567.299074172974,5489.3225211307845,263.2245740890503,441,2820.894823802649,309638.0,217.84093928337097,200000.0,366.0,18169.334975481037,73200000.0,918.1010725437462,366000.0
2.522998e-08,3.3892275e-10,631.0183,0.0010672271,1.1521689e-10,0.010291102,9.42142,29.005966,28.99786,0.3981225,21.82888,0.4350642,23.058252,1.0,-0.68951875,-1.0,10000,0.60698825,0.030352819042906,0.0293010497383409,0.0286746322010149,10,0.0005214164373183,1000,1000.0,1000,10,0.0,9635.625356674194,9623.653046798709,9597.72191619873,10,11.469620898787117,-54.28524758060208,-60.112289437656216,-64.02147902651484,10,2.5284289496310244,9980.364759300544,9966.45950451639,9947.865293221435,10,9.719225081762314,-10.356058701440972,-11.06415072742701,-11.85688048859504,10,0.5317177781360108,-264.9697666666666,-269.8743395,-276.81444166666665,10,4.569718665254702,0.0,0.0,0.0,10,0.0,-1.6594198414933308,-1.7556751133029629,-1.8344862624680929,10,0.0544168279622451,0.0,0.0,0.0,10,0.0,4.1690087,-0.6435313,-4.8470464,1000,0.86537623,0.1286890055137411,0.1287607953125103,9.36058919607862,7.17897987691853e-05,0.9999999978657202,3160.715593884077,1000,183.25994694960207,27,377,214.12038635926075,9551.227449417114,1741.441633711443,249.94786262512207,377,2043.474709373444,310015.0,211.89691472053528,200000.0,367.0,18381.23189020157,73400000.0,943.855177239245,367000.0
2.522998e-08,3.3692082e-10,622.0415,0.001644976,1.1721885e-10,0.009551771,9.37268,28.89099,28.88263,0.3651564,24.034687,0.3750909,25.451813,1.0,-0.6916929,-1.0,10000,0.61292416,0.0300870894251129,0.0296798227582796,0.0290651559943653,10,0.0003007001609138,1000,1000.0,1000,10,0.0,9641.483716964722,9629.193657302856,9611.736904144287,10,8.759204663754732,-56.89812458841921,-59.715954032022616,-64.65920850308045,10,2.043751663347657,9982.17382508564,9974.32025165068,9960.32951273016,10,7.437449359780318,-9.411032533509458,-11.160006795189046,-12.097700368703991,10,0.7740698758983682,-266.37357999999995,-272.480168,-276.112535,10,2.906033469339159,0.0,0.0,0.0,10,0.0,-1.7049696348652108,-1.7704667974880923,-1.8342837460374983,10,0.0409949623021461,0.0,0.0,0.0,10,0.0,4.339651,-0.6507876,-4.663,1000,0.8610614,0.1288325851112795,0.1289043749100487,9.169256183066372,7.17897987691853e-05,0.9999999986340607,3956.481859079797,1000,876.6944444444445,27,288,244.02062691097385,9582.922654151917,8379.132491106788,202.33770942687988,288,2334.708815363658,310303.0,212.3496332168579,200000.0,368.0,18593.581523418427,73600000.0,941.8429265463054,368000.0
2.522998e-08,3.355774e-10,613.74963,0.001534963,1.1856222e-10,0.00951253,9.394816,28.918816,28.910454,0.3576524,28.87244,0.401519,30.33434,1.0,-0.68802226,-1.0,10000,0.61910605,0.030549189652942,0.0302072166930098,0.0298493226251303,10,0.0002307501562118,1000,1000.0,1000,10,0.0,9647.905576705933,9633.77070569992,9618.655645370483,10,8.15027833786164,-50.622006785486604,-55.67437907334302,-62.86110238373153,10,2.8777659182937985,9988.5935677682,9977.19102434152,9964.178884001083,10,7.14868425860556,-11.11276906193216,-11.66295871648364,-12.36317826809171,10,0.440123442365208,-271.72561833333333,-274.33144683333325,-277.0776566666666,10,1.4131320201801851,0.0,0.0,0.0,10,0.0,-1.6947850029352498,-1.7515273866085816,-1.7839350429892018,10,0.0261060043576235,0.0,0.0,0.0,10,0.0,4.541629,-0.6527103,-4.620191,1000,0.864283,0.1289402698094333,0.1290120596082024,9.06989772218756,7.17897987691853e-05,0.9999999990286657,4840.665692069299,1000,517.2310030395137,25,329,384.6394610887623,9572.616118431091,4933.932444451428,222.14462161064148,329,3676.381332921679,310632.0,208.56453108787537,200000.0,369.0,18802.146054506306,73800000.0,958.9358217180906,369000.0
2.5229998e-08,3.2979475e-10,602.1083,0.0013870724,1.2434526e-10,0.009450877,9.381891,28.911537,28.903484,0.36740324,36.53278,0.409778,38.108353,1.0,-0.6784228,-1.0,10000,0.62105256,0.0309200274017493,0.0305667266838558,0.0300268524924031,10,0.0002974562501521,1000,1000.0,1000,10,0.0,9625.32122707367,9610.520127868653,9595.911874771118,10,8.594742054745511,-57.83531914205293,-64.57488808331877,-68.47480165013806,10,2.607114792511052,9980.92781670827,9968.694779014784,9953.832870434784,10,7.595479602155069,-10.1573039968361,-11.121555083429843,-12.302590757605117,10,0.7881568695436075,-278.3059933333333,-280.64860683333325,-284.6231533333333,10,1.7839384623410282,0.0,0.0,0.0,10,0.0,-1.7904100196400212,-1.8296047132283253,-1.8663500633665613,10,0.0261374963595534,0.0,0.0,0.0,10,0.0,3.7538722,-0.65413004,-3.938865,1000,0.8596926,0.1290120596082024,0.1290838494069716,8.866627841266324,7.17897987691853e-05,0.9999999992229324,5782.079020482832,1000,934.8227272727272,31,220,202.53518309805327,9587.01818561554,8936.446280917255,294.24842262268066,220,1938.9036418812448,310852.0,211.2865071296692,200000.0,370.0,19013.43256163597,74000000.0,946.5819787406372,370000.0
2.522998e-08,3.3036698e-10,593.3738,0.0014445973,1.2377271e-10,0.009236132,9.398659,28.969294,28.96138,0.4154897,46.912884,0.4846697,48.489746,1.0,-0.67265093,-1.0,10000,0.633771,0.0329519195048778,0.0318506879321124,0.0311916690842335,10,0.0006220230106777,1000,1000.0,1000,10,0.0,9604.384769439695,9592.58349466324,9574.633945465088,10,8.340558701617708,-71.22813692964883,-74.24685568064996,-78.09933887031195,10,2.488115019330104,9975.847753245384,9968.026097240983,9957.21687042071,10,5.199927854698993,-10.090285469261786,-11.32912636948179,-12.4518407303612,10,0.8209938361900361,-284.8863683333333,-288.05372216666666,-293.30924833333336,10,3.116489806991217,0.0,0.0,0.0,10,0.0,-1.7670926523228685,-1.812894675184205,-1.8560729554828732,10,0.02771364606984,0.0,0.0,0.0,10,0.0,4.3804207,-0.6417944,-4.75184,1000,0.8723578,0.1290838494069716,0.1291556392057408,8.73761278257493,7.17897987691853e-05,0.999999999378346,6080.806969628758,1000,617.0223880597015,29,402,297.52189935079093,9582.101702690125,5879.988422682629,275.7525358200073,402,2840.279554180658,311254.0,217.9807200431824,200000.0,371.0,19231.413281679157,74200000.0,917.5123376066454,371000.0
2.5230035e-08,3.3066583e-10,586.102,0.0010603967,1.2347486e-10,0.009489439,9.414718,28.996056,28.987923,0.43037194,56.46018,0.5331465,57.964905,1.0,-0.67505026,-1.0,10000,0.6406041,0.0333036348970345,0.0324284169567996,0.0314193029851157,10,0.0006344584107839,1000,1000.0,1000,10,0.0,9610.807678222656,9601.35225982666,9582.453921318054,10,8.240837691774821,-69.36862281152494,-73.3875709699128,-77.98988424979261,10,2.8085923697805724,9994.075008271284,9979.71109023011,9959.033312462205,10,9.311596826708929,-11.54570672775766,-13.186113962957844,-14.51207591590706,10,0.9276261511918616,-285.85149,-289.98396549999995,-295.590445,10,3.0414844745474814,0.0,0.0,0.0,10,0.0,-1.7285974897984206,-1.801181090559209,-1.8511845926270487,10,0.0347450612605871,0.0,0.0,0.0,10,0.0,4.511603,-0.634155,-5.02433,1000,0.8847714,0.1291556392057408,0.12922742900451,8.720961115500499,7.17897987691853e-05,0.9999999995026768,6764.49166935764,1000,514.8435897435897,24,390,234.29374209977044,9548.164650917051,4895.622741937637,228.265456199646,390,2229.235590574585,311644.0,212.8448703289032,200000.0,372.0,19444.258152008057,74400000.0,939.6514921451742,372000.0
2.522998e-08,3.2834335e-10,582.48895,-0.00026394989,1.257963e-10,0.010748751,9.490287,29.168316,29.159863,0.46258578,59.935043,0.71897995,61.147877,1.0,-0.6830537,-1.0,10000,0.6332967,0.032327770595366,0.0316053570082425,0.0307396509518584,10,0.0004465841698762,1000,1000.0,1000,10,0.0,9628.663583755491,9612.4789437294,9584.952333450316,10,15.221027717348672,-58.51936098961125,-65.48573369918017,-72.17650913157482,10,3.852769259000568,9992.876409239436,9974.794665151148,9947.100225967502,10,15.144666556748854,-11.2100845515668,-12.812513265482114,-14.320076572835408,10,0.9264807415261131,-276.638965,-282.2629921666666,-288.220425,10,2.8981420487718355,0.0,0.0,0.0,10,0.0,-1.682199968791502,-1.754481788010413,-1.8312411793908208,10,0.0376515573610593,0.0,0.0,0.0,10,0.0,4.4903665,-0.639416,-4.6181936,1000,0.88326573,0.1292992188032792,0.1293710086020483,8.932515320196403,7.17897987691853e-05,0.9999999996764084,6289.004907039537,1000,328.9038112522686,23,551,219.2457450826253,9533.817094802856,3125.075842674977,217.97051334381104,551,2084.991686988664,312195.0,213.67911005020144,200000.0,373.0,19657.937262058254,74600000.0,935.9829323185236,373000.0
2.5229985e-08,3.2904138e-10,583.05505,-0.00033520345,1.2509842e-10,0.010830194,9.516008,29.207422,29.19877,0.4568838,58.01027,0.762736,59.09854,1.0,-0.6785344,-1.0,10000,0.6353026,0.03264975249923,0.031812256299422,0.0310899757865554,10,0.0003866224908073,1000,1000.0,1000,10,0.0,9636.29807281494,9626.726941013336,9614.630818367004,10,5.989528146293787,-56.14187992289351,-59.52681910843431,-62.87974545235589,10,1.6766168182729717,9994.44564424221,9986.017139815927,9975.66265045022,10,5.978090084640365,-12.659323068015247,-13.45008825414629,-14.080702534330037,10,0.4149294597768252,-277.34087166666666,-284.5441888333333,-290.7648366666666,10,3.813833061308601,0.0,0.0,0.0,10,0.0,-1.6374140665652204,-1.7691017812209335,-1.861420954084113,10,0.0618539769043433,0.0,0.0,0.0,10,0.0,4.494324,-0.6338455,-5.6916623,1000,0.8860069,0.1294786933002021,0.1295504830989713,9.062757783848218,7.17897987691853e-05,0.9999999998166668,5302.357406318203,1000,431.3879003558719,25,562,213.96646159232253,9546.291870117188,4111.086605122505,210.51507234573364,562,2039.046786866136,312757.0,207.4074902534485,200000.0,374.0,19865.344752311707,74800000.0,964.2853291151796,374000.0
2.522998e-08,3.2838943e-10,584.7818,-0.0010898904,1.2575026e-10,0.011615962,9.547653,29.283697,29.275047,0.45879924,52.626797,0.76535386,53.578327,1.0,-0.6758154,-1.0,10000,0.6284215,0.0320481107378582,0.0311916801704501,0.0300608638063276,10,0.0005623857743031,1000,1000.0,1000,10,0.0,9647.115593910215,9637.09187631607,9624.399269104004,10,6.176132253296775,-54.86865233695818,-56.89655026260827,-58.80644904887002,10,1.3144946222661726,9995.926935874011,9988.882708107843,9979.728272231008,10,5.656160329593207,-11.364668316229167,-12.237250979845966,-13.91045884958262,10,0.7118977917874993,-275.32289,-280.88550033333325,-286.4656583333333,10,3.329713098696737,0.0,0.0,0.0,10,0.0,-1.7242908550975398,-1.7715353140017271,-1.8310916000017263,10,0.0263875539344348,0.0,0.0,0.0,10,0.0,4.471877,-0.63088185,-5.1559267,1000,0.88192415,0.1295863779983559,0.129658167797125,9.231461750907757,7.17897987691853e-05,0.9999999998696296,5499.303260262818,1000,393.4625,23,400,171.21440825394924,9553.365716934204,3751.2053651940814,215.69111824035645,400,1631.4976327756945,313157.0,208.69244384765625,200000.0,375.0,20074.037196159363,75000000.0,958.348066238557,375000.0
2.522998e-08,3.277928e-10,587.20605,-0.00076277717,1.2634688e-10,0.011332487,9.538306,29.254177,29.24559,0.4306893,45.52402,0.6916041,46.476894,1.0,-0.6678036,-1.0,10000,0.6215686,0.0316831765842362,0.0308840202478255,0.0303356260806176,10,0.0004394800563448,1000,1000.0,1000,10,0.0,9644.662181854248,9636.95785036087,9620.684491157532,10,6.529949600776084,-52.93778581611345,-56.00575492602373,-61.00632283473443,10,2.0532828780996404,9994.131061806427,9988.927982229528,9982.89928323763,10,3.953605020948708,-10.630655745074703,-11.377962323301054,-12.557296976866764,10,0.5679101636488736,-278.1305166666666,-282.7718744999999,-288.6591166666666,10,3.6069846688598535,0.0,0.0,0.0,10,0.0,-1.753743456293392,-1.8145400434352896,-1.8504191360557736,10,0.0303463674652827,0.0,0.0,0.0,10,0.0,4.2576303,-0.6407825,-4.6224236,1000,0.86562973,0.129658167797125,0.1297299575958942,9.310409786225588,7.17897987691853e-05,0.9999999998957038,5928.250157305408,1000,549.5955555555555,31,225,197.87920215857343,9560.712023735046,5245.078459993998,291.85681438446045,225,1887.307181581372,313382.0,218.24191880226132,200000.0,376.0,20292.279114961624,75200000.0,916.4142301241884,376000.0
2.522998e-08,3.295098e-10,588.2154,-4.8796326e-05,1.2462983e-10,0.010636673,9.468446,29.09177,29.083199,0.37624532,40.855297,0.545015,41.936157,1.0,-0.6576331,-1.0,10000,0.62068343,0.0325637557055306,0.0310970358544975,0.0304654460088786,10,0.0006051353775059,1000,1000.0,1000,10,0.0,9643.153102874756,9634.673119449615,9619.953301429749,10,6.637453823200729,-51.80781986578037,-55.72656182213027,-59.358151413161536,10,2.2948336278359007,9993.450345256895,9988.381273421644,9981.9461821787,10,3.259106516775952,-9.703269536059045,-10.64053543468678,-11.347155702690046,10,0.5703877270596288,-281.28909666666664,-285.5005366666666,-293.5724633333333,10,3.7586430234582098,0.0,0.0,0.0,10,0.0,-1.7851117321492986,-1.840519128644598,-1.9231288983937211,10,0.039516324607291,0.0,0.0,0.0,10,0.0,4.1387444,-0.6320768,-4.1761107,1000,0.859314,0.1297299575958942,0.1298017473946634,9.257155560849998,7.17897987691853e-05,0.999999999916563,6657.018913800564,1000,931.4454148471616,42,229,209.576392963783,9582.717577934263,8906.450101365168,395.9463424682617,229,2005.5675940021215,313611.0,214.06434059143064,200000.0,377.0,20506.34345555305,75400000.0,934.2985358861134,377000.0
2.5229982e-08,3.294449e-10,586.08295,-0.00025716503,1.2469484e-10,0.010806658,9.406007,28.930801,28.922104,0.34155965,39.19343,0.49482524,40.371452,1.0,-0.655796,-1.0,10000,0.6138613,0.0310450228132976,0.0307391274912952,0.0300865837004239,10,0.0002773822442586,1000,1000.0,1000,10,0.0,9641.499121665956,9627.86785478592,9610.831391334534,10,8.67716010312617,-53.03768394447799,-56.15311488732166,-61.10271843256466,10,2.3915615635547964,9991.383726769249,9979.789682233071,9961.475810386855,10,8.78482279824512,-9.861236984375047,-10.460325990879682,-11.085131092971276,10,0.409986720453267,-279.27111499999995,-283.49132883333334,-286.2901816666666,10,1.9312201721436275,0.0,0.0,0.0,10,0.0,-1.7582590086557903,-1.817060183506364,-1.8649991133215047,10,0.0287611251876514,0.0,0.0,0.0,10,0.0,4.25196,-0.6148075,-4.3991995,1000,0.86983186,0.1298017473946634,0.1298735371934326,9.194319626507442,7.17897987691853e-05,0.9999999999332504,7239.427189107773,1000,528.0412621359224,21,412,391.75839065290063,9582.35326576233,5038.539996763457,179.6096110343933,412,3750.970143387273,314023.0,214.5280327796936,200000.0,378.0,20720.87148833275,75600000.0,932.2790938254072,378000.0
2.522999e-08,3.3233774e-10,584.85657,0.0005289694,1.2180211e-10,0.009998449,9.356748,28.818224,28.809727,0.32494637,39.532257,0.4474553,40.795376,1.0,-0.65250784,-1.0,10000,0.61558497,0.031683320007447,0.0309257894388429,0.030220875233339,10,0.0004246889189707,1000,1000.0,1000,10,0.0,9626.635055541992,9619.14789838791,9603.35958480835,10,6.759102028439846,-55.98188251939291,-57.374192211134016,-58.87120215164376,10,1.0354078580327932,9982.38734434748,9974.97067136154,9962.819486772376,10,5.366417333720694,-9.772887996064664,-10.574335743523608,-11.956680987483836,10,0.6120236498249791,-280.76266666666663,-286.04451433333327,-290.32614499999994,10,3.0115599799374144,0.0,0.0,0.0,10,0.0,-1.7434506880223577,-1.82973235485468,-1.9128974015252536,10,0.0466489129354493,0.0,0.0,0.0,10,0.0,4.554784,-0.6140376,-4.70013,1000,0.86660093,0.1298735371934326,0.1299453269922018,9.116303029856033,7.17897987691853e-05,0.9999999999466004,7693.763916680047,1000,670.2590361445783,37,332,391.5584544633427,9581.8935880661,6395.197394853615,350.9984130859375,332,3744.370367183472,314355.0,220.2912969589233,200000.0,379.0,20941.16278529167,75800000.0,907.8887943416712,379000.0
2.522998e-08,3.324542e-10,581.0194,0.0007860648,1.2168548e-10,0.009672284,9.343062,28.791933,28.783468,0.33326206,40.92521,0.47497287,42.185535,0.99999946,-0.65804136,-1.0,10000,0.6115485,0.0309222360666462,0.0304405867985537,0.0300235599297302,10,0.0002820500096869,1000,1000.0,1000,10,0.0,9625.945645332336,9616.601346874237,9599.2073802948,10,7.478641198833375,-55.28966313762425,-58.24130433218684,-60.63459046621861,10,1.547486354970334,9976.826252158831,9968.597656511629,9954.61915669092,10,6.389246127258609,-10.104109334685306,-10.453473331848146,-11.003519199761977,10,0.2748395419173893,-274.0945533333333,-281.49966866666665,-286.7288733333333,10,3.8004373325943863,0.0,0.0,0.0,10,0.0,-1.7210561179463086,-1.801862957147424,-1.8906358123997893,10,0.0473300439208362,0.0,0.0,0.0,10,0.0,5.0150704,-0.6223293,-5.1398168,1000,0.864182,0.1300171167909709,0.1300889065897401,9.096550769123578,7.17897987691853e-05,0.9999999999652543,7022.214021240219,1000,433.0386100386101,22,518,264.59593011093847,9545.984467506409,4123.001518687916,195.41087532043457,518,2520.873695070971,314873.0,235.9521420001984,200000.0,380.0,21177.11492729187,76000000.0,847.6295163272214,380000.0
2.5229983e-08,3.3089093e-10,574.04486,0.0009275856,1.2324876e-10,0.009405221,9.314648,28.751823,28.743437,0.32263574,43.283394,0.44081202,44.61272,1.0,-0.65809375,-1.0,10000,0.6164523,0.0312407437533111,0.0309057885564194,0.0302958821334614,10,0.0003020006757344,1000,1000.0,1000,10,0.0,9616.054724693298,9599.220288181305,9578.793551445007,10,11.47148370757559,-56.07666244768112,-58.9111385035118,-61.211362629412655,10,1.815819517431844,9973.91685126727,9955.263315423636,9936.429372971756,10,10.544132605201469,-10.53660223173996,-11.055726205679903,-12.035869224826522,10,0.5338821560502127,-280.93814333333336,-284.2634261666666,-288.0449483333333,10,2.3504868608514933,0.0,0.0,0.0,10,0.0,-1.7640344365646956,-1.8127376117614036,-1.870249964230957,10,0.0304178564966749,0.0,0.0,0.0,10,0.0,3.8680394,-0.62944585,-4.29679,1000,0.851756,0.1301606963885093,0.1302324861872785,9.005072262104292,7.17897987691853e-05,0.9999999999781276,6788.924892459648,1000,944.7943925233644,32,214,182.91989147582655,9568.742465019226,9013.126026095631,306.3105812072754,214,1747.0533833085165,315087.0,241.81244444847107,200000.0,381.0,21418.92737174034,76200000.0,827.0872926170634,381000.0
2.5229998e-08,3.32013e-10,568.88074,0.00074306334,1.22127e-10,0.00949679,9.352198,28.831112,28.822666,0.34944925,45.370125,0.49745542,46.603886,0.99999994,-0.668473,-1.0,10000,0.616567,0.0316739322352659,0.0304981509877572,0.0300413298138155,10,0.0004665407132591,1000,1000.0,1000,10,0.0,9608.81746673584,9594.631784534457,9562.135375022888,10,12.7905650972449,-57.43812651020915,-60.35700027718832,-62.38593988188542,10,1.6281979934371351,9958.84316499234,9945.148174499143,9923.994644810213,10,10.201581412148805,-11.021496177875555,-11.494047598985178,-12.212558760601484,10,0.3181121939952629,-269.795375,-276.9285014999999,-285.5005366666666,10,4.942877443265282,0.0,0.0,0.0,10,0.0,-1.6342895508060828,-1.736838143692215,-1.8203239065216028,10,0.0521902352829653,0.0,0.0,0.0,10,0.0,4.808408,-0.6211542,-4.43314,1000,0.86878943,0.1302324861872785,0.1303042759860476,9.055747067794655,7.17897987691853e-05,0.999999999982502,6879.432953480353,1000,449.5366972477064,17,436,288.69918796279325,9558.734908103945,4274.759780125881,162.22495937347412,436,2748.9915130974164,315523.0,420.97024297714233,200000.0,382.0,21839.897614717484,76400000.0,475.0929628317209,382000.0
2.5229983e-08,3.3182204e-10,564.2164,0.0007454892,1.2231767e-10,0.0094104055,9.371357,28.85726,28.84873,0.36493307,46.218945,0.517121,47.477463,1.0,-0.66934234,-1.0,10000,0.619284,0.0319007188253308,0.0306024745095492,0.0298994897765078,10,0.000542445976343,1000,1000.0,1000,10,0.0,9608.959468841553,9592.932671546936,9566.7100315094,10,12.540018540048242,-59.27763954632661,-63.35637515282593,-66.77742723003499,10,2.28563874103008,9963.778048656575,9947.131570963104,9923.637345583513,10,11.092086342982755,-10.205835415199392,-11.28679224870028,-12.737485679834949,10,0.7389400425962983,-274.006815,-277.8234325,-287.43078,10,4.107475486604624,0.0,0.0,0.0,10,0.0,-1.6824058019603083,-1.7322990062391426,-1.7930603211636662,10,0.0412278438393319,0.0,0.0,0.0,10,0.0,4.689145,-0.63049006,-4.687286,1000,0.86385024,0.1303401708854322,0.1304119606842014,9.012265380506896,7.17897987691853e-05,0.9999999999874014,7067.71712756405,1000,621.9806629834254,26,362,225.31142882146813,9540.821583747864,5919.3369011767,241.43400192260745,362,2144.126050528464,315885.0,915.401069164276,200000.0,383.0,22755.29868388176,76600000.0,218.4834677794203,383000.0
2.5229996e-08,3.2910635e-10,561.56494,-0.0002444711,1.2503362e-10,0.01035264,9.402162,28.93323,28.9244,0.37841132,47.187504,0.55095387,48.381805,1.0,-0.66694534,-1.0,10000,0.6234257,0.031667867402939,0.0310988349749444,0.0307557130640343,10,0.0002472400797539,1000,1000.0,1000,10,0.0,9603.10160636902,9593.70979280472,9581.428508758543,10,6.486835126572042,-58.372102592814485,-62.59027605446431,-67.19831405746538,10,2.2812694200844863,9961.388827513892,9949.947034167368,9940.927864522497,10,7.00460675967273,-10.52049180433714,-11.457251206974744,-12.54390905855752,10,0.5421497124201593,-276.0247966666666,-280.45558249999993,-285.9392283333333,10,2.944206165338624,0.0,0.0,0.0,10,0.0,-1.638924398140398,-1.7341348899391895,-1.8024481706034976,10,0.0436970139766033,0.0,0.0,0.0,10,0.0,4.2510176,-0.6282201,-4.9595494,1000,0.8707296,0.130447855583586,0.1305196453823552,9.050933474543912,7.17897987691853e-05,0.999999999991041,6895.347444726802,1000,401.08226691042046,22,547,264.1137410027195,9549.051082611084,3811.830515738161,208.12462711334229,547,2513.5168558969767,316432.0,986.955650806427,200000.0,384.0,23742.254334688187,76800000.0,202.64335062733863,384000.0
2.522998e-08,3.2478442e-10,560.4215,-0.00037026196,1.2935528e-10,0.010457849,9.401502,28.917084,28.908005,0.3713567,47.71139,0.5379911,48.938343,1.0,-0.6621669,-1.0,10000,0.63069826,0.0325101489972294,0.0318653680502291,0.0310126395569386,10,0.0005683183957485,1000,1000.0,1000,10,0.0,9613.264042854307,9599.548580360412,9578.947484970093,10,9.484061592788692,-60.28414278617821,-64.05096871242111,-68.72613514858091,10,2.911248542766887,9975.168147799268,9962.595945972567,9949.787642922409,10,7.746996887632556,-10.112509761407695,-11.258887843764148,-12.457886145739351,10,0.7293035633311034,-277.77956333333333,-285.9918713333333,-293.13377166666663,10,5.299017638306592,0.0,0.0,0.0,10,0.0,-1.6472324407376606,-1.7456363513925364,-1.8165726491498493,10,0.0586290104869391,0.0,0.0,0.0,10,0.0,4.933246,-0.62943256,-4.884422,1000,0.86773795,0.1305914351811244,0.1306632249798935,9.015844519648716,7.17897987691853e-05,0.9999999999941708,6175.014733867014,1000,529.5027322404371,28,366,358.8769576854471,9546.51251411438,5039.153089163733,256.47349548339844,366,3419.5663829805685,316798.0,1043.31529545784,200000.0,385.0,24785.569630146027,77000000.0,191.69660491964092,385000.0
2.522998e-08,3.2717581e-10,559.6632,-0.00016084302,1.2696386e-10,0.01023478,9.412552,28.932676,28.923698,0.37291542,47.628845,0.55439264,48.79464,1.0,-0.6582028,-1.0,10000,0.63683444,0.0333622146287671,0.0325876959344808,0.0318402040595392,10,0.0004143401342353,1000,1000.0,1000,10,0.0,9606.364833831787,9599.2844956398,9583.843687057495,10,7.024826815278758,-64.08672190787908,-67.73447462002039,-71.66383704883731,10,2.479737453261074,9981.379483641678,9971.097229878647,9958.477997996984,10,5.673365652771279,-10.96888824177287,-11.881081752851824,-12.569974036296223,10,0.452592327451549,-286.81661166666663,-290.4489786666667,-294.97627666666665,10,2.2809266865880025,0.0,0.0,0.0,10,0.0,-1.6545698375274274,-1.7481968950792002,-1.8293709830533456,10,0.0460650381738457,0.0,0.0,0.0,10,0.0,4.3433056,-0.6341055,-4.0768714,1000,0.86196876,0.1307350147786627,0.1308068045774319,9.076797250654176,7.17897987691853e-05,0.9999999999963304,5992.777314580801,1000,871.9449541284404,62,218,259.5438424318018,9564.813961029053,8315.690628250804,590.2595500946045,218,2477.515998463439,317016.0,995.4898085594176,200000.0,386.0,25781.059438705444,77200000.0,200.90612508572215,386000.0
2.5229982e-08,3.2569847e-10,560.2821,-8.897021e-05,1.2844127e-10,0.010174049,9.39457,28.866854,28.857864,0.36705437,46.723095,0.550132,47.89405,1.0,-0.6558313,-1.0,10000,0.63516545,0.0338029538841656,0.0325395040010713,0.0317961130624607,10,0.0006646281248451,1000,1000.0,1000,10,0.0,9612.34243965149,9600.928223133087,9576.271671295166,10,9.910127383527009,-61.93896946283482,-65.44901529091067,-70.27346584025948,10,2.356362227122241,9975.740050611976,9969.97702610413,9954.329536963742,10,5.88122849285049,-10.593366026008711,-11.452969204620828,-12.38469556217244,10,0.5228114580680806,-284.2722,-290.3963356666667,-297.16973499999995,10,4.097258045110859,0.0,0.0,0.0,10,0.0,-1.6878255442747334,-1.7504794351218091,-1.8015746585071823,10,0.030505111017362,0.0,0.0,0.0,10,0.0,4.9887924,-0.6226666,-5.104701,1000,0.8720504,0.1308426994768165,0.1309144892755857,9.090091274551526,7.17897987691853e-05,0.999999999997358,5975.357534158699,1000,553.4302325581396,23,430,279.3817069096684,9561.006663322449,5272.856794064544,221.29953956604004,430,2664.794817031376,317446.0,1035.2168459892273,200000.0,387.0,26816.27628469467,77400000.0,193.1962378460766,387000.0
2.5229983e-08,3.2535444e-10,560.2463,-0.00038245757,1.2878534e-10,0.010466891,9.382941,28.836843,28.827803,0.3520428,45.5193,0.5393675,46.66039,1.0,-0.65542024,-1.0,10000,0.6330497,0.0333878822492406,0.0322770581451564,0.0316585631507186,10,0.0004768541373535,1000,1000.0,1000,10,0.0,9620.19466972351,9609.382686805726,9600.285875320436,10,6.415653824338511,-55.70881717483345,-61.64967643163061,-69.4145506963045,10,4.043350106664263,9978.60288353697,9973.981496868306,9968.618605872482,10,3.2008962371865053,-10.111420462367082,-11.60449460340619,-12.97381676292296,10,0.7321550949992404,-285.58827499999995,-289.57159533333333,-292.60734166666657,10,2.077083436668359,0.0,0.0,0.0,10,0.0,-1.6917498539546303,-1.7730432022886824,-1.8059113462231229,10,0.0321766654795112,0.0,0.0,0.0,10,0.0,4.6794987,-0.6254462,-5.5447397,1000,0.86904496,0.1309503841749703,0.1310221739737394,9.139281415037294,7.17897987691853e-05,0.9999999999981212,6207.687307201295,1000,476.5086419753087,27,405,353.10089915921293,9556.84791469574,4541.076349640482,193.93795824050903,405,3370.8715399869093,317851.0,1005.8071613311768,200000.0,388.0,27822.08344602585,77600000.0,198.84527341732365,388000.0
2.5230003e-08,3.2814926e-10,560.7737,-0.00057690864,1.259908e-10,0.010670833,9.385974,28.830414,28.821508,0.35021883,42.506767,0.542678,43.59647,1.0,-0.6598779,-1.0,10000,0.6317611,0.0325948586032463,0.0321996230390148,0.0315081708488724,10,0.0003636504235596,1000,1000.0,1000,10,0.0,9628.776967048643,9617.1182888031,9606.137963294985,10,6.993754640953251,-57.17315555223959,-61.36898872922316,-66.26579478672369,10,2.5903634081884865,9985.50569471918,9980.25329358886,9971.556761395914,10,4.000488937683224,-10.354408049350068,-11.681261088272477,-12.786288878451725,10,0.7637623336348768,-280.1484983333333,-288.325711,-293.1337716666666,10,3.451095637328168,0.0,0.0,0.0,10,0.0,-1.6527833421529354,-1.7590440145748172,-1.8235501678512027,10,0.045956657270551,0.0,0.0,0.0,10,0.0,5.1433105,-0.6191531,-4.7584386,1000,0.8749057,0.1311298586718932,0.1312016484706624,9.223070746946538,7.17897987691853e-05,0.9999999999988908,4768.211140261763,1000,376.41379310344826,25,522,266.11928237808786,9529.095809936523,3582.789724795298,234.19400882720947,522,2535.4127510077697,318373.0,969.7441873550416,200000.0,389.0,28791.82763338089,77800000.0,206.23995751446176,389000.0
2.5230014e-08,3.3004086e-10,561.1507,-0.00059914676,1.2409941e-10,0.01069986,9.374622,28.79523,28.78661,0.36290342,38.834858,0.5416896,39.9129,1.0,-0.6656108,-1.0,10000,0.62805176,0.0322341962514183,0.0317420139106405,0.0309813426092005,10,0.0003652744903134,1000,1000.0,1000,10,0.0,9633.95572757721,9624.623395633698,9618.295818328856,10,4.689681746363984,-55.6013071242758,-58.2697107887624,-60.70936527362117,10,1.4088720863333306,9985.543392629592,9981.553084810455,9975.970143027738,10,3.1394555326655964,-9.49713482451083,-10.919769679749216,-12.231415941717987,10,0.7107544499743833,-278.9201616666667,-286.0181928333333,-291.5544816666667,10,3.681341965502825,0.0,0.0,0.0,10,0.0,-1.6602652006758896,-1.7220137777915143,-1.796967251752314,10,0.041094163245517,0.0,0.0,0.0,10,0.0,4.143574,-0.63070756,-4.8097935,1000,0.86250347,0.1313093331688161,0.1313811229675853,9.280678766708553,7.17897987691853e-05,0.9999999999993844,4029.787961559132,1000,444.9757085020243,24,247,232.66531586700663,9562.874516487122,4240.493253907694,227.52570915222168,247,2218.5137491287783,318620.0,1033.476371049881,200000.0,390.0,29825.30400443077,78000000.0,193.5215991409899,390000.0
2.522998e-08,3.2991176e-10,560.9517,-0.00024293379,1.2422789e-10,0.010340065,9.3670635,28.772541,28.763758,0.36679652,35.487095,0.5410534,36.568184,1.0,-0.67399234,-1.0,10000,0.6234485,0.0321957080351858,0.0312196519159653,0.0303306782875879,10,0.0006057069012344,1000,1000.0,1000,10,0.0,9646.617486953735,9631.4188744545,9620.984108924866,10,6.679204678194254,-54.19785333123548,-57.802539618609885,-64.38057494929126,10,2.9446594280406098,9991.452762723877,9985.095834656098,9977.309926713146,10,3.574070851461055,-9.779099147222563,-11.083278129602942,-12.191147373323988,10,0.6574621138607579,-276.5512266666666,-283.0438633333333,-288.9223316666666,10,3.859888404401007,0.0,0.0,0.0,10,0.0,-1.6890395588306102,-1.747273020011756,-1.803535245666858,10,0.0372739948709015,0.0,0.0,0.0,10,0.0,4.504588,-0.62544477,-5.0832424,1000,0.87215,0.1315247025651237,0.1315964923638929,9.320823458074525,7.17897987691853e-05,0.9999999999996688,3879.4619458064817,1000,461.309667673716,24,662,366.4596265379952,9585.762657165527,4399.63463543585,222.2778491973877,662,3505.307055364427,319282.0,1021.2260808944702,200000.0,391.0,30846.53008532524,78200000.0,195.8430202103968,391000.0
2.5229996e-08,3.2683334e-10,564.23944,-0.0008464132,1.2730662e-10,0.011002724,9.368312,28.756687,28.747757,0.35989034,31.416807,0.48175395,32.52184,1.0,-0.677991,-1.0,10000,0.6170399,0.0310011981254647,0.0303704605172359,0.0298231747375539,10,0.0003914389512791,1000,1000.0,1000,10,0.0,9644.68770980835,9638.841063022614,9620.50684261322,10,7.181697740267067,-53.11069250829361,-56.15708420377141,-59.74926542830831,10,2.47103413959468,9987.43973660004,9982.510298158952,9973.243678404284,10,4.14637974348052,-9.71382602297099,-10.459523941723612,-11.506783433077668,10,0.5862315866526753,-269.3566833333333,-275.36675916666667,-281.4645733333333,10,4.267953644994629,0.0,0.0,0.0,10,0.0,-1.588573957309256,-1.685871699511812,-1.7882134661706188,10,0.0567265349356489,0.0,0.0,0.0,10,0.0,4.2131796,-0.63773507,-4.1683564,1000,0.85860974,0.1317400719614312,0.1318118617602004,9.346397841946589,7.17897987691853e-05,0.9999999999998386,4404.968547895324,1000,873.9615384615385,26,208,252.1847774594028,9586.825867652891,8353.455713884188,227.30051279067996,208,2412.5083968326485,319490.0,962.0786163806916,200000.0,392.0,31808.608701705933,78400000.0,207.8832193073717,392000.0
2.5229982e-08,3.2731268e-10,565.1677,-0.00068906514,1.2682702e-10,0.010862085,9.335136,28.669981,28.660975,0.34162802,29.401176,0.4284237,30.584091,1.0,-0.6796799,-1.0,10000,0.61434597,0.0306893852578214,0.0301271675970143,0.0289081952573469,10,0.0004994229086723,1000,1000.0,1000,10,0.0,9648.950318336489,9638.642808914185,9626.381035804749,10,5.8000397588660775,-52.14018352828916,-55.56585803865754,-57.55043734281781,10,1.4560249383771262,9987.01516111181,9978.417681015391,9968.27615272594,10,4.907442447763876,-9.153853063396124,-10.120734657642435,-11.445285406653984,10,0.605865385323203,-260.40737333333334,-272.42752499999995,-277.86730166666666,10,4.522228102450461,0.0,0.0,0.0,10,0.0,-1.5670221847899048,-1.660753635882474,-1.7314069891977353,10,0.0484282717374177,0.0,0.0,0.0,10,0.0,4.224209,-0.6341587,-5.060307,1000,0.86507773,0.131847756659585,0.1319195464583542,9.303012176624502,7.17897987691853e-05,0.999999999999884,4929.827858196334,1000,523.5892420537897,26,409,324.26111227022176,9573.15488910675,5000.037578487746,252.88101768493647,409,3101.566879554892,319899.0,1007.7734670639038,200000.0,393.0,32816.38216876984,78600000.0,198.45729872477168,393000.0
2.5229987e-08,3.2693914e-10,566.42584,-0.00026632537,1.2720075e-10,0.010461991,9.301849,28.568401,28.559416,0.32391515,29.445265,0.38328227,30.7266,1.0,-0.68622684,-1.0,10000,0.61285686,0.0307857095356303,0.0297415853442973,0.0288014549907966,10,0.0006127936100663,1000,1000.0,1000,10,0.0,9658.015746116638,9643.10390138626,9633.888269424438,10,8.103084651616093,-50.91112821858962,-54.24782469587778,-57.043198466447606,10,2.1615256858887664,9985.065315760825,9977.537932218636,9969.783959020908,10,4.799611445455947,-10.275938202328756,-10.908385388460612,-12.012726719267125,10,0.5203287748494904,-261.7234483333333,-267.6633335,-277.95503999999994,10,4.972225094591529,0.0,0.0,0.0,10,0.0,-1.5079465776741614,-1.614485807327015,-1.6914408872695776,10,0.0472565390083732,0.0,0.0,0.0,10,0.0,5.1654735,-0.64280015,-4.8952646,1000,0.8572096,0.1319554413577388,0.1320272311565079,9.217649452313672,7.17897987691853e-05,0.9999999999999174,4389.677545898322,1000,443.2631578947368,25,266,227.6584598844176,9570.579330444336,4231.993421107307,209.65579557418823,266,2174.6844906091483,320165.0,989.70161318779,200000.0,394.0,33806.083781957626,78800000.0,202.08110943237517,394000.0
2.5229982e-08,3.268408e-10,565.83624,-1.4757077e-05,1.272989e-10,0.0101998085,9.281217,28.483753,28.474726,0.31871107,32.00907,0.38193426,33.353832,1.0,-0.6900077,-1.0,10000,0.614664,0.0302517062122206,0.029627052953621,0.0287258479633455,10,0.0004792720423224,1000,1000.0,1000,10,0.0,9651.636877059937,9642.060895633698,9631.71553325653,10,7.962313748829613,-53.343161201708384,-56.45452745874995,-58.96881991321279,10,2.161107924074732,9985.248268431547,9973.924604851612,9962.398238687409,10,7.737239623795144,-9.98605930251822,-10.777709383980852,-11.4997520761263,10,0.5060527031724891,-254.002475,-263.07461866666665,-271.19918833333327,10,4.71510080843393,0.0,0.0,0.0,10,0.0,-1.471870979442761,-1.556851489175358,-1.6432113473874923,10,0.0581172967226888,0.0,0.0,0.0,10,0.0,4.323779,-0.64016277,-4.635112,1000,0.86433893,0.1320272311565079,0.1320990209552771,9.139579452116358,7.17897987691853e-05,0.999999999999934,5024.617171186736,1000,666.805,18,400,311.94179260721063,9586.148266792296,6372.955581235886,165.02862453460693,400,2984.1140744025315,320565.0,973.5716116428376,200000.0,395.0,34779.655393600464,79000000.0,205.4291616643518,395000.0
2.522998e-08,3.2763553e-10,566.0393,-0.0001502442,1.2650414e-10,0.010338951,9.279647,28.452204,28.44326,0.31499678,35.089,0.38785076,36.455246,1.0,-0.69134086,-1.0,10000,0.6095767,0.0299525771125772,0.0291425606373493,0.0285241168144129,10,0.0004655389250481,1000,1000.0,1000,10,0.0,9651.749361038208,9635.234791374209,9624.080063819883,10,7.08592574645439,-56.72061496219713,-58.13730330788627,-61.95112753013907,10,1.6521230696665865,9979.307182609726,9968.259932179157,9960.729039109629,10,5.409140024367615,-9.384664495454825,-10.211458008975663,-10.818245614279164,10,0.4242567938867558,-256.9855783333333,-263.057071,-269.795375,10,3.3073511437113,0.0,0.0,0.0,10,0.0,-1.5618503086909572,-1.619308250673665,-1.683764541335811,10,0.0428153202062013,0.0,0.0,0.0,10,0.0,4.0607243,-0.64548457,-4.5878863,1000,0.86011356,0.1321349158546617,0.1322067056534309,9.08408047926375,7.17897987691853e-05,0.9999999999999524,5825.580154909037,1000,642.9131944444445,15,288,314.3825895365143,9582.716654777529,6137.77418871762,138.25614070892334,288,3007.208583498299,320853.0,1028.452700138092,200000.0,396.0,35808.10809373856,79200000.0,194.4668918396983,396000.0
2.522998e-08,3.2534384e-10,563.78894,0.0005275336,1.287958e-10,0.0096206665,9.272403,28.442204,28.433552,0.3179362,39.62178,0.39562792,41.026497,1.0,-0.6748136,-1.0,10000,0.6178362,0.0307572601732535,0.0301536137165472,0.0295160964123642,10,0.000410904085044,1000,1000.0,1000,10,0.0,9632.865950584412,9618.43666715622,9599.35371875763,10,10.076529756694622,-58.07864936740373,-61.25821562860299,-65.12788709541837,10,2.0832940044044985,9976.282842430855,9965.670841984424,9951.646743485166,10,8.849146956320144,-9.751711633798356,-10.711092866591295,-11.30233061264071,10,0.4743753202115609,-267.0754866666666,-273.53302799999994,-277.86730166666666,10,3.237817927704037,0.0,0.0,0.0,10,0.0,-1.6507134398556245,-1.731842228631002,-1.7949651819456407,10,0.0497257109170727,0.0,0.0,0.0,10,0.0,4.3625174,-0.64939755,-4.2670174,1000,0.8544464,0.1322426005528155,0.1323143903515846,8.990926794727908,7.17897987691853e-05,0.999999999999966,6483.890255746729,1000,908.1071428571428,37,224,236.84352343232172,9590.682782173157,8682.456087623324,340.898476600647,224,2267.2745735740505,321077.0,989.89373087883,200000.0,397.0,36798.001824617386,79400000.0,202.04188971117085,397000.0
2.522998e-08,3.248911e-10,560.56665,4.595347e-05,1.2924856e-10,0.010044247,9.294775,28.49562,28.48681,0.3522098,44.3392,0.45044702,45.69137,1.0,-0.666495,-1.0,10000,0.62927103,0.0323956270040216,0.0313498847263777,0.0306302106849179,10,0.000568980128359,1000,1000.0,1000,10,0.0,9625.319319725037,9609.287397766111,9589.649965286257,10,9.98993382567848,-58.101809650639154,-65.03595465505796,-69.90241847439005,10,3.116133047511803,9974.107679550612,9969.077003471542,9956.35677334286,10,5.333132357997796,-9.926082307276811,-11.023329580625106,-12.337850520317607,10,0.6679847423395073,-273.21716999999995,-281.9734556666666,-289.799715,10,5.293290807410069,0.0,0.0,0.0,10,0.0,-1.671357420098412,-1.7568678749285425,-1.8255760367083156,10,0.0555086482335741,0.0,0.0,0.0,10,0.0,4.4630303,-0.64019805,-5.21875,1000,0.8620931,0.1323502852509692,0.1324220750497384,8.97150699762537,7.17897987691853e-05,0.9999999999999756,6366.124189074626,1000,466.7770833333333,23,480,180.4282818504157,9566.468236923218,4448.004191075762,216.84095573425293,480,1717.8541439326084,321557.0,997.2489895820618,200000.0,398.0,37795.25081419945,79600000.0,200.5517198706997,398000.0
2.5230031e-08,3.2205041e-10,559.7846,-0.0015624374,1.320902e-10,0.01163856,9.307083,28.524588,28.515364,0.35392562,48.31619,0.45358497,49.654156,1.0,-0.66327703,-1.0,10000,0.6403015,0.0336528763386159,0.0324970473198438,0.0317255279680684,10,0.000576830470372,1000,1000.0,1000,10,0.0,9614.454847335815,9604.506036949158,9582.144143104551,10,10.171677715422296,-66.54850983491392,-70.61969537036808,-74.64840449344092,10,2.2838025146483494,9982.675573150404,9976.71926508433,9950.515025037095,10,9.00831391521617,-10.315093696542132,-11.951900160046602,-13.253133288042164,10,0.8125031769832277,-281.9910033333333,-287.8957931666666,-298.5735483333333,10,4.710992954522399,0.0,0.0,0.0,10,0.0,-1.6984089868485703,-1.7458422393516302,-1.8048636036061816,10,0.0302986966503659,0.0,0.0,0.0,10,0.0,3.8925016,-0.6449133,-4.304014,1000,0.8574294,0.132457969949123,0.1325297597478922,8.950464674213926,7.17897987691853e-05,0.9999999999999828,6878.391357016239,1000,962.9653465346536,42,202,142.88278027161718,9581.050387382507,9191.355388698012,367.36208391189575,202,1366.4036708132198,321759.0,1037.5584151744845,200000.0,399.0,38832.80922937393,79800000.0,192.76023120719077,399000.0
2.5229987e-08,3.3129902e-10,560.31464,0.0007419758,1.2284081e-10,0.009343689,9.322724,28.556105,28.547707,0.34556615,51.22472,0.44651523,52.53285,1.0,-0.6610689,-1.0,10000,0.64885634,0.034180128817723,0.0333363585666753,0.0324281477906479,10,0.0005580720228084,1000,1000.0,1000,10,0.0,9613.345396995544,9594.373609161375,9531.167850971222,10,24.28457525564983,-69.73354511189055,-71.61540879074147,-73.40327032301005,10,1.123485816032424,9990.733257934937,9972.77271839327,9912.189015315384,10,23.563043709412263,-11.524357103681297,-13.097086716461469,-14.797968839498704,10,0.9237741620633846,-286.2901816666666,-291.9493041666666,-297.0819966666666,10,3.393387089819215,0.0,0.0,0.0,10,0.0,-1.6575535966841828,-1.7373064746635236,-1.7848539087478863,10,0.039369476578155,0.0,0.0,0.0,10,0.0,4.6344686,-0.6382465,-4.831545,1000,0.8703674,0.1325656546472768,0.1326374444460459,8.962567283704505,7.17897987691853e-05,0.9999999999999876,6209.602922567135,1000,545.9728395061728,35,405,279.1016129896398,9558.514388084412,5209.041011322869,328.34166049957275,405,2666.5154648520843,322164.0,384.3015062808991,200000.0,400.0,39217.111251831055,80000000.0,520.4247101072074,400000.0
2.5229983e-08,3.2651837e-10,559.6641,-0.00026553354,1.276214e-10,0.010339486,9.337528,28.570515,28.561735,0.32989123,52.38636,0.44350788,53.61733,1.0,-0.6660126,-1.0,10000,0.64774793,0.0339243057958519,0.0331923455472715,0.0323479141125426,10,0.0005358587867236,1000,1000.0,1000,10,0.0,9619.094709396362,9608.344025707243,9599.412613868712,10,6.144196341460324,-68.10494058775683,-70.96292749148236,-74.98752330621299,10,2.369642486398542,9990.729878785638,9985.057576696216,9981.002032334663,10,3.355394443808592,-13.24386686904658,-14.536041170805234,-15.583340187015692,10,0.7408578093506951,-284.79863,-289.4926308333333,-294.0111549999999,10,3.0472497039025126,0.0,0.0,0.0,10,0.0,-1.6544631093332418,-1.7219518900299249,-1.7895424056927245,10,0.0442207155612086,0.0,0.0,0.0,10,0.0,5.104019,-0.63296086,-4.965526,1000,0.8750613,0.1327092342448151,0.1327810240435843,9.030823359339385,7.17897987691853e-05,0.999999999999992,5948.084136376957,1000,476.3429256594724,25,417,200.06860910506245,9555.961207389832,4543.780560889886,233.79395294189453,417,1909.3060792592669,322581.0,231.67986011505127,200000.0,401.0,39448.791111946106,80200000.0,863.2601897319897,401000.0
2.5229982e-08,3.2300912e-10,560.4806,-0.001525459,1.3113056e-10,0.01161411,9.384057,28.650246,28.641119,0.3538831,49.0742,0.5661458,50.072964,1.0,-0.6599826,-1.0,10000,0.6517933,0.0352571598874492,0.0336990295300027,0.032806815572243,10,0.0007872478628098,1000,1000.0,1000,10,0.0,9613.01239013672,9596.81736869812,9578.7821931839,10,7.923253365622799,-67.53415437262626,-73.8124627523349,-82.77831307804213,10,4.0843132241929725,9987.299902174658,9981.211280029684,9969.240530282384,10,4.814310468367776,-14.074427316313734,-15.771628902569253,-17.165988330883607,10,0.824303293259576,-286.2024433333333,-293.1074501666666,-306.82095166666664,10,5.641793151555947,0.0,0.0,0.0,10,0.0,-1.6365347763022653,-1.7023674782786025,-1.7524719945793896,10,0.0409072756042504,0.0,0.0,0.0,10,0.0,4.759728,-0.622457,-4.5796494,1000,0.8849239,0.1328528138423535,0.1329246036411226,9.262733541643213,7.17897987691853e-05,0.9999999999999948,4664.158282782351,1000,187.24432809773123,30,573,120.23401987745544,9529.692026138306,1779.291341521561,283.4989900588989,573,1145.5676123786686,323154.0,223.2951328754425,200000.0,402.0,39672.08624482155,80400000.0,895.6755905269243,402000.0
2.5229983e-08,3.2440114e-10,565.1603,-0.0007872015,1.2973855e-10,0.010960085,9.373354,28.612534,28.604021,0.35958707,41.03427,0.5416033,41.950592,1.0,-0.6640241,-1.0,10000,0.6378908,0.0329011028518871,0.0322357234458744,0.0310985464288824,10,0.0006077237183305,1000,1000.0,1000,10,0.0,9644.663540840147,9631.267359352112,9619.828365325928,10,7.967386646634102,-56.34461358611431,-60.49463210745069,-63.37170851528288,10,2.229787865351423,9994.993214139537,9989.351289020771,9981.612340256825,10,3.855812024709699,-12.384427783768814,-13.55414114938868,-14.578516137351766,10,0.8423119266165051,-273.9190766666667,-282.37705199999994,-287.07982666666663,10,4.259639608748524,0.0,0.0,0.0,10,0.0,-1.607626969848727,-1.6581038280851137,-1.6847000694222714,10,0.0235999760373024,0.0,0.0,0.0,10,0.0,5.339536,-0.62562877,-5.347828,1000,0.87686735,0.1329963934398919,0.133068183238661,9.430365662638302,7.17897987691853e-05,0.9999999999999968,4928.975098645347,1000,574.9250585480094,23,427,235.9788106326912,9556.63342666626,5480.992165717922,221.01318073272705,427,2249.2978114930265,323581.0,233.06775784492493,200000.0,403.0,39905.15400266647,80600000.0,858.1195522251214,403000.0
2.5230035e-08,3.161524e-10,570.26935,-0.0018051132,1.3798825e-10,0.012069962,9.370912,28.614656,28.606216,0.3739181,31.85376,0.51461387,32.72891,1.0,-0.6628042,-1.0,10000,0.6315425,0.0321634776733553,0.0314961137077247,0.0308620220092561,10,0.0004288496795515,1000,1000.0,1000,10,0.0,9656.42460823059,9647.565699577332,9641.970630645752,10,4.118090743332401,-52.50268416669323,-56.65749961269911,-60.19997662260008,10,2.06721143429651,9994.63944356732,9992.4959449309,9987.001449854995,10,2.2603131912750887,-10.63105365327156,-11.5129087342693,-12.506712076884714,10,0.538398722454417,-268.0406083333333,-275.1737348333333,-279.53432999999995,10,3.5274847478282982,0.0,0.0,0.0,10,0.0,-1.5144983294147796,-1.5861003304047598,-1.6400990387824512,10,0.041337464699251,0.0,0.0,0.0,10,0.0,4.349676,-0.6238836,-5.4027624,1000,0.8759411,0.1332117628361994,0.1332835526349686,9.569461281168383,7.17897987691853e-05,0.9999999999999982,4307.889466776936,1000,330.6948051948052,24,770,196.22643717995464,9567.862580299376,3155.5357060500555,225.2172508239746,770,1874.551250458992,324351.0,252.37372303009036,200000.0,404.0,40157.52772569656,80800000.0,792.4755303314765,404000.0
2.5229983e-08,3.1515673e-10,577.7693,-0.0018913924,1.3898298e-10,0.01229124,9.38645,28.648167,28.639784,0.3666802,21.879631,0.48329753,22.72813,1.0,-0.6394404,-1.0,10000,0.62816674,0.0323522564220911,0.0318056780058046,0.0312693825221358,10,0.000332596935761,1000,1000.0,1000,10,0.0,9648.29689502716,9641.306416988373,9631.226813316343,10,4.549293467994791,-54.78416820996337,-58.54550853603583,-61.469498224284415,10,2.0719898686919613,9996.071273056408,9992.148791245325,9988.112630842852,10,2.538618490351094,-10.181211979935693,-11.036793813728554,-11.432566375656656,10,0.3519908297580662,-275.059675,-279.63084216666664,-286.81661166666663,10,3.360378166666663,0.0,0.0,0.0,10,0.0,-1.5896655574612517,-1.6292284363892933,-1.683567201195033,10,0.0319955664680365,0.0,0.0,0.0,10,0.0,4.429961,-0.61168903,-5.020353,1000,0.8680524,0.1334630271318915,0.1335348169306607,9.697216205088264,7.17897987691853e-05,0.9999999999999992,3583.11431371148,1000,361.08719851577,22,539,208.59133022676065,9561.658281326294,3446.477398294686,201.8988971710205,539,1992.7353763232925,324890.0,220.66388845443728,200000.0,405.0,40378.191614151,81000000.0,906.3558219735444,405000.0
2.523007e-08,3.129621e-10,583.7005,-0.0031810391,1.4117917e-10,0.013687648,9.374092,28.619385,28.61061,0.35849503,12.652901,0.45326045,13.515842,0.99999964,-0.61843264,-1.0,10000,0.61665976,0.0317247458756173,0.0312779380598774,0.0308391713471355,10,0.0003152614697942,1000,1000.0,1000,10,0.0,9647.101630210876,9644.167725372314,9638.09422969818,10,2.356091742082487,-53.73921741042616,-56.368837402916846,-58.15166110763012,10,1.547255709783665,9996.00504906926,9994.023956184468,9990.88226747377,10,1.5689923150984817,-9.699271752964282,-10.288069983368842,-11.08163151877967,10,0.4697137944237073,-279.00789999999995,-281.4908948333333,-284.35993833333333,10,1.8215162650427437,0.0,0.0,0.0,10,0.0,-1.6541296624774533,-1.7084302109887322,-1.7474735206158631,10,0.0285541683419349,0.0,0.0,0.0,10,0.0,4.906229,-0.59309673,-4.731444,1000,0.8650831,0.133678396528199,0.1337501863269682,9.774728354276624,7.17897987691853e-05,0.9999999999999996,3085.5052304508245,1000,314.2371323529412,19,544,227.4079177330001,9556.52020740509,2993.022266911233,183.83595752716064,544,2170.061078698905,325434.0,220.40009236335757,200000.0,406.0,40598.59170651436,81200000.0,907.440636051434,406000.0
2.5230001e-08,3.154156e-10,589.64966,-0.002888402,1.3872443e-10,0.013502096,9.328813,28.527145,28.51827,0.33958235,5.2810125,0.3933143,6.287329,0.99999994,-0.61999017,-1.0,10000,0.6125054,0.0319241542859672,0.0311591852206474,0.0307086115611455,10,0.0003647134507359,1000,1000.0,1000,10,0.0,9644.506581306458,9635.092798519134,9627.4252948761,10,5.199933286699495,-49.75492528485856,-54.05907246666061,-59.1436767124404,10,2.6016648024096107,9992.455363166577,9988.221593268789,9983.73349347866,10,2.865383242700188,-9.411106685825953,-10.242752409895852,-11.140355734323444,10,0.4955822372047864,-282.07874166666664,-286.9920883333333,-293.5724633333333,10,3.6799929656789576,0.0,0.0,0.0,10,0.0,-1.7756253027290296,-1.8348841792178603,-1.914837375968778,10,0.0413412570818103,0.0,0.0,0.0,10,0.0,4.935959,-0.59296924,-5.5079513,1000,0.8469809,0.1338219761257374,0.1338937659245066,9.707706720308623,7.17897987691853e-05,0.9999999999999998,3354.1265474611478,1000,469.19083969465646,26,262,230.45171753441565,9562.359416007996,4471.904643592034,213.5340657234192,262,2195.8523337083348,325696.0,211.1505904197693,200000.0,407.0,40809.74229693413,81400000.0,947.1912894129172,407000.0
2.522998e-08,3.220528e-10,594.8398,-0.0017193643,1.3208687e-10,0.012426481,9.308365,28.482182,28.473806,0.29489416,2.5603251,0.32590923,3.7496216,1.0,-0.64003676,-1.0,10000,0.61418474,0.0314223685565957,0.0308672416995192,0.0302319003652519,10,0.0003914850693539,1000,1000.0,1000,10,0.0,9646.577228546144,9631.436812973025,9611.371180534365,10,9.117894306244786,-52.6078305860586,-54.07817777252557,-56.181166286447166,10,1.2175476789267876,9993.197750894342,9981.212709871572,9966.325175906368,10,7.119338337433145,-9.37373981109567,-10.13444526664155,-10.70968753094656,10,0.3772712668463352,-279.9730216666666,-283.7545438333333,-289.88745333333327,10,3.2278764701541807,0.0,0.0,0.0,10,0.0,-1.721729189424731,-1.8087234358552844,-1.8754245779279295,10,0.0419109883054687,0.0,0.0,0.0,10,0.0,4.5490685,-0.6058062,-5.0713058,1000,0.85113114,0.1339655557232757,0.1340373455220449,9.574480559531874,7.17897987691853e-05,0.9999999999999996,4250.972305794707,1000,512.8628158844765,19,554,348.3221245918172,9575.927115440369,4892.877911255247,182.65622806549072,554,3330.2847070219104,326250.0,212.5357749462128,200000.0,408.0,41022.27807188034,81600000.0,941.018047670397,408000.0
2.522998e-08,3.2628883e-10,601.88727,-0.0023425254,1.2785084e-10,0.013176494,9.341051,28.56185,28.553776,0.2711853,2.4339573,0.32409653,3.7004437,1.0,-0.65963304,-1.0,8387,0.6216353,0.0320570673597249,0.029468648574436,0.0143830194601495,10,0.0050520348478361,1000,838.7,27,10,331.0818780906016,9635.736592292786,8078.258051109314,263.7479991912842,10,3187.593394793584,-1.9785404762096703,-43.54699465065546,-54.16718046045524,10,17.195682868300494,9983.668615209626,8368.198227091365,269.6732139496802,10,3304.0572956843166,-0.060922247454343,-9.164578192038205,-11.867825306787475,10,3.7336795943722376,-3.8604866666666666,-235.7704493333333,-289.0978083333333,10,95.09375721675684,0.0,0.0,0.0,10,0.0,-0.0252639680304564,-1.458155151899265,-1.8035233094453096,10,0.5892930194227297,0.037037037037037,0.0039814814814814,0.0,10,0.0110495982460529,5.1421633,-0.6240604,-5.1966825,1000,0.86261266,0.1342527149183525,0.1343245047171216,9.528864883218828,7.17897987691853e-05,0.9999999999999998,3324.100022209072,1000,219.97272727272727,18,990,161.41982487370922,9527.700952529907,2093.9606033520263,142.51302814483645,990,1536.2591325958883,327240.0,209.88878989219663,200000.0,409.0,41232.16686177254,81800000.0,952.8855738447216,409000.0
2.5229992e-08,3.262391e-10,608.2274,-0.0018752199,1.2790076e-10,0.0128233135,9.350372,28.58273,28.574862,0.28035027,4.1025,0.30479208,5.501392,1.0,-0.6842132,-1.0,2280,0.62598324,0.0345214715764027,0.0294951806138167,0.0234839919260897,10,0.0034800931147896,510,228.0,39,10,142.99650345375582,4908.132221221924,2198.870035266876,380.2423105239868,10,1375.6281106350132,-1.804426480700961,-11.971737497842064,-26.9235240942009,10,7.123291471534606,5093.003934909862,2276.89858213173,389.9960235777797,10,1428.029487875364,-0.3631789784329927,-2.7616138874436715,-6.5528458514541885,10,1.899293883201463,-7.545496666666667,-62.89961116666666,-150.47124166666663,10,43.3206445982918,0.0,0.0,0.0,10,0.0,-0.0406111379613284,-0.3955847939509473,-0.9240999249316916,10,0.2653409729781348,0.0256410256410256,0.0073117971432045,0.0019607843137254,10,0.0066057049182399,4.3938403,-0.6583306,-4.158059,1000,0.8472818,0.1346475588115829,0.1347193486103521,9.399522073042537,7.17897987691853e-05,1.0,1875.980521283892,1000,192.8442064264849,20,1027,168.42771709002062,9575.234276771544,1845.7589578563536,195.68928337097168,1027,1609.7174016301265,328267.0,208.5341019630432,200000.0,410.0,41440.70096373558,82000000.0,959.0757488453584,410000.0
2.5229982e-08,3.2855715e-10,612.7668,-0.001108646,1.2558254e-10,0.012138448,9.370364,28.630062,28.622297,0.34289932,10.349317,0.33141467,11.923874,1.0,-0.6866783,-1.0,2277,0.63821965,0.0343538771886748,0.0305590336785519,0.0240952247752442,10,0.0028708582293306,644,227.7,101,10,168.35560578727396,6186.411068916321,2192.8101699829103,980.1962070465088,10,1617.8328902943608,-4.986155987175485,-13.047242505939565,-36.180007927136,10,9.174917196916748,6427.921505473665,2272.858481714288,1008.7350242505288,10,1681.308944534392,-0.8518100642305635,-2.8741956386545366,-9.734587245706336,10,2.605952714433122,-22.548751666666664,-63.74189916666667,-194.42814666666663,10,51.64626275261157,0.0,0.0,0.0,10,0.0,-0.1520931066126349,-0.3849750789953355,-1.1676891077444889,10,0.3073744788743691,0.0099009900990099,0.0062729034713311,0.0015527950310559,10,0.0028729895729732,4.3299327,-0.6740132,-4.603142,1000,0.8547422,0.135088087122212,0.1351207188489253,9.15137751660279,7.17897987691853e-05,0.8167144727272727,1159.9250875344662,913,117.69681456200227,17,1758,94.99054321580222,8748.992730140686,1127.2847785667618,142.37665557861328,1758,908.6255332807692,330025.0,216.81256079673767,200000.0,411.0,41657.51352453232,82200000.0,922.4557805370904,411000.0
2.5230001e-08,3.1767816e-10,613.9034,-0.000429046,1.364619e-10,0.011479307,9.388716,28.657917,28.650293,0.447312,19.810843,0.46626887,21.383068,1.0,-0.694567,-1.0,10000,0.6244947,0.0316198415883554,0.0305150523825752,0.029747577137241,10,0.0005780815902336,1000,1000.0,1000,10,0.0,9645.88803100586,9636.698769569395,9616.052760124208,10,8.74080600703349,-52.79112136577733,-56.26470991466643,-59.94316111113309,10,2.129710407609025,9988.75332106359,9979.543703606383,9965.284506454776,10,6.345307720272492,-11.727796393106615,-12.668258456316742,-13.490246073405167,10,0.4518205421909211,-267.2509633333333,-272.216953,-276.2002733333333,10,3.374038041262509,0.0,0.0,0.0,10,0.0,-1.6388767363573131,-1.69501170650464,-1.7414787069844584,10,0.0348158383194365,0.0,0.0,0.0,10,0.0,4.7727857,-0.65819526,-5.2032638,1000,0.86592966,0.1354372465980439,0.1355090363968131,8.993959413049703,7.17897987691853e-05,0.8790089310207998,1357.866578602617,879,185.14958448753464,19,1083,132.0363620113003,8393.279662132263,1770.0291764405956,163.79727745056152,1083,1261.449869849168,331108.0,218.1634304523468,200000.0,412.0,41875.676954984665,82400000.0,916.7439271802511,412000.0
2.522998e-08,3.215066e-10,614.70526,1.0450383e-05,1.3263309e-10,0.011054244,9.411,28.692081,28.684113,0.5299006,27.629564,0.69784766,29.038391,1.0,-0.7039673,-1.0,10000,0.6122664,0.0300734423032699,0.0292157254063655,0.0281473802745313,10,0.0005282550147447,1000,1000.0,1000,10,0.0,9634.951743125916,9623.71363916397,9610.041465759276,10,7.62027525270208,-59.4344466914986,-61.76430936956693,-66.39169326813254,10,2.3302151292200297,9973.362216823902,9966.229098938624,9961.364877312562,10,4.124441986935469,-11.212386406309538,-11.954165883370113,-13.147130367973588,10,0.5617170863931268,-259.4422516666666,-267.0491651666667,-275.23515166666664,10,4.860901628189041,0.0,0.0,0.0,10,0.0,-1.679261271950328,-1.7478213179111304,-1.8792416126348752,10,0.0571120800401227,0.0,0.0,0.0,10,0.0,4.402113,-0.65880495,-5.4749885,1000,0.8567263,0.1357244057931206,0.1357961955918898,9.00125598561079,7.17897987691853e-05,0.953575698497536,2114.5170180061423,1000,674.5464285714286,20,280,324.61981827334006,9577.446553230286,6443.492759375062,188.9664869308472,280,3102.115173498105,331388.0,211.413813829422,200000.0,413.0,42087.09076881409,82600000.0,946.0119770667816,413000.0
2.522998e-08,3.2432004e-10,608.9409,0.00069483503,1.2981957e-10,0.010266101,9.358581,28.557695,28.549093,0.5221553,35.55838,0.80922633,36.96921,1.0,-0.7080827,-1.0,10000,0.6077431,0.0294049320872145,0.0287892395899703,0.028153406062207,10,0.0004379517474373,1000,1000.0,1000,10,0.0,9614.429913520811,9607.239219951627,9595.947934150696,10,5.264381068189434,-66.27245654279922,-69.64372332091118,-74.35348270442486,10,2.2202207951357638,9966.185890749188,9957.999992481906,9943.233855996834,10,6.681837146173678,-10.812044107537574,-12.405828724610569,-13.576987522889835,10,0.8120323976199552,-261.372495,-266.89123616666666,-271.2869266666666,10,3.1757034889403237,0.0,0.0,0.0,10,0.0,-1.748362963737936,-1.8199833306199789,-1.862048601810012,10,0.0355980771105791,0.0,0.0,0.0,10,0.0,4.333785,-0.65968823,-5.269117,1000,0.858147,0.135867985390659,0.1359397751894281,8.885315981906558,7.17897987691853e-05,0.970288447038423,3728.6145139127702,1000,565.2397820163487,15,367,458.1501690297285,9575.971642494202,5389.7182731862285,138.92710876464844,367,4378.961908822656,331755.0,214.48228573799133,200000.0,414.0,42301.57305455208,82800000.0,932.4779401330948,414000.0
2.5229982e-08,3.2454658e-10,606.92883,-0.0013534175,1.295931e-10,0.012278137,9.394859,28.638199,28.629265,0.52833766,41.825775,0.97878855,43.00336,1.0,-0.7057265,-1.0,10000,0.609257,0.0297222975973709,0.0291572459797025,0.0284414717477484,10,0.000331278933836,1000,1000.0,1000,10,0.0,9616.166487693788,9602.551635932923,9591.78854751587,10,6.395471157459554,-67.95261605303568,-72.43497115602325,-76.09198301961838,10,2.545395961098121,9969.222622173647,9964.620972047616,9958.534373687356,10,3.6617504855812224,-12.662048474353924,-13.387823428377216,-14.180351019067334,10,0.497634767546212,-266.5490566666667,-274.2963515,-279.8852833333333,10,4.093921779234723,0.0,0.0,0.0,10,0.0,-1.867944132408696,-1.950190903488106,-2.037975735533397,10,0.0536595279365668,0.0,0.0,0.0,10,0.0,5.0119796,-0.6499082,-4.851048,1000,0.8713203,0.1360474598875819,0.1361192496863511,9.020420062855315,7.17897987691853e-05,0.982815718109334,3071.00218335632,482,145.94042553191488,15,940,118.99810772601434,4542.531230926514,1382.2275885943402,140.59645462036133,940,1135.4101990124732,332695.0,212.43389439582825,200000.0,415.0,42514.00694894791,83000000.0,941.4693477649092,415000.0
2.522998e-08,3.261354e-10,611.96893,-0.0017564268,1.2800429e-10,0.012771868,9.42723,28.686588,28.67758,0.47197157,41.751324,0.8870513,42.76957,1.0,-0.69939655,-1.0,10000,0.61498857,0.030602096788556,0.0297547756068248,0.0291841085305641,10,0.0004499165653739,1000,1000.0,1000,10,0.0,9615.644919395449,9607.550022411346,9602.338978767397,10,4.857318973836035,-72.44537661495552,-75.20995069534646,-77.66255843737375,10,1.3640978419166807,9982.396052960396,9978.768242067556,9973.60768369122,10,2.6808245206961354,-14.203415581849836,-14.81420453040334,-15.7706629569878,10,0.4516832798928195,-274.18229166666663,-279.2360196666666,-284.79863,10,3.663682179437616,0.0,0.0,0.0,10,0.0,-1.896514390491136,-1.958042843959304,-2.081284112278389,10,0.0569964273792185,0.0,0.0,0.0,10,0.0,4.3834076,-0.6581532,-5.3069983,1000,0.8621119,0.1362628292838894,0.1363346190826586,9.210805864810975,7.17897987691853e-05,0.9912016476719788,2923.6101441515275,959,273.59322033898303,24,708,221.41308138726453,9083.778471946716,2606.039512739343,233.10419750213623,708,2113.64217851715,333403.0,230.2720093727112,200000.0,416.0,42744.27895832062,83200000.0,868.5380413573678,416000.0
2.522998e-08,3.238585e-10,618.47,-0.0016954085,1.3028117e-10,0.012827869,9.418096,28.645082,28.636232,0.37727302,38.28466,0.6313152,39.27703,1.0,-0.69658655,-1.0,10000,0.6162306,0.0304473943793418,0.0298883197984803,0.0293270206946617,10,0.0003496509977158,1000,1000.0,1000,10,0.0,9622.686272621157,9620.682557582855,9612.803011894226,10,2.815026286051655,-66.6848333227749,-70.013001797285,-74.02403498241644,10,2.201985286405117,9990.795298079,9985.127757870016,9981.256851332892,10,2.509889890650074,-13.458346794841871,-14.029017011917396,-14.615623952688292,10,0.44861149495038,-273.8313383333333,-278.47269616666665,-284.79863,10,3.2991130051570288,0.0,0.0,0.0,10,0.0,-1.8933121445794765,-1.930489006886132,-2.006504434503693,10,0.0362300168801993,0.0,0.0,0.0,10,0.0,4.543353,-0.6487209,-5.138015,1000,0.8695714,0.1365140935795816,0.1365858833783508,9.334120621244368,7.17897987691853e-05,0.995912487437799,3261.2682585357697,1000,295.4168514412417,19,902,213.93579570228425,9511.408794879912,2814.559030803767,178.14483261108398,902,2043.7712112860925,334305.0,212.44160628318787,200000.0,417.0,42956.720564603806,83400000.0,941.4351712884196,417000.0
2.5230028e-08,3.2176134e-10,628.9022,-0.003224032,1.3237918e-10,0.014544272,9.402466,28.620173,28.611313,0.34187597,33.656403,0.51403135,34.684345,1.0,-0.6861727,-1.0,10000,0.63178396,0.0323350004329549,0.0313256277658001,0.0303560505796194,10,0.0005914873653843,1000,1000.0,1000,10,0.0,9641.036617279053,9627.894264221191,9617.345631599426,10,6.998000187389217,-60.33647124147264,-62.784873438172006,-66.11357796777659,10,1.8346997962625884,9991.36889173125,9986.658340146734,9976.182556272706,10,4.306681817033864,-12.463984157775034,-13.737047093526058,-14.824315214821365,10,0.5504596317126624,-273.21716999999995,-280.4731301666667,-287.86947166666664,10,4.461224642747003,0.0,0.0,0.0,10,0.0,-1.7019215313450489,-1.7690292435790926,-1.8287026391946093,10,0.0404097211812184,0.0,0.0,0.0,10,0.0,5.2419634,-0.6537009,-4.239812,1000,0.85481787,0.1366935680765045,0.1367653578752737,9.366789222607274,7.17897987691853e-05,0.9977313751416296,4029.0896991427353,1000,945.9268292682926,64,205,190.9928603242134,9592.157997131348,9050.824120158684,605.0884885787964,205,1828.6495211912768,334510.0,211.8550934791565,200000.0,418.0,43168.57565808296,83600000.0,944.0414989110334,418000.0
2.5229982e-08,3.2309538e-10,635.77936,-0.0028800427,1.3104436e-10,0.014324071,9.375736,28.540653,28.532007,0.3265721,28.854156,0.46765658,29.833778,1.0,-0.66988605,-1.0,10000,0.6466131,0.0339652036718762,0.0328425405827903,0.0318472676991223,10,0.0006908738717486,1000,1000.0,1000,10,0.0,9653.586882591248,9638.835721588135,9629.527386665344,10,6.608397596752851,-50.82638044350055,-53.23197066082848,-56.86443764578535,10,1.880446739896568,9995.63820481198,9992.42943323021,9987.463622296073,10,2.770782413230581,-12.427746971015196,-13.882226020419091,-15.079703282094902,10,0.6976559517353006,-272.51526333333334,-284.8337253333333,-293.39698666666663,10,6.102350886341204,0.0,0.0,0.0,10,0.0,-1.550153999890901,-1.6457857025363107,-1.718959900183892,10,0.0462416741266944,0.0,0.0,0.0,10,0.0,4.812838,-0.629305,-4.4941673,1000,0.87280464,0.1367653578752737,0.1368371476740429,9.486363526388628,7.17897987691853e-05,0.9981851001133036,3691.790215391764,1000,328.52941176470586,56,255,202.72977793219792,9571.294907569883,3140.437385327208,531.903618812561,255,1940.5463606265384,334765.0,215.370747089386,200000.0,419.0,43383.94640517235,83800000.0,928.6312217554477,419000.0
2.522998e-08,3.2165917e-10,640.8357,-0.0006615665,1.324805e-10,0.01219661,9.261115,28.210676,28.202662,0.28497902,22.684532,0.3638564,23.686476,1.0,-0.6666114,-1.0,9034,0.63093305,0.0326249046243465,0.0311572069774247,0.0274262581793557,10,0.0013880617786288,1000,903.4,34,10,289.8,9658.250881195068,8720.322408390046,327.9369707107544,10,2797.4659662472727,-2.2707074139188044,-46.2865135631089,-53.192996855965525,10,14.737459936435227,9996.049950962351,9027.887747497198,338.3279022983141,10,2896.520290883526,-0.0003733087903911,-10.95884239227207,-13.252512929162451,10,3.6993472041169255,-8.071926666666666,-248.86978249999996,-286.55339666666663,10,80.47335109813254,0.0,0.0,0.0,10,0.0,-0.047925618753652,-1.4501997811522784,-1.676016483863909,10,0.4698572631416634,0.0294117647058823,0.0029411764705882,0.0,10,0.0088235294117647,4.7156596,-0.6121902,-3.7899005,1000,0.87492144,0.1368371476740429,0.1369089374728121,9.567555611680422,7.17897987691853e-05,0.9985480800906428,4866.955315890987,1000,798.5429553264605,25,291,310.0117956577397,9589.533431053162,7636.31470358085,241.4865598678589,291,2966.047016070092,335056.0,210.5516550540924,200000.0,420.0,43594.49806022644,84000000.0,949.8856703292996,420000.0
2.5229983e-08,3.1837552e-10,640.4665,-9.213289e-07,1.357642e-10,0.011529318,9.17135,27.949068,27.941404,0.29194993,15.928181,0.37089738,16.864965,1.0,-0.6496225,-1.0,10000,0.6124629,0.0305393176518118,0.0301702261492275,0.029475073781723,10,0.0003533093727318,1000,1000.0,1000,10,0.0,9649.700394630432,9644.81570930481,9637.443293571472,10,4.394205533736384,-50.88806246206835,-54.49961092218414,-56.73827345329103,10,1.8275473685771,9990.980852366523,9987.195519896914,9978.774513558388,10,3.348997730927048,-10.876453691528331,-11.725916762824044,-12.426029603192598,10,0.4853324782078302,-271.4624033333333,-274.44550666666663,-278.8324233333333,10,2.562800521720325,0.0,0.0,0.0,10,0.0,-1.635458821719811,-1.7087768323080663,-1.756394520766547,10,0.0368431859182517,0.0,0.0,0.0,10,0.0,4.489441,-0.6047364,-5.5690312,1000,0.8726528,0.1369448323721966,0.1370166221709658,9.703296244938496,7.17897987691853e-05,0.9989546176652628,5867.289240443524,1000,450.57453936348406,24,597,331.9673803196815,9584.460755348206,4297.469047166663,225.90949249267575,597,3179.5895864657755,335653.0,216.84411334991452,200000.0,421.0,43811.34217357636,84200000.0,922.3215558416672,421000.0
2.522998e-08,3.1680247e-10,640.10046,3.1950633e-05,1.3733722e-10,0.011489858,9.139089,27.862995,27.855421,0.31515595,7.0841193,0.38716772,7.958473,1.0,-0.62729806,-1.0,10000,0.5966791,0.0299723275154683,0.0292443666948311,0.028460730886014,10,0.0003856097666391,1000,1000.0,1000,10,0.0,9653.360518455504,9645.398058891296,9639.970838546751,10,4.163034474435008,-47.74970008764447,-50.74751766034973,-54.7565508072448,10,1.793715557145486,9987.520489178987,9984.02221682413,9980.422285937097,10,2.202115539369409,-9.745705963240544,-10.525307222407978,-11.346573749448597,10,0.5083712874843971,-271.02371166666666,-275.57733116666657,-282.16648,10,3.293741907188532,0.0,0.0,0.0,10,0.0,-1.6979214737728108,-1.77399731866951,-1.8263910499675349,10,0.0400094145506879,0.0,0.0,0.0,10,0.0,4.326268,-0.6073425,-4.8364906,1000,0.84817797,0.137088411969735,0.1371602017685042,9.831239049296682,7.17897987691853e-05,0.9993309553057682,5214.483223625067,1000,350.40346534653463,25,404,140.24020442970846,9529.929650306702,3339.5871196442317,242.7104902267456,404,1333.3830725011935,336057.0,208.47439622879028,200000.0,422.0,44019.816569805145,84400000.0,959.3504220082256,422000.0
2.522998e-08,3.1824895e-10,635.36,0.00047476173,1.3589072e-10,0.010961718,9.100806,27.81025,27.802336,0.28297064,-0.25156152,0.30612057,0.71137965,1.0,-0.61451524,-1.0,9034,0.5950324,0.0299679396810679,0.0291508319377974,0.0254918719465957,10,0.0012589043017208,1000,903.4,34,10,289.8,9629.382146835327,8691.200581645966,329.65213775634766,10,2787.1906504312524,-2.240493714563921,-45.73887991006201,-54.89104620376322,10,14.638563378976498,9966.759082468663,9000.75302116988,339.9680264577826,10,2886.930386585881,-0.1260862649554698,-9.274570737940705,-11.197323925469838,10,3.097333141527322,-7.89645,-252.90574583333333,-283.39481666666666,10,81.7295196412652,0.0,0.0,0.0,10,0.0,-0.0528599625834667,-1.633242678748578,-1.854974272053114,10,0.5274284241557937,0.0294117647058823,0.0029411764705882,0.0,10,0.0088235294117647,4.7021074,-0.59555185,-4.7473345,1000,0.8459963,0.1373037813660426,0.1373755711648117,9.810163177061895,7.17897987691853e-05,0.999648885344467,4821.501240540692,1000,392.2938775510204,20,735,387.3767568288308,9567.985325813292,3738.136690842051,178.40825271606445,735,3700.9263844979528,336792.0,212.0391936302185,200000.0,423.0,44231.85576343536,84600000.0,943.2218476966384,423000.0
2.522998e-08,3.1756767e-10,634.1795,0.0001114916,1.3657202e-10,0.011303737,9.150184,27.97336,27.965656,0.286703,-6.4256887,0.32119352,-5.402698,1.0,-0.625188,-1.0,8084,0.59825486,0.0300591977396252,0.0271910694248583,0.0109426447387914,10,0.0056668884088086,1000,808.4,26,10,383.26680002316925,9635.810578346252,7786.63957490921,255.59234046936035,10,3689.6062287010536,-1.6127586014539004,-39.84602913166693,-52.29543385704764,10,18.825875115578285,9975.35183310929,8059.620811292368,260.0,10,3820.824367090114,-0.0545078925815411,-7.592680133560388,-9.968090363510086,10,3.715482475093902,-2.719888333333333,-224.09247716666664,-280.76266666666663,10,108.0638431618746,0.0,0.0,0.0,10,0.0,-0.0205044869696721,-1.4500511318244975,-1.8446696728918663,10,0.6964570687173872,0.0384615384615384,0.0055702917771883,0.0,10,0.0121089784726931,3.7735066,-0.5987219,-4.1271296,1000,0.83377427,0.1374832558629655,0.1375550456617347,9.811438577327586,7.17897987691853e-05,0.9998051266085282,4786.930608652433,1000,563.0352564102565,23,312,367.9383249084997,9555.511200904846,5366.2450426022215,223.14597511291504,312,3505.413255797576,337104.0,208.04192280769348,200000.0,424.0,44439.89768624306,84800000.0,961.3447006297516,424000.0
2.5234067e-08,2.8674893e-10,633.82294,-0.0006709486,1.6746429e-10,0.012079763,9.206287,28.24595,28.240307,0.4043562,-7.1721373,0.41267243,-5.8901863,0.9999997,-0.73107195,-1.0,605,0.5641542,0.0294279779524758,0.0229952171575509,0.0132887871578157,10,0.0044557905400985,163,60.5,34,10,36.22223074301195,1573.3592586517334,585.8580142974854,331.63213062286377,10,349.14674967940937,-1.422141852445365,-3.4965952745165274,-7.974874085603736,10,1.7592653819304405,1623.338833529686,603.6835482796903,338.5561489678646,10,360.5474312809792,-0.0809291082175485,-0.380833677116145,-1.2686278244805973,10,0.3143276250768072,-5.2643,-13.845108999999995,-40.44737166666666,10,9.476454877972012,0.0,0.0,0.0,10,0.0,-0.0512209758377866,-0.1029968511807406,-0.2887112601281551,10,0.065082404127239,0.0294117647058823,0.0200977496720484,0.0061349693251533,10,0.0067030811785801,5.182748,-0.6559363,-4.472205,1000,0.8386121,0.1379618545214267,0.1379857844543497,9.557619259498356,7.178979876918532e-05,0.8459018621617184,1788.301898289266,1000,100.23295944779984,14,2318,124.50452310445483,9561.01328086853,957.0222579469652,130.0003719329834,2318,1189.365599772054,339422.0,206.80869483947757,200000.0,425.0,44646.706381082535,85000000.0,967.077327939416,425000.0
2.527555e-08,2.817563e-10,633.66754,0.00040705228,1.7320366e-10,0.010998963,9.384419,28.782211,28.778877,0.5666948,3.9538743,0.52285486,5.6800995,1.0,-0.7809876,-1.0,362,0.5554817,0.0314646472383578,0.0210624858944417,0.0085501855691767,10,0.0062429994853043,60,36.2,21,10,9.977975746613136,577.7127113342285,350.47215127944946,207.08863735198972,10,95.05790118546535,-1.105229725940898,-2.5830744541530497,-4.251882841302642,10,0.8433754791139125,596.753956006177,360.7039796329455,209.98574027621743,10,99.06080231194048,-0.0182624586055505,-0.2342380117527681,-0.5095925294503447,10,0.1606158668114288,-1.4915516666666666,-7.361246166666666,-14.21361,10,3.2956111080325914,0.0,0.0,0.0,10,0.0,-0.0107254477776587,-0.0532700619994978,-0.0850816748091786,10,0.0230225611535794,0.0476190476190476,0.0297087606519655,0.0166666666666666,10,0.0081374239739335,4.5462418,-0.747911,-5.4484,1000,0.8180716,0.137088411969735,0.1370166221709658,8.981338197546668,7.17897987691853e-05,0.0543542918053122,425.7630439496418,136,40.568154402895054,14,4974,13.132313541720883,1307.4483814239502,389.2131350253498,128.5922889709473,4974,125.86256155608186,344396.0,213.2026958465576,200000.0,426.0,44859.90907692909,85200000.0,938.0744422853844,426000.0
2.5291364e-08,2.8178068e-10,633.58563,-0.00042817942,1.7346395e-10,0.011832721,9.522601,29.187666,29.185057,0.8547762,24.868551,1.0609907,26.913506,1.0,-0.76710206,-1.0,489,0.56967556,0.0387694221103239,0.0215047467872949,0.0149482205524691,10,0.0070071821202803,97,48.9,28,10,20.964016790682077,936.9686555862428,475.0754176139832,273.41526889801025,10,201.15819459045733,-1.576854577343725,-2.818529856116701,-6.118100229830016,10,1.2773224664705145,969.7951258191388,488.3716440016083,279.94531453429136,10,209.46596470180455,-0.0199988454905623,-0.2363191864440943,-1.0929168300202048,10,0.3063477641098981,-3.68501,-10.177646666666666,-25.444116666666662,10,7.055820539686208,0.0,0.0,0.0,10,0.0,-0.020193140864605,-0.0637309306107033,-0.1713388687111192,10,0.0429123169234795,0.0357142857142857,0.0238939334343654,0.0103092783505154,10,0.0085729625633027,4.379335,-0.76220924,-5.2750683,1000,0.8106029,0.1353295618998901,0.135257772101121,8.162659747909053,7.178979876918532e-05,0.0002466474857576,368.4322338495832,98,41.294372294372295,15,4851,11.920038997323765,941.0773830413818,397.0861313268588,130.54068613052368,4851,114.05569006643265,349247.0,204.1201705932617,200000.0,427.0,45064.029247522354,85400000.0,979.8149757503792,427000.0
2.531566e-08,2.8572433e-10,638.61444,-0.0014426203,1.6995758e-10,0.012937681,9.645229,29.563755,29.561739,1.5640204,48.749428,3.5436118,50.414715,1.0,-0.68115324,-1.0,5914,0.641324,0.0332658803901895,0.0313460640628603,0.0258827549311414,10,0.0019426852638604,1000,591.4,72,10,347.4896257444242,9592.817253112791,5673.2706593513485,697.3216972351074,10,3328.789822343944,-5.370313599431119,-44.17766492934015,-78.51575831472107,10,26.58190473027835,9964.445301483584,5891.287534717374,719.8090757181975,10,3459.4909741506904,-0.6013611171321812,-6.941651925764171,-12.513102221641104,10,4.313547393040449,-16.407068333333335,-165.92196216666667,-285.14958333333334,10,99.3434260040764,0.0,0.0,0.0,10,0.0,-0.1086386576685472,-0.9755949413957368,-1.6776156363545542,10,0.5702937109385692,0.0138888888888888,0.0032160385759466,0.0,10,0.0041020481509872,4.8192453,-0.71315956,-5.0727386,1000,0.84200895,0.1338937659245066,0.1338219761257374,7.610190921946199,7.178979876918532e-05,1.5040534558777592e-06,569.2737139087441,392,64.11871095034527,18,3041,36.98298152539938,3740.099310874939,614.2330243424615,161.78484964370728,3041,352.25324983744906,352288.0,211.7824709415436,200000.0,428.0,45275.8117184639,85600000.0,944.3652211197602,428000.0
2.5294245e-08,3.118264e-10,645.6983,-0.0020803222,1.4347003e-10,0.013702891,9.701911,29.728582,29.724245,2.2333515,73.91605,8.136448,74.64611,1.0,-0.6767632,-1.0,10000,0.6417105,0.0340178018120786,0.0325647870033018,0.0318734793981275,10,0.0007196941628417,1000,1000.0,1000,10,0.0,9579.668573379517,9568.473800325391,9507.86493730545,10,21.30913410673547,-85.51181477025551,-92.09945213759396,-97.58752449084544,10,3.687286894924492,9977.991251797412,9963.180050688608,9908.002226013254,10,19.190904271381445,-10.845971001623465,-11.528529871537213,-12.099567387686166,10,0.3943820339526708,-283.21934,-289.2996064999999,-298.8367633333333,10,4.509280891747066,0.0,0.0,0.0,10,0.0,-1.7427702384912809,-1.7786644920169916,-1.821999741945757,10,0.0254994285853287,0.0,0.0,0.0,10,0.0,4.6127176,-0.6519215,-4.885734,1000,0.8677956,0.1332835526349686,0.1332799631450301,7.512754366021864,6.820030883072604e-05,0.1000001480923113,1058.8327338991917,1000,185.07652173913044,15,575,146.7717105371081,9524.748312950134,1759.8395998386716,145.60206985473633,575,1395.0299602058026,352863.0,210.58066320419312,200000.0,429.0,45486.39238166809,85800000.0,949.7548205841988,429000.0
2.52476e-08,3.2888547e-10,653.577,-0.0016986663,1.2557132e-10,0.013463051,9.706856,29.732296,29.72568,2.4332929,96.06535,11.592315,95.95395,1.0,-0.671695,-1.0,10000,0.647076,0.0336965050317085,0.0333176139085757,0.0329070129289029,10,0.0002838053551933,1000,1000.0,1000,10,0.0,9579.790329933168,9566.002274990082,9550.491391181946,10,9.464123167644928,-95.54049137021993,-99.69333804725515,-108.9552567503512,10,3.893274423610408,9981.35142485944,9973.115097286898,9954.896735489754,10,7.9158477379997985,-10.285428049568864,-11.3498380258178,-12.106574439236624,10,0.4731136589015023,-289.273285,-294.2831438333333,-298.8367633333333,10,3.12364485895396,0.0,0.0,0.0,10,0.0,-1.690241271277674,-1.786504097029825,-1.8475111291404784,10,0.0399795573192034,0.0,0.0,0.0,10,0.0,4.3203654,-0.64226633,-4.5914564,1000,0.8705266,0.1333122685544762,0.1333704182914793,7.67651956716268,5.81497370030401e-05,0.3600001053100879,2780.1628904765344,1000,790.9625,28,240,299.8378496683666,9529.3399143219,7511.299509163698,258.93035316467285,240,2849.569103968619,353103.0,209.73113203048703,200000.0,430.0,45696.12351369858,86000000.0,953.6018714233016,430000.0
2.5229983e-08,3.315487e-10,660.3134,-0.0015243501,1.2259102e-10,0.013409991,9.613731,29.422161,29.414297,2.1429405,111.87825,10.661086,111.46847,1.0,-0.6584579,-1.0,10000,0.653375,0.0351119030659756,0.0344112007956224,0.0329413600460829,10,0.0005603422763235,1000,1000.0,1000,10,0.0,9572.60572719574,9552.386019611358,9533.63289642334,10,10.567323309665271,-87.21162412830104,-92.4257173221882,-98.8664710681043,10,3.631165179085323,9976.263637567536,9959.760694159915,9947.5858656769,10,8.879684663271496,-11.042887700121716,-11.597558756342968,-12.142757285136156,10,0.3311552315136493,-291.4667433333333,-301.56542549999995,-304.27653999999995,10,3.709671775059686,0.0,0.0,0.0,10,0.0,-1.6913847997115985,-1.7859750825493268,-1.8461990331528275,10,0.0410522153001165,0.0,0.0,0.0,10,0.0,5.5484676,-0.6289349,-4.9716177,1000,0.8837954,0.1334449953291857,0.1334934049852408,8.126049261470975,4.840965605503089e-05,0.6221440621750758,3447.67285505349,1000,390.88739946380696,17,746,259.2715887985349,9519.86597442627,3705.893867918218,161.05455207824707,746,2460.8488235249624,353849.0,213.9545154571533,200000.0,431.0,45910.07802915573,86200000.0,934.7781212874291,431000.0
2.522998e-08,3.334137e-10,666.619,-0.0011156598,1.2072596e-10,0.013114802,9.543806,29.118208,29.110374,1.565965,113.051476,7.4812775,112.58369,0.99999994,-0.65076274,-1.0,10000,0.65187246,0.0355381535437627,0.0344619820722349,0.0328054782689287,10,0.0008850894019925,1000,1000.0,1000,10,0.0,9575.912554740906,9549.545686721802,9526.597690582275,10,14.987938314033547,-78.27030585824251,-81.83802441808686,-84.8878193659525,10,2.2629132282539683,9959.04806051224,9948.77691982326,9936.539897584444,10,7.7674759429266,-10.23621020363408,-11.54087695077662,-12.219547564327256,10,0.5983197746906755,-290.06292999999994,-304.0484203333333,-311.12013,10,6.862596077309679,0.0,0.0,0.0,10,0.0,-1.7520206469786523,-1.803908765812622,-1.8438585810454369,10,0.0276926627524025,0.0,0.0,0.0,10,0.0,5.132736,-0.6252883,-4.841468,1000,0.88173914,0.1336347088461581,0.1336818101331306,8.882138286748539,4.7101286972462485e-05,0.8452302078669109,2706.319392091149,932,282.8185430463576,22,755,236.89312464450623,8762.887298583984,2679.028716215866,212.40651321411133,755,2248.4562827786303,354604.0,214.12695598602292,200000.0,432.0,46124.20498514176,86400000.0,934.0253266060296,432000.0
2.522999e-08,3.2238867e-10,672.0549,-0.002418401,1.3175118e-10,0.014515389,9.481346,28.881542,28.874144,0.984076,97.19577,3.5374343,96.896736,1.0,-0.65009755,-1.0,10000,0.6344674,0.033650351153381,0.0324340191757044,0.0312743190565815,10,0.0006633716479144,1000,1000.0,1000,10,0.0,9600.992350578308,9584.25488395691,9569.34515953064,10,8.425550068979565,-71.6327737495429,-74.38312223279583,-77.0052888035183,10,1.8997770017561104,9968.844252712011,9963.746452702037,9952.364463352931,10,5.374718882717078,-9.961095290177258,-10.388615415594366,-11.224847165225809,10,0.371566563400745,-284.27219999999994,-292.8793305,-301.9953433333333,10,5.216624993951077,0.0,0.0,0.0,10,0.0,-1.7699989988517306,-1.840499987429285,-1.88448617357795,10,0.0328023457774142,0.0,0.0,0.0,10,0.0,6.17129,-0.623192,-4.7281513,1000,0.8694586,0.1337995633505617,0.1338466646375342,9.526656044220845,4.710128697246249e-05,0.9301352101477776,2677.519139998327,665,215.8424778761062,27,565,179.98162630182424,6304.734571456909,2045.2185139959893,252.18419551849365,565,1708.1920044018311,355169.0,214.4582622051239,200000.0,433.0,46338.66324734688,86600000.0,932.5823959568648,433000.0
2.5229982e-08,3.1166728e-10,675.30444,-0.0003680683,1.4247242e-10,0.012523547,9.398951,28.686956,28.68099,0.67216384,72.97596,1.5052977,73.079895,0.9999998,-0.6343937,-1.0,10000,0.62293017,0.0319850861208251,0.0314457249408253,0.0310051274473516,10,0.0003293905682541,1000,1000.0,1000,10,0.0,9610.140921592712,9598.199561023712,9583.381115913391,10,7.074703572876838,-63.0282706568685,-66.08071894022723,-71.46688282472198,10,2.6964701141750256,9969.52594258103,9957.757714807783,9942.861431989611,10,6.401059735266276,-8.50488358535646,-9.054625770718454,-9.67464748000721,10,0.3548846491510765,-279.3588533333333,-282.7016838333333,-287.5185183333333,10,2.0882644934144685,0.0,0.0,0.0,10,0.0,-1.6800490320952155,-1.7211265969248442,-1.7745817863484974,10,0.0327781542099861,0.0,0.0,0.0,10,0.0,4.841626,-0.61186105,-4.711902,1000,0.8530903,0.1338937659245067,0.1339408672114792,9.65105988876878,4.7101286972462485e-05,0.9560195421258142,3433.219614750077,1000,827.3454545454546,32,220,200.66079185638077,9525.96521615982,7863.998141404715,296.282075881958,220,1907.0236411166163,355389.0,215.8812203407288,200000.0,434.0,46554.54446768761,86800000.0,926.4353781414466,434000.0
2.5230094e-08,2.984576e-10,678.2077,-0.002534707,1.556841e-10,0.014742445,9.383862,28.632765,28.626396,0.59977555,52.27506,1.1147443,52.528038,0.9999999,-0.6019131,-1.0,10000,0.61858857,0.0331932679826131,0.0323294199872078,0.0316601354681624,10,0.0004922940642861,1000,1000.0,1000,10,0.0,9619.650910377502,9610.277183437349,9598.80016708374,10,7.274967039991809,-57.638753028862894,-59.85297732131704,-64.09844899689674,10,2.129393938204029,9983.892723652483,9978.67162008467,9971.95498938165,10,3.95665533959008,-8.939869784277935,-9.449046515717352,-10.000665719045992,10,0.3645721081220983,-289.799715,-297.222378,-304.539755,10,4.611431982865926,0.0,0.0,0.0,10,0.0,-1.780613678908034,-1.8700320228525944,-1.9638401953081963,10,0.0519284522574296,0.0,0.0,0.0,10,0.0,4.7922754,-0.56777835,-6.162646,1000,0.8611262,0.1339644178549654,0.1340115191419379,9.739129809279587,4.7101286972462485e-05,0.9683340703305864,4000.786585573623,1000,383.5760456273764,28,526,242.41493533001417,9479.35777759552,3644.582590071874,268.0021266937256,526,2305.01483089722,355915.0,223.4085817337036,200000.0,435.0,46777.95304942131,87000000.0,895.2207585221325,435000.0
2.522998e-08,3.1115005e-10,681.34766,-0.0009976218,1.4298963e-10,0.013261879,9.359265,28.522808,28.516233,0.5662644,33.33409,0.96904474,33.631256,1.0,-0.58742046,-1.0,10000,0.6168289,0.0330587037072255,0.032701842029218,0.0322094753525889,10,0.000248702951814,1000,1000.0,1000,10,0.0,9613.639238357544,9608.8942442894,9604.79363155365,10,2.7248709514228504,-52.15251129184605,-54.70144312711288,-57.47879839491648,10,1.8347878932428103,9985.853495036328,9983.60876422096,9980.024726009531,10,1.7167341952141273,-9.081652370969024,-9.692986362853397,-10.23535298961264,10,0.3350322437280068,-302.960465,-308.2949556666666,-311.55882166666663,10,2.669264859353416,0.0,0.0,0.0,10,0.0,-1.934849357908269,-2.02513496827,-2.0977830743659536,10,0.0617849410524707,0.0,0.0,0.0,10,0.0,4.4817085,-0.54461074,-4.814062,1000,0.87233245,0.1341057217158828,0.1341528230028553,9.920877229281292,4.7101286972462485e-05,0.9833817201094917,3804.62354278787,1000,245.8127984718243,17,1047,270.69939009535045,9517.001804351808,2329.0542670295936,159.1939172744751,1047,2574.899302223537,356962.0,221.64412426948547,200000.0,436.0,46999.5971736908,87200000.0,902.3474033393752,436000.0
2.522998e-08,3.1135589e-10,685.40753,-0.0017166657,1.4278378e-10,0.014054001,9.278422,28.286755,28.280025,0.5454641,15.315782,0.7861823,15.745116,0.9999985,-0.5937046,-1.0,10000,0.5961099,0.0311024484218505,0.0302213056500608,0.0295705510318948,10,0.0004139344626559,1000,1000.0,1000,10,0.0,9596.7648563385,9580.21068458557,9560.768624305723,10,10.80821302481846,-57.71366352804071,-60.865877311748775,-63.32988740681039,10,1.8882822266268613,9968.250828484825,9949.676449924313,9931.899627272473,10,10.287515946317177,-8.655981554852024,-8.98662302558454,-10.149372645223934,10,0.4281079910363211,-291.2035283333333,-297.44172383333324,-304.10106333333334,10,3.906957541776401,0.0,0.0,0.0,10,0.0,-2.105108531401348,-2.171544643427317,-2.236808136848546,10,0.0446471932336111,0.0,0.0,0.0,10,0.0,4.0848813,-0.5487612,-4.741684,1000,0.8534394,0.1342705762202864,0.1343176775072589,10.02747164761733,4.710128697246249e-05,0.99249832531107,3582.980730825793,1000,397.538062283737,23,578,291.10709114801807,9521.96082687378,3769.114010700305,220.6122999191284,578,2764.4118897243684,357540.0,232.676349401474,200000.0,437.0,47232.27352309227,87400000.0,859.5630819998288,437000.0
2.522998e-08,3.1364103e-10,689.3872,-0.00095262495,1.4049864e-10,0.013361596,9.217516,28.122042,28.115854,0.51194483,-0.1046888,0.68403554,0.49917662,1.0,-0.5991247,-1.0,10000,0.59166116,0.0300490631565189,0.0293854021942373,0.0285595591256133,10,0.0005187032348661,1000,1000.0,1000,10,0.0,9554.752668380735,9536.008330345154,9513.677780151367,10,12.847233824251362,-71.57729908603662,-76.11116632026257,-80.17880326373752,10,2.644240024233231,9921.478265491654,9908.305225337674,9883.40480189447,10,12.916201540476086,-7.705695693140028,-8.505498846423654,-9.47608882754324,10,0.4564406472502492,-279.6220683333333,-285.6321441666666,-291.64221999999995,10,3.8150035802196154,0.0,0.0,0.0,10,0.0,-1.9850427795285304,-2.048085172060113,-2.0835437300761157,10,0.0274051786571663,0.0,0.0,0.0,10,0.0,4.5961504,-0.5679785,-4.783374,1000,0.8401275,0.1344118800812039,0.1344589813681763,10.045103140403272,4.710128697246249e-05,0.9961591425592676,3136.0383730451617,949,304.10409556313994,32,586,136.23102397944882,8976.963729858398,2879.857521758552,306.6751203536988,586,1289.0433662195933,358126.0,231.62001824378967,200000.0,438.0,47463.89354133606,87600000.0,863.4832235851553,438000.0
2.5229982e-08,3.0965383e-10,693.8045,-0.0021144233,1.444859e-10,0.014602902,9.173487,28.02762,28.02073,0.4747437,-11.007635,0.62586766,-10.247732,1.0,-0.60882473,-1.0,5409,0.6092245,0.0328655815876118,0.0297812218452697,0.0243100974546215,10,0.0023837251437935,1000,540.9,58,10,347.00185878464686,9581.779379844666,5181.772831439972,561.2903985977173,10,3320.136301064304,-3.0398560892498123,-43.59457477655839,-88.47873988027973,10,29.11798427399628,9970.261359491542,5391.140759439122,579.1891063887446,10,3458.044865699464,-0.812120679647957,-5.484200379985674,-11.813341777320453,10,3.84567762343629,-13.950395,-159.18365816666665,-306.1190449999999,10,104.66116756966588,0.0,0.0,0.0,10,0.0,-0.0963380745754964,-1.1054909601588183,-2.08651004764613,10,0.717101238338712,0.0172413793103448,0.0037746057964444,0.0,10,0.00484029439983,3.851432,-0.57991135,-4.6781683,1000,0.8312971,0.1345060826551488,0.1345531839421213,10.017505181081203,4.7101286972462485e-05,0.997582148758621,4290.450059304181,1000,648.9593220338983,26,295,367.3419480809119,9520.647270202637,6158.517390902568,251.75697803497317,295,3484.7573244529385,358421.0,216.95237493515012,200000.0,439.0,47680.84591627121,87800000.0,921.8613073942269,439000.0
2.5230017e-08,2.9212557e-10,698.7816,-0.0022651094,1.6201478e-10,0.014843181,9.148131,28.060831,28.054808,0.5692909,-17.337297,0.7573576,-16.408115,1.0,-0.6523574,-1.0,864,0.59439695,0.0447556914120374,0.0288592900134827,0.0219136981593396,10,0.0071329184831729,282,86.4,29,10,81.96121033757372,2717.743655204773,832.1385235786438,276.3900852203369,10,790.0613698101001,-2.6132389907013622,-6.729212726629507,-15.646778376753025,10,4.412722278894603,2810.971311364686,862.5537784021592,289.5163551763128,10,817.4366689735648,0.0,-0.7510722141236668,-2.2475235182837388,10,0.7504517820893918,-9.037048333333331,-22.785645166666665,-74.84079833333334,10,22.381498527339104,0.0,0.0,0.0,10,0.0,-0.050622777714394,-0.1493224269055545,-0.4925569193648061,10,0.1483980122050351,0.0344827586206896,0.019234899436487,0.0035460992907801,10,0.009330288868303,4.949789,-0.594861,-5.023935,1000,0.8505386,0.1346473865160662,0.1346944878030387,9.898452187692897,4.7101286972462485e-05,0.9986995442027168,3339.094016220828,1000,161.2136929460581,15,1446,169.97714224509394,9515.82204914093,1531.6594563071328,140.111909866333,1446,1615.1970250666045,359867.0,210.91779470443728,200000.0,440.0,47891.76371097565,88000000.0,948.2367302401556,440000.0
2.5245516e-08,2.5326635e-10,701.4071,0.0004779166,2.0115298e-10,0.012147412,9.2433605,28.465124,28.464476,1.2568064,-11.84519,1.5412363,-10.713671,1.0,-0.71945864,-1.0,309,0.58076435,0.0374641591529482,0.0240974525989935,0.0120704387252771,10,0.0085002925568219,50,30.9,20,10,8.514105942493316,481.14315128326416,298.9454800605774,196.85689449310303,10,80.86444641444557,-0.8011166144125165,-2.282889261799024,-3.978991015121481,10,0.9410884974115896,499.8528293375337,308.80115450560413,199.9956744710218,10,85.05984613006737,0.0,-0.1264938713699267,-0.4438993493810533,10,0.1467771657392689,-2.2811966666666668,-7.3963415,-14.476824999999998,10,3.5615819970113347,0.0,0.0,0.0,10,0.0,-0.0157978881962189,-0.0499502292431199,-0.1012857470129383,10,0.0210465149003623,0.05,0.0347126933854808,0.02,10,0.008926947345417,4.5870533,-0.6896802,-5.07412,1000,0.8416396,0.1346473865160662,0.134620471494939,9.539476451336103,4.710128697246248e-05,0.3559757933387185,715.985648144189,255,40.70648996297018,11,5131,23.78950918367593,2411.907117843628,389.3261893180304,109.2329044342041,5131,226.46865901812447,364998.0,220.71337890625,200000.0,441.0,48112.4770898819,88200000.0,906.1525902557624,441000.0
2.525829e-08,2.89324e-10,701.2922,2.0658095e-05,1.6532524e-10,0.0126026,9.46394,29.028917,29.026104,0.7133746,9.556395,0.6940093,11.368013,1.0,-0.7628735,-1.0,306,0.55145985,0.0467481032517918,0.0206841578205087,0.0096495415188837,10,0.0095673442744292,43,30.6,22,10,6.606057825965498,417.4627408981323,295.4717966556549,214.8275442123413,10,62.65593891664381,-1.0959047113129403,-2.231509884945217,-5.11433334579931,10,1.2809529475407782,430.0,303.8448884328603,220.0,10,65.61457405228794,-0.0311083802748884,-0.1728169731020908,-0.4160588843122258,10,0.1138883382471731,-2.193458333333333,-5.931111333333334,-11.05503,10,2.6128351925272244,0.0,0.0,0.0,10,0.0,-0.0146145422272384,-0.037653377465625,-0.0550240082085656,10,0.010987553072245,0.0454545454545454,0.0340702441400115,0.0232558139534883,10,0.0065807657359644,4.4229116,-0.76517904,-5.083271,1000,0.80840766,0.1331872466199197,0.1331401453329472,8.642878553721049,4.710128697246248e-05,0.0007973243148786,264.7593664813938,58,28.007689081504264,11,7153,6.431983737934141,556.5416107177734,269.5754383500599,100.79236888885498,7153,61.39637350860801,372151.0,208.27230310440063,200000.0,442.0,48320.7493929863,88400000.0,960.2813097032208,442000.0
2.5292406e-08,2.7032535e-10,702.2905,-0.00037202088,1.8493794e-10,0.013013249,9.684147,29.657104,29.659245,1.2416508,31.53016,1.7902161,33.461643,1.0,-0.73932755,-1.0,465,0.58404064,0.0347364376833177,0.0257727549224451,0.0218187611704657,10,0.0037319166019057,69,46.5,28,10,13.793114224133722,665.4351787567139,448.94170627594,270.7989959716797,10,133.1059995204891,-2.064678305353876,-4.608444745089964,-10.456624730672686,10,2.407527955444871,687.8109222040646,464.34288824521775,280.0,10,137.73791640075768,0.0,-0.3075480026394533,-0.7503984119987739,10,0.2461140700881315,-6.843590000000001,-10.423314,-16.056115,10,2.9833097693277213,0.0,0.0,0.0,10,0.0,-0.0413910225827567,-0.0618749508476699,-0.1065856057619676,10,0.0195486757467987,0.0357142857142857,0.0234975035081065,0.0144927536231884,10,0.0069532086741879,4.650849,-0.7532929,-5.5260944,1000,0.82342356,0.1316564547933145,0.131609353506342,7.762193658448504,4.710128697246248e-05,2.730738557533456e-07,325.2936009102311,107,33.79089832515649,14,5911,10.55096588587998,1025.4667863845823,324.7153814024095,129.8396339416504,5911,100.99861420564665,378062.0,207.91274547576904,200000.0,443.0,48528.66213846207,88600000.0,961.9419893779854,443000.0
2.527523e-08,3.0181302e-10,709.0302,-0.0017662285,1.531412e-10,0.014528772,9.912149,30.331905,30.332428,2.2195525,50.064068,5.631656,51.1232,1.0,-0.72408885,-1.0,777,0.595739,0.0325749907417659,0.0265062181426298,0.0191153222812118,10,0.0034129163471914,131,77.7,41,10,25.139809068487374,1245.2876605987549,743.6654287338257,396.2723264694214,10,236.94194312653255,-5.027578974802979,-11.582235589213308,-20.17373572426024,10,4.880915601083069,1305.372684813581,775.3165271702503,409.9662023564469,10,249.9834019415505,-0.2231192046496029,-0.9224499983682216,-1.780895108953223,10,0.4631086743308517,-7.545496666666667,-19.0304445,-37.90296,10,8.294725607388646,0.0,0.0,0.0,10,0.0,-0.0404213738749967,-0.1159694265918109,-0.2274328065841983,10,0.051111166152875,0.024390243902439,0.0142914067853702,0.0076335877862595,10,0.0047395031192918,4.6346436,-0.6923746,-5.023106,1000,0.86613935,0.1305731251929477,0.1305260239059753,7.394747130553277,4.710128697246249e-05,8.084092341690898e-10,472.143990663392,243,48.84715727295102,15,4063,20.393447746000824,2323.8674697875977,464.6114015641425,132.4766263961792,4063,194.8726789511441,382125.0,208.39363431930545,200000.0,444.0,48737.05577278137,88800000.0,959.7222134604912,444000.0
2.5234595e-08,3.2582947e-10,721.92896,-0.0022543564,1.2839325e-10,0.015249077,10.079824,30.813541,30.81203,3.0305111,66.01627,10.301269,65.94589,1.0,-0.65462613,-1.0,4823,0.64071465,0.0354486243399983,0.0315927859432294,0.0265564582475036,10,0.0023693438039404,1000,482.3,87,10,365.8816885278628,9560.671416282654,4603.019215679169,833.54758644104,10,3490.151968240965,-13.45070955561381,-64.09072904998665,-132.54777740357633,10,48.12697515140463,9992.159391707415,4816.227291781065,868.8656465219317,10,3655.330009280101,-1.2170349404821792,-6.5041575586767575,-13.869892236092715,10,5.304528886736807,-20.53077,-141.75882516666667,-299.5386699999999,10,111.37717778561186,0.0,0.0,0.0,10,0.0,-0.1195478518972968,-0.8543630349538243,-1.8331396596437184,10,0.6685258687849791,0.0114942528735632,0.0041219609093385,0.0,10,0.0036544019372884,5.000636,-0.656566,-5.3824306,1000,0.870156,0.1300587051229003,0.1300500250285868,7.258372597178707,4.150296257802123e-05,0.2054857143158515,904.8040797326986,455,95.18040345821326,16,1735,60.21133067953518,4319.04732131958,901.864838667493,153.56434726715088,1735,568.764575238035,383860.0,208.5821933746338,200000.0,445.0,48945.637966156006,89000000.0,958.8546211170608,445000.0
2.5229983e-08,3.4230502e-10,734.153,-0.0024634658,1.1183469e-10,0.01567822,10.018472,30.64075,30.636412,3.261187,88.9523,13.211514,88.09581,1.0,-0.6543516,-1.0,10000,0.62950814,0.0324160594408604,0.0318290537961845,0.0312640683952922,10,0.0003164626540957,1000,1000.0,1000,10,0.0,9569.606266975405,9556.57060213089,9544.147011756895,10,8.708081492523917,-84.27207763059664,-90.59187501874018,-96.88116994761732,10,3.6067067182096806,9973.899297215652,9958.199344995704,9945.139921517206,10,9.898177233468603,-9.272491366803507,-10.238661381320895,-11.21449215038989,10,0.5964371025213846,-296.64330499999994,-298.81044183333336,-301.907605,10,1.7856637000086613,0.0,0.0,0.0,10,0.0,-1.919330105061276,-1.987761979127526,-2.053114852605137,10,0.036218510945477,0.0,0.0,0.0,10,0.0,3.5417278,-0.6287544,-4.171937,1000,0.85814404,0.1300649023065148,0.1300958054608975,7.348814603150616,3.090315438263264e-05,0.5123200000111964,2667.865044451772,1000,866.0434782608696,26,207,284.1565586089156,9528.964104652405,8202.75144053427,252.02097415924072,207,2691.412726557223,384067.0,218.2341401576996,200000.0,446.0,49163.872106313705,89200000.0,916.4468944019332,446000.0
2.522998e-08,3.4506664e-10,742.64044,-0.0012958364,1.0907302e-10,0.014663365,9.859021,30.1413,30.13551,2.926929,112.59525,13.060776,111.48103,1.0,-0.64764494,-1.0,10000,0.6337541,0.0332821825250721,0.0329350230649666,0.0323706238331942,10,0.0003263727262517,1000,1000.0,1000,10,0.0,9547.761554718018,9534.557684135438,9501.609547615051,10,15.176184513888993,-70.05983262842173,-76.96371197662243,-82.49231468320622,10,3.895044019656631,9952.355218545072,9934.58301792436,9897.824608395193,10,15.13506008057524,-8.840610243777437,-9.838081727356297,-10.373332107406071,10,0.5114182856994465,-304.6274933333333,-311.13767766666666,-316.8231216666666,10,3.4921179330059555,0.0,0.0,0.0,10,0.0,-1.9806950151933025,-2.085866971923044,-2.1564690745137103,10,0.0457788620120332,0.0,0.0,0.0,10,0.0,4.773095,-0.6044517,-5.103678,1000,0.8760472,0.1300958054608975,0.1301267086152801,7.910767487808189,3.090315438263264e-05,0.609856000008957,3200.127042275284,1000,631.2447257383966,49,237,243.9726570927386,9506.2602558136,5942.598010605398,462.5567131042481,237,2303.709599957712,384304.0,214.85265731811523,200000.0,447.0,49378.72476363182,89400000.0,930.870497467834,447000.0
2.522998e-08,3.4184314e-10,749.4644,-0.00084965065,1.12296505e-10,0.014340011,9.717181,29.69701,29.690308,2.151322,119.425934,9.309482,118.5198,0.99999994,-0.6425558,-1.0,10000,0.6359004,0.0337665522984898,0.0330516449252812,0.0324909553957841,10,0.0003625477683715,1000,1000.0,1000,10,0.0,9582.60778427124,9562.804998397827,9549.220790863035,10,9.70738281099458,-67.00213682740704,-72.20461810492722,-79.6040620775888,10,3.496641530480709,9972.639875110388,9959.034258398153,9947.698488897133,10,8.132938216911278,-8.779128563744623,-9.478015124267769,-10.247046754087677,10,0.441973366223385,-306.7332133333333,-312.44497883333327,-319.3675333333333,10,3.5612361556897265,0.0,0.0,0.0,10,0.0,-2.0632949214942258,-2.101647015305839,-2.188901381434261,10,0.0353951475540047,0.0,0.0,0.0,10,0.0,5.000634,-0.6000036,-5.2056384,1000,0.8886926,0.1301885149240454,0.1302194180784281,8.73022682978585,3.090315438263264e-05,0.7901587087408176,3361.155917955936,1000,334.3725714285714,25,875,234.23007624791063,9421.966400146484,3130.2859878860945,241.08406352996823,875,2195.8521242465763,385179.0,210.17214846611023,200000.0,448.0,49588.89691209793,89600000.0,951.6008731872936,448000.0
2.522998e-08,3.3305325e-10,753.72375,-0.0006143093,1.2108643e-10,0.014181336,9.560085,29.283646,29.276754,1.3984236,107.40258,5.0122843,106.96955,0.99999994,-0.635408,-1.0,10000,0.63126236,0.0337178338329977,0.0326155050497967,0.03196736684411,10,0.000492257637383,1000,1000.0,1000,10,0.0,9593.489936828611,9577.126643276217,9549.856768608091,10,11.364398198500298,-63.99316351942785,-67.16828864499061,-74.86934113727588,10,3.182238491681145,9973.93021722776,9964.05519049098,9946.104224458497,10,8.17661641519792,-7.992726359496681,-9.08951171920008,-9.949478423810849,10,0.5774657523098087,-302.69725,-308.593266,-315.24383166666667,10,3.9507198798919463,0.0,0.0,0.0,10,0.0,-2.0268201709986604,-2.0774777737140666,-2.1263352108500584,10,0.0322534652576524,0.0,0.0,0.0,10,0.0,4.749672,-0.59640276,-5.1406417,1000,0.8675163,0.1302966759643847,0.1303275791187673,9.230671005786292,3.090315438263264e-05,0.9079534821397132,3624.3205524466553,1000,692.8624161073825,16,298,440.4517257105604,9500.888058662416,6517.012761331244,148.58683395385742,298,4146.931665616592,385477.0,209.48840594291687,200000.0,449.0,49798.38531804085,89800000.0,954.7067729108486,449000.0
2.5229983e-08,3.2111974e-10,752.2088,-7.825031e-05,1.3302003e-10,0.013618009,9.397466,28.878588,28.871971,0.89026576,88.637375,2.0835323,88.67877,0.99999964,-0.62946886,-1.0,10000,0.62974995,0.033837692967776,0.0328619869369984,0.0322209163712541,10,0.0004909548111184,1000,1000.0,1000,10,0.0,9572.232162475586,9564.094547462464,9543.744364738464,10,9.315974065296194,-81.04896219629774,-88.97434631395953,-99.2942909184599,10,5.342397111106462,9979.29294107584,9975.079815073828,9968.33077052968,10,3.2112295500220704,-9.225681974584043,-10.041321871393237,-10.816314441812205,10,0.4459400113179299,-302.6095116666666,-309.88301949999993,-317.7882433333333,10,4.23994077402138,0.0,0.0,0.0,10,0.0,-2.003595175183805,-2.086585436336503,-2.140390231423796,10,0.0367055014029679,0.0,0.0,0.0,10,0.0,5.021109,-0.59774935,-4.923882,1000,0.86112255,0.1303430306959586,0.1303739338503413,9.42173751179381,3.090315438263264e-05,0.9345446984104628,4497.232223241037,1000,579.1408045977012,24,348,441.2204407101988,9485.571278572084,5478.682796817401,226.7240209579468,348,4179.555610742525,385825.0,209.49639058113095,200000.0,450.0,50007.88170862198,90000000.0,954.6703857055076,450000.0
0.013270611,0.00016610257,31.238623,-0.0006466551,7.2768446e-05,0.0012089503,8.552409,28.644152,28.635317,0.7230661,68.36846,1.2793509,68.654495,1.0,-0.628904,-1.0,10000,0.6168305,0.03251548759631987,0.031743705433464484,0.03108531525514263,10,0.00039885079148525203,1000,1000.0,1000,10,0.0,9586.909049034119,9575.635305023194,9561.328338623047,10,7.104520198055928,-87.14080308345831,-91.87529179889431,-103.59231138134963,10,4.707599668787409,9992.21325614748,9984.323193334543,9977.127980942663,10,4.122045153767094,-9.167697384397446,-9.645932855871033,-10.29913020700618,10,0.3383957190976961,-299.6264083333333,-305.0398635,-310.7691766666666,10,3.166138387751744,0.0,0.0,0.0,10,0.0,-2.0226844406109383,-2.126801033404328,-2.21369335729743,10,0.054476739082131895,0.0,0.0,0.0,10,0.0,4.40168,-0.6029436,-4.0044117,1000,0.8425207,0.13037393385034132,0.13040483700472397,9.479046090302395,3.090315438263264e-05,0.9476357587283702,5493.627320455317,1000,991.645,214,200,77.16125306784491,9530.909808158875,9414.839006791115,2031.0996961593628,200,733.0653508303272,386025.0,258.2438645362854,200000.0,451.0,258.2438645362854,90200000.0,774.4617683720356,451000.0
0.00012342086,1.3505708e-06,73.56552,-0.0012107926,8.7100443e-07,0.0025349718,9.304223,28.442839,28.434076,0.6493669,53.191708,1.0042211,53.72499,0.99999994,-0.6286448,-1.0,10000,0.6156198,0.03232653157987807,0.031571327849847154,0.031007062796896207,10,0.00037710248674527157,1000,1000.0,1000,10,0.0,9587.34779548645,9573.494747209548,9552.249380588531,10,9.382968704178806,-90.84370258403935,-95.94501392888964,-101.9842203639924,10,3.4178937227014994,9995.118131321713,9987.97275033889,9967.22244092797,10,7.3672041132177615,-8.76581760800406,-9.942890681751589,-10.970884946350306,10,0.509908291223906,-299.3631933333333,-306.3910338333333,-312.2607283333333,10,3.6274150978352773,0.0,0.0,0.0,10,0.0,-2.1384095661728746,-2.199064730523739,-2.2358645394672996,10,0.032885413121342404,0.0,0.0,0.0,10,0.0,4.5806093,-0.58986646,-4.948063,1000,0.8489231,0.13040483700472397,0.1304357401591066,9.43255928978102,3.090315438263264e-05,0.9581086069826962,5716.23186258221,1000,435.81115879828326,20,233,199.7159322873035,9500.495732307434,4132.165997011979,191.7581329345703,233,1894.1234444568818,386258.0,212.78226971626282,200000.0,452.0,471.0261342525482,90400000.0,939.9279379183826,452000.0
6.184919e-06,7.070081e-08,107.42776,-0.0011153719,4.062775e-08,0.0030490716,9.218981,28.124535,28.115843,0.5389738,44.83203,0.742751,45.652744,1.0,-0.62363064,-1.0,10000,0.62055594,0.03334038785674784,0.031844383302799546,0.030741543218653532,10,0.0008721005091032405,1000,1000.0,1000,10,0.0,9589.472079277039,9572.860565280915,9559.009913444519,10,8.652338709886253,-82.22812822379595,-90.42787728239426,-99.18325573227847,10,5.486035081982661,9990.734337852118,9981.14956563391,9957.933819833306,10,8.285879687644233,-7.313537199175438,-9.329883329504643,-10.313814577416704,10,0.7794914433830713,-295.6781833333333,-306.34716466666663,-319.9817016666666,10,7.496695086723079,0.0,0.0,0.0,10,0.0,-2.1301890334291524,-2.184073970290192,-2.245650150621592,10,0.03628158516415679,0.0,0.0,0.0,10,0.0,4.585665,-0.5896465,-4.773416,1000,0.8529868,0.13046664331348926,0.1304975464678719,9.297927141460546,3.090315438263264e-05,0.9727426669434075,5387.474182740572,1000,469.7890070921986,36,564,386.6825899108323,9521.235325813293,4457.1111190737565,332.7380666732788,564,3672.9319367188446,386822.0,230.2149622440338,200000.0,453.0,701.241096496582,90600000.0,868.7532645597328,453000.0
5.8369994e-07,6.797455e-09,133.14893,-0.001062316,3.7091437e-09,0.0034589965,9.15231,27.875319,27.866484,0.45196134,41.029152,0.6583104,41.9913,1.0,-0.61878407,-1.0,9359,0.63606644,0.03505259157702676,0.03353476675846319,0.032457578542103876,10,0.0007210745051582425,1000,935.9,359,10,192.29999999999998,9568.24430179596,8941.448869037627,3423.421901702881,10,1839.3756312817675,-27.12176460470124,-70.19654404535417,-79.10171859308073,10,14.585215237951706,9963.182082944364,9317.05840740105,3566.6514290658606,10,1916.8225178807572,-2.073290228772983,-6.16253013451429,-8.060139059933487,10,1.5469844267892858,-113.27018833333332,-297.1346396666666,-327.43945999999994,10,61.50794092664022,0.0,0.0,0.0,10,0.0,-0.7642865442191056,-2.115820898936871,-2.3206643739003088,10,0.45181598778370086,0.002785515320334262,0.0002785515320334262,0.0,10,0.0008356545961002786,4.687184,-0.58376116,-4.8386245,1000,0.86107856,0.13052844962225454,0.1305593527766372,9.235051281710385,3.090315438263264e-05,0.9828412854201123,4026.0281340087663,1000,365.04608294930875,18,434,190.74017286498548,9492.684467315674,3458.713878911212,167.1596221923828,434,1807.885710831904,387256.0,220.46034145355225,200000.0,454.0,921.7014379501343,90800000.0,907.1926437260693,454000.0
1.9410203e-07,2.2817002e-09,156.05142,-0.0010756248,1.2121364e-09,0.0038845506,9.127481,27.723217,27.71436,0.46134004,36.646687,0.6974289,37.57651,1.0,-0.651898,-1.0,10000,0.62128425,0.03212316356196243,0.031226411374461895,0.030653256200879695,10,0.00046804002413624045,1000,1000.0,1000,10,0.0,9601.652112007141,9590.254184532165,9572.610483169556,10,8.777064080225347,-79.62926346426293,-83.34027352398682,-89.53523213233674,10,2.715371552440219,9990.125446374946,9982.340925916398,9968.728278208833,10,7.06537878958739,-9.112406015799094,-10.224347813609047,-11.613139613193663,10,0.6476296128033572,-290.9403133333333,-296.4415068333333,-301.1179599999999,10,3.5451172746985886,0.0,0.0,0.0,10,0.0,-2.0234185322254685,-2.0806130818658857,-2.1435547047761667,10,0.037372473022259406,0.0,0.0,0.0,10,0.0,4.347451,-0.6007631,-4.915752,1000,0.8565754,0.1305593527766372,0.13059025593101983,9.316787765582848,3.090315438263264e-05,0.9862730283360899,5067.381159512615,1000,355.0668449197861,41,374,299.83325726605574,9517.449127197266,3359.5205911402318,342.37679648399353,374,2841.0295174691105,387630.0,211.41028237342834,200000.0,455.0,1133.1117203235626,91000000.0,946.027779513233,455000.0
1.1666395e-07,1.3783177e-09,176.2561,-0.0010844601,7.216336e-10,0.0042570704,9.087902,27.564287,27.555244,0.45201448,33.005436,0.6252267,33.992855,1.0,-0.6581232,-1.0,10000,0.6223061,0.031702359024362525,0.031246141325823557,0.030703904879905167,10,0.0002793773158099485,1000,1000.0,1000,10,0.0,9600.275177955627,9590.315857028962,9578.207020759583,10,5.7793740163456615,-87.8034143454488,-93.53423325054555,-101.22134128823845,10,4.07132327562076,9995.20916605362,9989.616571306624,9984.307563134587,10,3.137073860543012,-11.317337257761801,-12.155677936959991,-13.44457427956824,10,0.6219918066162785,-285.85148999999996,-291.66854149999995,-294.8885383333333,10,2.363746256674102,0.0,0.0,0.0,10,0.0,-1.870342734675337,-1.9422564356978733,-2.009342926700147,10,0.03751476952370802,0.0,0.0,0.0,10,0.0,4.8733377,-0.61203873,-4.749651,1000,0.85867023,0.1306366106625938,0.13066751381697644,9.314402148557038,3.090315438263264e-05,0.9918955959296274,4995.979363415695,1000,542.395,22,600,307.71056580548765,9551.240721702576,5158.015457668304,213.91001224517822,600,2928.2106156663267,388230.0,220.02407455444336,200000.0,456.0,1353.135794878006,91200000.0,908.9914383460409,456000.0
8.478036e-08,1.0256265e-09,196.5477,-0.0013430889,5.0042004e-10,0.0048809475,9.135921,27.627266,27.617758,0.44435272,28.70828,0.63318944,29.647552,1.0,-0.656078,-1.0,10000,0.6271582,0.032039430899007126,0.03167911256275693,0.03127480410614226,10,0.00025378602552317124,1000,1000.0,1000,10,0.0,9597.910004615784,9582.641446018219,9554.589609146118,10,11.467057658618405,-89.1264009366248,-96.48839362508636,-107.32915384878338,10,5.425713346594865,9992.403390148367,9987.209962117722,9966.099162405753,10,7.35237725939086,-10.729622778156932,-12.0509128962903,-12.98226072097556,10,0.6710666748905528,-290.41388333333333,-294.116441,-299.3631933333333,10,2.591119619220735,0.0,0.0,0.0,10,0.0,-1.8366100606076232,-1.9127703869163029,-1.9818325253887934,10,0.04071433899694974,0.0,0.0,0.0,10,0.0,4.696823,-0.60811454,-4.7973814,1000,0.8659773,0.13076022328012438,0.13079112643450702,9.416350600650766,3.090315438263264e-05,0.9966804360927755,3447.072834615832,1000,229.14437689969606,17,658,191.8626475056946,9514.076697826385,2172.844026546891,144.47077560424805,658,1824.661675098573,388888.0,210.7707440853119,200000.0,457.0,1563.9065389633179,91400000.0,948.8982964307784,457000.0
6.744204e-08,8.193644e-10,216.38747,-0.0013332972,3.9459236e-10,0.005228272,9.174716,27.692078,27.682667,0.43413046,23.32359,0.5729714,24.285305,1.0,-0.6546082,-1.0,10000,0.62767303,0.03308224473413429,0.03171089352849085,0.031096979491107048,10,0.0006741788451120567,1000,1000.0,1000,10,0.0,9609.249703407288,9599.561881446838,9582.234365463257,10,8.078114240996744,-81.40228247292981,-88.62424871727417,-97.2672370452365,10,4.713216050097791,9996.075432882579,9991.708398409126,9984.471123762061,10,4.171400811182033,-9.59227548555052,-11.051851100353296,-12.546781325424847,10,0.8184435214444983,-284.1844616666666,-290.60690766666664,-302.69724999999994,10,5.944982688983036,0.0,0.0,0.0,10,0.0,-1.768942468417252,-1.8635077942576213,-1.960482611073155,10,0.0593426725484304,0.0,0.0,0.0,10,0.0,4.8501687,-0.6232753,-5.2492847,1000,0.8541649,0.1308529327432723,0.13088383589765495,9.4659413994484,3.090315438263264e-05,0.9983418373458547,3242.6641022892713,1000,458.10594315245476,22,387,207.7734968309259,9535.806406974792,4360.547493115876,208.56067848205566,387,1977.3804793774787,389275.0,212.0357358455658,200000.0,458.0,1775.9422748088837,91600000.0,943.2372293398132,458000.0
5.660454e-08,6.9101935e-10,237.896,-0.0015595393,3.2786243e-10,0.0058416673,9.169693,27.651016,27.641636,0.40990523,19.7928,0.52159005,20.848885,1.0,-0.6485629,-1.0,10000,0.63275236,0.03371814583420928,0.032242888555556425,0.030817964845031385,10,0.0008766771638098171,1000,1000.0,1000,10,0.0,9614.533595085144,9599.247494602203,9588.715308189392,10,7.383691537040208,-73.36409234339077,-79.58865055115491,-84.98168004596562,10,3.058369856808345,9991.323810332806,9985.120342565415,9979.241086217971,10,3.7751195951350067,-7.916276357816965,-9.599577079140941,-11.29846962813777,10,1.1026475384452326,-286.55339666666663,-294.79202616666663,-304.9784466666666,10,5.2099802486468265,0.0,0.0,0.0,10,0.0,-1.8419893413396986,-1.8925917741888743,-1.9545552987584505,10,0.039082011539518846,0.0,0.0,0.0,10,0.0,4.290082,-0.6138454,-4.922133,1000,0.8599851,0.1309147390520376,0.13094564220642024,9.433869479032115,3.090315438263264e-05,0.998938775901347,3298.8786703130036,1000,323.65359477124184,14,459,303.48671666641354,9548.764144897461,3078.3491729594,132.87389469146729,459,2891.012287294089,389734.0,212.8873782157898,200000.0,459.0,1988.8296530246735,91800000.0,939.4638690006003,459000.0
4.9182187e-08,6.045156e-10,256.07336,-0.0015373799,2.8076383e-10,0.006146701,9.170638,27.639126,27.629906,0.3820214,18.455343,0.478408,19.57065,1.0,-0.65234894,-1.0,10000,0.62995535,0.032369015933873015,0.031680620985708084,0.031117425315242146,10,0.00041817133243071013,1000,1000.0,1000,10,0.0,9622.81339931488,9607.192981147766,9592.628551483154,10,7.445534811092349,-69.61959012284983,-73.76138691350283,-78.60449178363591,10,2.858466086329039,9987.112563078292,9980.100379658857,9965.652752434406,10,6.415433347460545,-7.220947459510074,-8.466951293222056,-9.99542435896155,10,0.7925137814527131,-283.92124666666666,-288.82581949999997,-294.4498466666666,10,2.9999454187494923,0.0,0.0,0.0,10,0.0,-1.8165111492437034,-1.8532405728473722,-1.9289467990348315,10,0.03463498252278519,0.0,0.0,0.0,10,0.0,4.5231586,-0.6074403,-5.011474,1000,0.86843467,0.13100744851518553,0.13103835166956818,9.407076597792715,3.090315438263264e-05,0.999443069593027,3442.244763168713,1000,351.9928774928775,27,702,315.3522269063546,9558.031635284424,3349.5518634730256,253.2303581237793,702,3008.0856675835244,390436.0,209.8742926120758,200000.0,460.0,2198.704457759857,92000000.0,952.9513953844405,460000.0
4.375632e-08,5.43387e-10,273.93124,-0.0016652037,2.4422672e-10,0.0065959655,9.192479,27.645267,27.636147,0.37530988,15.983391,0.48130655,17.055477,1.0,-0.65245306,-1.0,10000,0.6320527,0.03261504636441532,0.03183529923602182,0.030954675668312122,10,0.0004994903231634879,1000,1000.0,1000,10,0.0,9617.11374950409,9605.549836444854,9589.98320198059,10,8.090597595783377,-69.25307806883792,-72.54871564760056,-76.51741077493523,10,2.769328990045482,9988.398895493277,9978.642326160796,9969.322723046687,10,6.994254969688994,-8.920546110740963,-9.748520833492966,-10.812599884452599,10,0.5613509673127016,-282.69291,-288.9749746666667,-295.5027066666666,10,4.1486781222363485,0.0,0.0,0.0,10,0.0,-1.729979088917739,-1.8202802350013987,-1.868251222448,10,0.037314397914982034,0.0,0.0,0.0,10,0.0,4.5029387,-0.61275196,-5.48934,1000,0.86077327,0.1311156095555248,0.13114651270990743,9.485552364462766,3.090315438263264e-05,0.9997485954764866,3150.0503304618037,1000,485.75725593667545,31,379,288.88288004661484,9538.752033233643,4624.789075135555,293.12650775909424,379,2750.9303682192044,390815.0,221.80710554122925,200000.0,461.0,2420.5115633010864,92200000.0,901.6843690015343,461000.0
3.962703e-08,4.9473087e-10,290.19986,-0.0013242097,2.1855569e-10,0.006547806,9.116072,27.413416,27.404419,0.3431543,14.441289,0.40217325,15.625799,1.0,-0.6532942,-1.0,9044,0.63318735,0.03271963662949565,0.0313444468696357,0.027162535779180787,10,0.0014981834231512705,1000,904.4,44,10,286.8,9622.656018257141,8686.469251251221,426.7718753814697,10,2753.244240854198,-2.4692347438922155,-64.40129946977925,-74.59754681835233,10,20.830387139777443,9987.135193318518,9022.575842299542,439.6506572827568,10,2860.9840194820513,-0.08104973067911346,-9.32354495183442,-11.740226971807857,10,3.169534413097287,-10.265385,-260.7144574999999,-295.0640149999999,10,83.58937661299683,0.0,0.0,0.0,10,0.0,-0.06311353077186868,-1.6672918088156394,-1.8814849254054264,10,0.5351256831342291,0.022727272727272728,0.0022727272727272726,0.0,10,0.006818181818181818,4.33842,-0.62134254,-4.4089375,1000,0.85190654,0.13117741586429008,0.13120831901867272,9.40954960802696,3.090315438263264e-05,0.9998417387917555,4123.386329789549,1000,725.4916201117319,30,358,315.50436466033494,9570.082683563232,6925.296688510053,279.50312519073486,358,3013.1989119891064,391173.0,214.94857716560364,200000.0,462.0,2635.46014046669,92400000.0,930.4551006444358,462000.0
3.6388844e-08,4.550934e-10,303.50558,-0.0019018882,1.9990569e-10,0.007364989,9.070235,27.25574,27.246729,0.33839944,15.308607,0.39635718,16.52187,1.0,-0.65530956,-1.0,10000,0.63668,0.03305653050080582,0.03209230641287577,0.03080665531694831,10,0.00070327455265496,1000,1000.0,1000,10,0.0,9619.960782051086,9606.330868148803,9598.323260307312,10,5.690907740183254,-67.11319038611629,-69.76956481717954,-72.50439522561572,10,1.902198648517624,9983.468898038871,9978.842848613236,9973.903300424736,10,3.205782874582679,-10.030371234759599,-11.304889337369202,-12.861589775103957,10,0.7610566634290893,-275.4106283333333,-289.6066906666666,-298.0471183333333,10,6.141156880770103,0.0,0.0,0.0,10,0.0,-1.7115629528392975,-1.8308351319812506,-1.9059367886186784,10,0.0473022092130644,0.0,0.0,0.0,10,0.0,4.806069,-0.6202534,-4.7237587,1000,0.85941315,0.13120831901867272,0.13123922217305536,9.377209065135823,3.090315438263264e-05,0.9998733910334044,5040.939791981053,1000,350.06275303643724,15,494,305.1909571949248,9559.556119918823,3334.775029351354,138.60015296936035,494,2911.041174260986,391667.0,216.34709310531616,200000.0,463.0,2851.807233572006,92600000.0,924.4404310190638,463000.0
3.3777223e-08,4.2754328e-10,314.95004,-0.0009946161,1.8044674e-10,0.006663717,9.029222,27.120275,27.111448,0.34179932,16.287378,0.39318287,17.52959,1.0,-0.6576211,-1.0,10000,0.6395254,0.03402921071012679,0.032374775248562214,0.03121430067125766,10,0.0008428069159523774,1000,1000.0,1000,10,0.0,9630.884882926941,9609.759622716903,9579.718231678009,10,13.527414298921297,-61.257797356823744,-65.93865474600163,-72.67905421220784,10,3.072824093359471,9989.720532252322,9982.30378272172,9962.848621824565,10,8.804803903207082,-10.229334408844515,-12.169482124535929,-13.872678419046885,10,1.069457398774845,-281.3768349999999,-292.55469866666664,-305.24166166666663,10,7.282302808403049,0.0,0.0,0.0,10,0.0,-1.8004026950998184,-1.881327091114784,-1.9809832843701654,10,0.05233143706858818,0.0,0.0,0.0,10,0.0,4.4882793,-0.62510055,-4.577691,1000,0.8564054,0.131270125327438,0.13130102848182065,9.339553828157614,3.090315438263264e-05,0.9999176197657352,5171.151830879677,1000,561.3772151898734,18,395,353.2417495966008,9567.675268173218,5356.3621011148525,161.14879655838013,395,3374.0548497512914,392062.0,216.65542006492615,200000.0,464.0,3068.4626536369324,92800000.0,923.1248400804608,464000.0
3.1631448e-08,3.9812612e-10,324.7642,-0.0012066353,1.7123993e-10,0.0070523904,8.988518,27.0135,27.004528,0.34239975,18.099144,0.381578,19.394598,1.0,-0.66789496,-1.0,10000,0.63090193,0.03261238427822536,0.031337480418579075,0.030392031497482094,10,0.0006265719643524938,1000,1000.0,1000,10,0.0,9638.399800300598,9624.013136291504,9594.35908985138,10,13.725678053830245,-55.534147280509124,-63.124080180172164,-68.24422513913234,10,4.133489883166489,9987.951639506111,9983.181521058179,9967.679550056448,10,5.74532734974566,-10.1545801203235,-11.1546840821616,-12.814515799956045,10,0.7792050440941655,-275.1474133333333,-283.06141099999996,-293.3092483333333,10,6.141282230711866,0.0,0.0,0.0,10,0.0,-1.7459555345040818,-1.828214361654989,-1.9205308003944044,10,0.05735671308810639,0.0,0.0,0.0,10,0.0,4.3257966,-0.6320671,-5.453419,1000,0.8511686,0.1313319316362033,0.13136283479058594,9.266955085822282,3.090315438263264e-05,0.9999481409672825,4091.1047606689135,1000,422.7094594594595,26,296,280.37675553735505,9563.217741966248,4031.4695585555323,241.16305255889893,296,2676.587512342556,392358.0,206.03807020187378,200000.0,465.0,3274.500723838806,93000000.0,970.694395477701,465000.0
2.9911046e-08,3.7670173e-10,332.6016,-0.0010438443,1.6169721e-10,0.007030673,8.979419,26.990187,26.981077,0.35335982,21.997875,0.4173174,23.309347,1.0,-0.6765826,-1.0,10000,0.62348026,0.031439702983174354,0.03060021412187198,0.02979138217882428,10,0.00047374923618685966,1000,1000.0,1000,10,0.0,9639.403334617615,9629.003576469422,9618.63606262207,10,7.074074575457461,-56.845693812695245,-64.88272524667386,-68.43562312148995,10,3.4702854819168687,9993.069468180889,9986.658483882722,9979.79514617768,10,4.18671353924017,-9.383611914772274,-10.8112106511524,-12.391338954916064,10,0.9422213254659125,-272.7784783333333,-280.09585533333325,-285.7637516666666,10,4.247695351201954,0.0,0.0,0.0,10,0.0,-1.7784343827017937,-1.8651108468189765,-1.9263976530188058,10,0.04715184546179074,0.0,0.0,0.0,10,0.0,4.4662623,-0.62815815,-4.955109,1000,0.8617864,0.13137828636777726,0.1314091895221599,9.203793366272746,3.090315438263264e-05,0.9999626614964434,4997.902371937446,1000,300.13503184713375,22,785,314.9681769116321,9580.942070960999,2862.4351073287094,202.81259155273438,785,3012.1914700049933,393143.0,228.50694060325623,200000.0,466.0,3503.0076644420624,93200000.0,875.2469376728857,466000.0
2.8525307e-08,3.5909972e-10,340.40573,-0.0014134393,1.5435578e-10,0.007540743,9.004504,27.040724,27.031599,0.3728833,25.3536,0.45734972,26.627903,1.0,-0.6770577,-1.0,10000,0.6219919,0.03126133590184327,0.030374415752894124,0.029800411460382748,10,0.0004390888046123361,1000,1000.0,1000,10,0.0,9642.865693092346,9624.44075717926,9611.774107933044,10,7.820145973119215,-56.20084865291871,-60.7273077656679,-65.05484201756093,10,2.2708357709267246,9983.136497746455,9977.772039101814,9973.597856188222,10,3.412636503866726,-9.645881690684734,-10.963038985952965,-12.201297246726941,10,0.7091363527956399,-270.05859,-279.7624496666666,-291.7299583333333,10,5.25730553280849,0.0,0.0,0.0,10,0.0,-1.7470368830501983,-1.8784857749198973,-1.9814406625121448,10,0.056454419167208336,0.0,0.0,0.0,10,0.0,4.517032,-0.6378549,-4.8019657,1000,0.84985924,0.13144009267654255,0.1314709958309252,9.192430581083697,3.090315438263264e-05,0.9999761033577237,5345.512555614734,1000,487.56177156177154,13,429,313.05622428603385,9567.88151550293,4656.598425967432,121.57411670684814,429,2992.185938023678,393572.0,199.01136922836304,200000.0,467.0,3702.0190336704254,93400000.0,1004.9677100131024,467000.0
2.7414394e-08,3.4915054e-10,349.68274,-0.0014044326,1.4430858e-10,0.0076987217,9.030341,27.093266,27.084133,0.38417205,28.145693,0.5185079,29.378906,1.0,-0.6765446,-1.0,10000,0.62384945,0.031394902587795516,0.0306177776909899,0.029526452962119948,10,0.0005322292602338843,1000,1000.0,1000,10,0.0,9633.62387084961,9620.885320568084,9606.122988700867,10,7.996547750962279,-57.505202950815494,-59.980109947814164,-66.80470822605704,10,2.5231278898721987,9983.894533365397,9976.439079557671,9964.06951032982,10,6.571458491516702,-9.704728370956065,-11.040727470026535,-12.3764291245791,10,0.6958493430714525,-271.9888333333333,-282.64026699999994,-290.7648366666666,10,5.003424141849144,0.0,0.0,0.0,10,0.0,-1.7904729356198608,-1.892654173815823,-1.9969943882727517,10,0.051461279470669474,0.0,0.0,0.0,10,0.0,4.3975477,-0.6348695,-5.086215,1000,0.8581395,0.13153280213969049,0.13156370529407313,9.186032098454604,3.090315438263264e-05,0.9999874590421335,4083.7208806043054,1000,217.86024844720498,21,966,229.89750199139712,9554.720289230347,2077.0957275878322,187.91320705413818,966,2197.9913712357543,394538.0,198.33001971244812,200000.0,468.0,3900.3490533828735,93600000.0,1008.420209355967,468000.0
2.66255e-08,3.4200198e-10,359.38544,-0.0014735544,1.3725708e-10,0.007942493,9.069578,27.176678,27.167578,0.39174366,29.886417,0.55193317,31.061985,1.0,-0.6788337,-1.0,10000,0.62312466,0.03140235719240445,0.030556257614625788,0.029970360461782548,10,0.0005369945127699726,1000,1000.0,1000,10,0.0,9629.9114112854,9618.422266197205,9591.69134235382,10,10.499657989626995,-54.79657581428917,-58.71445985543367,-61.54226649175652,10,1.7696855388347705,9980.258050374425,9972.110732927757,9952.354296145473,10,7.615800176995989,-10.110797844207973,-11.305540021042493,-12.362914635705007,10,0.6992002722876055,-273.3926466666666,-281.78043133333324,-288.746855,10,4.32064747759812,0.0,0.0,0.0,10,0.0,-1.8535554356704087,-1.8880322350200824,-1.93748296491902,10,0.028780453876868863,0.0,0.0,0.0,10,0.0,4.6979322,-0.6339213,-4.76744,1000,0.85554653,0.13162551160283842,0.13165641475722106,9.20928892262763,3.090315438263264e-05,0.999993735638607,4115.00673435023,1000,322.7246835443038,17,632,278.75673374093134,9539.488257408142,3077.4197872302766,133.08736562728882,632,2665.721451990832,395170.0,197.42745733261108,200000.0,469.0,4097.776510715485,93800000.0,1013.0303185896523,469000.0
2.6112094e-08,3.385866e-10,371.1455,-0.001690432,1.3143107e-10,0.008371051,9.095497,27.212223,27.203255,0.39539903,30.83126,0.5710907,31.988125,1.0,-0.68089664,-1.0,10000,0.6199638,0.031135863402858375,0.03029562575593009,0.029527837475427077,10,0.00043911534274455183,1000,1000.0,1000,10,0.0,9621.680172920227,9612.206259059905,9595.51582145691,10,8.569389699120375,-54.90435363859636,-56.90059276151895,-58.91087238874476,10,1.2392529609895482,9974.30981278582,9962.286721760122,9942.48873710079,10,8.61925220071521,-10.609695401219957,-11.305986852667537,-12.786259417399013,10,0.6228102503019254,-273.74359999999996,-280.0168908333333,-287.78173333333325,10,4.103162683032667,0.0,0.0,0.0,10,0.0,-1.7509878902008833,-1.8569911424387429,-1.9124882748193939,10,0.054414632596083194,0.0,0.0,0.0,10,0.0,4.626687,-0.64037883,-5.485262,1000,0.84970737,0.13171822106598635,0.131749124220369,9.208288102871308,3.090315438263264e-05,0.999996712463141,3612.756597288578,1000,345.9966555183947,23,598,237.7805401480436,9578.15650844574,3301.9216137637063,202.4673334956169,598,2272.1046501462115,395768.0,201.3080587387085,200000.0,470.0,4299.084569454193,94000000.0,993.5022038019536,470000.0
2.5737922e-08,3.3718997e-10,382.64706,-0.0018188048,1.2609264e-10,0.008706452,9.105087,27.221659,27.212732,0.39698178,31.474426,0.583551,32.624237,1.0,-0.68030316,-1.0,10000,0.6201704,0.030849371107455226,0.030346301911381306,0.02985783737844031,10,0.000361431905404458,1000,1000.0,1000,10,0.0,9627.378345489502,9619.922107315064,9611.352972984314,10,5.72979876269877,-53.54756568144957,-56.78892883351549,-59.9183723284796,10,1.8467190800690643,9976.990238884566,9970.966921680167,9962.447110234527,10,4.491776572156238,-10.56506899140129,-11.661345195567314,-13.17498654014279,10,0.6412086482067364,-275.32289,-280.73634516666664,-284.3599383333333,10,2.871618149050042,0.0,0.0,0.0,10,0.0,-1.7753924363471518,-1.8581968018773178,-1.923927896792834,10,0.041549293414630296,0.0,0.0,0.0,10,0.0,4.557017,-0.63580287,-5.4259887,1000,0.8548922,0.1318263821063256,0.13185728526070825,9.195600223248464,3.090315438263264e-05,0.9999985159696306,2672.6254777293766,1000,247.08781869688386,23,706,151.9971510619063,9551.989965438843,2354.304020905292,216.07966232299805,706,1450.2069473564532,396474.0,221.54502058029175,200000.0,471.0,4520.629590034485,94200000.0,902.7510502205873,471000.0
2.5448465e-08,3.3559044e-10,391.8135,-0.0011134922,1.2248197e-10,0.008166135,9.07016,27.116405,27.107758,0.37599915,33.37812,0.54361886,34.580067,1.0,-0.6829195,-1.0,10000,0.61645335,0.030626777781129932,0.02990589458309114,0.02931408235632989,10,0.00038196287191682434,1000,1000.0,1000,10,0.0,9632.952271461487,9624.297820281983,9614.463877677917,10,5.635387313718706,-55.9790602596606,-58.44406234917659,-62.384442113922056,10,2.336069340008851,9978.825422114103,9971.109994047332,9964.104802550328,10,3.7813682696735644,-9.468285745971821,-11.27384614464474,-12.729158596243861,10,0.9132494277302771,-270.2340666666666,-275.31411616666657,-279.7098066666666,10,3.149659525370169,0.0,0.0,0.0,10,0.0,-1.729544820144644,-1.7801479661421016,-1.8355857929909236,10,0.03303819940916499,0.0,0.0,0.0,10,0.0,3.8443813,-0.648992,-4.3846836,1000,0.83360106,0.1318881884150909,0.13191909156947354,9.122023992767533,3.090315438263264e-05,0.9999990657907183,4056.13958907089,1000,918.6284403669724,59,218,218.3336066168044,9592.053764343262,8789.689623288059,560.4167833328247,218,2090.830202424712,396692.0,214.1132354736328,200000.0,472.0,4734.742825508118,94400000.0,934.0851795433692,472000.0
2.5260649e-08,3.3115433e-10,399.83813,-0.0011654167,1.2353737e-10,0.008362503,9.001224,26.950289,26.941782,0.3614345,37.35373,0.525408,38.636166,1.0,-0.6783645,-1.0,10000,0.6198053,0.031611683869428815,0.030489125617183165,0.029448985547220217,10,0.0006230023590631685,1000,1000.0,1000,10,0.0,9627.468322753906,9618.180443763733,9605.387823104858,10,5.999858773082936,-59.42870765300078,-61.61438755470796,-64.95673530880576,10,1.6216537560623099,9978.921858800997,9972.056964586156,9962.963648717676,10,5.029540911413491,-10.447000215521385,-11.772978232676934,-12.70309988598212,10,0.5598418187328168,-270.321805,-278.70081583333325,-286.2024433333333,10,5.4413684599801915,0.0,0.0,0.0,10,0.0,-1.738035389877728,-1.788334642491877,-1.8846936686185858,10,0.04452142330115907,0.0,0.0,0.0,10,0.0,4.079175,-0.6464831,-4.400717,1000,0.8381041,0.13193454314666486,0.1319654463010475,9.006708014217077,3.090315438263264e-05,0.9999993273693171,3825.1522178265673,1000,611.2164502164502,21,231,243.95992838127597,9581.93011379242,5840.681830600227,198.0301866531372,231,2332.6972911549733,396923.0,212.2750895023346,200000.0,473.0,4947.017915010452,94600000.0,942.1736694064633,473000.0
2.522998e-08,3.2698577e-10,405.51285,-0.0008351618,1.2715386e-10,0.008134393,8.945444,26.81242,26.80436,0.36479017,43.76714,0.52825326,45.113956,1.0,-0.6714945,-1.0,10000,0.62117493,0.031583449624871716,0.03078339771108876,0.030224413994219504,10,0.00043909779977287407,1000,1000.0,1000,10,0.0,9607.33619594574,9593.502271652222,9566.759963989258,10,12.905283433149707,-64.07767647386612,-69.98951071595566,-75.80012809750632,10,3.5436380390776683,9972.000820696996,9961.751364651971,9942.447490031334,10,8.750998690729677,-12.159899661319503,-12.759774236746871,-13.33786621749596,10,0.36835426047447795,-277.51634833333327,-283.6492578333333,-292.0809116666666,10,4.083830654206094,0.0,0.0,0.0,10,0.0,-1.805932674074427,-1.8505520335549632,-1.9364791759534046,10,0.04111694180219203,0.0,0.0,0.0,10,0.0,4.447478,-0.6444169,-4.4783664,1000,0.8380809,0.13198089787823883,0.13201180103262147,8.874926471968037,3.090315438263264e-05,0.9999995216848477,4710.049998679919,1000,585.2079772079773,26,351,421.70798357648823,9591.877257347107,5592.22274815323,231.07232666015625,351,4036.3023687816103,397274.0,214.25696420669556,200000.0,474.0,5161.274879217148,94800000.0,933.458572702721,474000.0
2.522998e-08,3.2808165e-10,404.08884,8.6114105e-06,1.2605797e-10,0.007264988,8.898752,26.71862,26.710466,0.38502556,52.139355,0.5458233,53.522316,1.0,-0.66300285,-1.0,10000,0.63272434,0.03274791330231528,0.032035665220613005,0.031198456938538583,10,0.00040769195733626995,1000,1000.0,1000,10,0.0,9602.647906303406,9584.981819820405,9573.029907226562,10,8.825151410713136,-70.09088579716986,-75.51258299537338,-80.54603687338735,10,3.2737722754848715,9980.89844300882,9968.321212972474,9957.112935423233,10,6.44341530762671,-12.578395027273892,-13.112541335970656,-13.802448194707932,10,0.3729961362755478,-284.00898499999994,-292.81791366666664,-299.3631933333333,10,3.859329942613522,0.0,0.0,0.0,10,0.0,-1.8284056805067954,-1.8963638502808287,-1.95918335582678,10,0.036001393968861296,0.0,0.0,0.0,10,0.0,4.1587,-0.64359975,-3.6887202,1000,0.836139,0.13201180103262147,0.13204270418700412,8.757403378496834,3.090315438263264e-05,0.9999996173478782,5671.832149918208,1000,941.668202764977,31,217,191.7594031917031,9576.569463729858,8985.951743804913,300.52153396606445,217,1830.002930733366,397491.0,215.2082815170288,200000.0,475.0,5376.483160734177,95000000.0,929.3322663522806,475000.0
2.522998e-08,3.2665176e-10,397.56503,-0.00026737657,1.2748791e-10,0.007423547,8.881234,26.682167,26.673714,0.38597208,60.571854,0.5531598,61.9462,1.0,-0.6596259,-1.0,10000,0.64303017,0.03372388206857431,0.03306583790288714,0.03250039912933426,10,0.00039060085075871885,1000,1000.0,1000,10,0.0,9583.877698898315,9568.717583274842,9548.192048072815,10,10.847337827260144,-77.54592063235467,-81.83389040436757,-86.61352537564326,10,2.970379871868249,9976.237765791244,9961.645658214822,9947.413110416634,10,9.523922137318726,-11.788030250587855,-12.632023650036817,-13.570458510427626,10,0.5342329665698321,-292.43186499999996,-296.6257573333333,-299.6264083333333,10,2.633845728219076,0.0,0.0,0.0,10,0.0,-1.8005763406489503,-1.836404942882868,-1.8762953907308284,10,0.02735341971609368,0.0,0.0,0.0,10,0.0,4.7807813,-0.63010603,-5.256052,1000,0.8591517,0.13207360734138676,0.1321045104957694,8.70063456801753,3.090315438263264e-05,0.9999997510210195,5885.514269799711,1000,511.8595890410959,23,584,285.21831486438185,9549.573774337769,4871.438510462233,212.10820388793945,584,2718.8350778490503,398075.0,221.3530514240265,200000.0,476.0,5597.836212158203,95200000.0,903.53396401515,476000.0
2.522998e-08,3.2785788e-10,396.16077,-0.0004833677,1.262818e-10,0.0076142615,8.943027,26.849073,26.840597,0.4236735,64.68096,0.7463755,65.810936,1.0,-0.6577848,-1.0,10000,0.6478451,0.03438592307064391,0.033728702968676236,0.03304478183719038,10,0.00040682874762108833,1000,1000.0,1000,10,0.0,9587.13482952118,9579.496545886994,9572.251742362976,10,4.216514239770357,-73.61590761269728,-84.30970407503156,-89.96069561227529,10,4.5411545029868305,9983.537476060981,9977.829012310882,9970.970348165356,10,4.071708721278888,-11.116627309753143,-12.42375705313116,-13.93380598614231,10,0.9490302418279362,-293.1337716666666,-299.7755635,-305.32939999999996,10,3.718501279767737,0.0,0.0,0.0,10,0.0,-1.7407997881898314,-1.8234393944065048,-1.8764552740456557,10,0.05523001159912193,0.0,0.0,0.0,10,0.0,5.042765,-0.61262065,-5.2617807,1000,0.8786714,0.13221267153610866,0.1322435746904913,8.862179250135156,3.090315438263264e-05,0.999999903627208,3713.8921843325734,1000,260.99541809851087,24,873,193.48658454334802,9521.71227645874,2477.2211580645176,222.21726608276367,873,1839.787098292737,398948.0,213.46820640563965,200000.0,477.0,5811.304418563843,95400000.0,936.9076705500261,477000.0
2.522998e-08,3.277725e-10,401.265,-0.0011698651,1.2636718e-10,0.008392636,9.059912,27.126947,27.11835,0.4963328,59.62059,1.0690266,60.407536,1.0,-0.65896225,-1.0,10000,0.6370696,0.03311073823708284,0.032510600867748145,0.032090606840720286,10,0.00034634061095380154,1000,1000.0,1000,10,0.0,9604.000546455383,9595.993901395797,9581.880045890808,10,6.37927227970962,-67.290341077334,-71.84928247862706,-74.96624149045113,10,2.4414597676913896,9980.908070484598,9974.174284693114,9965.204179224851,10,4.699511059782956,-10.638307306273425,-11.810502358748792,-13.184752687373448,10,0.8948041479367719,-287.86947166666664,-292.68630616666667,-300.854745,10,3.8077729092888397,0.0,0.0,0.0,10,0.0,-1.7361846863623915,-1.8342902182925447,-1.904305323846902,10,0.0541333550388537,0.0,0.0,0.0,10,0.0,4.5564947,-0.623657,-4.5093994,1000,0.8649626,0.1323826388852132,0.13241354203959585,9.181909459375076,3.090315438263264e-05,0.9999999723764159,2026.640438703483,874,214.2778523489933,20,745,218.6285915727989,8214.43985414505,2031.521315895711,186.67960166931152,745,2083.2843617952567,399693.0,212.2698540687561,200000.0,478.0,6023.574272632599,95600000.0,942.1969072217773,478000.0
2.5229982e-08,3.2552316e-10,410.72662,-0.0018013532,1.2861655e-10,0.009194433,9.104221,27.232563,27.22406,0.47984928,50.282635,0.96004283,50.993736,1.0,-0.6638751,-1.0,10000,0.6262449,0.03310967323013756,0.03148564143996918,0.030594460752719897,10,0.0007383042770411565,1000,1000.0,1000,10,0.0,9627.62138557434,9613.292552280425,9596.104056358337,10,10.351015724290924,-58.780376451257624,-65.1184572415286,-74.75130785532761,10,5.911397200838592,9984.023912975299,9979.229252060206,9974.106558600106,10,3.002874336268454,-10.063262041226904,-11.905286830429244,-13.792338723034488,10,1.0123573312392893,-279.3588533333333,-287.07982666666663,-299.01224,10,6.012220876940854,0.0,0.0,0.0,10,0.0,-1.7625149738039312,-1.833130775666286,-1.8889516605276842,10,0.04141310355504917,0.0,0.0,0.0,10,0.0,4.86587,-0.6314716,-4.574788,1000,0.8479949,0.13249079992555246,0.1325217030799351,9.354642099234399,3.090315438263264e-05,0.9999999878829628,2161.566491732034,1000,359.216,29,375,143.15414073880876,9520.465921401978,3419.555803387324,274.75383281707764,375,1358.9665553726757,400068.0,199.87947750091553,200000.0,479.0,6223.453750133514,95800000.0,1000.6029758562078,479000.0
2.522998e-08,3.2615904e-10,420.28156,-0.0021424703,1.2798064e-10,0.009707538,9.104101,27.219568,27.210833,0.44782332,41.214127,0.7607359,41.970177,1.0,-0.6689751,-1.0,10000,0.6216226,0.03342698348539125,0.0309785473348893,0.029922192313169945,10,0.0010073577031847894,1000,1000.0,1000,10,0.0,9637.829820632935,9620.515227127074,9586.029444694519,10,16.13276623828565,-55.06873421077393,-62.31826160805116,-80.78118547177338,10,9.108059474470512,9991.16781786656,9980.912357027271,9967.431938714866,10,5.828493791719041,-9.198917267593393,-11.398511584215385,-14.993110766676331,10,1.6621260795742503,-275.23515166666664,-284.82495149999994,-307.34738166666665,10,8.561395791583694,0.0,0.0,0.0,10,0.0,-1.787101522217462,-1.855405426498622,-2.0167057127547228,10,0.06143565125921982,0.0,0.0,0.0,10,0.0,4.5262604,-0.6299679,-4.8687024,1000,0.8464239,0.1325835093887004,0.13261441254308304,9.429879866436922,3.090315438263264e-05,0.9999999936409789,3144.00849010042,1000,530.102119460501,24,519,370.4814385571209,9583.938314437866,5059.715178072108,223.9809865951538,519,3542.4180078213876,400587.0,198.9181957244873,200000.0,480.0,6422.371945858002,96000000.0,1005.438438004993,480000.0
2.522998e-08,3.306734e-10,433.22473,-0.001721249,1.2346628e-10,0.009519295,9.136764,27.265768,27.257385,0.45143375,31.305761,0.73373276,32.049442,1.0,-0.6733856,-1.0,10000,0.61706907,0.031326137764539456,0.0305480976383682,0.02992338849247608,10,0.00039438304174055773,1000,1000.0,1000,10,0.0,9637.193428993225,9620.903776168823,9591.95225906372,10,13.272581251196948,-54.753182837588824,-57.70689124128309,-61.408482257120944,10,2.2432771998255476,9979.114647226703,9970.938482306594,9950.747632095226,10,8.939404597830345,-9.448078060905235,-9.993097336298984,-10.662564970020185,10,0.3902272583172142,-272.8662166666666,-280.5169993333333,-285.7637516666666,10,3.8042030092101338,0.0,0.0,0.0,10,0.0,-1.7070131824184762,-1.8177169796481807,-1.8659705857615054,10,0.04470965849093744,0.0,0.0,0.0,10,0.0,5.1148415,-0.62050325,-5.234307,1000,0.8600452,0.13269167042903965,0.1327225735834223,9.565801072273162,3.090315438263264e-05,0.9999999971294679,2253.5998137033944,787,248.05030674846626,18,815,190.47509518676966,7507.876953125,2360.1457803132344,169.04456996917725,815,1817.6801680063716,401402.0,219.47120642662048,200000.0,481.0,6641.843152284622,96200000.0,911.2812712717711,481000.0
2.522998e-08,3.2967987e-10,446.9249,-0.0019009148,1.2445982e-10,0.009945563,9.131757,27.256002,27.247625,0.41979522,23.022026,0.634242,23.891771,1.0,-0.67018116,-1.0,10000,0.61498886,0.031066381550437654,0.030560243132588222,0.029981853855235385,10,0.00030966453148461426,1000,1000.0,1000,10,0.0,9625.067862510681,9615.211737632751,9603.859727859497,10,7.532915906342343,-55.63614269072309,-57.63810150064315,-61.335076200737085,10,1.4877357831245777,9971.91536099575,9964.789708125925,9950.39220060687,10,6.156299045058689,-9.747716559522797,-10.844423600986165,-11.748210747120122,10,0.5109725037888094,-272.69073999999995,-279.2974365,-285.2373216666666,10,4.153101214047397,0.0,0.0,0.0,10,0.0,-1.707867443771186,-1.7980110484491103,-1.8826193172937136,10,0.06027714549295696,0.0,0.0,0.0,10,0.0,5.023123,-0.62569565,-4.9671197,1000,0.85394573,0.13276892831499626,0.1327998314693789,9.553543457387892,3.090315438263264e-05,0.9999999983736788,3415.966183402782,1000,250.31552795031055,27,805,195.3290705034135,9534.58609008789,2381.364069016972,261.89722537994385,805,1861.3963978404672,402207.0,212.9392900466919,200000.0,482.0,6854.782442331314,96400000.0,939.2348399214882,482000.0
2.522998e-08,3.2876799e-10,458.4165,-0.0016044821,1.2537167e-10,0.009855978,9.031796,27.014484,27.006094,0.34829968,20.863867,0.46796542,22.02602,1.0,-0.66830087,-1.0,10000,0.6172133,0.03163431904766185,0.030836505783963363,0.03027806165679067,10,0.0004323838815137018,1000,1000.0,1000,10,0.0,9606.877113342285,9592.456792068482,9581.58372592926,10,6.430170572035723,-54.93918112587966,-58.22175312660151,-60.97875415095638,10,1.953051512395434,9960.371658859585,9947.559676621167,9941.365773244215,10,5.666000547878325,-10.083667237611788,-10.851625324209818,-11.85166363044991,10,0.48250368384431963,-278.56920833333334,-284.1932355,-290.06293,10,3.3816156648178763,0.0,0.0,0.0,10,0.0,-1.7324168664627297,-1.8362703647995082,-1.9333843519872818,10,0.05748262239658617,0.0,0.0,0.0,10,0.0,4.9205613,-0.6335373,-5.117502,1000,0.8377337,0.13283073462376155,0.1328616377781442,9.310737255618665,3.090315438263264e-05,0.9999999989591544,4367.761192127002,1000,523.2322738386308,28,409,288.86997156902925,9565.394614219666,4985.971790029396,263.5323076248169,409,2755.8782130139334,402616.0,212.6868245601654,200000.0,483.0,7067.4692668914795,96600000.0,940.3497391697786,483000.0
2.522998e-08,3.291953e-10,467.4324,-0.001725165,1.2494436e-10,0.010138949,8.989179,26.90504,26.89665,0.34584287,23.725601,0.43704468,24.987741,1.0,-0.6734343,-1.0,10000,0.6192815,0.031544388928552505,0.030927721408102665,0.029956094256122015,10,0.0004776848511800124,1000,1000.0,1000,10,0.0,9599.20656490326,9587.654709339142,9565.408373832703,10,9.208409360181959,-58.99419148795033,-61.023046066031405,-63.16191086250692,10,1.3342171919223837,9958.311324104114,9947.960367520845,9928.10994280107,10,9.01062305617242,-10.704300026749213,-11.47519752030378,-12.502436709209334,10,0.5637547363358839,-278.8324233333333,-285.93045449999994,-290.9403133333333,10,3.524078722011847,0.0,0.0,0.0,10,0.0,-1.8427658796927815,-1.8769576124849976,-1.9597620845733241,10,0.03679907425299651,0.0,0.0,0.0,10,0.0,4.6750765,-0.63939255,-4.392061,1000,0.83518803,0.13287708935533551,0.13290799250971816,9.181654197409353,3.090315438263264e-05,0.9999999992598431,5131.918220699404,1000,715.7902621722847,20,267,297.5582544839611,9551.780864715576,6816.9167487737395,173.66318464279175,267,2834.6674198466694,402883.0,205.07614946365356,200000.0,484.0,7272.545416355133,96800000.0,975.2474898864178,484000.0
2.5229982e-08,3.3095068e-10,474.83527,-0.0017591758,1.2318901e-10,0.010306211,9.000771,26.91935,26.910807,0.3579378,27.202133,0.4585474,28.443079,1.0,-0.67591095,-1.0,10000,0.62036824,0.03140269434642687,0.030873485432899906,0.030250085517109254,10,0.0003112233089027203,1000,1000.0,1000,10,0.0,9607.891899108887,9593.197318363189,9577.687182426453,10,9.62353363568134,-58.90321388688278,-62.824974288438625,-65.93177295941584,10,1.8270814588748225,9965.075621155793,9953.145398458459,9944.08575859969,10,7.34293976422009,-10.511223379774176,-11.725857901737392,-12.442603901945091,10,0.5666643702364264,-278.3059933333333,-283.5615194999999,-290.326145,10,4.177017395923142,0.0,0.0,0.0,10,0.0,-1.7202774243273744,-1.8357242506003133,-1.9494728688895224,10,0.0731749401011132,0.0,0.0,0.0,10,0.0,4.485719,-0.637916,-4.7266073,1000,0.84194344,0.13290799250971816,0.1329388956641008,9.157135613912008,3.090315438263264e-05,0.9999999994078744,5416.260250807264,1000,521.6884057971015,22,414,252.44267921786766,9554.730544090271,4969.999474721182,205.39398860931396,414,2405.066611061658,403297.0,198.12390637397766,200000.0,485.0,7470.669322729111,97000000.0,1009.4692945458133,485000.0
2.522998e-08,3.332862e-10,479.84207,-0.0008600137,1.2085348e-10,0.00949717,8.946937,26.77514,26.766802,0.3441901,31.836807,0.45542854,33.153473,1.0,-0.67988414,-1.0,10000,0.61859405,0.03148642546303745,0.030522519405042116,0.02948081728667603,10,0.000640986141877022,1000,1000.0,1000,10,0.0,9620.478240013123,9607.151168441773,9599.71608543396,10,6.292460610286038,-59.128876299987525,-62.68647601743921,-65.33704414289772,10,1.7284504984200548,9973.239928053252,9963.087772132953,9957.967712720336,10,4.517521711761855,-9.848570969964676,-10.844921514038075,-11.812083688929043,10,0.6971673726507552,-273.9190766666666,-280.58718999999996,-288.746855,10,5.313206292545658,0.0,0.0,0.0,10,0.0,-1.724607797813497,-1.818015729752109,-1.9035372429161979,10,0.06465385096073452,0.0,0.0,0.0,10,0.0,4.5758977,-0.63406307,-4.992968,1000,0.8483172,0.13295434724129213,0.13298525039567477,9.037878629722142,3.090315438263264e-05,0.9999999995736697,6053.373631382316,1000,391.9016697588126,23,539,261.16054597973385,9546.689851760864,3733.914034812039,221.93917274475098,539,2488.0475425225736,403836.0,222.01724123954773,200000.0,486.0,7692.686563968658,97200000.0,900.8309394503646,486000.0
2.522998e-08,3.3194708e-10,482.4591,-0.00073151797,1.2219263e-10,0.009415782,8.934383,26.727062,26.718687,0.344961,36.588757,0.48561898,37.855038,1.0,-0.6776482,-1.0,10000,0.6234845,0.031934795618915816,0.030986422732207575,0.030209547431833926,10,0.0005166704417208963,1000,1000.0,1000,10,0.0,9606.375853538513,9600.603175258637,9587.738047599792,10,4.923328176640651,-61.70192344023374,-65.09416481780877,-71.35042466196725,10,2.5475314577981556,9967.66288785686,9960.05144413556,9957.373652226099,10,2.9736358139934724,-9.358343495773841,-10.485451968720545,-11.055011535612216,10,0.4637963457279804,-276.0247966666666,-282.0699678333333,-288.3959016666666,10,4.032805425248109,0.0,0.0,0.0,10,0.0,-1.7363249260724671,-1.7986839584840282,-1.884180373274317,10,0.04232025601303495,0.0,0.0,0.0,10,0.0,4.4542594,-0.62999004,-5.549115,1000,0.8541223,0.13304705670444006,0.1330779598588227,9.031171565154475,3.090315438263264e-05,0.9999999997762617,4333.711794095898,1000,325.22680412371136,22,582,241.5653848502049,9505.658383369446,3097.8374208822283,190.95386743545532,582,2304.1200917795986,404418.0,218.3057096004486,200000.0,487.0,7910.992273569107,97400000.0,916.1464460368334,487000.0
2.522998e-08,3.317851e-10,482.90894,-0.00041943786,1.2235453e-10,0.009111798,8.934624,26.705805,26.697302,0.36493844,39.613327,0.52311647,40.803932,1.0,-0.67839026,-1.0,10000,0.6230469,0.031976711281386086,0.030859662312736326,0.030130373515348766,10,0.0004746478558923215,1000,1000.0,1000,10,0.0,9608.26386833191,9600.582848262788,9590.206005096436,10,6.546349851777823,-63.07654993994968,-66.96479952439316,-72.44040805296083,10,2.9021126066061647,9968.921921119545,9959.661867882722,9950.075298402524,10,5.51391351828009,-9.838769628347137,-10.496027864520922,-11.044329414616481,10,0.4377591914272054,-276.112535,-279.85896183333335,-289.79971499999994,10,3.5277029706578937,0.0,0.0,0.0,10,0.0,-1.678745652408842,-1.7592306345065456,-1.865471286797817,10,0.04856403035405785,0.0,0.0,0.0,10,0.0,4.0104256,-0.6441477,-4.404415,1000,0.83772,0.13312431459039667,0.13315521774477931,9.065497467346852,3.090315438263264e-05,0.9999999998758222,4945.7628438716165,1000,839.0183486238532,35,218,302.5004202484419,9572.553074836731,8009.79931523603,335.67118644714355,218,2890.6354772230166,404636.0,202.61768460273743,200000.0,488.0,8113.6099581718445,97600000.0,987.0806706341068,488000.0
2.522998e-08,3.315666e-10,481.414,-0.0005775125,1.2257308e-10,0.009242963,8.9417095,26.72098,26.712393,0.36098287,41.28903,0.52431566,42.425274,1.0,-0.680874,-1.0,10000,0.61955637,0.03203132755278784,0.03054014785470499,0.029890542032124358,10,0.0006154821539723757,1000,1000.0,1000,10,0.0,9612.613832473755,9596.080365371705,9572.94973373413,10,12.621751555213628,-64.67550668110785,-69.00497012480113,-74.23897081347643,10,3.221618452463685,9967.579423679676,9954.093747166997,9942.216147213356,10,8.830522512679801,-9.959941855542105,-10.705376801531433,-11.490148836735077,10,0.5018826077261385,-270.58502,-276.5775481666666,-288.220425,10,5.34384074697864,0.0,0.0,0.0,10,0.0,-1.6659794797874745,-1.7254879978069355,-1.823051790559933,10,0.04523682032594822,0.0,0.0,0.0,10,0.0,4.605414,-0.63719183,-5.3238153,1000,0.8492293,0.13317066932197064,0.13320157247635328,9.10061488102997,3.090315438263264e-05,0.999999999910592,4444.778449705484,1000,328.3971119133574,15,554,258.14377880006174,9559.795404434204,3126.781476678831,140.26956176757812,554,2462.9455328720314,405190.0,200.36081910133362,200000.0,489.0,8313.970777273178,97800000.0,998.1991533926046,489000.0
2.522998e-08,3.3202271e-10,481.29578,-0.00039244883,1.2211694e-10,0.009055773,8.948861,26.728043,26.719389,0.3570577,41.13425,0.5264647,42.247086,1.0,-0.68121654,-1.0,10000,0.62220657,0.03241494290767878,0.03073692749973561,0.02908284175900917,10,0.000872303956313762,1000,1000.0,1000,10,0.0,9613.078676223755,9596.277625846862,9567.2706823349,10,11.89529184851517,-65.3706070455513,-70.08330915042113,-72.58540719325973,10,1.8969456078086182,9968.011293725967,9955.744901678452,9941.224274061227,10,7.562524084436753,-9.058664738875319,-9.996057262934043,-11.137443932571266,10,0.6594931273694662,-265.84714999999994,-277.6479558333333,-295.9413983333333,10,7.850619955359558,0.0,0.0,0.0,10,0.0,-1.6566513759812178,-1.739953557529713,-1.928095822479422,10,0.07274923383030696,0.0,0.0,0.0,10,0.0,4.2037005,-0.641558,-4.7896786,1000,0.8427831,0.13323247563073592,0.13326337878511857,9.128760050839063,3.090315438263264e-05,0.9999999999427789,5157.1672200338,1000,581.6881443298969,24,388,427.2483381322421,9569.750566482544,5549.55848427163,226.4867696762085,388,4081.029053854646,405578.0,197.95364594459534,200000.0,490.0,8511.924423217773,98000000.0,1010.3375416281922,490000.0
2.522998e-08,3.3266587e-10,482.65927,-0.00046311982,1.214738e-10,0.009150986,8.947123,26.714895,26.706171,0.3552092,41.134552,0.51765805,42.26461,1.0,-0.68665916,-1.0,10000,0.61833936,0.030599567910350744,0.03027388078143995,0.0296088140859938,10,0.000294379686205851,1000,1000.0,1000,10,0.0,9608.552028656006,9600.369117927552,9589.996982574463,10,6.279372832959875,-66.53188992315123,-72.30497976534849,-76.44494166449012,10,2.8458913675808315,9966.309294570226,9957.471379286288,9950.360653710486,10,5.643819457245901,-8.354364276988708,-9.344794661342817,-10.300415425817258,10,0.5821679012121538,-267.7773933333333,-273.74359999999996,-280.9381433333333,10,3.9402229539086893,0.0,0.0,0.0,10,0.0,-1.6347096686719698,-1.7088848628538966,-1.7727000563149429,10,0.047581620475315695,0.0,0.0,0.0,10,0.0,4.3961444,-0.650542,-4.9852314,1000,0.8372551,0.1332788303623099,0.13330973351669254,9.117095534315611,3.090315438263264e-05,0.9999999999593094,4091.671778663068,1000,289.56053811659194,36,223,296.97301694351887,9546.917873382568,2753.81161589259,340.55092906951904,223,2831.265212169598,405801.0,221.45583939552307,200000.0,491.0,8733.380262613297,98200000.0,903.1145918116765,491000.0
2.5229982e-08,3.2823907e-10,478.64914,-0.00037027424,1.2590064e-10,0.008985958,8.880366,26.548973,26.540283,0.31856105,43.520985,0.433886,44.782066,1.0,-0.6736101,-1.0,10000,0.6229516,0.03151267896562058,0.030977004626902633,0.030299282158652203,10,0.00044568598129581416,1000,1000.0,1000,10,0.0,9594.787950515747,9589.716313648223,9574.44891166687,10,5.9918756477208195,-67.16351321668773,-71.2844178815398,-75.63622168092708,10,2.8546360835055524,9958.215013055367,9951.659989233309,9944.791431542202,10,4.868432394868728,-8.86010405858954,-9.515661358278882,-10.789926158462938,10,0.5930243871502185,-274.27003,-279.4114963333333,-286.9920883333333,10,3.544498359816062,0.0,0.0,0.0,10,0.0,-1.6477079486971782,-1.7320975650887007,-1.8275241177932267,10,0.04745735399066453,0.0,0.0,0.0,10,0.0,4.294909,-0.6423733,-4.399684,1000,0.840076,0.13332518509388386,0.1333560882482665,8.986838657599899,3.090315438263264e-05,0.9999999999707028,5198.7721156578555,1000,722.6458333333334,33,384,276.49304840442596,9571.511088371277,6896.307287646923,315.8644332885742,384,2642.2921519259917,406185.0,198.1902358531952,200000.0,492.0,8931.570498466492,98400000.0,1009.1314495843546,492000.0
2.522998e-08,3.287375e-10,475.46216,0.00034941547,1.2540215e-10,0.008208903,8.871003,26.499435,26.490906,0.31445825,46.874218,0.44536474,48.080063,1.0,-0.6649391,-1.0,10000,0.62561536,0.03255055094402633,0.031288675367659016,0.029900337553277496,10,0.000723538436887375,1000,1000.0,1000,10,0.0,9599.060536384583,9586.284111595154,9577.386214256287,10,7.393223446688403,-67.03498588519346,-72.7671840208013,-76.87591878747568,10,2.823631059697835,9957.22994377849,9950.146558072873,9943.936080420646,10,3.316715977781199,-7.330707242380861,-9.547812825303595,-10.42735004378109,10,0.8550102887698238,-266.1981033333333,-279.8414141666666,-287.16756499999997,10,6.536859132510236,0.0,0.0,0.0,10,0.0,-1.5964061181850373,-1.7060338446356602,-1.7941220494309669,10,0.07265394748062455,0.0,0.0,0.0,10,0.0,5.1335626,-0.62229586,-5.1866455,1000,0.854921,0.13340244297984047,0.1334333461342231,8.997691635767728,3.090315438263264e-05,0.9999999999830553,5234.763121226726,1000,501.96622889305814,21,533,356.1866023168459,9569.8324842453,4778.830369657245,196.50356674194336,533,3397.286239874166,406718.0,196.92745161056519,200000.0,493.0,9128.497950077057,98600000.0,1015.6024381786596,493000.0
2.522998e-08,3.2804573e-10,475.73428,-0.0009924087,1.2609397e-10,0.009555626,8.912447,26.576153,26.567434,0.347818,46.175125,0.5505444,47.212852,1.0,-0.66668886,-1.0,10000,0.62272507,0.03172212476788263,0.0309802951180347,0.030139206702049705,10,0.00039666330747172224,1000,1000.0,1000,10,0.0,9604.678473472595,9594.176494789124,9586.171709060669,10,6.3151298573733845,-68.40182461184374,-71.84239487764452,-75.20784132087506,10,1.7263250855897356,9962.637319924032,9956.553115838167,9951.413687401428,10,3.795159108581826,-8.04746113287776,-9.188177100090739,-10.855255928848834,10,0.8278188862358186,-270.93597333333327,-279.60452066666664,-284.79862999999995,10,3.8979525850182792,0.0,0.0,0.0,10,0.0,-1.6725626833612495,-1.7415271345878736,-1.8358459301114913,10,0.04760686784390748,0.0,0.0,0.0,10,0.0,4.447537,-0.6233902,-4.9876375,1000,0.85206544,0.13351060402017972,0.13354150717456237,9.140279649555712,3.090315438263264e-05,0.9999999999921279,3285.681301585327,1000,230.93820224719101,19,534,132.95285808576128,9507.007873535156,2193.5619366160045,184.16882038116455,534,1263.235866984128,407252.0,211.85256147384644,200000.0,494.0,9340.350511550903,98800000.0,944.0527818432365,494000.0
2.522998e-08,3.2793718e-10,478.1831,-0.0012760459,1.2620249e-10,0.009883341,8.943737,26.637003,26.628374,0.37609226,42.911705,0.60650104,43.850475,1.0,-0.6762612,-1.0,10000,0.622966,0.03166272144687537,0.03073336638183973,0.029865464818823965,10,0.0006473814151629939,1000,1000.0,1000,10,0.0,9620.126818656921,9603.710875988007,9586.550625801086,10,10.937972565608325,-64.54574458375333,-69.08296293974409,-74.69366717879379,10,2.8514288421551677,9967.599393490385,9956.808183188072,9943.071541861005,10,7.150685500604201,-6.8944099202542315,-8.205937761053454,-9.634963288097623,10,0.7145335808721608,-266.5490566666666,-274.164744,-282.69291,10,5.910568870260634,0.0,0.0,0.0,10,0.0,-1.5268668167834414,-1.6436613786026957,-1.7170417838052863,10,0.0625344962716807,0.0,0.0,0.0,10,0.0,5.068714,-0.6122766,-5.1531587,1000,0.8689461,0.13364966821490162,0.13368057136928427,9.261178469220305,3.090315438263264e-05,0.9999999999970626,2837.850971420737,1000,264.66859344894027,20,1038,289.5892313691871,9540.590539932251,2516.1933062717403,188.74185371398926,1038,2762.0400079669603,408290.0,215.32986736297607,200000.0,495.0,9555.68037891388,99000000.0,928.8075195944142,495000.0
2.522998e-08,3.302803e-10,485.8987,-0.0018408241,1.2385935e-10,0.010587001,9.006426,26.788078,26.779669,0.45144564,35.821312,0.7089253,36.617958,1.0,-0.68845093,-1.0,9021,0.618554,0.036694939230940124,0.03089100061419816,0.029613259181700415,10,0.0019502121374051556,1000,902.1,21,10,293.70000000000005,9622.033408164978,8670.728797197342,176.90698862075806,10,2831.278039696667,-1.810947936280072,-63.58103551894909,-75.87726729593456,10,20.83022562934405,9973.974105016448,8987.073601625398,185.67834657024568,10,2933.805754588905,-0.4305353098013674,-7.264612274563535,-8.786000544074902,10,2.347406814212475,-6.492636666666667,-244.0090788333333,-275.9370583333333,10,79.23730879535506,0.0,0.0,0.0,10,0.0,-0.0372371535860002,-1.4900754835548686,-1.753901697533443,10,0.4866989470915048,0.047619047619047616,0.0047619047619047615,0.0,10,0.014285714285714285,4.383826,-0.62708175,-5.2293115,1000,0.85960495,0.1337732808324322,0.13380418398681485,9.465505740279324,3.090315438263264e-05,0.9999999999988356,2466.843288744453,878,228.80878186968837,23,706,119.99318432929844,8373.856413841248,2177.1399060626204,220.37487983703613,706,1142.189147567369,408996.0,219.11499881744385,200000.0,496.0,9774.795377731323,99200000.0,912.7627094420426,496000.0
2.5229982e-08,3.2925132e-10,497.53937,-0.0021928158,1.2488838e-10,0.011148524,9.036528,26.85074,26.842068,0.43118742,26.381292,0.6295251,27.162062,1.0,-0.6813841,-1.0,10000,0.6167956,0.03093501540258876,0.030113966730663376,0.029520815402895095,10,0.00043015564310560874,1000,1000.0,1000,10,0.0,9628.161674499512,9621.008904838562,9610.514241218567,10,5.287299071428771,-63.88320705643735,-69.1975033479912,-71.6788978360848,10,2.1240281662953135,9978.08590811743,9968.73730153609,9959.442624981342,10,5.4760492103166705,-6.834420190182328,-7.656304093916757,-8.635719531803247,10,0.5493414982902528,-263.478215,-269.2689449999999,-277.165395,10,3.9425666973223845,0.0,0.0,0.0,10,0.0,-1.5215862773447453,-1.6056427223968892,-1.658181499743695,10,0.03493493847428015,0.0,0.0,0.0,10,0.0,4.4983087,-0.63783807,-4.437665,1000,0.84381586,0.1338350871411975,0.13386599029558013,9.601567929321728,3.090315438263264e-05,0.999999999999267,2582.301549282989,1000,478.1714285714286,24,245,316.37656973541993,9573.469644546509,4559.506571299689,228.02445888519287,245,3019.163791680085,409241.0,218.5627293586731,200000.0,497.0,9993.358107089996,99400000.0,915.0690997813691,497000.0
2.522998e-08,3.2704386e-10,508.5574,-0.0018553128,1.270958e-10,0.011009346,8.994,26.751995,26.743362,0.37061864,19.021667,0.47618327,19.960844,1.0,-0.67689276,-1.0,10000,0.6122141,0.030709477847762172,0.029795718615694206,0.029159067154556396,10,0.00040975763950978206,1000,1000.0,1000,10,0.0,9630.968990325928,9624.713503837585,9618.329808235168,10,4.308393324452347,-62.71889492097553,-65.04026273009653,-66.68282459731252,10,1.2839261351495206,9972.959340339256,9965.907871963487,9954.72982066415,10,4.704306018942168,-6.618751488741494,-7.209394916359824,-7.853032442546349,10,0.36700243996509646,-261.37249499999996,-267.35624933333327,-274.3577683333333,10,3.80703493255112,0.0,0.0,0.0,10,0.0,-1.5449745494578018,-1.5884646881036666,-1.6531835068749763,10,0.03314980423363873,0.0,0.0,0.0,10,0.0,4.6628,-0.63532764,-4.670617,1000,0.83711445,0.13389689344996278,0.13392779660434542,9.553174250490605,3.090315438263264e-05,0.999999999999523,4206.239380742884,1000,797.5701492537313,30,335,317.1929593122949,9588.432072639465,7624.471206783181,288.96525859832764,335,3037.2056058002327,409576.0,215.2674000263214,200000.0,498.0,10208.625507116318,99600000.0,929.077045458557,498000.0
2.522998e-08,3.3045694e-10,516.197,-0.0013074867,1.2368273e-10,0.010599033,8.944646,26.61373,26.60512,0.3276064,15.984201,0.40055728,17.06722,1.0,-0.6762668,-1.0,10000,0.6125613,0.030707740094672774,0.029885432715906067,0.02913887888690806,10,0.00041753719333250083,1000,1000.0,1000,10,0.0,9624.88904094696,9612.66349811554,9592.596328735352,10,10.837803484521796,-59.924131167309,-63.14460641275385,-66.08580755608085,10,1.944002969191447,9963.10883206475,9952.87402558095,9941.329553134066,10,7.3794597796678,-5.679809772167818,-6.802082214043923,-7.889663020127325,10,0.5591305613753293,-261.9866633333333,-268.66355049999993,-277.6040866666666,10,4.521112983631851,0.0,0.0,0.0,10,0.0,-1.5155999853989977,-1.6002924758844372,-1.720058996694915,10,0.05548848307268659,0.0,0.0,0.0,10,0.0,4.502059,-0.6288842,-5.017343,1000,0.84293026,0.1339896029131107,0.13402050606749336,9.462291586755907,3.090315438263264e-05,0.9999999999997558,3486.1979188134646,1000,427.7394495412844,30,545,268.06429805790066,9570.477449417114,4081.703429680133,280.70555305480957,545,2560.2343975233703,410121.0,210.85891699790955,200000.0,499.0,10419.484424114227,99800000.0,948.5015044537234,499000.0
2.522998e-08,3.3387645e-10,521.4358,-0.0006261007,1.202632e-10,0.010011945,8.895145,26.472427,26.464031,0.3005608,15.5839205,0.33932415,16.810762,1.0,-0.6842873,-1.0,10000,0.6097739,0.029953422190475976,0.029458805702676182,0.028818621642742074,10,0.00035044492539796127,1000,1000.0,1000,10,0.0,9619.888066291809,9604.018484306336,9584.819772720337,10,10.765353356280151,-59.38199573934675,-61.44966844519779,-64.4525283040045,10,1.6846730549897293,9959.983355413657,9941.358612284943,9919.797070202312,10,10.929966697009856,-6.609694298276476,-7.284649570546169,-8.322542531386967,10,0.48475217854895447,-262.07440166666663,-266.97020066666664,-271.4624033333333,10,2.936233817637668,0.0,0.0,0.0,10,0.0,-1.56889771206191,-1.635609368063808,-1.6911480300784996,10,0.039214167228159034,0.0,0.0,0.0,10,0.0,4.5297365,-0.6380549,-4.68179,1000,0.83129567,0.13406686079906732,0.13409776395344997,9.340899981406878,3.090315438263264e-05,0.9999999999998617,4328.012839835079,1000,623.1578947368421,21,342,429.4480391666795,9584.253771781921,5952.925649344573,195.45080947875977,342,4108.298676305459,410463.0,198.2634470462799,200000.0,500.0,10617.747871160507,100000000.0,1008.7588155032669,500000.0
2.522998e-08,3.3274333e-10,520.70825,-0.00014825765,1.2139634e-10,0.009521007,8.8064375,26.235786,26.227547,0.29165363,20.655897,0.3031797,22.069445,1.0,-0.6918311,-1.0,10000,0.6140045,0.03065762190024543,0.029568259587405193,0.028503249608635088,10,0.0005873617628599941,1000,1000.0,1000,10,0.0,9618.30119228363,9599.39348192215,9573.998427391052,10,11.312953154955826,-60.93388459486205,-64.14949474641595,-68.28226468704676,10,2.091562603436652,9951.229766897039,9939.930045298908,9921.86013365081,10,8.56531247149463,-6.670552311148146,-7.445061446473072,-9.65375877575775,10,0.959484734384124,-258.8280833333333,-267.268511,-275.3228899999999,10,4.182054814160004,0.0,0.0,0.0,10,0.0,-1.611826473268659,-1.6734967961933598,-1.713570987821404,10,0.03342050769458015,0.0,0.0,0.0,10,0.0,4.2548146,-0.64689654,-4.851067,1000,0.8363094,0.13414411868502393,0.13417502183940658,9.117491134842775,3.090315438263264e-05,0.99999999999992,3735.8603404718347,1000,489.5855421686747,19,415,220.39288419871667,9558.637484550476,4672.402317338967,183.86094093322754,415,2103.7759480444934,410878.0,221.1418101787567,200000.0,501.0,10838.889681339264,100200000.0,904.3970465753761,501000.0
2.522998e-08,3.3200412e-10,517.6498,-0.0001678348,1.2213555e-10,0.009485531,8.810755,26.228119,26.219841,0.29888946,28.188778,0.3257533,29.596087,1.0,-0.6941488,-1.0,10000,0.61919856,0.03094555591668177,0.029880020654102557,0.02881578659701336,10,0.0005835425070364022,1000,1000.0,1000,10,0.0,9621.336350440979,9606.136181926728,9591.919094085693,10,9.429363071858859,-63.19141840746654,-67.87190940559768,-70.28513007403214,10,1.9328860334040006,9962.992174953943,9952.171288621335,9942.974469655288,10,6.923362321033956,-6.503418127280561,-7.81977279111104,-8.52419251057121,10,0.6519985271656065,-262.07440166666663,-268.68109816666663,-273.5681233333333,10,3.764588004779796,0.0,0.0,0.0,10,0.0,-1.579088649808737,-1.6623237860185824,-1.7470081237949533,10,0.055545298458379286,0.0,0.0,0.0,10,0.0,5.188979,-0.6458584,-5.7641788,1000,0.84889495,0.13423682814817187,0.1342677313025545,9.043367029561868,3.090315438263264e-05,0.9999999999999591,3302.899769824102,1000,328.2690355329949,24,591,167.28971305389717,9547.512149810791,3130.476417918294,185.41216945648193,591,1595.3554330544334,411469.0,215.18792247772217,200000.0,502.0,11054.077603816986,100400000.0,929.4201909528889,502000.0
2.522998e-08,3.2935457e-10,516.96576,-0.00085230137,1.2478509e-10,0.010157684,8.887805,26.403355,26.39461,0.33151832,32.015675,0.44274968,33.21168,1.0,-0.6910097,-1.0,10000,0.6232887,0.031058715471226607,0.030288713298657965,0.029480128299139322,10,0.0006184600308279562,1000,1000.0,1000,10,0.0,9628.976434707642,9618.417144107818,9608.002652168274,10,7.168218078150627,-63.54548474109309,-69.12639437167401,-76.75543121498629,10,3.718366953169866,9975.652627595426,9969.078416694094,9962.596779533762,10,4.069139354716194,-7.520015002068149,-8.335232950084192,-9.460521978684625,10,0.5660335689769461,-266.2858416666666,-271.5150463333333,-277.5163483333333,10,3.9924701703879006,0.0,0.0,0.0,10,0.0,-1.6218426309737342,-1.6846017811463476,-1.7574437750337086,10,0.035775110789161034,0.0,0.0,0.0,10,0.0,5.224586,-0.63092613,-5.0371547,1000,0.8654243,0.13437589234289377,0.1344067954972764,9.181106565620519,3.090315438263264e-05,0.999999999999984,2423.9081289556902,1000,265.08088235294116,16,816,165.00139134055655,9511.842925071716,2522.998078567871,145.68458557128906,816,1573.3616984974801,412285.0,216.9437596797943,200000.0,503.0,11271.02136349678,100600000.0,921.8979162857552,503000.0
2.522998e-08,3.3200695e-10,519.2977,-0.0006969663,1.2213273e-10,0.010044325,8.9353695,26.48925,26.48052,0.3809559,31.381863,0.52939415,32.45568,1.0,-0.69403934,-1.0,10000,0.61955446,0.030636672338630887,0.02993193026828958,0.029403324441678706,10,0.0003614700872547458,1000,1000.0,1000,10,0.0,9633.149500846863,9623.654657173156,9614.750608444214,10,5.793671947556503,-65.08315994554245,-67.77282724522716,-72.81703111858452,10,2.297969282579722,9979.06675802666,9970.06100434255,9961.714181940679,10,4.939688287921759,-7.958863367870374,-8.9974875149425,-9.607454153539265,10,0.43862086882423595,-262.51309333333325,-267.9879653333333,-273.1294316666666,10,3.0218692021761107,0.0,0.0,0.0,10,0.0,-1.5735970607298821,-1.648068511410593,-1.7215451388969223,10,0.04398114502813617,0.0,0.0,0.0,10,0.0,5.31122,-0.6374563,-5.4894977,1000,0.8572272,0.13451495653761567,0.1345458596919983,9.286034510724345,3.090315438263264e-05,0.9999999999999946,2338.0472175823993,1000,311.2355769230769,23,624,168.55419490151507,9548.83036327362,2969.068640241829,215.59886741638184,624,1607.120764892543,412909.0,214.35149359703064,200000.0,504.0,11485.372857093811,100800000.0,933.0469158101101,504000.0
2.522998e-08,3.312093e-10,522.3937,-0.0013750074,1.2293033e-10,0.010778094,8.997816,26.616568,26.607752,0.40448436,27.95302,0.55798155,28.910172,1.0,-0.6919289,-1.0,10000,0.61830777,0.030766796892668934,0.030025379936369424,0.029163860372427734,10,0.0005762421447791889,1000,1000.0,1000,10,0.0,9628.351583480835,9616.357836914063,9604.353715896606,10,7.093806370226781,-62.99212828439218,-65.9425511845985,-69.76703717204472,10,2.1668867146125055,9969.226677304625,9962.333180668538,9951.877483030416,10,5.646293684340426,-7.091731604552653,-8.780773220631492,-10.677444526545248,10,1.0713264635603945,-260.4951116666666,-269.5760291666666,-277.25313333333327,10,5.324386860568982,0.0,0.0,0.0,10,0.0,-1.6114029613210779,-1.6759906565990275,-1.7559206616826692,10,0.03883574263485006,0.0,0.0,0.0,10,0.0,5.0997705,-0.63724893,-4.854766,1000,0.8559185,0.13457676284638095,0.1346076660007636,9.430108039176524,3.090315438263264e-05,0.9999999999999966,4130.448494632742,1000,247.99571428571429,22,700,190.32134099668255,9540.341492652893,2364.365144838946,212.5801486968994,700,1819.3157928609216,413609.0,215.77606916427612,200000.0,505.0,11701.148926258087,101000000.0,926.8868451196719,505000.0
2.522998e-08,3.3361328e-10,529.89233,-0.0014104409,1.2052641e-10,0.010948502,9.009129,26.629515,26.620867,0.38319218,23.115969,0.49843138,24.092354,1.0,-0.6909866,-1.0,10000,0.6130227,0.030379762723270688,0.02965132286963635,0.02877531036378059,10,0.0004319701097364778,1000,1000.0,1000,10,0.0,9625.6850938797,9611.333635616302,9592.902481079102,10,8.730947516149127,-58.78491071107295,-62.67084372515624,-66.30269597970964,10,2.623599330218566,9964.973609980523,9953.597828894865,9938.87741440335,10,7.549494219272809,-7.377958450708645,-8.500725016539883,-9.950122086055226,10,0.7178514289833194,-260.7583266666666,-269.3830048333333,-277.7795633333333,10,4.187435474987676,0.0,0.0,0.0,10,0.0,-1.6235870054157555,-1.7096231973968987,-1.766857829048849,10,0.049792338561306174,0.0,0.0,0.0,10,0.0,5.442281,-0.64432836,-5.7012987,1000,0.8450486,0.13463856915514624,0.1346694723095289,9.478393967765689,3.090315438263264e-05,0.9999999999999978,4030.4135562814263,1000,456.56116504854367,16,515,290.53988187143256,9577.765820503235,4360.341071220046,149.71709442138672,515,2777.031657730095,414124.0,228.75826048851013,200000.0,506.0,11929.907186746597,101200000.0,874.2853682000499,506000.0
2.522998e-08,3.340796e-10,538.0704,-0.0013847428,1.2006009e-10,0.01107001,9.019213,26.652723,26.644077,0.3669572,18.43017,0.46871617,19.421484,1.0,-0.68740934,-1.0,10000,0.6091783,0.029865764372676493,0.0293416581784244,0.028940426137967733,10,0.00027643815422778885,1000,1000.0,1000,10,0.0,9629.437970161438,9614.514454174041,9596.82567024231,10,9.649840302437555,-58.31270903414547,-60.79395039971646,-63.55663810115078,10,1.7552494530702996,9961.500143847781,9954.086785409712,9941.537042887812,10,5.70184168869803,-7.495354537718992,-8.106354747832139,-8.635835531275902,10,0.3515219616625597,-264.004645,-268.96186083333333,-274.3577683333333,10,3.5038806257957464,0.0,0.0,0.0,10,0.0,-1.6500423577272203,-1.7101635157159152,-1.7691012332868485,10,0.034601211849048255,0.0,0.0,0.0,10,0.0,4.2103157,-0.65186477,-4.8569775,1000,0.8335112,0.13473127861829418,0.13476218177267682,9.530310173328926,3.090315438263264e-05,0.9999999999999988,2974.9802969455463,1000,180.38560411311053,20,389,90.73904162215133,9537.673506736755,1717.2157293738926,192.97692012786865,389,865.5344350280897,414513.0,202.57314133644104,200000.0,507.0,12132.480328083038,101400000.0,987.2977171629705,507000.0
2.522998e-08,3.31731e-10,543.5445,-0.0011486155,1.2240868e-10,0.010932418,8.932607,26.466064,26.45723,0.32256082,17.622675,0.36834404,18.865564,1.0,-0.6881334,-1.0,10000,0.60922265,0.029659858199695008,0.029392714104686458,0.02900594660027127,10,0.0002555630667151084,1000,1000.0,1000,10,0.0,9623.49719619751,9607.984291648865,9590.762063026428,10,8.869575607023563,-54.32874749316126,-58.61671953250815,-60.643779616660886,10,2.0091564462223874,9957.26828790129,9947.670737793513,9926.129191108414,10,8.85722420137972,-7.941736485816154,-8.761234909426475,-10.396785060653368,10,0.6641528524705094,-264.79428999999993,-270.5674723333333,-275.1474133333333,10,3.009258560761384,0.0,0.0,0.0,10,0.0,-1.6406488812548632,-1.7410199878435997,-1.801965483497237,10,0.04450181157212239,0.0,0.0,0.0,10,0.0,4.008462,-0.65503377,-5.141096,1000,0.82699466,0.1348085365042508,0.13483943965863343,9.305514082465418,3.090315438263264e-05,0.9999999999999993,4094.700311973057,1000,756.3422982885086,20,409,270.3699542695804,9592.734021186829,7234.77911455299,186.10394382476807,409,2590.0990417177777,414922.0,201.2523307800293,200000.0,508.0,12333.732658863068,101600000.0,993.7773104282796,508000.0
2.522998e-08,3.3060019e-10,545.6876,-0.0005779658,1.2353951e-10,0.010400343,8.887504,26.384487,26.375599,0.30444932,22.097214,0.35141358,23.454815,0.99999994,-0.6935853,-1.0,10000,0.60955554,0.029694192593349725,0.029135342083424626,0.028840980308683355,10,0.0002641402874898523,1000,1000.0,1000,10,0.0,9629.819218635559,9615.887841892243,9602.62229347229,10,7.821722879483547,-55.60374877745119,-59.92232172903856,-63.48798954510775,10,1.9483072520346147,9963.425482919189,9954.195815027319,9943.964965558098,10,5.655288100723983,-8.278244963423237,-9.31057746800478,-10.38761016431669,10,0.5654366219607401,-261.63571,-267.34747550000003,-270.7604966666666,10,2.96821517803675,0.0,0.0,0.0,10,0.0,-1.647450870919985,-1.7275974465619224,-1.8189148146628724,10,0.04919563348165931,0.0,0.0,0.0,10,0.0,4.7741094,-0.64923835,-5.0334063,1000,0.8407678,0.1348857943902074,0.13491669754459004,9.146550612520226,3.090315438263264e-05,0.9999999999999997,3896.2705568218094,1000,295.9324894514768,16,711,234.2788340736905,9574.314289093018,2822.943228866648,150.52464389801025,711,2239.2120118501566,415633.0,206.13163113594055,200000.0,509.0,12539.864289999008,101800000.0,970.2538077142715,509000.0
2.522998e-08,3.2815692e-10,544.9053,5.7083967e-06,1.2598274e-10,0.009802586,8.848478,26.312649,26.303766,0.296337,28.844812,0.35916206,30.262089,1.0,-0.69446534,-1.0,10000,0.6070577,0.029383417821882175,0.028948567895428278,0.028418407427539934,10,0.000301263278353371,1000,1000.0,1000,10,0.0,9625.314500808716,9617.95920600891,9608.91800403595,10,5.098501233378958,-53.90216437371625,-61.06883973534642,-64.83488184985642,10,2.862734467022806,9959.407940360816,9955.620551826252,9949.587141274063,10,3.127075693080334,-7.9797102477255155,-8.936150442016856,-10.188153586977643,10,0.6716462148416994,-262.60083166666664,-265.9436621666666,-269.3566833333333,10,2.449911308899678,0.0,0.0,0.0,10,0.0,-1.686961083043347,-1.712689722104853,-1.7864768633370847,10,0.0270436657680619,0.0,0.0,0.0,10,0.0,4.4566164,-0.64899766,-4.8311186,1000,0.8403224,0.134963052276164,0.13499395543054665,9.00507876786385,3.090315438263264e-05,0.9999999999999998,3775.2925192251037,1000,359.449168207024,18,541,276.2529107653567,9570.625178337097,3430.967918528206,173.66729736328125,541,2641.2759365432535,416174.0,213.85991287231445,200000.0,510.0,12753.724202871323,102000000.0,935.1916276119052,510000.0
2.522998e-08,3.24247e-10,546.01013,-0.001265709,1.2989265e-10,0.011093892,8.914708,26.478453,26.469543,0.3159596,34.74745,0.45168823,36.006718,1.0,-0.6928031,-1.0,10000,0.6052681,0.0290709399140178,0.028813627486635233,0.028505343802433344,10,0.0001806892845222878,1000,1000.0,1000,10,0.0,9630.958718299866,9620.601304817199,9608.318707466125,10,6.8519325496500665,-58.90893839010428,-62.17079139401246,-64.37977740323313,10,1.414263688189338,9963.984437444378,9956.897239435635,9948.505261092874,10,4.596551257298563,-7.989241569435976,-9.409462139702004,-10.155458783368374,10,0.7011858410058152,-259.26677499999994,-263.0307495,-266.7245333333333,10,2.6912795212343883,0.0,0.0,0.0,10,0.0,-1.635734181044871,-1.6849301736483853,-1.7793390010195034,10,0.041872743491571204,0.0,0.0,0.0,10,0.0,4.6541996,-0.64306265,-4.7523913,1000,0.8529678,0.13507121331650326,0.1351021164708859,9.055091333751413,3.090315438263264e-05,0.9999999999999998,2830.578654241679,807,166.34871339840285,23,1127,102.20132520943507,7697.443710327148,1583.2310595854046,215.49552154541016,1127,975.6729689708104,417301.0,210.3329586982727,200000.0,511.0,12964.057161569595,102200000.0,950.8733259769547,511000.0
2.522998e-08,3.2468928e-10,548.9959,-0.0008088587,1.2945037e-10,0.010690786,8.903771,26.453646,26.444834,0.32854733,38.755875,0.49440917,39.975296,0.99999994,-0.6819317,-1.0,10000,0.609545,0.029861861339159076,0.029315090317951396,0.028646379153564338,10,0.0004336120027438319,1000,1000.0,1000,10,0.0,9627.741402626038,9614.459376716613,9607.281060218811,10,5.956986804248905,-59.60986179348915,-65.91768830218051,-68.92362513830165,10,2.423071191541015,9958.896074339798,9955.191887595833,9948.448901539403,10,3.594474750297617,-7.907707826771454,-8.724118358755096,-9.834009166313963,10,0.5304906616085745,-259.70546666666667,-264.4608843333333,-269.0934683333333,10,2.9349226594073765,0.0,0.0,0.0,10,0.0,-1.5332830574549807,-1.6298191946049947,-1.6924451900279136,10,0.050235912154103925,0.0,0.0,0.0,10,0.0,4.4348273,-0.6468936,-5.31872,1000,0.83709455,0.13519482593403384,0.13522572908841649,9.024666077508524,3.090315438263264e-05,0.9999999999999997,3155.9226466016994,1000,430.87548638132296,23,514,325.1887031671995,9577.310626029968,4113.698255651424,209.48752117156982,514,3110.4275241303935,417815.0,197.0019669532776,200000.0,512.0,13161.059128522873,102400000.0,1015.2182899139958,512000.0
2.522998e-08,3.2807104e-10,554.3267,-0.0015584291,1.2606864e-10,0.011536309,8.984729,26.637697,26.628716,0.37980843,39.54041,0.6181493,40.508007,1.0,-0.68034685,-1.0,10000,0.6108917,0.029953047935079666,0.02953709528999316,0.02918962865478534,10,0.00023123631586292575,1000,1000.0,1000,10,0.0,9628.024220466614,9618.541161823272,9608.438152313232,10,5.1932795870268444,-64.15731278334987,-67.37808468864303,-71.00478119658453,10,1.7710467955986458,9971.565043914434,9962.693243696938,9955.709254671374,10,4.253651552559943,-8.278301138255728,-8.960634908992745,-9.913822288446582,10,0.5173988014352089,-263.91690666666665,-266.1893295,-268.2160849999999,10,1.3452607101778926,0.0,0.0,0.0,10,0.0,-1.5642481693221697,-1.6240289502535479,-1.6833168935507037,10,0.03317526396752825,0.0,0.0,0.0,10,0.0,5.548267,-0.6315797,-4.9943085,1000,0.8504827,0.13528753539718177,0.13531843855156442,9.218601475454113,3.090315438263264e-05,0.9999999999999997,2686.6810345966105,1000,220.54372019077903,23,629,151.05085029983533,9521.569482803345,2096.5787380505444,215.4453763961792,629,1438.8022729445693,418444.0,218.967871427536,200000.0,513.0,13380.026999950409,102600000.0,913.3760066996261,513000.0
2.522998e-08,3.3036826e-10,562.5925,-0.0012452375,1.2377142e-10,0.011371902,8.97986,26.619421,26.610537,0.38327858,36.764416,0.60754234,37.742043,1.0,-0.6814997,-1.0,10000,0.6143327,0.030711636874752004,0.029874903631129567,0.02924771591548051,10,0.0004845787207336482,1000,1000.0,1000,10,0.0,9630.490678787231,9619.12352194786,9605.699128627777,10,6.69054064930324,-66.985444985392,-70.32438567303146,-75.03489773079593,10,2.301641726117712,9978.969966377612,9968.429343047252,9954.34397818187,10,6.189065796388756,-8.50302558404266,-9.070995850032856,-10.258362345344906,10,0.568329733271589,-260.58284999999995,-268.2775018333333,-273.3926466666666,10,3.491952599299046,0.0,0.0,0.0,10,0.0,-1.5317887075963497,-1.6329409571030549,-1.684462832699961,10,0.042883238159094,0.0,0.0,0.0,10,0.0,4.4331827,-0.6493379,-4.3226748,1000,0.82942283,0.13534934170594706,0.1353802448603297,9.252110454318696,3.090315438263264e-05,0.9999999999999998,3907.845253325664,1000,691.9423728813559,26,295,357.9371027994599,9577.130233764648,6609.94706243903,247.05699920654297,295,3421.675912654149,418739.0,200.11569476127625,200000.0,514.0,13580.142694711685,102800000.0,999.4218606320995,514000.0
2.522998e-08,3.312268e-10,569.8665,-0.0016252683,1.2291286e-10,0.011882865,8.976941,26.602623,26.593828,0.387925,34.88183,0.60447705,35.854446,1.0,-0.68329394,-1.0,10000,0.62151086,0.03122674992014072,0.03057632745039445,0.02997080735435884,10,0.0003873302834047982,1000,1000.0,1000,10,0.0,9632.632747650146,9620.212616872788,9599.054868221283,10,9.794958060682573,-68.5261783626072,-72.13611009834133,-76.21954992812154,10,2.5457272587925464,9981.451523559557,9974.648027805057,9959.10851949707,10,6.375283783067973,-8.81358347259821,-9.513558575079154,-10.487420911906401,10,0.5504459366860152,-265.05750499999994,-271.1728668333334,-275.4106283333333,10,3.4782578351904383,0.0,0.0,0.0,10,0.0,-1.542545075845458,-1.612874506662461,-1.6942069918195253,10,0.04252334295073417,0.0,0.0,0.0,10,0.0,4.750983,-0.6390727,-5.1327405,1000,0.84781325,0.13542659959190367,0.13545750274628632,9.291796219220375,3.090315438263264e-05,0.9999999999999998,3515.3712600696135,1000,308.7267605633803,27,710,213.44478123389413,9557.55515384674,2946.769447645671,259.64669036865234,710,2042.024284902871,419449.0,200.50887727737427,200000.0,515.0,13780.65157198906,103000000.0,997.462071084911,515000.0
2.5229982e-08,3.3327974e-10,576.6757,-0.0012000755,1.2085995e-10,0.011580237,8.905907,26.417442,26.408693,0.35178685,33.205196,0.5169577,34.2912,1.0,-0.68773204,-1.0,10000,0.6198538,0.030817962645247464,0.030247545722615905,0.02965772692192695,10,0.0003710773281975309,1000,1000.0,1000,10,0.0,9634.037174224854,9628.302744960785,9623.041516304016,10,3.421097509349677,-66.19110856368658,-68.2800900264659,-72.6892911934027,10,2.142870664364904,9979.967450586828,9975.64643917398,9969.822920148534,10,3.0979823680686067,-8.878452701132026,-9.880880782652492,-10.435120026802434,10,0.4965623152576724,-264.44333666666665,-267.6106905,-271.19918833333327,10,2.3926840319136247,0.0,0.0,0.0,10,0.0,-1.5188011539016752,-1.5720346794361248,-1.6222410348080238,10,0.030969585016191396,0.0,0.0,0.0,10,0.0,4.384054,-0.648706,-4.706086,1000,0.83924127,0.13550385747786028,0.13553476063224293,9.243187371177978,3.090315438263264e-05,0.9999999999999998,4380.5121931667,1000,708.4410774410775,22,297,348.76640334741194,9589.109962463379,6776.910748003308,212.3360080718994,297,3337.9297226687445,419746.0,221.72546863555908,200000.0,516.0,14002.377040624619,103200000.0,902.0163593778741,516000.0
2.522998e-08,3.3547634e-10,580.8071,-0.00077307667,1.1866334e-10,0.011227607,8.877042,26.322859,26.314234,0.35022348,32.699036,0.49581885,33.757717,1.0,-0.6865598,-1.0,10000,0.62475,0.031229251202821617,0.030672567369957687,0.029994764292772744,10,0.00031560961136580163,1000,1000.0,1000,10,0.0,9632.764547348022,9624.472051620483,9616.863073348999,10,4.782703944030821,-66.62400300126997,-71.05287714560586,-75.64357868097633,10,2.487099446684154,9981.739471502378,9975.691155066923,9970.188449202487,10,3.2872898842130445,-8.005542596028324,-9.600391778091327,-11.460832263213039,10,0.8370547555998531,-264.18012166666665,-269.0145038333333,-272.0765716666666,10,2.4147814570790467,0.0,0.0,0.0,10,0.0,-1.447375661484717,-1.551329643778199,-1.6174496682477075,10,0.04772506810203454,0.0,0.0,0.0,10,0.0,4.609535,-0.64428765,-5.364265,1000,0.8464131,0.13555021220943425,0.1355811153638169,9.290151774573047,3.090315438263264e-05,0.9999999999999998,4150.953087418189,1000,324.70327102803736,30,428,207.53165120285297,9549.729930877686,3102.36201101263,284.2891845703125,428,1987.605521823956,420174.0,215.91787934303284,200000.0,517.0,14218.294919967651,103400000.0,926.2780859488537,517000.0
2.522998e-08,3.3440944e-10,583.69806,-0.00091265613,1.1973024e-10,0.01141922,8.845392,26.217049,26.208376,0.3516042,30.624472,0.48188862,31.694485,1.0,-0.6881857,-1.0,10000,0.6240437,0.03118271430993627,0.030577144675364255,0.0300399038852629,10,0.0003769709194005421,1000,1000.0,1000,10,0.0,9634.548927307129,9619.68859539032,9601.504266738892,10,8.961837805486972,-68.261797937587,-72.99992443874653,-77.42212668796907,10,3.6327776655217034,9981.51568466029,9969.784502522323,9952.185768567442,10,7.430681869107709,-8.294018166629662,-9.236986540660789,-10.046054231883549,10,0.5370661747099974,-260.2318966666666,-266.3297108333333,-272.8662166666667,10,3.6981993715282493,0.0,0.0,0.0,10,0.0,-1.4636909170379822,-1.529286326763072,-1.5878617645136608,10,0.03561611090223052,0.0,0.0,0.0,10,0.0,5.1616793,-0.64093894,-5.05666,1000,0.8513957,0.13564292167258218,0.13567382482696483,9.316009856856823,3.090315438263264e-05,0.9999999999999998,3418.21949037724,922,307.0272727272727,19,550,292.853989653886,8779.157711982727,2930.381511354013,179.97278785705566,550,2804.4556137391055,420724.0,214.54995346069336,200000.0,518.0,14432.844873428345,103600000.0,932.1838423826133,518000.0
2.522998e-08,3.3473688e-10,585.24,-0.0005917263,1.1940275e-10,0.011126045,8.819227,26.126049,26.11738,0.3377722,29.156141,0.44449657,30.233034,1.0,-0.6891139,-1.0,10000,0.62174135,0.0313704087028018,0.030393359468934067,0.029492992082625277,10,0.0004982911078732274,1000,1000.0,1000,10,0.0,9625.25086402893,9616.266677856445,9604.502953529358,10,6.232839967337852,-66.40793228130755,-71.79526759412393,-78.38463471740397,10,3.342070695001511,9972.931219656162,9966.254535074282,9959.024690657232,10,4.0894062655929675,-7.7399869133086145,-9.07004692204895,-10.105173871402961,10,0.6770615553354223,-259.0912983333333,-267.531726,-278.8324233333333,10,4.977911490026327,0.0,0.0,0.0,10,0.0,-1.5200402126657235,-1.590813507652475,-1.6636709541721437,10,0.045889296796051526,0.0,0.0,0.0,10,0.0,5.3749614,-0.6497333,-4.7187977,1000,0.83945596,0.13573563113573012,0.13576653429011276,9.338830576021993,3.090315438263264e-05,0.9999999999999998,3797.4224982387295,1000,633.9769820971867,22,391,357.3688616912409,9591.973913192749,6063.007496610322,212.2012996673584,391,3422.561142760807,421115.0,211.3843376636505,200000.0,519.0,14644.229211091995,103800000.0,946.1438922605279,519000.0
2.522998e-08,3.3577544e-10,583.8546,0.00033690358,1.183642e-10,0.010172481,8.768537,25.983767,25.975174,0.30942678,27.575453,0.3791031,28.727083,1.0,-0.69135237,-1.0,10000,0.6210846,0.030995730680107955,0.030295182074283368,0.02975107539779856,10,0.00036886766821155997,1000,1000.0,1000,10,0.0,9620.464067459106,9611.157504272462,9596.60636138916,10,6.622684177432992,-64.98567389378935,-70.05208106534248,-74.36643732424596,10,3.13315401181079,9968.627318579442,9960.187863551153,9950.226049943198,10,4.847438482690894,-8.478349952809275,-9.289366096140181,-10.48266987907181,10,0.5564568586530468,-262.86404666666664,-268.07570366666664,-273.9190766666666,10,3.7170829270945354,0.0,0.0,0.0,10,0.0,-1.5798336007314644,-1.6132040118148114,-1.7100894486090774,10,0.038877485400219125,0.0,0.0,0.0,10,0.0,4.2591443,-0.6566624,-3.7673888,1000,0.83103484,0.13578198586730408,0.13581288902168673,9.297750808382286,3.090315438263264e-05,0.9999999999999998,4841.916935018361,1000,919.0601851851852,30,216,219.62383895425089,9590.864337921143,8790.998217843196,279.48840141296387,216,2102.1282567754183,421331.0,216.50876426696777,200000.0,520.0,14860.737975358963,104000000.0,923.750133982514,520000.0
2.522998e-08,3.316386e-10,577.7369,0.00015625708,1.2250106e-10,0.010243006,8.7464,25.921106,25.912252,0.29122993,28.135109,0.35314876,29.320005,1.0,-0.68868184,-1.0,10000,0.622384,0.031102190378747764,0.030524804132805727,0.029861328452054296,10,0.0004436880885409985,1000,1000.0,1000,10,0.0,9610.272197723389,9596.094707584381,9577.715166091919,10,10.062720173097173,-62.258414893223524,-67.8525774582556,-74.3787002705965,10,3.431675116905715,9959.02247160054,9948.583812464985,9932.522099516485,10,8.477980145115827,-9.371994610675268,-10.011802554214489,-11.056188849737318,10,0.5492188232144125,-266.2858416666666,-272.9627288333333,-277.69182499999994,10,3.8611745536759976,0.0,0.0,0.0,10,0.0,-1.5808117576169343,-1.661999162057781,-1.7699596680328755,10,0.04701051517394236,0.0,0.0,0.0,10,0.0,4.618413,-0.65155685,-5.2738137,1000,0.83988696,0.13582834059887805,0.1358592437532607,9.265434741688075,3.090315438263264e-05,0.9999999999999998,4816.207516802546,1000,497.4378531073446,22,354,371.3426058016053,9594.515203475952,4749.080345452842,208.10708332061768,354,3550.383130335831,421685.0,221.7623736858368,200000.0,521.0,15082.5003490448,104200000.0,901.8662484346113,521000.0
2.522998e-08,3.3017053e-10,572.14087,0.0005201558,1.2396913e-10,0.009778379,8.718088,25.853506,25.844582,0.2755825,29.507204,0.3320219,30.765926,1.0,-0.68931776,-1.0,10000,0.6203886,0.03126689373252157,0.030170171132362155,0.02914944142747845,10,0.0005188542922316549,1000,1000.0,1000,10,0.0,9619.30041885376,9603.65986700058,9589.936044692993,10,7.678783659271238,-61.042370094339134,-65.53950399218479,-69.0649777443743,10,2.3804810471175113,9958.268154436853,9950.315651827505,9946.785390657158,10,3.1986689560328063,-9.150044526364201,-10.021294471024149,-10.80199816795026,10,0.5119015560291202,-258.30165333333326,-269.4531955,-280.1484983333333,10,5.4236840117645215,0.0,0.0,0.0,10,0.0,-1.5529382072109286,-1.64178519914227,-1.7676433475525215,10,0.058037032652551244,0.0,0.0,0.0,10,0.0,5.08425,-0.6516896,-5.2456856,1000,0.8383759,0.13589014690764334,0.13592105006202598,9.18270695487544,3.090315438263264e-05,0.9999999999999998,5240.898524903104,1000,496.4046762589928,20,556,393.52509437924056,9579.820887565613,4740.0326210219655,192.65690803527832,556,3764.887473947418,422241.0,211.3240466117859,200000.0,522.0,15293.824395656586,104400000.0,946.4138284622725,522000.0
2.522998e-08,3.2889572e-10,566.16113,0.00072892854,1.2524395e-10,0.009461971,8.696101,25.804302,25.795479,0.26289922,32.420826,0.33065826,33.71284,1.0,-0.6849427,-1.0,10000,0.6187843,0.0310519237859844,0.030138948366403927,0.02926899231497373,10,0.00048092905660340756,1000,1000.0,1000,10,0.0,9616.716217041016,9606.248665905,9600.817149162292,10,4.394503431345937,-59.51036067068329,-64.37358149110764,-68.34070135875312,10,2.1216298892939407,9961.627745432987,9953.282453932805,9943.267924653219,10,4.952884814221634,-8.887739011296187,-10.223515841811452,-11.93621988199405,10,0.9972951040339885,-261.1970183333333,-270.75172283333325,-280.4117133333333,10,4.616645700852458,0.0,0.0,0.0,10,0.0,-1.5930293492934162,-1.6849691294628486,-1.7614316489083826,10,0.04638950654515154,0.0,0.0,0.0,10,0.0,4.4531174,-0.6497164,-4.7794876,1000,0.8391135,0.1359365016392173,0.13596740479359995,9.11419073725432,3.090315438263264e-05,0.9999999999999998,4771.925243881257,1000,456.3341968911917,27,386,233.16892122534531,9558.438877105713,4353.408974203884,249.9870491027832,386,2225.136805242662,422627.0,215.77812385559082,200000.0,523.0,15509.602519512177,104600000.0,926.8780190796806,523000.0
2.522998e-08,3.2374986e-10,560.2901,0.0003484942,1.3038978e-10,0.009736728,8.711002,25.849033,25.840172,0.277894,35.280785,0.3762159,36.52307,1.0,-0.6777487,-1.0,10000,0.61611336,0.030841469003396925,0.03002776479308959,0.029244220844630034,10,0.0003913712357435226,1000,1000.0,1000,10,0.0,9610.611180305481,9603.899170780182,9592.143935203552,10,5.908383926539931,-62.63925626747821,-66.92748425446277,-70.65412523064029,10,3.0688796698496903,9962.865171035028,9954.057652416455,9948.726083667292,10,5.302265175780371,-9.426661793654924,-9.942739363292109,-10.812288621681038,10,0.4190859786071582,-266.98774833333334,-271.5676893333333,-277.69182499999994,10,2.94304242418397,0.0,0.0,0.0,10,0.0,-1.659732452661574,-1.7205670253800243,-1.794069328046621,10,0.04070141475355837,0.0,0.0,0.0,10,0.0,4.6028733,-0.64428216,-5.1642833,1000,0.8372364,0.13598285637079127,0.13601375952517392,9.105118663165811,3.090315438263264e-05,0.9999999999999998,5825.962048874077,1000,543.1114058355438,20,377,366.2414783718339,9566.099828720093,5181.171582578664,189.77197265625,377,3498.1795978067307,423004.0,216.39947700500488,200000.0,524.0,15726.001996517181,104800000.0,924.2166513894782,524000.0
2.522998e-08,3.2156097e-10,554.3173,-0.00013927055,1.3257867e-10,0.010116982,8.736909,25.904312,25.89512,0.30230677,37.662106,0.417684,38.821213,1.0,-0.67076486,-1.0,10000,0.6143573,0.030484925776181625,0.029896792427556645,0.029080645714813728,10,0.00044619616667108676,1000,1000.0,1000,10,0.0,9620.56549358368,9609.459156894683,9597.317366600037,10,6.038738169807687,-62.517012091000396,-67.32539335104514,-70.50696071601415,10,2.369128192258159,9964.85789347032,9959.691711697893,9956.024923706831,10,3.2419657011788723,-9.432049946563033,-10.266445638510465,-11.872055245504118,10,0.7792026970668334,-263.65369166666665,-270.92719950000003,-278.21825499999994,10,4.432210266412297,0.0,0.0,0.0,10,0.0,-1.623253931542307,-1.713519928474371,-1.8007807040683868,10,0.05686755219509706,0.0,0.0,0.0,10,0.0,5.324529,-0.6313885,-4.904093,1000,0.84586865,0.13606011425674788,0.13609101741113053,9.131031932062221,3.090315438263264e-05,0.9999999999999997,5246.158470214584,1000,368.86708860759495,22,632,277.51726721122157,9568.11201953888,3515.0899291955216,204.59856033325195,632,2647.5699440354674,423636.0,213.88640928268433,200000.0,525.0,15939.888405799866,105000000.0,935.0757753648047,525000.0
2.522998e-08,3.2292963e-10,555.39075,-0.0007533002,1.3121003e-10,0.010750333,8.805018,26.065395,26.056078,0.3379636,36.52667,0.51123714,37.548725,1.0,-0.6733827,-1.0,10000,0.6127044,0.031322878305305495,0.029667355609110387,0.02902693363947037,10,0.0006168444330079039,1000,1000.0,1000,10,0.0,9625.500242233276,9618.415112876892,9601.368525505066,10,6.635562171658666,-62.09573815257876,-66.27582754104851,-70.0004702654903,10,2.3965583140871884,9971.400825395449,9965.021881175704,9958.293420099031,10,4.35051065090236,-8.336795038873753,-9.568558362887591,-10.376564018269178,10,0.5888895507082391,-264.004645,-269.05837299999996,-283.30707833333327,10,5.428188524322291,0.0,0.0,0.0,10,0.0,-1.6270795589006033,-1.7040116295817627,-1.8034388719076149,10,0.058761751651406784,0.0,0.0,0.0,10,0.0,4.4630485,-0.6295461,-5.079355,1000,0.845261,0.13615282371989582,0.13618372687427846,9.248110805330223,3.090315438263264e-05,0.9999999999999997,4071.605957555734,1000,314.94755877034356,15,553,196.3958041743646,9533.01999092102,2997.2484348372677,116.35181713104248,553,1871.278417565946,424189.0,226.24799633026123,200000.0,526.0,16166.136402130127,105200000.0,883.9857291290826,526000.0
2.522998e-08,3.209954e-10,560.12823,-0.001729051,1.3314426e-10,0.011811361,8.896237,26.285479,26.276182,0.38645014,31.823938,0.570913,32.67099,1.0,-0.6825948,-1.0,10000,0.6158346,0.030999598909082125,0.029893547826987926,0.029263278877639097,10,0.0004857507460050523,1000,1000.0,1000,10,0.0,9625.047730445862,9619.095964145661,9609.447098731995,10,4.329537756007846,-62.7717013316374,-67.12289756180387,-71.03455959555403,10,2.4003154324708973,9976.65221655111,9967.348999276577,9962.315323699913,10,4.563317335773238,-8.260822150010522,-9.536712455876904,-11.622883355428765,10,0.9558186660107933,-263.39047666666664,-269.9182086666666,-276.55122666666665,10,3.5609659437865604,0.0,0.0,0.0,10,0.0,-1.5906306306277247,-1.6752181154102264,-1.7185741141989967,10,0.039691914401175935,0.0,0.0,0.0,10,0.0,5.6291804,-0.62393904,-5.4960494,1000,0.85963535,0.13629188791461772,0.13632279106900036,9.4614323147078,3.090315438263264e-05,0.9999999999999999,2590.9572518072714,1000,175.34702258726898,21,974,116.34957904746842,9553.3060464859,1668.5057678349942,202.850266456604,974,1109.4895980241051,425163.0,199.813711643219,200000.0,527.0,16365.950113773346,105400000.0,1000.932310176559,527000.0
2.522998e-08,3.2467765e-10,569.26416,-0.0017023648,1.2946205e-10,0.011949119,8.923261,26.333834,26.32473,0.39537638,24.324331,0.5683274,25.15505,1.0,-0.6817237,-1.0,10000,0.61584437,0.03101669392960321,0.02986401497862535,0.02909464310533076,10,0.0006303097157058435,1000,1000.0,1000,10,0.0,9635.060091018677,9624.764664459228,9602.777596473694,10,9.928929922898432,-62.23443524059156,-66.58067514924075,-71.0418402534772,10,3.0818182520544664,9977.667097801892,9972.265805395775,9961.94948161048,10,4.566631490885776,-7.568135875469466,-8.9804754046313,-10.474955527157087,10,0.9610083577524076,-264.2678599999999,-270.26038816666664,-279.271115,10,4.980578375525874,0.0,0.0,0.0,10,0.0,-1.5698177781185696,-1.6796032466253688,-1.7619416467222544,10,0.0631561060379823,0.0,0.0,0.0,10,0.0,4.537097,-0.6293119,-4.520978,1000,0.852062,0.1364155005321483,0.13644640368653094,9.580247003798153,3.090315438263264e-05,0.9999999999999998,2160.420642019634,1000,323.9319852941176,20,544,220.0589095738305,9535.179525375366,3089.7590534489823,189.68985557556152,544,2101.289015136066,425707.0,217.67898225784302,200000.0,528.0,16583.62909603119,105600000.0,918.7841560334839,528000.0
2.5229983e-08,3.2005e-10,578.46423,-0.0024451683,1.3408978e-10,0.012857524,8.9382305,26.336016,26.326761,0.36269125,16.406288,0.4995684,17.257755,1.0,-0.6731668,-1.0,10000,0.6095917,0.030315740507256123,0.02954532211840269,0.028742379367366084,10,0.00044313527534584204,1000,1000.0,1000,10,0.0,9638.720341682434,9634.7691573143,9628.119296073914,10,2.9467298070386225,-58.953760453960726,-62.68238848030576,-68.13185229063888,10,2.9934144654048445,9981.577173564352,9975.738620192726,9972.720307667747,10,2.603060741667679,-8.207849609898142,-8.98349576147611,-9.572618353117898,10,0.44944482192740537,-260.9338033333333,-267.6545596666666,-271.2869266666666,10,2.870854041104494,0.0,0.0,0.0,10,0.0,-1.5565907928246663,-1.6490235333716101,-1.7053597529917517,10,0.042822716896292516,0.0,0.0,0.0,10,0.0,4.500312,-0.63193053,-5.354098,1000,0.8425883,0.1364927584181049,0.13652366157248755,9.671101991341477,3.090315438263264e-05,0.9999999999999997,2967.472299033079,1000,326.27209705372616,19,577,271.83507042430483,9556.490577697754,3116.0112914824194,181.9214572906494,577,2601.1304594754747,426284.0,214.12262201309204,200000.0,529.0,16797.75171804428,105800000.0,934.0442318503435,529000.0
2.522998e-08,3.2441774e-10,585.79895,-0.0013664509,1.2972193e-10,0.0119108325,8.93182,26.289225,26.280333,0.3309686,9.302928,0.43901262,10.23279,1.0,-0.6619418,-1.0,10000,0.60926527,0.030477286275403456,0.029626017030399816,0.02922668727643031,10,0.0003868768753980802,1000,1000.0,1000,10,0.0,9649.81603717804,9641.880558204652,9631.234886169434,10,6.3224142592508485,-56.28287897170485,-58.91938926655841,-62.2659025641819,10,1.7423215318286638,9983.93430094125,9980.814689663053,9974.090694859988,10,2.8941575887438487,-7.996153312749682,-9.232535691540075,-10.455531216654542,10,0.7916652441489256,-265.2329816666666,-269.13733749999994,-275.23515166666664,10,3.0623694975569773,0.0,0.0,0.0,10,0.0,-1.5807460941383438,-1.6448697452986376,-1.720017528850596,10,0.04152615853681083,0.0,0.0,0.0,10,0.0,4.2645984,-0.62743896,-5.0256042,1000,0.8346016,0.13657001630406151,0.13660091945844416,9.687107505019796,3.090315438263264e-05,0.9999999999999998,3872.0287978846472,1000,494.9425287356322,20,609,236.30682299766022,9571.855454444885,4735.760894347979,169.41085624694824,609,2262.2622078950767,426893.0,217.28447222709656,200000.0,530.0,17015.036190271378,106000000.0,920.4523358253067,530000.0
2.522998e-08,3.2819086e-10,590.4363,-0.0009950944,1.2594878e-10,0.011622948,8.880182,26.142687,26.133833,0.2819675,5.3762007,0.3630987,6.4373484,1.0,-0.65843874,-1.0,9046,0.61026,0.03705104738923103,0.030600551248735713,0.029322980169017684,10,0.002225213319041249,1000,904.6,46,10,286.2,9654.441500663757,8723.072768306733,439.94286918640137,10,2761.063236716195,-4.794310804709769,-51.98494737254447,-61.65312557508773,10,15.867859278202907,9989.658102749154,9030.495423808568,460.0,10,2856.8378793902716,-0.8882504751654895,-8.934855390645453,-10.727297999632908,10,2.7581118397316593,-14.301348333333333,-245.000522,-280.2362366666666,10,77.01083156680411,0.0,0.0,0.0,10,0.0,-0.07322108764975564,-1.502330349065335,-1.7178076193407474,10,0.47805158253132174,0.021739130434782608,0.002173913043478261,0.0,10,0.006521739130434781,4.427474,-0.6197393,-4.7388086,1000,0.83257097,0.13661637103563548,0.13664727419001813,9.619495433650414,3.090315438263264e-05,0.9999999999999998,4943.213822166912,1000,402.22137404580155,16,393,263.6737118326323,9581.813393592834,3843.946034041373,156.0126895904541,393,2521.7107628445856,427286.0,218.57117533683777,200000.0,531.0,17233.607365608215,106200000.0,915.0337398871652,531000.0
2.522998e-08,3.2670264e-10,595.6622,-0.0014646518,1.2743705e-10,0.012186572,8.823799,25.990734,25.982067,0.25798488,4.059256,0.31298977,5.25091,1.0,-0.65369195,-1.0,10000,0.6248867,0.03414165889406286,0.0313624168541297,0.0299432107196626,10,0.0011871174049046293,1000,1000.0,1000,10,0.0,9647.020329475403,9635.547437953948,9611.81305885315,10,10.328491201444132,-51.67329818308557,-55.3497442135926,-58.139629379784694,10,2.0071266879526037,9993.313185817318,9988.727998077133,9976.527187139665,10,4.4007134830798424,-10.159709114546116,-12.79672870010945,-15.255620529729338,10,1.6166782330712286,-273.5681233333333,-283.2544353333334,-304.36427833333335,10,9.115265464631692,0.0,0.0,0.0,10,0.0,-1.676849276784818,-1.7796490826290103,-1.9016412863830436,10,0.0644449113530169,0.0,0.0,0.0,10,0.0,4.432646,-0.6241162,-4.7616544,1000,0.83329123,0.13670908049878341,0.13673998365316606,9.518832345956294,3.090315438263264e-05,0.9999999999999998,3800.1915178343565,1000,329.8971193415638,22,486,140.63700506391586,9580.296103477478,3156.4333561271305,208.7663917541504,486,1346.1376767528004,427772.0,212.54894971847534,200000.0,532.0,17446.15631532669,106400000.0,940.95971899604,532000.0
2.522998e-08,3.308907e-10,597.96094,-0.0006912751,1.23249e-10,0.011454572,8.7860365,25.888615,25.880388,0.253304,6.2780952,0.27948377,7.564418,1.0,-0.6641662,-1.0,6895,0.6333696,0.03379802628575233,0.03200235325438551,0.0309187078125251,10,0.0008787491900353758,1000,689.5,141,10,385.8067521441272,9635.982273101807,6638.011695671082,1360.0701179504395,10,3713.328778927158,-8.427575199690938,-40.139423045865605,-60.34041164609786,10,22.078718125731182,9991.767664561225,6887.182421563867,1409.5734328175204,10,3853.07564495162,-1.7061214583262465,-9.764429421125648,-15.19234416269326,10,5.590292521929325,-39.131296666666664,-198.04296599999998,-296.9942583333333,10,111.59023854081056,0.0,0.0,0.0,10,0.0,-0.23832195207785845,-1.2239079783926912,-1.851883865895644,10,0.6986736452313896,0.0070921985815602835,0.002089740728082257,0.0,10,0.0027715632007777003,4.6056037,-0.6353508,-5.411484,1000,0.8394355,0.13687904784788796,0.1369099510022706,9.417085866870837,3.090315438263264e-05,0.9999999999999999,2299.434646761738,1000,320.80478589420653,20,794,243.1696828082087,9581.790000915527,3069.953108962297,185.31932640075684,794,2329.3251929318603,428566.0,210.21066403388977,200000.0,533.0,17656.36697936058,106600000.0,951.4265173899854,533000.0
2.5230003e-08,3.3187295e-10,600.5779,-0.0017058672,1.2226711e-10,0.0125162685,8.826694,25.966784,25.95835,0.26566672,8.3186865,0.30444258,9.53199,1.0,-0.6766032,-1.0,10000,0.62615174,0.03276868161621678,0.030987775441085975,0.030057231574945036,10,0.0007665657230178187,1000,1000.0,1000,10,0.0,9644.377329826355,9635.957146263123,9626.53221321106,10,4.682248576642935,-54.21985345769968,-56.475246211087395,-58.902156070626475,10,1.3486947091151296,9993.80221026851,9985.56799130168,9982.232364438945,10,3.2173573478409594,-11.736317808616507,-13.135647453185651,-15.758414192574783,10,1.1679753229403227,-272.8662166666667,-278.2533503333333,-290.852575,10,5.384475139345255,0.0,0.0,0.0,10,0.0,-1.646153787077272,-1.746599434322993,-1.8177037236613658,10,0.04224388344492792,0.0,0.0,0.0,10,0.0,4.778628,-0.630721,-5.4604206,1000,0.8586003,0.13707991835137515,0.1371108215057578,9.475597926332412,3.090315438263264e-05,0.9999999999999999,1632.473727170998,718,154.19985358711565,17,1366,108.80789699282856,6865.136622428894,1470.7583727007554,157.9522876739502,1366,1040.9077237835315,429932.0,212.46207785606384,200000.0,534.0,17868.829057216644,106800000.0,941.3444602358333,534000.0
2.522998e-08,3.3178252e-10,608.0961,-0.0017630463,1.2235712e-10,0.012708778,8.90333,26.121933,26.113419,0.2704173,6.8316627,0.33085066,7.939743,1.0,-0.67659694,-1.0,10000,0.6219155,0.031568362978607184,0.03057517680671153,0.03014245259684685,10,0.00042733331441542974,1000,1000.0,1000,10,0.0,9636.568920135498,9629.65009803772,9622.766276359558,10,3.859701074512307,-58.29174053346276,-60.32138090131707,-65.1042364030809,10,1.8047034027132622,9989.617382760214,9979.989421672823,9973.521882264537,10,5.348736474700392,-10.216203712546232,-12.188537424770661,-13.90293480512365,10,1.0135104376635287,-272.51526333333334,-276.07743966666663,-282.95612499999993,10,3.5086997201633388,0.0,0.0,0.0,10,0.0,-1.6743066099433643,-1.7519686740149836,-1.8386408764987268,10,0.05083411654383731,0.0,0.0,0.0,10,0.0,4.278479,-0.6432543,-4.9921694,1000,0.8410249,0.13723443412328837,0.137265337277671,9.60481411674034,3.090315438263264e-05,0.9999999999999997,1546.3017613731015,585,183.53115727002967,18,674,100.26052003600027,5609.328338623047,1753.639136383017,158.8905324935913,674,959.7612743493086,430606.0,217.22939658164978,200000.0,535.0,18086.058453798294,107000000.0,920.6857043624213,535000.0
2.5229982e-08,3.3055514e-10,617.7118,-0.0018629562,1.2358456e-10,0.01298177,8.870652,26.04126,26.032385,0.25979948,5.2740245,0.30667573,6.4719276,1.0,-0.6824597,-1.0,10000,0.61556315,0.03089895491892821,0.02998688691940188,0.029385300488836946,10,0.0004510824014227753,1000,1000.0,1000,10,0.0,9644.470885276794,9632.043701934814,9621.969422340393,10,6.4754569698090965,-57.74504906269634,-60.697083229544184,-65.16048948543906,10,2.269690807215364,9983.891162279866,9977.023248460668,9969.014650881516,10,5.019637219914138,-9.938383802236704,-11.184990519971466,-12.335245227238964,10,0.7326631379834933,-264.61881333333326,-271.3483435,-276.638965,10,3.3231986841620693,0.0,0.0,0.0,10,0.0,-1.6848187280676359,-1.7491238436213128,-1.8040344569891351,10,0.033603516443523024,0.0,0.0,0.0,10,0.0,4.2355275,-0.64991343,-4.0113626,1000,0.82567185,0.13729624043205366,0.1373271435864363,9.532229142171907,3.090315438263264e-05,0.9999999999999998,3106.951309656999,1000,746.8683274021353,17,281,334.63584142078173,9601.70442867279,7157.156745413444,161.56873226165771,281,3207.1231914016817,430887.0,220.35228490829468,200000.0,536.0,18306.41073870659,107200000.0,907.6375136442773,536000.0
2.5229982e-08,3.3007602e-10,622.2513,-0.00096591364,1.2406366e-10,0.012166435,8.806283,25.890675,25.881641,0.25334457,6.7653346,0.26927608,8.065332,1.0,-0.6896047,-1.0,10000,0.6163508,0.030620666677641566,0.02984582450957678,0.029136134682732517,10,0.00045733134007023055,1000,1000.0,1000,10,0.0,9642.349323272705,9634.300921821594,9629.771737098694,10,3.7561489437361133,-57.57134267647315,-61.76021147585366,-64.95214198033796,10,1.8897773537479592,9984.030890416745,9978.44066736901,9972.171972200736,10,4.0996380081561234,-9.990018366537326,-11.592956244858307,-13.12942323191859,10,0.9055159327113764,-264.53107499999993,-269.0671468333333,-275.4106283333333,10,3.8344863919596297,0.0,0.0,0.0,10,0.0,-1.6265790306800372,-1.7194361371188616,-1.836021709622949,10,0.05344656315705625,0.0,0.0,0.0,10,0.0,4.1740723,-0.6555643,-4.275017,1000,0.82353896,0.13734259516362762,0.13737349831801027,9.412096281615511,3.090315438263264e-05,0.9999999999999998,3981.4257202643644,1000,747.0394265232975,18,279,344.5794723753387,9603.712516784668,7161.0881037131,171.06582260131836,279,3302.764112549267,431166.0,215.81585359573364,200000.0,537.0,18522.226592302322,107400000.0,926.7159787743865,537000.0
2.522998e-08,3.3111397e-10,625.2596,-0.0008644659,1.2302569e-10,0.01211914,8.772211,25.804003,25.7951,0.25452638,10.472591,0.26049557,11.834598,1.0,-0.69002247,-1.0,10000,0.62513494,0.032202211511481435,0.030663313645475136,0.029587636354131974,10,0.0007599482324978782,1000,1000.0,1000,10,0.0,9634.469073295593,9625.022967529298,9613.980605125427,10,7.3922060411660615,-57.3150577999033,-62.17103414700334,-68.31590290161841,10,3.1641721219046683,9981.952893769758,9972.959591113511,9958.255200369384,10,6.90074328275477,-10.355426287576462,-11.781360826611088,-13.067040641876037,10,0.7617034395700639,-262.3376166666667,-272.2871436666666,-283.3948166666666,10,6.050281769954247,0.0,0.0,0.0,10,0.0,-1.6050971047218936,-1.6970838367459937,-1.78819534622079,10,0.0590217477623168,0.0,0.0,0.0,10,0.0,4.347906,-0.65683824,-4.449432,1000,0.8307485,0.1373889498952016,0.13741985304958423,9.311340967967675,3.090315438263264e-05,0.9999999999999998,4483.34278341212,1000,502.9149560117302,15,341,309.00591028581795,9595.91422176361,4817.831699076286,141.98361682891846,341,2961.4483228715353,431507.0,214.06647086143494,200000.0,538.0,18736.293063163757,107600000.0,934.289238268705,538000.0
2.522998e-08,3.3240385e-10,625.4928,-4.271553e-05,1.2173583e-10,0.011301587,8.714278,25.642626,25.63387,0.26082432,15.879049,0.26326683,17.278814,1.0,-0.6990354,-1.0,10000,0.62192595,0.03072016289903695,0.030091899825786094,0.029585410043175216,10,0.0003500049842484799,1000,1000.0,1000,10,0.0,9644.137728691101,9631.31840686798,9619.205253601074,10,6.865372366028801,-56.94306136149152,-64.12201468963721,-71.03034946117286,10,3.490621064497956,9984.318071354832,9973.321012143542,9955.372721467722,10,7.960101779384448,-10.031448505331912,-11.41014739164655,-12.228815340153222,10,0.7549158623815044,-260.14415833333334,-264.8732545,-270.14632833333326,10,2.818695521305699,0.0,0.0,0.0,10,0.0,-1.5502789223513913,-1.5971898939658506,-1.659611777882706,10,0.03230822094532738,0.0,0.0,0.0,10,0.0,4.922941,-0.6512434,-4.788857,1000,0.8462572,0.13748165935834952,0.13751256251273217,9.213531513408661,3.090315438263264e-05,0.9999999999999998,3979.588158780926,1000,319.4847775175644,16,854,327.1250240874291,9603.273463249207,3056.0487429051545,151.7173728942871,854,3136.5896642284756,432361.0,216.93568634986877,200000.0,539.0,18953.228749513626,107800000.0,921.9322250072065,539000.0
2.522998e-08,3.3184808e-10,622.5614,0.00029191154,1.2229155e-10,0.010914193,8.677635,25.53877,25.529959,0.2674625,22.031395,0.27927482,23.422234,1.0,-0.70178527,-1.0,10000,0.61679596,0.030333088894345564,0.02962047744728625,0.028680458805101807,10,0.0004148892206212554,1000,1000.0,1000,10,0.0,9652.56626033783,9630.597831249237,9617.518870353699,10,9.797467546451744,-61.17004425786679,-65.00739869645398,-71.08239864656197,10,2.732300837642681,9976.885627909656,9970.839851606546,9958.942559226165,10,5.36392028161046,-10.112116685084896,-11.432649028332495,-12.950945292793243,10,0.8645691581421854,-247.86079166666661,-262.17091383333326,-271.4624033333333,10,6.025196478143695,0.0,0.0,0.0,10,0.0,-1.4738166185738872,-1.6310622821744105,-1.7095216410029468,10,0.06788716802386564,0.0,0.0,0.0,10,0.0,4.239698,-0.65558356,-5.1080756,1000,0.8417842,0.1376052719758801,0.13763617513026274,9.14812630586469,3.090315438263264e-05,0.9999999999999997,2945.309005530198,1000,255.02958579881656,16,676,170.96925831962008,9554.65532207489,2438.9094516913565,143.04405212402344,676,1637.1953746883144,433037.0,216.00310921669006,200000.0,540.0,19169.231858730316,108000000.0,925.9125978569315,540000.0
2.522998e-08,3.3063963e-10,622.4234,-0.0006281571,1.2350004e-10,0.011831777,8.741861,25.674696,25.66578,0.2963383,25.655828,0.3550188,26.853024,1.0,-0.69746083,-1.0,10000,0.61894387,0.031338873888729725,0.02984420494510705,0.028719057936265016,10,0.0007429000712356179,1000,1000.0,1000,10,0.0,9640.131856918335,9628.536320018768,9621.675621032715,10,5.5943096041186,-60.16343286752722,-62.04987929253781,-65.51870444025012,10,1.6901089001736214,9975.0271658129,9969.690346731506,9963.652722188566,10,3.7300831682763635,-10.727718204198357,-11.711176837142988,-13.66181033810584,10,0.879399895591427,-256.4591483333333,-265.72431633333326,-277.7795633333333,10,6.404080992597682,0.0,0.0,0.0,10,0.0,-1.5810592856543173,-1.6686557577372862,-1.769702420723224,10,0.05670371061823913,0.0,0.0,0.0,10,0.0,4.5543137,-0.6471744,-5.10892,1000,0.8499412,0.13772888459341068,0.13775978774779332,9.272400697040409,3.090315438263264e-05,0.9999999999999998,2630.7343244228496,1000,211.19628099173553,16,968,177.261470232942,9565.24442577362,2016.5381294831263,136.87949466705322,968,1696.9808836017246,434005.0,229.16993260383606,200000.0,541.0,19398.401791334152,108200000.0,872.7148353520623,541000.0
2.522998e-08,3.322311e-10,625.9916,-0.0013325728,1.2190858e-10,0.012600421,8.834646,25.884415,25.875671,0.3287443,24.133974,0.42327046,25.144196,1.0,-0.6995026,-1.0,10000,0.6187005,0.03048793765476148,0.029798977536766323,0.029303392179484945,10,0.00031327461958662896,1000,1000.0,1000,10,0.0,9641.803622245789,9634.083401584625,9629.738996505737,10,3.771182774686459,-57.276179705015224,-60.75991760894128,-63.2815424529571,10,2.0112111775070747,9977.13423736002,9974.29994352136,9972.231098917742,10,1.546617238122999,-11.285687782340851,-12.03246697895161,-13.122757970854591,10,0.5657741641261714,-263.12726166666664,-265.7594116666666,-270.67275833333326,10,2.169107385813594,0.0,0.0,0.0,10,0.0,-1.6087692379607552,-1.6647447519804417,-1.7229659570614189,10,0.028174096635297536,0.0,0.0,0.0,10,0.0,4.705948,-0.6427953,-4.885983,1000,0.8554704,0.1378834003653239,0.13791430351970654,9.453328837179678,3.090315438263264e-05,0.9999999999999998,2320.2174261809682,798,228.4787535410765,18,1059,137.7488794795797,7630.802474975586,2182.3896742067436,167.59211826324463,1059,1319.6710357285378,435064.0,212.8351695537567,200000.0,542.0,19611.23696088791,108400000.0,939.6943203481468,542000.0
2.522998e-08,3.3401878e-10,632.2872,-0.0012859912,1.2012089e-10,0.0126671605,8.862338,25.950289,25.94172,0.32913977,18.732908,0.40874487,19.685528,1.0,-0.6993724,-1.0,10000,0.6187088,0.03074250163072429,0.029800356492036374,0.029134886452724457,10,0.0005138915927641883,1000,1000.0,1000,10,0.0,9656.316421508789,9643.554766368867,9627.69202709198,10,8.569104839761728,-57.479923221763215,-59.78591108480882,-63.48606600379837,10,1.9156514274956475,9985.992598585508,9979.694030317522,9972.09076444228,10,4.139264813846338,-10.84051557127086,-11.540083267331106,-12.47750756179707,10,0.5360143477161108,-255.1430733333333,-263.215,-272.69074,10,4.785561098756404,0.0,0.0,0.0,10,0.0,-1.494295404763664,-1.5982701501135368,-1.6470502088299983,10,0.03946815580806832,0.0,0.0,0.0,10,0.0,4.618271,-0.65516067,-4.692587,1000,0.83614117,0.13797610982847183,0.13800701298285448,9.583563248486993,3.090315438263264e-05,0.9999999999999998,3599.647083353616,1000,630.7612903225806,21,310,349.61908458780175,9598.67653465271,6042.489897177296,202.78579425811768,310,3352.037015239644,435374.0,212.33538508415222,200000.0,543.0,19823.57234597206,108600000.0,941.9061261067557,543000.0
2.522998e-08,3.3263595e-10,638.57605,-0.000789299,1.2150372e-10,0.01228367,8.81859,25.836239,25.827585,0.2915178,14.187589,0.34993327,15.2442045,1.0,-0.6976456,-1.0,10000,0.6135585,0.03032963884230412,0.029502895053802058,0.02884933646369609,10,0.00037692593548463937,1000,1000.0,1000,10,0.0,9652.56116104126,9641.321955299378,9630.527179718018,10,6.831686367934952,-54.28909717511444,-58.425607244811864,-60.56764556949196,10,1.753979292120235,9984.163308266612,9977.213740045354,9971.869350333065,10,3.834990703462854,-11.270576799541903,-12.10904008029941,-13.508311970129853,10,0.7013274533438068,-259.17903666666666,-263.71510849999993,-270.4972816666666,10,3.474271824940223,0.0,0.0,0.0,10,0.0,-1.5690619909457588,-1.6420316428693635,-1.701789059447998,10,0.037822639539724964,0.0,0.0,0.0,10,0.0,4.2634735,-0.65978026,-4.4265876,1000,0.82708186,0.13800701298285448,0.13803791613723712,9.547898758770682,3.090315438263264e-05,0.9999999999999998,4801.404084071808,1000,834.3348623853211,18,218,300.0520027944229,9615.194861412048,8004.058530422526,174.67610454559326,218,2879.278395239205,435592.0,215.90527892112732,200000.0,544.0,20039.47762489319,108800000.0,926.3321443523495,544000.0
2.522998e-08,3.3220612e-10,638.7844,-0.00030068163,1.2193352e-10,0.011798802,8.747689,25.664848,25.655994,0.2563252,13.273367,0.2872561,14.463198,1.0,-0.6977935,-1.0,10000,0.60995924,0.030142829172356868,0.02915861836245749,0.02828927141595341,10,0.0005881783592369493,1000,1000.0,1000,10,0.0,9655.408595085144,9642.403641605377,9632.277256011963,10,6.709342807619602,-53.10122104877223,-58.50839186076401,-62.287500292135896,10,2.6816560105151592,9980.709715007577,9974.255283746064,9970.807263467881,10,2.79767214601019,-10.1489505609695,-11.643450828464179,-12.426887870201204,10,0.6806874226495305,-254.3534283333333,-260.09151533333335,-265.583935,10,3.740411826119387,0.0,0.0,0.0,10,0.0,-1.5112258605529325,-1.6082821057027623,-1.6583793233579334,10,0.04263286981383365,0.0,0.0,0.0,10,0.0,4.4708424,-0.65654457,-4.786598,1000,0.8289986,0.13803791613723712,0.13806881929161977,9.436605897014928,3.090315438263264e-05,0.9999999999999998,4671.293936050171,1000,482.3925925925926,26,270,266.8346997340626,9608.8499584198,4622.216817265969,251.31266498565674,270,2559.5057212461275,435862.0,214.94682812690735,200000.0,545.0,20254.424453020096,109000000.0,930.4626718283903,545000.0
2.522998e-08,3.3085296e-10,636.386,-6.4895554e-05,1.232867e-10,0.011519844,8.688559,25.512838,25.503756,0.25046754,14.949417,0.2612975,16.215872,1.0,-0.7013645,-1.0,10000,0.6071483,0.029386536499587237,0.02871963951514626,0.02803450691529724,10,0.000472249305266587,1000,1000.0,1000,10,0.0,9651.605246543884,9643.516687107087,9621.427468299866,10,8.71764975322445,-54.300671616110876,-56.463353460581246,-59.628900071900034,10,1.755290091747558,9978.36169681049,9969.877389848925,9954.733207789985,10,6.638710630312305,-10.56594033694222,-11.309538864118284,-11.945845512136941,10,0.5370523363660303,-249.00138999999996,-257.00312599999995,-263.478215,10,4.136525126714728,0.0,0.0,0.0,10,0.0,-1.531493411162197,-1.5846830207639349,-1.642752032770935,10,0.03429616458858435,0.0,0.0,0.0,10,0.0,4.3431187,-0.6512327,-5.3996296,1000,0.8361523,0.1380997224460024,0.13813062560038505,9.34486168273603,3.090315438263264e-05,0.9999999999999997,4955.58344052686,1000,417.1496913580247,19,648,350.33454135169467,9612.72375202179,3993.4563717831065,158.48068475723267,648,3362.942648885859,436510.0,225.49161863327026,200000.0,546.0,20479.916071653366,109200000.0,886.9509262127888,546000.0
2.522998e-08,3.294848e-10,633.47943,0.00036635355,1.2465488e-10,0.011036275,8.649764,25.404844,25.39565,0.25080407,18.04487,0.26011103,19.361212,1.0,-0.6979347,-1.0,10000,0.6084401,0.029174119475617773,0.028839680554305958,0.028379681491525845,10,0.0002781893291454439,1000,1000.0,1000,10,0.0,9650.693511009216,9643.76399898529,9630.250831604004,10,5.397098251132386,-56.144951040048554,-59.301860212293924,-63.30763581373493,10,2.1644295524929187,9978.91297724414,9972.514812689958,9963.015148497894,10,4.345761767105455,-10.110276521483708,-11.031974381423447,-11.81020912037027,10,0.5265806100846684,-254.79211999999998,-256.83642316666663,-259.6177283333333,10,1.415853142665117,0.0,0.0,0.0,10,0.0,-1.5245526849448392,-1.5805594140424566,-1.637958096136106,10,0.03340538092464729,0.0,0.0,0.0,10,0.0,4.683671,-0.65514535,-4.918088,1000,0.8319911,0.13817698033195902,0.13820788348634166,9.263250627563144,3.090315438263264e-05,0.9999999999999998,4965.565790911554,1000,444.902004454343,22,449,193.97851744416226,9594.424185752869,4258.09726239326,203.00379180908203,449,1857.6418671116867,436959.0,214.3405463695526,200000.0,547.0,20694.25661802292,109400000.0,933.0945702413787,547000.0
2.522998e-08,3.2682473e-10,628.49854,0.00059671403,1.2731495e-10,0.010716259,8.641204,25.368183,25.35895,0.2566462,22.530718,0.283745,23.825829,1.0,-0.69614464,-1.0,10000,0.6044379,0.028957408290283638,0.028436131916023445,0.02784230167789792,10,0.00038498642572168824,1000,1000.0,1000,10,0.0,9652.339127540588,9644.60181274414,9636.327354431152,10,4.954990919266166,-55.52392858012698,-58.0807652100082,-65.24130077126974,10,2.8064140020505826,9974.84894887159,9969.358881887223,9964.921682616103,10,3.3524492274550157,-10.071881720009799,-10.930290289031237,-11.740802283875038,10,0.4326140884786598,-250.75615666666664,-254.17795166666664,-259.35451333333333,10,2.4008901961397613,0.0,0.0,0.0,10,0.0,-1.5213868586361898,-1.5680629881797792,-1.6104680511688991,10,0.02718633120244134,0.0,0.0,0.0,10,0.0,4.7105446,-0.6449741,-4.792345,1000,0.8403143,0.13825423821791563,0.13828514137229828,9.219716698131329,3.090315438263264e-05,0.9999999999999997,4300.898534278515,1000,328.9741007194245,15,695,201.16090962073892,9597.227548599243,3143.677453070064,129.55154609680176,695,1926.3484843124477,437654.0,216.26505589485168,200000.0,548.0,20910.52167391777,109600000.0,924.7911049357888,548000.0
2.5229983e-08,3.2649494e-10,624.132,-4.989364e-05,1.2764481e-10,0.011284268,8.678159,25.452724,25.443596,0.273188,25.301859,0.31981298,26.52939,1.0,-0.6920677,-1.0,9019,0.6037178,0.029185519372156705,0.027366821801211184,0.018526494709045726,10,0.002974159667074381,1000,901.9,19,10,294.3,9650.230589866638,8694.077907276154,184.54755878448486,10,2836.5173684627894,-1.9114034696370366,-53.356590100976135,-60.800337954577955,10,17.21314429894839,9969.554586430098,8987.088341576069,189.50164581269473,10,2932.5303420190367,-0.040012381652590516,-9.991210358817707,-12.198254947335489,10,3.3621238418442942,-2.983103333333333,-228.25127416666663,-258.9158216666666,10,75.15579031432522,0.0,0.0,0.0,10,0.0,-0.019568735219421794,-1.4113628870084658,-1.6200666573837412,10,0.46444049453747066,0.05263157894736842,0.005263157894736842,0.0,10,0.015789473684210523,4.1607027,-0.65319324,-4.895323,1000,0.8242529,0.13831604452668092,0.13834694768106356,9.235358155379581,3.090315438263264e-05,0.9999999999999998,5081.4114438950855,1000,466.7906976744186,28,258,207.07872803209224,9593.721502304077,4468.098789336145,252.11823558807373,258,1982.3407066781408,437912.0,212.05103063583374,200000.0,549.0,21122.572704553604,109800000.0,943.1691956426772,549000.0
2.522998e-08,3.2779246e-10,621.99506,-7.3686795e-05,1.2634722e-10,0.011269597,8.713432,25.520239,25.511135,0.29277477,26.828037,0.3803855,27.984976,1.0,-0.68261534,-1.0,10000,0.60483474,0.02975379370297014,0.02863436531251646,0.02797632146369142,10,0.00046064770107812303,1000,1000.0,1000,10,0.0,9644.58219242096,9638.13045282364,9632.437468528748,10,3.5885033515170943,-53.06560779983441,-58.21570151343244,-63.33347402554552,10,2.942505378527412,9972.966537145801,9965.888894223972,9962.433754958272,10,3.292909187120379,-10.469867587805206,-11.135893579738877,-11.67794067391603,10,0.29985161135206934,-252.33544666666663,-256.8101016666666,-264.79428999999993,10,3.4978886856695324,0.0,0.0,0.0,10,0.0,-1.5426608035950085,-1.596744285339882,-1.6432868256764523,10,0.036644278232956844,0.0,0.0,0.0,10,0.0,4.316965,-0.6472327,-4.9014063,1000,0.8284234,0.1383778508354462,0.13840875398982885,9.267802122722632,3.090315438263264e-05,0.9999999999999997,3782.510600245847,1000,390.70649350649353,23,385,241.3444907276477,9579.658517837524,3736.0991581179105,216.15635681152344,385,2310.6505276294283,438297.0,211.75869131088257,200000.0,550.0,21334.331894874573,110000000.0,944.4712694525504,550000.0
2.522998e-08,3.2770958e-10,619.4094,0.00032138312,1.2643006e-10,0.010827987,8.705847,25.489656,25.48052,0.2947188,28.192781,0.36452705,29.37044,1.0,-0.67592806,-1.0,10000,0.60698515,0.029796947898561483,0.02892698404185503,0.02836254138268123,10,0.000492737404883522,1000,1000.0,1000,10,0.0,9644.610715866089,9629.616290760041,9611.924778938293,10,8.922451620833083,-53.72598167063115,-57.248160843060965,-60.38644720207769,10,1.9275176999504116,9967.60179138829,9960.396351684674,9949.551019688664,10,5.609163879145022,-10.818800310320233,-11.361173518177718,-12.103753519260763,10,0.4229567688174154,-252.59866166666666,-260.54775466666666,-269.00572999999997,10,4.840135078984751,0.0,0.0,0.0,10,0.0,-1.5648869245141426,-1.6229737660683565,-1.6970169694182566,10,0.035186997746090846,0.0,0.0,0.0,10,0.0,4.880798,-0.6462005,-4.7225657,1000,0.82072043,0.13845510872140282,0.13848601187578546,9.224298420313453,3.090315438263264e-05,0.9999999999999998,4157.646243067987,1000,592.6557788944724,25,398,386.4824940346556,9604.722056388855,5678.228550741421,242.78400993347168,398,3705.9894884716487,438695.0,220.77051067352295,200000.0,551.0,21555.102405548096,110200000.0,905.9180929094351,551000.0
2.522998e-08,3.2589278e-10,611.11444,0.00097533624,1.2824684e-10,0.0100247245,8.667563,25.392395,25.383392,0.28606308,31.23126,0.3494842,32.447018,1.0,-0.6598872,-1.0,10000,0.6122006,0.030497454200100037,0.02962011454674939,0.029006314909711364,10,0.0005240196272518895,1000,1000.0,1000,10,0.0,9631.392519950867,9620.584539318084,9603.296655654907,10,9.56317233676712,-55.54039977619104,-59.95436817489885,-65.17365379771078,10,2.8150020822039354,9968.517834381397,9962.171449723332,9954.906008365937,10,4.054873529111237,-11.074174844544004,-11.672430435042054,-12.320285261954087,10,0.3593663231595313,-260.7583266666667,-268.2775018333333,-276.5512266666666,10,5.277743357596658,0.0,0.0,0.0,10,0.0,-1.573977354613094,-1.6826099943305732,-1.766995866510219,10,0.058316147951514526,0.0,0.0,0.0,10,0.0,4.4502897,-0.6359435,-5.228862,1000,0.8262718,0.13853236660735943,0.13856326976174207,9.14961550459541,3.090315438263264e-05,0.9999999999999997,4313.965058130588,1000,527.3967971530249,18,562,359.348834066429,9605.663709640503,5048.3489342707335,172.892409324646,562,3446.6782419332653,439257.0,216.52614831924438,200000.0,552.0,21771.62855386734,110400000.0,923.6759696344925,552000.0
2.5229992e-08,3.2279937e-10,606.1923,0.000410544,1.313405e-10,0.010500918,8.660641,25.371572,25.362171,0.29030612,34.35243,0.3610542,35.550846,1.0,-0.6564994,-1.0,10000,0.6132224,0.031249401404973468,0.02981422718471876,0.028707995760356424,10,0.0006255424774218668,1000,1000.0,1000,10,0.0,9626.907843589783,9615.378072738647,9606.992350578308,10,6.870207782825312,-55.86439071558932,-61.05710908313885,-64.21353594064249,10,2.438932670239316,9970.906563891633,9962.450285670024,9954.309401791537,10,4.8917013974186965,-10.57282988302028,-11.814684898606354,-12.887665766559472,10,0.6503247963351905,-260.05642,-272.47139416666664,-284.44767666666667,10,6.25608771164319,0.0,0.0,0.0,10,0.0,-1.6367295199485992,-1.729026419198765,-1.8273261909027723,10,0.05897238503320925,0.0,0.0,0.0,10,0.0,5.069914,-0.6302098,-4.717952,1000,0.8220087,0.13860962449331604,0.13864052764769869,9.120643093504778,3.090315438263264e-05,0.9999999999999998,3468.9436478926295,1000,453.6793893129771,24,262,232.96390203534847,9575.052467346191,4335.7415688228975,222.608247756958,262,2227.1419521680596,439519.0,212.88453340530396,200000.0,553.0,21984.513087272644,110600000.0,939.4764232083808,553000.0
2.5229985e-08,3.2304948e-10,599.0709,0.0013491984,1.3109028e-10,0.009434077,8.614727,25.269693,25.260336,0.2813556,38.033684,0.3357497,39.252518,1.0,-0.6604799,-1.0,10000,0.61998045,0.03154638280665677,0.030462665084931357,0.02957961118807725,10,0.0006729573975737523,1000,1000.0,1000,10,0.0,9619.714742660522,9612.257189273834,9602.442912101746,10,4.413860766374533,-56.99361433675159,-62.625103150193844,-66.13104458722287,10,3.3459162307362114,9971.767243893803,9965.505227246595,9957.962367304957,10,4.670740820651152,-10.457785765756764,-11.73158665644823,-12.940767135050692,10,0.6668271547881831,-268.3038233333333,-277.1215258333333,-285.6760133333333,10,5.847119780135651,0.0,0.0,0.0,10,0.0,-1.675808485957158,-1.7698231483821285,-1.835518201345908,10,0.04824350282033501,0.0,0.0,0.0,10,0.0,4.4097195,-0.63106644,-4.990924,1000,0.82447904,0.13867143080208133,0.13870233395646397,9.070588130529494,3.090315438263264e-05,0.9999999999999998,4753.367181359199,1000,729.0935828877006,20,374,293.21760879686826,9588.093629837036,6973.673130746194,196.06435108184814,374,2808.202899936429,439893.0,213.5124111175537,200000.0,554.0,22198.025498390198,110800000.0,936.7136971250155,554000.0
